"collection","method","pathway","NES","pval","padj","direction","size","ES","log2err","leadingEdge"
"Reactome","A_standard_TMM","REACTOME_NEUTROPHIL_DEGRANULATION",2.36752701322898,1.0848708304597e-23,1.34632470060049e-20,"up_in_high_altitude",455,0.485859843250171,1.26273988547916,"ATP6V0C;KRT1;PGRMC1;PSMD2;LGALS3;PRDX6;CTSB;TOLLIP;HBB;CYB5R3;C3AR1;ALAD;GSN;ITGAM;CAPN1;VCL;TUBB4B;CREG1;CTSG;HK3;ORMDL3;TRPM2;VCP;FTL;IGF2R;CTSA;FTH1;LCN2;HSPA1A;UNC13D;PRTN3;ALDH3B1;DIAPH1;STK10;PSAP;RAB31;AZU1;TMBIM1;GYG1;HSPA6;CYSTM1;RAB5C;ADGRE5;KCMF1;DOCK2;ALOX5;PYGL;PRKCD;ACAA1;FGR;MAPK1;HUWE1;ANO6;PDAP1;ELANE;LTF;MPO;PTPN6;DEFA4;PYGB;LAMP1;ATP6V1D;ARG1;PGM1;ITGB2;SLC11A1;DYNLL1;PNP;DYNC1H1;NBEAL2;GNS;UBR4;GUSB;P2RX1;CLEC5A;ACLY;LILRB2;PECAM1;TCIRG1;CPPED1;CEACAM6;HSPA1B;LAMTOR1;CD177;CEACAM8;IQGAP1;AP2A2;STK11IP;PA2G4;COTL1;MVP;PSMD3;BPI;ARHGAP9;ARPC5;CD59;STOM;CYFIP1;SIGLEC5;ITGAL;CRISP3;PFKL;RAB6A;DOK3;PSMC3;APEH;ANPEP;VPS35L;HSP90AB1;AP1M1;ATG7;GAA;DEFA1B;CD300A;PSMD14;CAT;DNASE1L1;RAB7A;RNASE3;PGAM1;PSMD13;CPNE1;GRN;DEFA1;SLC44A2;ARHGAP45;SPTAN1;RHOA;PLEKHO2;S100A11;CTSD;QSOX1;C5AR1;PTX3;PKM;TOM1;FCER1G;ANXA2;PGLYRP1;CD14;EEF2;MNDA;TNFRSF1B;ARSA;MGAM;BIN2;CSTB;GLB1;HP;CAMP;ACTR10;VAPA;GLA;DNAJC5;CD55;CD53;ALDOA;CST3;HPSE;AMPD3;SERPINA1;RNASET2;ALDOC;ABCA13;NFAM1;IMPDH1;SIRPB1;CFD;ITGAX;PTPRN2;CTSZ;LILRB3;MCEMP1;FUCA2;RHOG;CXCR2;CD68;PADI2;FPR1;NAPRT;GPI;CR1;CFP;PPBP;RAB3D;PSMD6;RAB4B;ORM2;MMP25;IST1;IQGAP2;SIGLEC14;DNAJC13;PDXK;GPR84;MMP8;YPEL5;S100P;FPR2;CXCR1;CLEC12A;RAB10;OLFM4;TUBB;BRI3;OSTF1;CHIT1;JUP;OSCAR;CD33;CDA;NPC2;DGAT1;NCKAP1L;ADAM8;QPCT;C3;SIGLEC9;TLR2;FOLR3;MMP9;PSMB7;GSTP1;LTA4H;GSDMD;AGPAT2;ORM1;FRMPD3;XRCC6;CRISPLD2;MAPK14;CYBB;CAP1;ADGRG3;DBNL;ARSB;VAT1;PRCP;HLA-B;RAC1;TBC1D10C;SNAP23;FCGR3B;OLR1;RNASE2;TIMP2;ADGRE3;STING1;ATAD3B"
"Reactome","A_standard_TMM","REACTOME_HEMOSTASIS",2.28550509426885,1.73233176401339e-21,1.07491185957031e-18,"up_in_high_altitude",487,0.467489176821107,1.19534448258848,"H3C10;TSPAN7;F13A1;THBS1;KLC3;SPARC;ITGB3;PPP2R5B;NFE2;GYPB;BSG;GYPA;PIK3R2;TLN1;PF4V1;ESAM;TUBB2B;GP6;GNA12;GNAS;TUBB1;GYPC;MFN2;HBD;HBB;SELP;EHD3;GP1BA;ATP1B2;ITGAM;GATA1;VCL;TUBB2A;IGF2;APP;SLC7A5;TUBB4B;HBG2;FLNA;HBG1;ENDOD1;PF4;ITPK1;KIF3C;ACTN1;PDE2A;MMRN1;VTI1B;ABCC4;EGF;ITGA2B;PRTN3;MPIG6B;GNB2;PSAP;STXBP2;WDR1;SYK;DOCK2;EHD2;CHID1;LY6G6F;PRKCD;MICAL1;GP9;CLEC1B;GNB1;FGR;MAPK1;HSPA5;RAB5A;INPP5D;PHF21A;VAV1;GUCY1A1;TUBA1B;SRC;PTPN6;APBB1IP;JAM3;TUBA4A;ARRB2;TUBA1A;EHD1;TUBA8;ITGB2;PLCG2;GUCY1B1;GTPBP2;PRKAR2B;CYB5R1;SERPINE1;P2RX1;ACTN4;TMSB4X;PECAM1;HBE1;FERMT3;VWF;CEACAM6;P2RY12;SLC7A7;MGLL;CD177;H3-3B;TAGLN2;GNG11;STX4;MAFK;F2RL3;CEACAM8;MAFG;MAGED2;PLEK;CSK;DGKQ;AAMP;ITGAL;ITGA10;CLU;GNG5;RAF1;SYTL4;STIM1;DOK2;CTSW;IRF2;LHFPL2;CD9;AKT1;BRPF3;TBXA2R;MERTK;KIF4A;SLC16A3;MAPK3;PTGIR;ECM1;SLC3A2;DAGLA;RHOA;GP1BB;SLC8A3;TUBA1C;QSOX1;KIF13B;IRAG1;H3-3A;PIK3R5;FCER1G;PROS1;ANXA2;RHOB;ZFPM1;ADRA2A;SHC1;F5;LYN;GNA15;F12;PTK2;GNGT2;DOCK8;PDE5A;MAFF;ARRB1;ITIH4;GNG8;GRB2;ALDOA;ACTB;SERPINA1;SDC3;CDC42;HGF;JAML;CFD;ITGAX;KCNMA1;PRKACA;RHOG;PICK1;TGFB1;DOCK6;ITGA5;F2RL2;RCOR1;GNAQ;TUBA4B;PPBP;F11R;SH2B2;ORM2;LCP2;RASGRP2"
"Reactome","A_standard_TMM","REACTOME_PLATELET_ACTIVATION_SIGNALING_AND_AGGREGATION",2.38129190904181,2.75832665344732e-15,1.14102779230937e-12,"up_in_high_altitude",214,0.525626456883608,1.00731795687447,"F13A1;THBS1;SPARC;ITGB3;PIK3R2;TLN1;GP6;GNA12;SELP;GP1BA;VCL;IGF2;APP;FLNA;ENDOD1;PF4;ACTN1;MMRN1;VTI1B;ABCC4;EGF;ITGA2B;MPIG6B;GNB2;PSAP;STXBP2;WDR1;SYK;CHID1;LY6G6F;PRKCD;GP9;CLEC1B;GNB1;MAPK1;HSPA5;VAV1;SRC;PTPN6;APBB1IP;TUBA4A;ARRB2;PLCG2;GTPBP2;CYB5R1;SERPINE1;ACTN4;TMSB4X;PECAM1;FERMT3;VWF;P2RY12;MGLL;TAGLN2;GNG11;STX4;F2RL3;MAGED2;PLEK;CSK;DGKQ;AAMP;CLU;GNG5;RAF1;SYTL4;CTSW;LHFPL2;CD9;AKT1;BRPF3;TBXA2R;MAPK3;ECM1;DAGLA;RHOA;GP1BB;QSOX1;PIK3R5;FCER1G;PROS1;RHOB;ADRA2A;SHC1;F5;LYN;GNA15;PTK2;GNGT2;ARRB1;ITIH4;GNG8;GRB2;ALDOA;SERPINA1;CDC42;HGF;CFD;RHOG;TGFB1;F2RL2;GNAQ;PPBP;ORM2;LCP2;RASGRP2"
"Reactome","A_standard_TMM","REACTOME_EUKARYOTIC_TRANSLATION_ELONGATION",-2.66783760914337,2.74280575269861e-13,8.50955484774743e-11,"down_in_high_altitude",92,-0.596420172230266,0.932595211336209,"RPS27A;EEF1B2;RPL9;RPS27L;RPS6;RPL35;RPL27A;RPL34;RPS20;RPS19;RPS29;RPL6;RPS3A;RPL39;RPL7;RPL14;RPL5;RPS21;RPS8;RPS16;RPL17;RPL19;RPL23;RPL26;RPL31;RPL13A;RPS3;RPL15;RPSA;RPL22;RPL27;RPS4Y1;RPS15A;RPS7;RPS10;RPL3;RPL28;RPS17;RPS24;EEF1G;RPL18;RPL18A;EEF1D;RPL24;RPS18;EEF1A1;RPS26;RPS13;RPS27;RPL7A;RPL35A;RPLP0;RPS5;RPL4;RPL36A;RPL32;RPL29;RPL10;RPS25;RPS4X;RPL11;RPL22L1"
"Reactome","A_standard_TMM","REACTOME_RRNA_PROCESSING",-2.27161582931657,1.0314699387365e-12,2.56010838794399e-10,"down_in_high_altitude",201,-0.455646539600671,0.910119734774459,"RPS27A;THUMPD1;RPL9;RPS27L;RPS6;RPL35;RPL27A;RPL34;WDR75;DIS3;RPS20;RPS19;RPS29;RPL6;RPS3A;RPL39;KRR1;RPL7;RPL14;RPL5;RPS21;RPS8;RPS16;RPL17;RPL19;RPL23;MTERF4;RPL26;RPL31;RPL13A;RPS3;RPL15;RPSA;RPL22;RPL27;NOP58;RPS4Y1;WDR43;TRMT10C;RPS15A;RPS7;NOL11;GNL3;RPS10;NOL9;RPL3;RPL28;FBL;CSNK1E;RPS17;RPS24;UTP15;HEATR1;EXOSC2;RPL18;RPL18A;WDR36;RPL24;RPP38;RPS18;NSUN4;UTP18;MPHOSPH6;RPS26;DIMT1;RPP14;NHP2;LTV1;C1D;RPS13;RPP30;DDX47;RPS27;RPL7A;RIOK2;WDR12;DDX21;RPL35A;RPLP0;UTP11;TRMT112;UTP25;EXOSC9;EXOSC8;RPS5;EXOSC6;RPL4;RPL36A;RPP40;RPL32"
"Reactome","A_standard_TMM","REACTOME_SRP_DEPENDENT_COTRANSLATIONAL_PROTEIN_TARGETING_TO_MEMBRANE",-2.61243801664186,1.31447969313046e-12,2.71878216529151e-10,"down_in_high_altitude",111,-0.567258792471292,0.910119734774459,"RPS27A;SEC11C;RPL9;RPS27L;SRP9;RPS6;RPL35;RPL27A;RPL34;RPS20;RPS19;RPS29;RPL6;RPS3A;RPL39;RPL7;RPL14;RPL5;RPS21;RPS8;RPS16;RPL17;RPL19;RPL23;RPL26;RPL31;RPL13A;RPS3;RPL15;RPSA;SEC11A;RPL22;RPL27;RPS4Y1;RPS15A;RPS7;RPS10;RPL3;RPL28;SSR1;RPS17;TRAM1;RPS24;RPL18;RPL18A;RPL24;SSR3;RPS18;RPS26;RPS13;RPS27;RPL7A;RPL35A;RPLP0;RPS5;RPL4;RPL36A;SEC61G;RPL32;RPL29;SSR2;RPL10;RPS25;SPCS1;RPS4X;RPL11;RPL22L1"
"Reactome","A_standard_TMM","REACTOME_RESPONSE_OF_EIF2AK4_GCN2_TO_AMINO_ACID_DEFICIENCY",-2.56506427201002,1.52551869412177e-11,2.70452671343587e-09,"down_in_high_altitude",100,-0.562688341366822,0.863415391606693,"RPS27A;RPL9;RPS27L;RPS6;RPL35;RPL27A;RPL34;RPS20;RPS19;RPS29;RPL6;RPS3A;RPL39;RPL7;RPL14;RPL5;RPS21;RPS8;RPS16;ATF2;RPL17;RPL19;RPL23;RPL26;RPL31;RPL13A;RPS3;RPL15;RPSA;RPL22;RPL27;RPS4Y1;RPS15A;RPS7;RPS10;RPL3;RPL28;RPS17;RPS24;RPL18;RPL18A;RPL24;RPS18;RPS26;EIF2S3;RPS13;RPS27;RPL7A;RPL35A;RPLP0;CEBPG;RPS5;RPL4;RPL36A;ASNS;RPL32;RPL29;RPL10;RPS25;RPS4X;RPL11;RPL22L1"
"Reactome","A_standard_TMM","REACTOME_AMYLOID_FIBER_FORMATION",2.57124899992132,2.18380565962624e-11,3.3876285294952e-09,"up_in_high_altitude",69,0.658691814507063,0.863415391606693,"SNCA;H3C10;UBB;TSPAN5;H2AC6;H2BC21;H2BC8;H2BC11;H2BC12;FURIN;GSN;APP;H2BC9;SIAH2;H2BC17;UBA52;H2BC4;H2AC8;H2AC18;H2AC19;USP9X;H2BC12L;H4C8;TSPAN33;LTF;UBC;H2BC5;H3-3B;H4C3;H4C12;H4C15;H2AZ1"
"Reactome","A_standard_TMM","REACTOME_SELENOAMINO_ACID_METABOLISM",-2.33726908758876,3.19084458627522e-10,4.39982014618616e-08,"down_in_high_altitude",113,-0.505887592026578,0.814035837847908,"RPS27A;DARS1;RPL9;RPS27L;RPS6;RPL35;RPL27A;RPL34;RPS20;SEPSECS;RPS19;RPS29;RPL6;RPS3A;RPL39;RPL7;AIMP1;RPL14;RPL5;RPS21;RPS8;RPS16;RPL17;RPL19;RPL23;RPL26;RPL31;RPL13A;RPS3;RPL15;RPSA;RPL22;RPL27;RPS4Y1;RPS15A;RPS7;RPS10;RPL3;RPL28;RPS17;EEF1E1;RPS24;RPL18;RPL18A;RPL24;RPS18;RPS26;RPS13;RPS27;HNMT;RPL7A;RPL35A;RPLP0;RPS5;RPL4;RPL36A;RPL32"
"Reactome","A_standard_TMM","REACTOME_RESPONSE_TO_ELEVATED_PLATELET_CYTOSOLIC_CA2",2.36364879255027,4.3635484195856e-10,5.41516358870573e-08,"up_in_high_altitude",105,0.563989565543955,0.814035837847908,"F13A1;THBS1;SPARC;ITGB3;TLN1;SELP;VCL;IGF2;APP;FLNA;ENDOD1;PF4;ACTN1;MMRN1;VTI1B;ABCC4;EGF;ITGA2B;PSAP;STXBP2;WDR1;CHID1;LY6G6F;HSPA5;TUBA4A;GTPBP2;CYB5R1;SERPINE1;ACTN4;TMSB4X;PECAM1;FERMT3;VWF;TAGLN2;STX4;MAGED2;PLEK;CLU;SYTL4;CTSW;LHFPL2;CD9;BRPF3;ECM1;QSOX1;PROS1;F5;ITIH4;ALDOA;SERPINA1;HGF;CFD"
"Reactome","A_standard_TMM","REACTOME_RHO_GTPASES_ACTIVATE_PKNS",2.47132608825111,7.97489925224679e-10,8.9971363382166e-08,"up_in_high_altitude",63,0.647086312127802,0.801215574617779,"H3C10;H2AC6;H2BC21;H2BC8;H2BC11;H2BC12;MYH9;H2AJ;H2BC9;H2BC17;H2BC4;H2AC8;H2AC18;H2AC19;YWHAH;H2BC12L;H4C8;RHOC;MYL9;PAK1;H2BC5;H3-3B;MYL6;H4C3;SFN;H4C12;H4C15;RHOA;H3-3A;RHOB"
"Reactome","A_standard_TMM","REACTOME_ACTIVATED_PKN1_STIMULATES_TRANSCRIPTION_OF_AR_ANDROGEN_RECEPTOR_REGULATED_GENES_KLK2_AND_KLK3",2.57324477740356,8.81071328280892e-10,9.11174598663823e-08,"up_in_high_altitude",37,0.745443076505558,0.801215574617779,"H3C10;H2AC6;H2BC21;H2BC8;H2BC11;H2BC12;H2AJ;H2BC9;H2BC17;H2BC4;H2AC8;H2AC18;H2AC19;H2BC12L;H4C8;H2BC5;H3-3B;H4C3;H4C12;H4C15;H3-3A"
"Reactome","A_standard_TMM","REACTOME_AUTOPHAGY",2.25180082640683,1.11955115952559e-09,1.06874076074712e-07,"up_in_high_altitude",145,0.514632725341573,0.788186810800237,"UBB;PINK1;TUBB2B;TUBB1;UBAP1;OPTN;MFN2;CHMP4B;WDR45;HBB;TUBB2A;HDAC6;TUBB4B;WIPI2;MTMR3;PCNT;ATG9A;UBA52;VPS28;VCP;LAMTOR5;BECN1;SQSTM1;MAP1LC3B;CHMP2A;TSG101;ULK1;NBR1;ATG4D;HSF1;TUBA1B;SRC;TSC2;GABARAPL2;RRAGD;RRAGA;TUBA4A;TUBA1A;UBE2D3;UBE2V1;TUBA8;DYNLL2;VPS37B;UBC;GABARAP;DYNLL1;DYNC1H1;WIPI1;LAMTOR1;UBE2D2;HSP90AB1;ATG7;PLIN3;VIM;GABARAPL1;TUBA1C;MLST8;ATG16L2;PLIN2;VPS37C;ATG13"
"Reactome","A_standard_TMM","REACTOME_EUKARYOTIC_TRANSLATION_INITIATION",-2.33822364883904,1.46403925248667e-09,1.29776622309711e-07,"down_in_high_altitude",118,-0.502240367902539,0.788186810800237,"RPS27A;RPL9;RPS27L;RPS6;RPL35;RPL27A;RPL34;EIF4A2;RPS20;RPS19;RPS29;RPL6;RPS3A;RPL39;EIF3E;RPL7;RPL14;RPL5;RPS21;RPS8;RPS16;RPL17;RPL19;RPL23;RPL26;RPL31;RPL13A;RPS3;RPL15;RPSA;RPL22;RPL27;RPS4Y1;RPS15A;RPS7;RPS10;RPL3;RPL28;RPS17;RPS24;EIF5B;RPL18;RPL18A;RPL24;RPS18;EIF3M;RPS26;EIF3L;EIF2S3;RPS13;EIF4B;RPS27;RPL7A;EIF4E;RPL35A;RPLP0;RPS5;RPL4;RPL36A;RPL32;EIF2B1;RPL29;EIF3G;RPL10;RPS25;RPS4X;RPL11;RPL22L1"
"Reactome","A_standard_TMM","REACTOME_MHC_CLASS_II_ANTIGEN_PRESENTATION",2.2882979043747,2.22505986032679e-09,1.84086619111037e-07,"up_in_high_altitude",110,0.541932116513406,0.774939030136436,"CTSE;KLC3;AP2A1;TUBB2B;TUBB1;CTSB;AP2M1;RILP;TUBB2A;TUBB4B;ARF1;AP2S1;AP2B1;KIF3C;CTSA;ACTR1A;CTSL;AP1B1;TUBA1B;DNM3;TUBA4A;TUBA1A;TUBA8;DYNLL2;DYNLL1;DYNC1H1;AP1M2;DCTN1;AP2A2;DNM2;AP1M1;IFI30;RAB7A;KIF4A;DCTN4;SEC13;DCTN2;TUBA1C;CTSD;SEC24C;DNM1;ACTR10;DCTN3"
"Reactome","A_standard_TMM","REACTOME_SIGNALING_BY_NOTCH",2.10590042947957,2.5703097386922e-09,1.99359649107314e-07,"up_in_high_altitude",193,0.466958530376205,0.774939030136436,"H3C10;UBB;PBX1;H2AC6;H2BC21;H2BC8;H2BC11;PSMD2;HDAC5;H2BC12;FURIN;YBX1;H2AJ;HDAC6;H2BC9;H2BC17;UBA52;WWP2;H2BC4;H2AC8;H2AC18;MAML3;NCOR2;H2AC19;EGF;H2BC12L;TFDP1;SKP1;E2F1;H4C8;ELANE;NEURL1;ARRB2;TACC3;KAT2B;UBC;RFNG;H2BC5;PSMB6;H3-3B;NOTCH2;CREBBP;PSMD3;RAB6A;PSMC3;H4C3;PTCRA;H4C12;AGO2;PSMD14;AKT1;PLXND1;ST3GAL3;H4C15;DTX2;PSMD13;MDK;ACTA2;NOTCH2NLA;TLE3;CDK8;NUMB;H3-3A;PSMD8;RBX1;HDAC7;PSMB3;NOTCH4;ADRM1;ARRB1;H2BC6;H2AC20;PSMC4;MIB2;SIRT6;HDAC3;NOTCH1;HDAC10;H2BC15"
"Reactome","A_standard_TMM","REACTOME_HCMV_INFECTION",2.27391320149234,3.02694727280718e-09,2.20967150914924e-07,"up_in_high_altitude",121,0.529464323531912,0.774939030136436,"H3C10;H2AC6;H2BC21;H2BC8;H2BC11;TUBB2B;TUBB1;UBAP1;CHMP4B;H2BC12;TUBB2A;TUBB4B;H2BC9;H2AC25;H2BC17;VPS28;NUP98;H2BC4;H2AC8;H2AC18;NCOR2;GPS2;H2AC19;CHMP2A;TSG101;H4C8;TUBA1B;TUBA4A;TUBA1A;TUBA8;DYNLL2;VPS37B;DYNLL1;DYNC1H1;H2BC18;H2BC5;HNRNPK;H2AC11;H4C3;CHMP1A;H4C12;H4C15;SEC13;SNF8;TUBA1C;H2AC17;NUP188;VPS37C;AAAS"
"Reactome","A_standard_TMM","REACTOME_SENESCENCE_ASSOCIATED_SECRETORY_PHENOTYPE_SASP",2.37197638419232,4.17354866737575e-09,2.87742994234072e-07,"up_in_high_altitude",81,0.595450649582846,0.761460801445585,"H3C10;UBB;CDKN2D;H2AC6;H2BC21;H2BC8;H2BC11;FZR1;H2BC12;H2AJ;H2BC9;H2BC17;UBA52;H2BC4;H2AC8;H2AC18;H2AC19;H2BC12L;CDKN1A;MAPK1;H4C8;ANAPC2;MAPK7;UBE2S;UBC;H2BC5;H3-3B;H4C3;CDKN2C;H4C12;H4C15;MAPK3;RELA;H3-3A;RPS6KA1;STAT3;CDC16;H2BC6;H2AC20;H2BC15;UBE2C;ANAPC11;H4C14;JUN;VENTX"
"Reactome","A_standard_TMM","REACTOME_DNA_METHYLATION",2.50860787382613,6.67144175039438e-09,4.35750484854707e-07,"up_in_high_altitude",36,0.735984126725946,0.761460801445585,"H3C10;H2AC6;H2BC21;H2BC8;H2BC11;H2BC12;H2AJ;H2BC9;H2BC17;H2BC4;H2AC8;H2AC18;H2AC19;H2BC12L;H4C8;H2BC5;H3-3B;H4C3;H4C12;H4C15;H3-3A"
"Reactome","A_standard_TMM","REACTOME_NONSENSE_MEDIATED_DECAY_NMD",-2.21878065242844,7.78121482453855e-09,4.82824379862617e-07,"down_in_high_altitude",114,-0.480371526513024,0.747739663149885,"RPS27A;RPL9;RPS27L;RPS6;RPL35;RPL27A;RPL34;RPS20;RPS19;RPS29;UPF3B;RPL6;RPS3A;RPL39;RPL7;RPL14;RPL5;RPS21;RPS8;RPS16;UPF3A;RPL17;RPL19;RPL23;RPL26;RPL31;RPL13A;RPS3;RPL15;RPSA;PNRC2;RPL22;RPL27;RPS4Y1;DCP1A;RPS15A;RPS7;RPS10;RPL3;RPL28;NCBP1;SMG1;RPS17;RPS24;RPL18;RPL18A;RPL24;RPS18;RPS26;NCBP2;RPS13;RPS27;RPL7A;RPL35A;RPLP0"
"Reactome","A_standard_TMM","REACTOME_CELLULAR_RESPONSE_TO_CHEMICAL_STRESS",2.09873698532744,9.13179700567249e-09,5.39645718287598e-07,"up_in_high_altitude",180,0.469195068008604,0.747739663149885,"BCL2L1;UBB;GPX1;ABCC3;SRXN1;RXRA;CARM1;PSMD2;PRDX6;HBB;AKT2;TXNRD2;BLVRB;TALDO1;UBA52;VCP;G6PD;PRDX2;CCS;HBA1;ABCG2;HMOX1;NCOR2;HBA2;EGF;COX6B1;SQSTM1;MAP1LC3B;PRDX5;PRKCD;SKP1;CDKN1A;NCF2;ATOX1;PGD;UBC;GCLC;DPP3;PSMB6;MAFK;PRDX1;MAFG;ATF4;CREBBP;PSMD3;SOD2;PSMC3;COX8A;NLRP3;PSMD14;CAT;AKT1;PSMD13;P4HB;NCOA6;RELA;NPLOC4;PSMD8;TKT;RBX1;STAT3;UFD1;PSMB3;ADRM1;PSMC4;NCF1;KEAP1;HELZ2;HDAC3;NOTCH1"
"Reactome","A_standard_TMM","REACTOME_HDACS_DEACETYLATE_HISTONES",2.37438054846066,1.51297652083109e-08,8.36110275942019e-07,"up_in_high_altitude",63,0.621702316013945,0.73376198835648,"H3C10;H2AC6;H2BC21;H2BC8;H2BC11;H2BC12;H2BC9;H2AC25;H2BC17;H2BC4;H2AC8;H2AC18;NCOR2;GPS2;H2AC19;H4C8;PHF21A;H2BC18;H2BC5;CHD4;SAP18;H2AC11;H4C3;H4C12;H4C15;H2AC17;SUDS3;H2AC15;H2BC6;H2AC20;HDAC3;HDAC10;GATAD2A;H2BC15;RCOR1"
"Reactome","A_standard_TMM","REACTOME_TRANSLATION",-1.88286883905801,1.54960002793444e-08,8.36110275942019e-07,"down_in_high_altitude",291,-0.364449571020908,0.73376198835648,"RPS27A;EEF1B2;SEC11C;DARS1;RPL9;RPS27L;SRP9;RPS6;RPL35;RPL27A;RPL34;EIF4A2;RPS20;RPS19;RPS29;RPL6;RPS3A;RPL39;EIF3E;RPL7;AIMP1;RPL14;RPL5;RPS21;RPS8;MRPS31;RPS16;RPL17;GFM2;RPL19;RPL23;RPL26;MRPL50;RPL31;RPL13A;RPS3;RPL15;RPSA;SEC11A;MRPL3;RPL22;RPL27;RPS4Y1;NARS1;RPS15A;MRPL35;RPS7;MRPS18C;MTIF3;MTIF2;MRPL34;RPS10;WARS2;RPL3;MRPL40;RPL28;NARS2;N6AMT1;SSR1;MRPL30;RPS17;MRPS9;EEF1E1;MRPS27;TRAM1;RPS24;EEF1G;PTCD3;EIF5B;RPL18;RPL18A;MRPS25;EEF1D;MRPS33;RPL24;MRPL42;SSR3;MRPL32;RPS18;EIF3M;EEF1A1;RPS26;EIF3L;EIF2S3;RPS13;EIF4B;MRPS26;RPS27;RPL7A;EIF4E;YARS2;RPL35A;RPLP0;MRPS22;TRMT112;RPS5;MRPL45;RPL4;RPL36A;SEC61G;RPL32;EIF2B1;MRPL48;MRPS35;RPL29;RARS2;SSR2;EIF3G;PPA1;CHCHD1;RPL10;MRPS14;EARS2;MRPS23;RPS25;SPCS1;RPS4X;MRPS30;RPL11;RPL22L1;MARS2;GFM1;SRP19;MRPL39;EIF3F;TSFM;MRPL9;SPCS3;MRPL33;EIF2S1;MRPL1;RPL23A;EIF2B5;EIF2B3;RPL10A;OXA1L"
"Reactome","A_standard_TMM","REACTOME_RUNX1_REGULATES_GENES_INVOLVED_IN_MEGAKARYOCYTE_DIFFERENTIATION_AND_PLATELET_FUNCTION",2.35703316645635,1.64457540773027e-08,8.50382533747195e-07,"up_in_high_altitude",69,0.603814898251384,0.73376198835648,"H3C10;THBS1;NFE2;H2AC6;H2BC21;H2BC8;H2BC11;H2BC12;GP1BA;GATA1;H2AJ;H2BC9;PF4;H2BC17;H2BC4;H2AC8;H2AC18;H2AC19;ITGA2B;ASH2L;H2BC12L;H4C8;KAT2B;MYL9;KMT2B;H2BC5;H3-3B;H4C3;H4C12;H4C15"
"Reactome","A_standard_TMM","REACTOME_INFLUENZA_INFECTION",-2.1140988825385,2.06994298180676e-08,1.02751969616887e-06,"down_in_high_altitude",154,-0.438640921981586,0.73376198835648,"RPS27A;KPNA5;RPL9;RPS27L;RPS6;RPL35;RPL27A;RPL34;NUP43;RPS20;RPS19;RPS29;RPL6;RPS3A;RPL39;RPL7;RPL14;RPL5;RPS21;RPS8;RPS16;RPL17;RPL19;RPL23;RPL26;RPL31;RPL13A;RPS3;RPL15;RPSA;RPL22;RPL27;RPS4Y1;RPS15A;RPS7;RPS10;NUP107;RPL3;RPL28;PABPN1;NUP133;RPS17;RANBP2;RPS24;RPL18;RPL18A;POLR2K;NUP42;RPL24;HSP90AA1;RPS18;GTF2F2;RPS26;NUP160;NUP54;NUP155;RPS13;NDC1;XPO1;RPS27;RPL7A;NUP35;RPL35A;RPLP0;RPS5;SEH1L;RPL4;RPL36A;NUP37;RPL32;POLR2D"
"Reactome","A_standard_TMM","REACTOME_EXTRACELLULAR_MATRIX_ORGANIZATION",1.99781927233574,3.24821984109662e-08,1.55040031646189e-06,"up_in_high_altitude",201,0.443409070295091,0.719512826338911,"THBS1;SPARC;ITGB3;ICAM4;BSG;CAPN5;LTBP2;LTBP1;ADAMTS2;CTSB;ITGB5;TNXB;FURIN;ITGAM;CAPN1;APP;CTSG;ACTN1;PLOD1;ITGA2B;CTSL;LOXL3;ELANE;LAMB2;PLEC;COL6A3;JAM3;MMP24;ITGB2;SERPINE1;MADCAM1;FBN2;PECAM1;CD151;VWF;CEACAM6;CAPN11;LOXL1;CEACAM8;LAMB3;COL9A3;ITGAL;ITGA10;CAPNS1;COL18A1;COLGALT1;COL9A2;ITGA9;ACTA2;P4HB;CTSD;VCAN;HTRA1;PLOD3;EMILIN2;CAPN3;COL7A1;ADAM15;ACTB;SDC3;MMP17;ITGAX;NCAM1;CDH1;TGFB1;ITGA5;NID1;ACTG1;EFEMP2;CAST;CAPN15;F11R;MMP25;DAG1;ITGB7;ICAM2;MMP8"
"Reactome","A_standard_TMM","REACTOME_HCMV_EARLY_EVENTS",2.21339149034511,3.96292252104657e-08,1.82147661059955e-06,"up_in_high_altitude",99,0.533518292407258,0.719512826338911,"H3C10;H2AC6;H2BC21;H2BC8;H2BC11;TUBB2B;TUBB1;H2BC12;TUBB2A;TUBB4B;H2BC9;H2AC25;H2BC17;NUP98;H2BC4;H2AC8;H2AC18;NCOR2;GPS2;H2AC19;H4C8;TUBA1B;TUBA4A;TUBA1A;TUBA8;DYNLL2;DYNLL1;DYNC1H1;H2BC18;H2BC5;H2AC11;H4C3;H4C12;H4C15;SEC13;TUBA1C;H2AC17;NUP188;AAAS;H2AC15;H2BC6;H2AC20;NUP210;HDAC3;H2BC15;TUBA4B"
"Reactome","A_standard_TMM","REACTOME_DISEASES_OF_PROGRAMMED_CELL_DEATH",2.33743843697359,4.26788261940882e-08,1.89158654667369e-06,"up_in_high_altitude",76,0.591280588805861,0.719512826338911,"H3C10;H2AC6;H2BC21;H2BC8;H2BC11;H2BC12;CAPN1;H2AJ;APP;H2BC9;FOXO3;H2BC17;H2BC4;H2AC8;PRDX2;H2AC18;H2AC19;H2BC12L;H4C8;LMNA;H2BC5;H3-3B;PRDX1;SOD2;CAPNS1;H4C3;RIPK3;H4C12;H4C15;H3-3A;CDC25A;H2BC6;H2AC20;H2BC15;CAST;H4C14;JUN;GOLGA2;BCL2L11;MLKL;CDC25C;CAPN2;FADD;TRADD"
"Reactome","A_standard_TMM","REACTOME_ASSEMBLY_OF_THE_ORC_COMPLEX_AT_THE_ORIGIN_OF_REPLICATION",2.42412505955457,4.70326860113606e-08,2.01267459793443e-06,"up_in_high_altitude",41,0.689378483830765,0.719512826338911,"H3C10;H2AC6;H2BC21;H2BC8;H2BC11;H2BC12;H2AJ;H2BC9;H2BC17;H2BC4;H2AC8;H2AC18;H2AC19;H2BC12L;H4C8;H2BC5;H3-3B;H4C3;H4C12;H4C15;KPNA1;H3-3A"
"Reactome","A_standard_TMM","REACTOME_CHROMATIN_MODIFICATIONS_DURING_THE_MATERNAL_TO_ZYGOTIC_TRANSITION_MZT",2.41608559718126,5.95743963658456e-08,2.46439419633381e-06,"up_in_high_altitude",41,0.687092202287705,0.719512826338911,"H3C10;H2AC6;H2BC21;H2BC8;H2BC11;H2BC12;H2AJ;H2BC9;H2BC17;H2BC4;H2AC8;H2AC18;H2AC19;H2BC12L;H4C8;H2BC5;H3-3B;H4C3;H4C12;H4C15;H3-3A;H2BC6;H2AC20;TET3;H2BC15;STPG4"
"Reactome","A_standard_TMM","REACTOME_CONDENSATION_OF_PROPHASE_CHROMOSOMES",2.4234501929071,6.56156307321941e-08,2.57818647957474e-06,"up_in_high_altitude",44,0.676569079138387,0.704975715167238,"H3C10;H2AC6;H2BC21;H2BC8;H2BC11;H2BC12;H2AJ;H2BC9;H2BC17;H2BC4;H2AC8;H2AC18;H2AC19;H2BC12L;H4C8;H2BC5;H3-3B;H4C3;H4C12;H4C15;H3-3A;NCAPH2;H2BC6;H2AC20;NCAPD3;H2BC15;CCNB1;H4C14"
"Reactome","A_standard_TMM","REACTOME_ERCC6_CSB_AND_EHMT2_G9A_POSITIVELY_REGULATE_RRNA_EXPRESSION",2.4098823995057,6.64802315442318e-08,2.57818647957474e-06,"up_in_high_altitude",48,0.658548290577253,0.704975715167238,"H3C10;H2AC6;H2BC21;H2BC8;H2BC11;H2BC12;H2AJ;H2BC9;H2BC17;H2BC4;H2AC8;H2AC18;H2AC19;H2BC12L;H4C8;H2BC5;H3-3B;CHD4;H4C3;H4C12;H4C15;H3-3A;H2BC6;H2AC20;GATAD2A;H2BC15"
"Reactome","A_standard_TMM","REACTOME_RUNX1_REGULATES_TRANSCRIPTION_OF_GENES_INVOLVED_IN_DIFFERENTIATION_OF_HSCS",2.23748732207223,7.96498398624932e-08,2.99531670513194e-06,"up_in_high_altitude",87,0.55040652064782,0.704975715167238,"H3C10;TAL1;UBB;H2AC6;H2BC21;H2BC8;H2BC11;PSMD2;H2BC12;GATA1;H2AJ;H2BC9;H2BC17;UBA52;H2BC4;H2AC8;H2AC18;H2AC19;H2BC12L;H4C8;UBC;TCF3;H2BC5;PSMB6;H3-3B;PSMD3;PSMC3;H4C3;H4C12;PSMD14;H4C15;PSMD13;SPI1;H3-3A;LMO2;PSMD8;PSMB3;ADRM1;H2BC6;H2AC20;PSMC4"
"Reactome","A_standard_TMM","REACTOME_SARS_COV_1_MODULATES_HOST_TRANSLATION_MACHINERY",-2.43118133282422,8.2365098917633e-08,3.00632611049361e-06,"down_in_high_altitude",36,-0.665066145961568,0.704975715167238,"RPS27A;RPS27L;RPS6;RPS20;RPS19;RPS29;RPS3A;RPS21;RPS8;RPS16;RPS3;RPSA;RPS4Y1;RPS15A;RPS7;RPS10;RPS17;RPS24;RPS18;EEF1A1;RPS26;RPS13;RPS27;HNRNPA1;RPS5"
"Reactome","A_standard_TMM","REACTOME_TRANSCRIPTIONAL_REGULATION_OF_GRANULOPOIESIS",2.2985313100034,1.17493759240649e-07,4.16599300621844e-06,"up_in_high_altitude",62,0.603467243557524,0.704975715167238,"H3C10;TAL1;H2AC6;H2BC21;H2BC8;RXRA;H2BC11;H2BC12;H2AJ;H2BC9;H2BC17;H2BC4;H2AC8;H2AC18;H2AC19;H2BC12L;TFDP1;CDKN1A;E2F1;H4C8;CEBPA;H2BC5;H3-3B;RARA;H4C3;H4C12;H4C15;SPI1;H3-3A"
"Reactome","A_standard_TMM","REACTOME_PRC2_METHYLATES_HISTONES_AND_DNA",2.38817294034883,1.22614936828422e-07,4.2268093501131e-06,"up_in_high_altitude",45,0.663184562271832,0.690132458796796,"H3C10;H2AC6;H2BC21;H2BC8;H2BC11;H2BC12;H2AJ;H2BC9;H2BC17;H2BC4;H2AC8;H2AC18;H2AC19;H2BC12L;H4C8;H2BC5;H3-3B;H4C3;H4C12;H4C15;H3-3A"
"Reactome","A_standard_TMM","REACTOME_INHIBITION_OF_DNA_RECOMBINATION_AT_TELOMERE",2.34652148240194,1.4958537459554e-07,5.01717432089365e-06,"up_in_high_altitude",49,0.640882952312069,0.690132458796796,"H2AC6;H2BC21;H2BC8;H2BC11;H2BC12;H2AJ;POLR2A;H2BC9;H2BC17;H2BC4;H2AC8;H2AC18;H2AC19;H2BC12L;H4C8;H2BC5;H3-3B;POLR2E;H4C3;POLR2J;TERF2IP;H4C12;POLR2L;H4C15;TINF2;H3-3A;POLR2G"
"Reactome","A_standard_TMM","REACTOME_RHO_GTPASE_EFFECTORS",1.87229654236064,1.96821889682311e-07,6.42778855515125e-06,"up_in_high_altitude",275,0.403569212116503,0.690132458796796,"H3C10;KLC3;PPP2R5B;CTNNA1;H2AC6;H2BC21;H2BC8;H2BC11;TUBB2B;TUBB1;H2BC12;MYH9;MYLK;TUBB2A;H2AJ;TUBB4B;H2BC9;SRGAP2;FLNA;WASF2;CTTN;H2BC17;NUP98;H2BC4;H2AC8;H2AC18;H2AC19;DIAPH1;TAX1BP3;DLG4;YWHAH;H2BC12L;PRKCD;MAPK1;H4C8;TUBA1B;SRC;NCF2;TUBA4A;TUBA1A;TUBA8;DYNLL2;DYNLL1;DYNC1H1;RHOC;MYL9;B9D2;BTK;ARPC1B;MRTFA;PAK1;H2BC5;H3-3B;WASF3;IQGAP1;FMNL1;MYL6;ARPC5;CYFIP1;H4C3;NDE1;SFN;H4C12;ARPC1A;H4C15;MAPK3;SEC13;RHOA;TUBA1C;NDEL1;WAS;H3-3A;RHOB;CDC20;SPC24;PTK2;GRB2;ACTB;H2BC6;CDC42;H2AC20;NCF1;CDH1;BRK1;RHOG;PAFAH1B1;DVL3;H2BC15;CLIP1;ACTG1;SKA1;TUBA4B"
"Reactome","A_standard_TMM","REACTOME_SARS_COV_2_MODULATES_HOST_TRANSLATION_MACHINERY",-2.37569312099945,2.02372014944497e-07,6.43958129605437e-06,"down_in_high_altitude",49,-0.603588343975704,0.690132458796796,"RPS27A;RPS27L;RPS6;RPS20;RPS19;SNRPF;RPS29;RPS3A;RPS21;RPS8;RPS16;RPS3;RPSA;RPS4Y1;RPS15A;RPS7;RPS10;RPS17;RPS24;SNRPD2;RPS18;SNRPG;RPS26;GEMIN8;GEMIN2;RPS13;RPS27;DDX20;SNRPD1;RPS5"
"Reactome","A_standard_TMM","REACTOME_SIGNALING_BY_WNT",1.8667921385218,2.33945186049452e-07,7.25814939718425e-06,"up_in_high_altitude",247,0.406514317330945,0.690132458796796,"SFRP2;H3C10;SOX6;UBB;PPP2R5B;H2AC6;H2BC21;H2BC8;H2BC11;AP2A1;PSMD2;H2BC12;AKT2;AP2M1;H2AJ;H2BC9;AP2S1;PIP5K1B;H2BC17;CTBP2;UBA52;AP2B1;H2BC4;H2AC8;H2AC18;SNX3;H2AC19;GNB2;ASH2L;H2BC12L;SKP1;GNB1;H4C8;ARRB2;ZRANB1;FRAT1;UBC;FZD1;H2BC5;FZD5;PSMB6;H3-3B;GNG11;GNAO1;SCRIB;AP2A2;CREBBP;PSMD3;PSMC3;H4C3;GNG5;H4C12;AGO2;PSMD14;AKT1;H4C15;PSMD13;TLE3;RHOA;PLCB2;H3-3A;KAT5;PSMD8;PLCB3;TCF7L2;RBX1;PSMB3;GNGT2;ADRM1;GNG8;H2BC6;H2AC20;PSMC4;AXIN1;LGR6;CTNNBIP1;DVL3;H2BC15;SMARCA4;MOV10;PSMD6;WNT5B;LRP5;RAC2;H4C14"
"Reactome","A_standard_TMM","REACTOME_ACTIVATION_OF_ANTERIOR_HOX_GENES_IN_HINDBRAIN_DEVELOPMENT_DURING_EARLY_EMBRYOGENESIS",2.17579529874713,2.4811922715454e-07,7.51014538777522e-06,"up_in_high_altitude",90,0.53401892643971,0.674962860011025,"H3C10;PBX1;H2AC6;H2BC21;H2BC8;RXRA;H2BC11;H2BC12;H2AJ;POLR2A;H2BC9;MAFB;H2BC17;H2BC4;H2AC8;H2AC18;H2AC19;ASH2L;H2BC12L;H4C8;H2BC5;H3-3B;RARA;CREBBP;POLR2E;MEIS1;H4C3;POLR2J;H4C12;POLR2L;H4C15;NCOA6;H3-3A;POLR2G;H2BC6;HOXA3;H2AC20;HDAC3;H2BC15;ZNF335;H4C14;POLR2I;JUN;PCGF2"
"Reactome","A_standard_TMM","REACTOME_REGULATION_OF_ENDOGENOUS_RETROELEMENTS_BY_PIWI_INTERACTING_RNAS_PIRNAS",2.280980717068,2.80524338012706e-07,8.28882627318495e-06,"up_in_high_altitude",68,0.58448095633535,0.674962860011025,"H3C10;H2AC6;H2BC21;H2BC8;H2BC11;H2BC12;H2AJ;H2BC9;H2BC17;H2BC4;H2AC8;H2AC18;H2AC19;H2BC12L;H4C8;H2BC5;H3-3B;CHD4;H4C3;H4C12;H4C15;DPF3;H3-3A;SPOCD1;ACTB;H2BC6;H2AC20;GATAD2A;H2BC15;SMARCA4;DPF2"
"Reactome","A_standard_TMM","REACTOME_AGGREPHAGY",2.33145115800096,5.52633070729873e-07,1.59492474599017e-05,"up_in_high_altitude",35,0.690283909681737,0.659444398037935,"UBB;TUBB2B;TUBB1;TUBB2A;HDAC6;TUBB4B;PCNT;UBA52;VCP;HSF1;TUBA1B;TUBA4A;TUBA1A;UBE2V1;TUBA8;DYNLL2;UBC;DYNLL1;DYNC1H1"
"Reactome","A_standard_TMM","REACTOME_RECOGNITION_AND_ASSOCIATION_OF_DNA_GLYCOSYLASE_WITH_SITE_CONTAINING_AN_AFFECTED_PURINE",2.34271035294514,6.90057066668045e-07,1.90302404385565e-05,"up_in_high_altitude",36,0.687312533486718,0.659444398037935,"H2AC6;H2BC21;H2BC8;H2BC11;H2BC12;H2AJ;H2BC9;H2BC17;H2BC4;H2AC8;H2AC18;H2AC19;H2BC12L;H4C8;H2BC5;H4C3;TERF2IP;H4C12;H4C15;TINF2"
"Reactome","A_standard_TMM","REACTOME_L1CAM_INTERACTIONS",2.16814604439772,6.82090182899736e-07,1.90302404385565e-05,"up_in_high_altitude",88,0.533652016602308,0.659444398037935,"ANK1;ITGB3;SPTA1;SPTB;AP2A1;TUBB2B;TUBB1;AP2M1;TUBB2A;TUBB4B;AP2S1;AP2B1;MAP2K2;ITGA2B;DLG4;MAPK1;SCN1B;TUBA1B;SRC;DNM3;TUBA4A;TUBA1A;TUBA8;MSN;PAK1;AP2A2;ITGA10;DNM2;ITGA9;KIF4A;MAPK3;SPTAN1;TUBA1C;NUMB;DNM1;RPS6KA1"
"Reactome","A_standard_TMM","REACTOME_SIRT1_NEGATIVELY_REGULATES_RRNA_EXPRESSION",2.33541551378549,8.36287242179211e-07,2.25615753814e-05,"up_in_high_altitude",40,0.668105718761832,0.659444398037935,"H3C10;H2AC6;H2BC21;H2BC8;H2BC11;H2BC12;H2AJ;H2BC9;H2BC17;H2BC4;H2AC8;H2AC18;H2AC19;H2BC12L;H4C8;H2BC5;H3-3B;H4C3;H4C12;H4C15;H3-3A"
"Reactome","A_standard_TMM","REACTOME_B_WICH_COMPLEX_POSITIVELY_REGULATES_RRNA_EXPRESSION",2.19886882413183,8.71812736389908e-07,2.3019566082125e-05,"up_in_high_altitude",63,0.575746731693826,0.659444398037935,"H3C10;H2AC6;H2BC21;H2BC8;H2BC11;H2BC12;H2AJ;H2BC9;H2BC17;H2BC4;H2AC8;H2AC18;H2AC19;POLR1D;H2BC12L;H4C8;KAT2B;H2BC5;MYO1C;H3-3B;POLR2E;H4C3;H4C12;POLR2L;H4C15;H3-3A;MYBBP1A;POLR1A;ACTB;H2BC6;H2AC20"
"Reactome","A_standard_TMM","REACTOME_LEISHMANIA_INFECTION",2.04663466178974,9.43552891311503e-07,2.43947737107828e-05,"up_in_high_altitude",141,0.468621595882767,0.659444398037935,"GNAS;FURIN;C3AR1;ENTPD5;MYH9;APP;WASF2;CTSG;CD163;HMOX1;GNAZ;GNB2;SYK;MEFV;GNB1;FGR;MAPK1;FCGR3A;VAV1;SRC;PSTPIP1;PLCG2;PRKAR2B;BTK;ARPC1B;HCK;MYO1C;GNG11;WASF3;ARPC5;CYFIP1;GNG5;HSP90AB1;MYO9B;NLRP3;ARPC1A;MAPK3;ELMO1;WAS;RELA;RHBDF2;LYN;PTK2;GNGT2;GNG8;GRB2;GGT5;ACTB;FCGR1A;CDC42;PRKACA;BRK1;DVL3;ADCY9;ACTG1;ADCY4;ELMO2;NFKB2;JUN;TXN;CASP1;NCKAP1L;C3;ARPC4;ITPR2;GSDMD;PRKAR1B;MAPK14;NOXA1;DOCK1;MYO10;P2RX4;RAC1"
"Reactome","A_standard_TMM","REACTOME_HCMV_LATE_EVENTS",2.18748616384753,9.68202451522887e-07,2.4521209027345e-05,"up_in_high_altitude",83,0.543252520853415,0.643551836150722,"H3C10;H2AC6;H2BC21;H2BC8;H2BC11;UBAP1;CHMP4B;H2BC12;H2BC9;H2AC25;H2BC17;VPS28;NUP98;H2BC4;H2AC8;H2AC18;H2AC19;CHMP2A;TSG101;H4C8;VPS37B;H2BC18;H2BC5;HNRNPK;H2AC11;H4C3;CHMP1A;H4C12;H4C15;SEC13;SNF8;H2AC17;NUP188;VPS37C;AAAS;H2AC15;H2BC6;H2AC20;NUP210"
"Reactome","A_standard_TMM","REACTOME_COPI_MEDIATED_ANTEROGRADE_TRANSPORT",2.1087839332673,1.33868295031885e-06,3.28140957765727e-05,"up_in_high_altitude",90,0.517571911652335,0.643551836150722,"ANK1;SPTA1;SPTB;TUBB2B;NAPA;TUBB1;TUBB2A;TUBB4B;STX5;ARF1;COPA;COG1;ACTR1A;TUBA1B;COPG1;TUBA4A;TUBA1A;TUBA8;DYNLL2;DYNLL1;DYNC1H1;ARF3;DCTN1;CD59;RAB1B;TMEM115;DCTN4;COPE;SPTAN1;DCTN2;TUBA1C;COPZ1;GBF1;ACTR10;DCTN3;CD55;YKT6;ARFGAP1;COG4;ARF4;GOLGB1"
"Reactome","A_standard_TMM","REACTOME_TCF_DEPENDENT_SIGNALING_IN_RESPONSE_TO_WNT",1.93615602860292,1.34852448396874e-06,3.28140957765727e-05,"up_in_high_altitude",167,0.436338991258527,0.643551836150722,"SFRP2;H3C10;SOX6;UBB;PPP2R5B;H2AC6;H2BC21;H2BC8;H2BC11;PSMD2;H2BC12;AKT2;H2AJ;H2BC9;PIP5K1B;H2BC17;UBA52;H2BC4;H2AC8;H2AC18;H2AC19;ASH2L;H2BC12L;H4C8;FRAT1;UBC;FZD1;H2BC5;FZD5;PSMB6;H3-3B;CREBBP;PSMD3;PSMC3;H4C3;H4C12;PSMD14;AKT1;H4C15;PSMD13;TLE3;H3-3A;KAT5;PSMD8;TCF7L2;RBX1;PSMB3;ADRM1;H2BC6;H2AC20;PSMC4;AXIN1;LGR6;CTNNBIP1;DVL3;H2BC15;SMARCA4"
"Reactome","A_standard_TMM","REACTOME_EPIGENETIC_REGULATION_OF_GENE_EXPRESSION_BY_MLL3_AND_MLL4_COMPLEXES",2.07135681323373,1.41666209897169e-06,3.38091858619974e-05,"up_in_high_altitude",99,0.499282099340812,0.643551836150722,"H3C10;H2AC6;H2BC21;H2BC8;RXRA;H2BC11;PNPLA2;H2BC12;H2AJ;H2BC9;H2BC17;NCOA4;H2BC4;H2AC8;H2AC18;MED16;NCOR2;GPS2;H2AC19;ASH2L;H2BC12L;H4C8;MED12;CEBPA;H2BC5;MGLL;H3-3B;CREBBP;LPL;H4C3;H4C12;H4C15;CDK8;NCOA6;H3-3A;PLIN2"
"Reactome","A_standard_TMM","REACTOME_BASE_EXCISION_REPAIR_AP_SITE_FORMATION",2.25903219978882,1.77354638072884e-06,4.15277558204622e-05,"up_in_high_altitude",43,0.633500920078481,0.643551836150722,"H2AC6;H2BC21;H2BC8;H2BC11;H2BC12;H2AJ;H2BC9;H2BC17;H2BC4;H2AC8;H2AC18;H2AC19;H2BC12L;H4C8;H2BC5;H4C3;TERF2IP;H4C12;H4C15;TINF2;SMUG1;NEIL1;H2BC6;H2AC20;H2BC15;H4C14;NEIL2;ACD"
"Reactome","A_standard_TMM","REACTOME_OXIDATIVE_STRESS_INDUCED_SENESCENCE",2.08445591564125,2.15427857974804e-06,4.95085132864317e-05,"up_in_high_altitude",95,0.506965767191126,0.627256739718528,"H3C10;UBB;CDKN2D;H2AC6;H2BC21;H2BC8;E2F2;H2BC11;MAP2K3;MAP2K7;H2BC12;H2AJ;H2BC9;H2BC17;UBA52;H2BC4;H2AC8;H2AC18;MAP4K4;H2AC19;H2BC12L;TFDP1;E2F1;MAPK1;H4C8;MAPKAPK2;UBC;MAPKAPK3;H2BC5;H3-3B;PHC2;H4C3;CDKN2C;H4C12;H4C15;MAPK3;MINK1"
"Reactome","A_standard_TMM","REACTOME_REPLACEMENT_OF_PROTAMINES_BY_NUCLEOSOMES_IN_THE_MALE_PRONUCLEUS",2.27766498083731,2.35688738016611e-06,5.31799497961117e-05,"up_in_high_altitude",24,0.746197829638224,0.627256739718528,"H2BC21;H2BC8;H2BC11;H2BC12;H2BC9;H2BC17;H2BC4;H2BC12L;H4C8;HIRA;H2BC5;H3-3B;H4C3;H4C12;H4C15;H3-3A"
"Reactome","A_standard_TMM","REACTOME_PRE_NOTCH_EXPRESSION_AND_PROCESSING",2.1396220482041,2.67899681530861e-06,5.93684829963925e-05,"up_in_high_altitude",85,0.530885413907018,0.627256739718528,"H3C10;H2AC6;H2BC21;H2BC8;H2BC11;H2BC12;FURIN;H2AJ;H2BC9;H2BC17;H2BC4;H2AC8;H2AC18;MAML3;H2AC19;H2BC12L;TFDP1;E2F1;H4C8;ELANE;KAT2B;RFNG;H2BC5;H3-3B;NOTCH2;CREBBP;RAB6A;H4C3;H4C12;AGO2;ST3GAL3;H4C15;NOTCH2NLA;H3-3A;NOTCH4;H2BC6;H2AC20;SIRT6;NOTCH1;H2BC15;MOV10"
"Reactome","A_standard_TMM","REACTOME_FACTORS_INVOLVED_IN_MEGAKARYOCYTE_DEVELOPMENT_AND_PLATELET_PRODUCTION",1.99560838240491,3.42289539246831e-06,7.45230382816346e-05,"up_in_high_altitude",128,0.459870130020885,0.627256739718528,"H3C10;KLC3;NFE2;TUBB2B;TUBB1;MFN2;HBD;HBB;EHD3;GATA1;TUBB2A;TUBB4B;HBG2;HBG1;ITPK1;KIF3C;DOCK2;EHD2;MICAL1;RAB5A;PHF21A;TUBA1B;TUBA4A;TUBA1A;EHD1;TUBA8;PRKAR2B;HBE1;H3-3B;MAFK;MAFG;IRF2;KIF4A;TUBA1C;KIF13B;H3-3A;ZFPM1;DOCK8;MAFF;ACTB;CDC42;PRKACA;DOCK6;RCOR1;TUBA4B;SH2B2"
"Reactome","A_standard_TMM","REACTOME_RNA_POLYMERASE_I_PROMOTER_ESCAPE",2.12769417404859,3.52177706009716e-06,7.53538850272513e-05,"up_in_high_altitude",63,0.557110525788703,0.627256739718528,"H3C10;H2AC6;H2BC21;H2BC8;H2BC11;H2BC12;ERCC2;H2AJ;H2BC9;H2BC17;H2BC4;H2AC8;H2AC18;H2AC19;POLR1D;H2BC12L;H4C8;H2BC5;H3-3B;POLR2E;H4C3;H4C12;POLR2L;H4C15"
"Reactome","A_standard_TMM","REACTOME_POSITIVE_EPIGENETIC_REGULATION_OF_RRNA_EXPRESSION",2.07452399912678,4.51116143789952e-06,9.3305855740555e-05,"up_in_high_altitude",78,0.521812148739508,0.610526878385931,"H3C10;H2AC6;H2BC21;H2BC8;H2BC11;H2BC12;H2AJ;H2BC9;H2BC17;H2BC4;H2AC8;H2AC18;H2AC19;POLR1D;H2BC12L;H4C8;KAT2B;H2BC5;MYO1C;H3-3B;CHD4;POLR2E;H4C3;H4C12;POLR2L;H4C15;H3-3A;MYBBP1A;POLR1A;ACTB;H2BC6;H2AC20;GATAD2A;H2BC15"
"Reactome","A_standard_TMM","REACTOME_SIGNALING_BY_RECEPTOR_TYROSINE_KINASES",1.64099361333547,4.45463177587937e-06,9.3305855740555e-05,"up_in_high_altitude",420,0.338738176819811,0.610526878385931,"UBB;PTPRF;RANBP10;THBS1;SPARC;ITGB3;PCSK6;ATP6V0C;CTNNA1;PRR5;FAM83A;LYL1;PIK3R2;AP2A1;SH3GL1;FURIN;AKT2;AP2M1;MXD4;PTK2B;MST1;IGF2;POLR2A;WASF2;AP2S1;UBA52;AP2B1;HGS;MAP2K2;TNS3;EGF;DIAPH1;DLG4;EPN1;PRKCD;MAPK1;LAMB2;VAV1;SRC;COL6A3;PTPN6;ATP6V1E1;NCF2;DNM3;ATP6V1D;MAPKAPK2;RALGDS;MAPK7;VRK3;UBC;PDGFRB;TRIB1;GRAP2;STAT6;TCIRG1;HSPB1;MAPKAPK3;PAK1;CHD4;WASF3;AP2A2;LAMB3;COL9A3;NCK2;CSK;AAMP;CYFIP1;POLR2E;DNM2;POLR2J;TNK2;ATP6V0E1;SPINT1;ATP6V0D1;IRS1;POLR2L;AKT1;JUND;COL9A2;MAPK3;ATP6V0B;MDK;ELMO1;RHOA;TAB2;CTSD;MLST8;FES;ATP6AP1;SHC1;POLR2G;GRB10;DNM1;LYN;RPS6KA1;PTPN18;STAT3;EPS15L1;SPINT2;PXN;GAB2;PTK2;FOSL1;RALB;FLT1;GRB2"
"Reactome","A_standard_TMM","REACTOME_FORMATION_OF_THE_BETA_CATENIN_TCF_TRANSACTIVATING_COMPLEX",2.17452308139578,4.78791643664763e-06,9.74066278340935e-05,"up_in_high_altitude",61,0.57181402185095,0.610526878385931,"H3C10;H2AC6;H2BC21;H2BC8;H2BC11;H2BC12;H2AJ;H2BC9;H2BC17;H2BC4;H2AC8;H2AC18;H2AC19;ASH2L;H2BC12L;H4C8;H2BC5;H3-3B;CREBBP;H4C3;H4C12;H4C15;TLE3;H3-3A;KAT5;TCF7L2"
"Reactome","A_standard_TMM","REACTOME_REGULATION_OF_ENDOGENOUS_RETROELEMENTS_BY_THE_HUMAN_SILENCING_HUB_HUSH_COMPLEX",2.20066481119004,5.59321137760625e-06,0.00011020304570265,"up_in_high_altitude",43,0.617132939850769,0.610526878385931,"H3C10;H2AC6;H2BC21;H2BC8;H2BC11;H2BC12;H2AJ;H2BC9;H2BC17;H2BC4;H2AC8;H2AC18;H2AC19;H2BC12L;H4C8;H2BC5;H3-3B;H4C3;H4C12;H4C15"
"Reactome","A_standard_TMM","REACTOME_RNA_POLYMERASE_I_TRANSCRIPTION",2.07232469882614,5.5945140042441e-06,0.00011020304570265,"up_in_high_altitude",82,0.516648752975431,0.610526878385931,"H3C10;H2AC6;H2BC21;H2BC8;H2BC11;H2BC12;ERCC2;H2AJ;H2BC9;H2BC17;H2BC4;H2AC8;H2AC18;H2AC19;POLR1D;H2BC12L;H4C8;KAT2B;H2BC5;H3-3B;CHD4;POLR2E;H4C3;H4C12;POLR2L;H4C15;MAPK3"
"Reactome","A_standard_TMM","REACTOME_DNA_REPLICATION_PRE_INITIATION",2.00699215650341,6.24914402900306e-06,0.000121174808437387,"up_in_high_altitude",122,0.467026115766305,0.610526878385931,"H3C10;UBB;H2AC6;H2BC21;H2BC8;H2BC11;FZR1;PSMD2;H2BC12;H2AJ;H2BC9;H2BC17;UBA52;H2BC4;H2AC8;H2AC18;H2AC19;H2BC12L;MCM2;H4C8;ANAPC2;UBE2S;UBC;H2BC5;PSMB6;H3-3B;PSMD3;PSMC3;H4C3;H4C12;MCM10;PSMD14;RPA1;H4C15;PSMD13;MCM5;KPNA1;H3-3A;PSMD8;CDC16;PSMB3;ADRM1;MCM3;H2BC6;H2AC20;PSMC4;MCM7;H2BC15;UBE2C"
"Reactome","A_standard_TMM","REACTOME_NUCLEAR_EVENTS_MEDIATED_BY_NFE2L2",2.06182524426847,6.68079604984471e-06,0.000127551813813189,"up_in_high_altitude",82,0.514031146715556,0.610526878385931,"BCL2L1;UBB;ABCC3;SRXN1;PSMD2;TALDO1;UBA52;G6PD;ABCG2;HMOX1;EGF;SQSTM1;SKP1;PGD;UBC;GCLC;PSMB6;MAFK;PRDX1;MAFG;ATF4;CREBBP;PSMD3;PSMC3;PSMD14;PSMD13;RELA;PSMD8;TKT;RBX1;PSMB3;ADRM1;PSMC4;KEAP1;NOTCH1"
"Reactome","A_standard_TMM","REACTOME_DNA_REPLICATION",1.88826327350294,7.36871292276686e-06,0.000138554132381116,"up_in_high_altitude",156,0.42666737974014,0.610526878385931,"H3C10;UBB;H2AC6;H2BC21;H2BC8;H2BC11;FZR1;PSMD2;H2BC12;H2AJ;H2BC9;H2BC17;UBA52;H2BC4;H2AC8;H2AC18;H2AC19;H2BC12L;SKP1;MCM2;H4C8;POLD4;ANAPC2;UBE2S;UBC;H2BC5;PSMB6;H3-3B;PSMD3;PSMC3;H4C3;H4C12;MCM10;PSMD14;RPA1;H4C15;PSMD13;TOP3A;MCM5;KPNA1;H3-3A;RFC2;PSMD8;RBX1;CDC16;PSMB3;ADRM1;MCM3;H2BC6;POLG;H2AC20;PSMC4;MCM7;H2BC15;UBE2C"
"Reactome","A_standard_TMM","REACTOME_BASE_EXCISION_REPAIR",2.10882509339039,7.54579220665101e-06,0.000139766091469461,"up_in_high_altitude",71,0.538182383256407,0.610526878385931,"H2AC6;H2BC21;H2BC8;H2BC11;H2BC12;H2AJ;H2BC9;H2BC17;H2BC4;H2AC8;H2AC18;H2AC19;H2BC12L;H4C8;POLD4;ADPRS;H2BC5;H4C3;TERF2IP;H4C12;RPA1;H4C15;TINF2;RFC2;SMUG1;NEIL1;H2BC6;H2AC20;H2BC15;H4C14;POLE;NEIL2;PARP2;ACD"
"Reactome","A_standard_TMM","REACTOME_SELECTIVE_AUTOPHAGY",2.05909616657867,8.07862771793713e-06,0.000147434955852353,"up_in_high_altitude",80,0.517579863163984,0.593325476396405,"UBB;PINK1;TUBB2B;TUBB1;OPTN;MFN2;TUBB2A;HDAC6;TUBB4B;PCNT;ATG9A;UBA52;VCP;SQSTM1;MAP1LC3B;ULK1;NBR1;HSF1;TUBA1B;SRC;TUBA4A;TUBA1A;UBE2D3;UBE2V1;TUBA8;DYNLL2;UBC;DYNLL1;DYNC1H1"
"Reactome","A_standard_TMM","REACTOME_RECYCLING_PATHWAY_OF_L1",2.23417776601796,8.44305681314095e-06,0.000150126455260923,"up_in_high_altitude",40,0.639144055263922,0.593325476396405,"AP2A1;TUBB2B;TUBB1;AP2M1;TUBB2A;TUBB4B;AP2S1;AP2B1;MAPK1;TUBA1B;SRC;DNM3;TUBA4A;TUBA1A;TUBA8;MSN;AP2A2;DNM2;KIF4A;TUBA1C;NUMB;DNM1;RPS6KA1"
"Reactome","A_standard_TMM","REACTOME_CELLULAR_SENESCENCE",1.89917593674479,8.49018503216684e-06,0.000150126455260923,"up_in_high_altitude",158,0.429197585117475,0.593325476396405,"H3C10;UBB;CDKN2D;H2AC6;H2BC21;H2BC8;E2F2;H2BC11;MAP2K3;FZR1;MAP2K7;H2BC12;H2AJ;H2BC9;H2BC17;UBA52;H1-0;H2BC4;H2AC8;H2AC18;MAP4K4;H2AC19;H2BC12L;TFDP1;CDKN1A;E2F1;MAPK1;H4C8;H1-2;ANAPC2;MAPKAPK2;MAPK7;UBE2S;UBC;HIRA;UBN1;MAPKAPK3;H2BC5;H3-3B;PHC2;CABIN1;H4C3;TERF2IP;CDKN2C;H4C12;H4C15;MAPK3;MINK1;TINF2;RELA;H3-3A;KAT5;ETS2;RPS6KA1;STAT3;CDC16"
"Reactome","A_standard_TMM","REACTOME_TRANSCRIPTIONAL_REGULATION_BY_RUNX1",1.83599351414415,8.58902362894887e-06,0.000150126455260923,"up_in_high_altitude",187,0.409184388696236,0.593325476396405,"H3C10;TAL1;UBB;PCGF5;THBS1;NFE2;H2AC6;H2BC21;H2BC8;H2BC11;PSMD2;LGALS3;H2BC12;GP1BA;GATA1;H2AJ;H2BC9;PF4;H2BC17;UBA52;H2BC4;H2AC8;H2AC18;H2AC19;ITGA2B;CTSL;ASH2L;H2BC12L;H4C8;SRC;KAT2B;UBC;TCF3;MYL9;KMT2B;H2BC5;PSMB6;H3-3B;PHC2;CREBBP;PSMD3;PSMC3;H4C3;H4C12;AGO2;PSMD14;H4C15;PSMD13;SPI1;H3-3A;LMO2;PSMD8;ZFPM1;RYBP;PSMB3;CLDN5;ADRM1;H2BC6;CCND3;H2AC20;PSMC4;AXIN1"
"Reactome","A_standard_TMM","REACTOME_TBC_RABGAPS",2.19320627715139,9.1049416465163e-06,0.000156933785879538,"up_in_high_altitude",42,0.619704136396836,0.593325476396405,"RAB11B;TBC1D25;RAB6B;OPTN;TBC1D17;MAP1LC3B;RAB5C;ULK1;TBC1D2;RAB5A;TSC2;GABARAPL2;GABARAP;RAB6A;RAB7A;TBC1D20;RAB11A;TBC1D14;SYTL1;RAB35;GGA3"
"Reactome","A_standard_TMM","REACTOME_NEGATIVE_EPIGENETIC_REGULATION_OF_RRNA_EXPRESSION",2.06006092153703,9.68764342920838e-06,0.000164689938296542,"up_in_high_altitude",81,0.51714874654081,0.593325476396405,"H3C10;H2AC6;H2BC21;H2BC8;H2BC11;H2BC12;ERCC2;H2AJ;H2BC9;H2BC17;H2BC4;H2AC8;H2AC18;H2AC19;POLR1D;H2BC12L;H4C8;H2BC5;H3-3B;SAP18;POLR2E;H4C3;H4C12;POLR2L;H4C15;H3-3A;SUDS3;POLR1A;H2BC6;H2AC20;SAP130;H2BC15"
"Reactome","A_standard_TMM","REACTOME_MEIOTIC_RECOMBINATION",2.16752474261364,1.00410897898097e-05,0.00016735827337479,"up_in_high_altitude",54,0.578954862373281,0.593325476396405,"H3C10;H2AC6;H2BC21;H2BC8;H2BC11;H2BC12;H2AJ;H2BC9;H2BC17;H2BC4;H2AC8;H2AC18;H2AC19;H2BC12L;H4C8;H2BC5;H3-3B;H4C3;H4C12;RPA1;H4C15;TOP3A;H3-3A"
"Reactome","A_standard_TMM","REACTOME_TRANSCRIPTIONAL_REGULATION_BY_SMALL_RNAS",2.08025665707873,1.01143195029084e-05,0.00016735827337479,"up_in_high_altitude",79,0.522355435207805,0.593325476396405,"H3C10;H2AC6;H2BC21;H2BC8;H2BC11;H2BC12;H2AJ;POLR2A;H2BC9;H2BC17;NUP98;H2BC4;H2AC8;H2AC18;H2AC19;H2BC12L;H4C8;H2BC5;H3-3B;POLR2E;H4C3;POLR2J;H4C12;AGO2;POLR2L;H4C15;SEC13;H3-3A;NUP188;POLR2G;AAAS;H2BC6;H2AC20;NUP210"
"Reactome","A_standard_TMM","REACTOME_SIGNALING_BY_NUCLEAR_RECEPTORS",1.75919974724175,1.11224765538707e-05,0.000181618334254652,"up_in_high_altitude",224,0.387016659585762,0.593325476396405,"H3C10;H2AC6;H2BC21;H2BC8;RXRA;PIK3R2;H2BC11;CARM1;H2BC12;AKT2;H2AJ;POLR2A;H2BC9;FOXO3;H2BC17;PDK2;NR1H2;H2BC4;H2AC8;H2AC18;NCOR2;GPS2;H2AC19;EGF;GNB2;H2BC12L;GNB1;MAPK1;H4C8;SRC;KDM4B;KAT2B;RXRB;HSPB1;H2BC5;H3-3B;RARA;GNG11;FASN;CREBBP;USF2;POLR2E;H4C3;EEPD1;POLR2J;FABP6;GNG5;HSP90AB1;GTF2A2;H4C12;AGO2;POLR2L;AKT1;JUND;H4C15;MAPK3;TLE3;CTSD;H3-3A;PLTP;KAT5;SHC1;POLR2G;PTK2;GNGT2;CYP26B1;GNG8;H2BC6;H2AC20;SCD;AXIN1;HDAC3;H2BC15;PPP5C;MOV10;ZDHHC7;SMC1A;CXXC5;DHRS9;H4C14;POLR2I;JUN"
"Reactome","A_standard_TMM","REACTOME_RHO_GTPASES_ACTIVATE_IQGAPS",2.18287199025603,1.17795917915172e-05,0.000189850304068479,"up_in_high_altitude",25,0.708088343545865,0.593325476396405,"CTNNA1;TUBB2B;TUBB1;TUBB2A;TUBB4B;TUBA1B;TUBA4A;TUBA1A;TUBA8;IQGAP1;TUBA1C;ACTB;CDC42;CDH1;CLIP1;ACTG1;TUBA4B;IQGAP2"
"Reactome","A_standard_TMM","REACTOME_TELOMERE_MAINTENANCE",1.9955108106472,1.22466472315973e-05,0.00019484729762067,"up_in_high_altitude",92,0.488543563425367,0.593325476396405,"H2AC6;H2BC21;H2BC8;H2BC11;H2BC12;H2AJ;POLR2A;H2BC9;H2BC17;H2BC4;H2AC8;H2AC18;H2AC19;H2BC12L;H4C8;POLD4;NOP10;H2BC5;H3-3B;POLR2E;H4C3;POLR2J;TERF2IP;H4C12;POLR2L;RPA1;H4C15;TINF2;H3-3A;RFC2;RTEL1;POLR2G;CHTF18;PIF1;H2BC6;H2AC20"
"Reactome","A_standard_TMM","REACTOME_METABOLISM_OF_PORPHYRINS",2.21491442513493,1.30466429954804e-05,0.000202587186495139,"up_in_high_altitude",19,0.768344700030319,0.593325476396405,"ALAS2;FECH;HMBS;ALAD;BLVRB;PPOX;ABCG2;HMOX1;UROD"
"Reactome","A_standard_TMM","REACTOME_PROTEIN_UBIQUITINATION",2.0769233321467,1.30596091213627e-05,0.000202587186495139,"up_in_high_altitude",73,0.527305597144758,0.593325476396405,"UBB;CDC34;H2BC8;H2BC11;RNF40;H2BC12;H2BC9;H2BC17;UBA52;VCP;UBE2H;H2BC4;USP9X;UBE2R2;UBE2B;RRAGA;UBE2D3;UBA1;UBE2S;UBC;UBE2E3;PEX10;USP5;H2BC5;UBE2J2;USP7;UBE2D2"
"Reactome","A_standard_TMM","REACTOME_HSP90_CHAPERONE_CYCLE_FOR_STEROID_HORMONE_RECEPTORS_SHR_IN_THE_PRESENCE_OF_LIGAND",2.12851947464465,1.70087848788869e-05,0.000260591383144428,"up_in_high_altitude",48,0.5816602759434,0.575610261071129,"TUBB2B;TUBB1;TUBB2A;DNAJA4;TUBB4B;HSPA1A;ACTR1A;TUBA1B;TUBA4A;TUBA1A;TUBA8;DYNLL2;DYNLL1;DYNC1H1;HSPA1B;DCTN1;HSP90AB1;DCTN4;DCTN2;TUBA1C;ACTR10;DCTN3"
"Reactome","A_standard_TMM","REACTOME_BINDING_AND_UPTAKE_OF_LIGANDS_BY_SCAVENGER_RECEPTORS",2.16911430671563,1.84694406718448e-05,0.000279519217972676,"up_in_high_altitude",26,0.695017009058173,0.575610261071129,"SPARC;HBB;FTL;FTH1;CD163;HBA1;STAB1;HBA2;LRP1;MSR1;HYOU1;CALR"
"Reactome","A_standard_TMM","REACTOME_GAP_JUNCTION_TRAFFICKING_AND_REGULATION",2.17820440180175,1.9745706873242e-05,0.00029523400276739,"up_in_high_altitude",27,0.69088259756374,0.575610261071129,"TUBB2B;TUBB1;AP2M1;TUBB2A;TUBB4B;GJC2;DAB2;TUBA1B;SRC;TUBA4A;TUBA1A;TUBA8;CLTCL1;DNM2;TUBA1C;DNM1;ACTB;ACTG1;TUBA4B"
"Reactome","A_standard_TMM","REACTOME_SMOOTH_MUSCLE_CONTRACTION",2.16927972754364,2.02871436450606e-05,0.000299718395994288,"up_in_high_altitude",36,0.636430851771758,0.575610261071129,"TLN1;ITGB5;LMOD1;MYLK;VCL;TPM1;DYSF;GUCY1A1;CALD1;GUCY1B1;MYL9;MYL5;PAK1;MYL6;MYL11;ACTA2;ALDH2;ANXA2;PXN;PDE5A"
"Reactome","A_standard_TMM","REACTOME_SIGNALING_BY_INTERLEUKINS",1.60647331362232,2.17094718367214e-05,0.000316958288816132,"up_in_high_altitude",383,0.335471782531226,0.575610261071129,"H3C10;BCL2L1;F13A1;PIM1;UBB;PIK3R2;MAP2K3;CA1;PSMD2;TOLLIP;MAP2K7;CSF1R;ITGAM;PTK2B;APP;TALDO1;ARF1;CTSG;FOXO3;UBA52;LCN2;HMOX1;PRTN3;SQSTM1;MYD88;STXBP2;SYK;IKBKG;ALOX5;SKP1;CDKN1A;MAPK1;NKIRAS2;MAOA;INPP5D;VAV1;IRAK1;PTPN6;NFKBIB;IL27;MAPKAPK2;UBE2V1;MAPK7;ITGB2;VRK3;UBC;NLRX1;MSN;STAT6;MAPKAPK3;PTPN23;HCK;PSMB6;LCP1;STX4;INPPL1;LGALS9;PSMD3;LIF;GSTO1;SOD2;IL9;PSMC3;JAK1;TNF;OPRD1;PIK3CD;IRS1;PSMD14;IL17F;AKT1;MAPK3;PSMD13;VIM;TAB2;AGER;P4HB;RELA;ANXA2;PSMD8;SHC1;TNFRSF1B;RBX1;LYN;RPS6KA1;PTPN18;CCL20;STAT3;IL17RA;PSMB3;N4BP1;CCL3;TNIP2;GAB2;ADRM1;TYK2;GRB2;PSME2;NOD2;CDC42;HGF;PSMC4;PITPNA;ITGAX;IL1R1"
"Reactome","A_standard_TMM","REACTOME_ERYTHROCYTES_TAKE_UP_CARBON_DIOXIDE_AND_RELEASE_OXYGEN",2.13800301769353,2.26133010930844e-05,0.000325087153353947,"up_in_high_altitude",13,0.819555421796913,0.575610261071129,"SLC4A1;AQP1;RHAG;CA1;HBB;CA2;HBA1;HBA2;CYB5R1"
"Reactome","A_standard_TMM","REACTOME_ER_TO_GOLGI_ANTEROGRADE_TRANSPORT",1.91172404182721,2.27901549893581e-05,0.000325087153353947,"up_in_high_altitude",142,0.437202140724757,0.575610261071129,"ANK1;SPTA1;SPTB;TUBB2B;PPP6R1;NAPA;TUBB1;TUBB2A;TUBB4B;STX5;ARF1;TRAPPC5;COPA;COG1;ACTR1A;TUBA1B;COPG1;TUBA4A;TUBA1A;TUBA8;DYNLL2;DYNLL1;DYNC1H1;ARF3;DCTN1;CD59;RAB1B;CNIH3;TMEM115;DCTN4;TBC1D20;TRAPPC9;SEC13;COPE;SEC16A;SPTAN1;DCTN2;TUBA1C;COPZ1;SEC24C;TRAPPC3;F5;CSNK1D;GBF1;COL7A1;ACTR10;DCTN3;CD55;YKT6;ARFGAP1;SERPINA1;COG4;ARF4;GOLGB1;SEC24D;CTSZ"
"Reactome","A_standard_TMM","REACTOME_DNA_DAMAGE_TELOMERE_STRESS_INDUCED_SENESCENCE",2.1139576898985,2.43374433344499e-05,0.000343213263386959,"up_in_high_altitude",56,0.563933788146958,0.575610261071129,"H2AC6;H2BC21;H2BC8;H2BC11;H2BC12;H2AJ;H2BC9;H2BC17;H1-0;H2BC4;H2AC8;H2AC18;H2AC19;H2BC12L;CDKN1A;H4C8;H1-2;HIRA;UBN1;H2BC5;CABIN1;H4C3;TERF2IP;H4C12;H4C15;TINF2;KAT5"
"Reactome","A_standard_TMM","REACTOME_MEIOTIC_SYNAPSIS",2.10371113541655,2.85094595788482e-05,0.000397530779071355,"up_in_high_altitude",56,0.561200347306552,0.575610261071129,"H2AC6;H2BC21;H2BC8;H2BC11;H2BC12;H2AJ;H2BC9;H2BC17;H2BC4;H2AC8;H2AC18;H2AC19;H2BC12L;H4C8;LMNA;H2BC5;H4C3;TERF2IP;H4C12;H4C15;SYNE2;TINF2;SYCP3"
"Reactome","A_standard_TMM","REACTOME_MAP2K_AND_MAPK_ACTIVATION",2.13367415542701,3.21437128871638e-05,0.000443226085477448,"up_in_high_altitude",35,0.631727125374515,0.557332238758646,"ITGB3;MARK3;TLN1;VCL;MAP2K2;ITGA2B;MAPK1;SRC;APBB1IP;ARRB2;VWF;ARAF;IQGAP1;CSK;RAF1;WDR83;MAPK3"
"Reactome","A_standard_TMM","REACTOME_ACTIVATION_OF_THE_MRNA_UPON_BINDING_OF_THE_CAP_BINDING_COMPLEX_AND_EIFS_AND_SUBSEQUENT_BINDING_TO_43S",-2.01565945837738,3.44129355602759e-05,0.000469301681651674,"down_in_high_altitude",59,-0.493338902473348,0.557332238758646,"RPS27A;RPS27L;RPS6;EIF4A2;RPS20;RPS19;RPS29;RPS3A;EIF3E;RPS21;RPS8;RPS16;RPS3;RPSA;RPS4Y1;RPS15A;RPS7;RPS10;RPS17;RPS24;RPS18;EIF3M;RPS26;EIF3L;EIF2S3;RPS13;EIF4B;RPS27;EIF4E"
"Reactome","A_standard_TMM","REACTOME_KEAP1_NFE2L2_PATHWAY",1.94937580644395,3.68587908150403e-05,0.000497193036972446,"up_in_high_altitude",108,0.464159630318581,0.557332238758646,"BCL2L1;UBB;ABCC3;SRXN1;PSMD2;AKT2;TALDO1;UBA52;VCP;G6PD;ABCG2;HMOX1;EGF;SQSTM1;MAP1LC3B;PRKCD;SKP1;CDKN1A;PGD;UBC;GCLC;DPP3;PSMB6;MAFK;PRDX1;MAFG;ATF4;CREBBP;PSMD3;PSMC3;PSMD14;AKT1;PSMD13;RELA;NPLOC4;PSMD8;TKT;RBX1;UFD1;PSMB3;ADRM1"
"Reactome","A_standard_TMM","REACTOME_GAP_JUNCTION_ASSEMBLY",2.09301655932778,3.94601532856547e-05,0.000526559679865565,"up_in_high_altitude",15,0.773295821535857,0.557332238758646,"TUBB2B;TUBB1;TUBB2A;TUBB4B;GJC2;TUBA1B;TUBA4A;TUBA1A;TUBA8"
"Reactome","A_standard_TMM","REACTOME_BACTERIAL_INFECTION_PATHWAYS",2.00341029370411,3.99655129592653e-05,0.000527629804068598,"up_in_high_altitude",62,0.525984780975031,0.557332238758646,"UBB;MAP2K3;SH3GL1;MAP2K7;GSK3A;FURIN;CTSG;UBA52;HGS;MAP2K2;MAPK1;LTF;RAB5A;SRC;UBC;PGK1;SYT2;HSP90AB1;TRIM27;CD9;RAB7A;MAPK3;ENO1;KPNA1;EEF2;CORO1A;GRB2"
"Reactome","A_standard_TMM","REACTOME_ESR_MEDIATED_SIGNALING",1.76945306875863,4.84602993666459e-05,0.000633044542252711,"up_in_high_altitude",172,0.396328925513887,0.557332238758646,"H3C10;H2AC6;H2BC21;H2BC8;PIK3R2;H2BC11;CARM1;H2BC12;AKT2;H2AJ;POLR2A;H2BC9;FOXO3;H2BC17;H2BC4;H2AC8;H2AC18;H2AC19;EGF;GNB2;H2BC12L;GNB1;MAPK1;H4C8;SRC;KDM4B;KAT2B;HSPB1;H2BC5;H3-3B;GNG11;CREBBP;USF2;POLR2E;H4C3;POLR2J;GNG5;HSP90AB1;GTF2A2;H4C12;AGO2;POLR2L;AKT1;JUND;H4C15;MAPK3;TLE3;CTSD;H3-3A;KAT5;SHC1;POLR2G;PTK2;GNGT2;GNG8;H2BC6;H2AC20;AXIN1;H2BC15;PPP5C;MOV10;ZDHHC7;SMC1A;CXXC5;H4C14;POLR2I;JUN"
"Reactome","A_standard_TMM","REACTOME_TRANSPORT_TO_THE_GOLGI_AND_SUBSEQUENT_MODIFICATION",1.76798781554651,5.53853821236561e-05,0.000715971450161013,"up_in_high_altitude",167,0.39844000617532,0.557332238758646,"ANK1;SPTA1;SPTB;TUBB2B;PPP6R1;NAPA;TUBB1;TUBB2A;TUBB4B;STX5;ARF1;MAN2A2;TRAPPC5;COPA;COG1;ACTR1A;B4GALT3;TUBA1B;COPG1;TUBA4A;TUBA1A;TUBA8;DYNLL2;DYNLL1;DYNC1H1;MGAT4B;ARF3;DCTN1;CD59;RAB1B;CNIH3;MAN1A1;TMEM115;DCTN4;TBC1D20;TRAPPC9;SEC13;COPE;SEC16A;B4GALT5;SPTAN1;DCTN2;TUBA1C;COPZ1;SEC24C;TRAPPC3;F5;CSNK1D;GBF1;COL7A1;ACTR10;DCTN3;CD55;YKT6;ARFGAP1;SERPINA1;MGAT1;COG4;ARF4;GOLGB1;SEC24D;CTSZ"
"Reactome","A_standard_TMM","REACTOME_SIGNALING_BY_MODERATE_KINASE_ACTIVITY_BRAF_MUTANTS",2.10966964688774,6.17336116368219e-05,0.000789808371559753,"up_in_high_altitude",39,0.606765834628873,0.538434096309916,"ITGB3;MARK3;TLN1;VCL;MAP2K2;BRAP;ITGA2B;MAPK1;SRC;APBB1IP;ARRB2;VWF;ARAF;IQGAP1;CSK;RAF1;MAPK3;MAP3K11;ARRB1;ACTB;PHB1"
"Reactome","A_standard_TMM","REACTOME_REGULATION_OF_EXPRESSION_OF_SLITS_AND_ROBOS",-1.7384231880893,7.21814175482305e-05,0.000914052440585246,"down_in_high_altitude",149,-0.36169534451156,0.538434096309916,"RPS27A;RPL9;RPS27L;RPS6;RPL35;RPL27A;RPL34;RPS20;RPS19;PSMA3;RPS29;UPF3B;RPL6;RPS3A;RPL39;PSMC6;RPL7;RPL14;RPL5;RPS21;RPS8;RPS16;UPF3A;RPL17;RPL19;RPL23;RPL26;RPL31;RPL13A;RPS3;RPL15;RPSA;RPL22;RPL27;RPS4Y1;RPS15A;RPS7;USP33;RPS10;RPL3;RPL28;NCBP1;RPS17;RPS24;RPL18;RPL18A;RPL24;RPS18;PSMA2;RPS26;NCBP2;CUL2;RPS13;RPS27;RPL7A;RPL35A;PSMA4;SEM1;RPLP0;RPS5;PSMA6;RPL4;RPL36A;RPL32;LHX4"
"Reactome","A_standard_TMM","REACTOME_ASPARAGINE_N_LINKED_GLYCOSYLATION",1.63707081319449,7.33943235899129e-05,0.000920023793687695,"up_in_high_altitude",285,0.350386758901742,0.538434096309916,"ANK1;UBB;SPTA1;SPTB;GFUS;TUBB2B;PPP6R1;NAPA;TUBB1;GMPPB;ST6GALNAC4;HK1;DPM2;TUBB2A;TUBB4B;NPL;STX5;ARF1;MAN2A2;TRAPPC5;COPA;UBA52;VCP;CTSA;COG1;ACTR1A;B4GALT3;CMAS;OST4;TUBA1B;RAD23B;COPG1;TUBA4A;TUBA1A;TUBA8;DYNLL2;UBC;RNF5;DYNLL1;DYNC1H1;AMFR;MGAT4B;ST3GAL1;CALR;ARF3;DCTN1;CD59;RAB1B;CNIH3;ST3GAL2;ST6GALNAC6;ST3GAL3;MAN1A1;TMEM115;DCTN4;TBC1D20;TRAPPC9;SEC13;COPE;SEC16A;B4GALT5;SPTAN1;RNF185;DCTN2;TUBA1C;COPZ1;SEC24C;SYVN1;TRAPPC3;F5;ASGR1;CSNK1D;GLB1;GBF1;PMM2;COL7A1;ACTR10;DCTN3;CD55;NANS;YKT6;ARFGAP1;OS9;SERPINA1;MGAT1;COG4;ARF4;GOLGB1"
"Reactome","A_standard_TMM","REACTOME_NEURONAL_SYSTEM",1.66348766589648,7.52438246282983e-05,0.000933775863637181,"up_in_high_altitude",243,0.363577939914526,0.538434096309916,"TSPAN7;PTPRF;ACHE;AP2A1;TUBB2B;TUBB1;GLUL;AP2M1;TUBB2A;SHARPIN;TUBB4B;AP2S1;AP2B1;SIPA1L1;EPB41;ALDH5A1;DLG4;GNB2;NRGN;GNB1;EPB41L3;MAPK1;COMT;KCNH2;MAOA;TUBA1B;SRC;SLC6A12;TUBA4A;TUBA1A;SLC1A7;TUBA8;PRKAR2B;KCNG2;HOMER2;FLOT2;CAMKK2;KCNC3;GNG11;AP2A2;CHRNB2;SYT2;CAMKK1;GNG5;LRTOMT;APBA3;SLC22A1;KCND1;MAPK3;KCNH3;TUBA1C;ALDH2;PLCB2;PANX2;KCNK7;PLCB3;KCND3;RPS6KA1;SYN3;RTN3;GNGT2;DNAJC5;GNG8;LRFN1;KCNQ4;SLC6A4;CAMK1;KCNMA1;PPM1F;LRFN2;PRKACA;PICK1;PRKAG3;LRFN4;ADCY9;TUBA4B;TSPOAP1;ADCY4;SLC1A3"
"Reactome","A_standard_TMM","REACTOME_FORMATION_OF_FIBRIN_CLOT_CLOTTING_CASCADE",2.08980366737881,7.66121038199623e-05,0.000941342780599735,"up_in_high_altitude",26,0.669604681470038,0.538434096309916,"F13A1;PF4V1;GP1BA;PF4;PRTN3;GP9;VWF;CD177;GP1BB;PROS1;F5;F12"
"Reactome","A_standard_TMM","REACTOME_TOLL_LIKE_RECEPTOR_CASCADES",1.78433137187726,7.84954893429706e-05,0.000955028453672809,"up_in_high_altitude",158,0.403243691667511,0.538434096309916,"UBB;MAP2K3;OPTN;CTSB;MAP2K7;ITGAM;ECSIT;APP;UBA52;CTSL;MYD88;IKBKG;SKP1;MAPK1;NKIRAS2;IRAK1;NFKBIB;DNM3;MAPKAPK2;UBE2D3;UBE2V1;MAPK7;ITGB2;PLCG2;VRK3;UBC;NLRX1;BTK;IRF3;MAPKAPK3;BPI;IRF5;DNM2;UBE2D2;RIPK3;MAPK3;TAB2;UNC93B1;AGER;TICAM1;RELA;CD14;DNM1;TLR5;RPS6KA1;N4BP1;TNIP2"
"Reactome","A_standard_TMM","REACTOME_CELLULAR_RESPONSE_TO_STARVATION",-1.7502863267185,8.89837078077801e-05,0.00107212409115976,"down_in_high_altitude",151,-0.365178556336785,0.538434096309916,"RPS27A;RPL9;RPS27L;RPS6;RPL35;RPL27A;RPL34;RPS20;RPS19;ATP6V1G1;RPS29;RPL6;RPS3A;RPL39;RPL7;RPL14;RPL5;RPS21;RPS8;RPS16;ATF2;RPL17;RPL19;SESN1;RPL23;RPL26;KICS2;RPL31;RPL13A;RPS3;RPL15;RPSA;RPL22;RPL27;ATP6V1C2;RPS4Y1;RPS15A;RPS7;RPS10;RPL3;RPL28;RPS17;RPS24;LAMTOR3;RPL18;RPL18A;RPL24;SLC38A9;RPS18;RPS26;EIF2S3;RPS13;RPS27;RPL7A;RPL35A;RPLP0;CEBPG;ATP6V0E2;RPS5;SEH1L;RPL4;RPL36A;ASNS;RPL32;ATP6V1G2;ATP6V1A;RPL29"
"Reactome","A_standard_TMM","REACTOME_MEIOSIS",1.90598484745867,0.000101929274556688,0.00121629067043124,"up_in_high_altitude",82,0.47517876671903,0.538434096309916,"H3C10;H2AC6;H2BC21;H2BC8;H2BC11;H2BC12;H2AJ;H2BC9;H2BC17;H2BC4;H2AC8;H2AC18;H2AC19;H2BC12L;H4C8;LMNA;H2BC5;H3-3B;H4C3;TERF2IP;H4C12;RPA1;H4C15;SYNE2;TINF2;TOP3A;SYCP3;H3-3A"
"Reactome","A_standard_TMM","REACTOME_CELL_SURFACE_INTERACTIONS_AT_THE_VASCULAR_WALL",1.82215465022997,0.000110019868805921,0.00130033006845855,"up_in_high_altitude",110,0.431536525172718,0.538434096309916,"TSPAN7;ITGB3;GYPB;BSG;GYPA;PIK3R2;PF4V1;ESAM;GP6;GYPC;SELP;ATP1B2;ITGAM;SLC7A5;PF4;INPP5D;SRC;PTPN6;JAM3;ITGB2;PECAM1;CEACAM6;SLC7A7;CD177;CEACAM8;ITGAL;DOK2;MERTK;SLC16A3;SLC3A2;FCER1G;PROS1;SHC1;LYN;GRB2;SDC3;JAML;ITGAX;PICK1;TGFB1;ITGA5"
"Reactome","A_standard_TMM","REACTOME_ANTIMICROBIAL_PEPTIDES",2.05741781538102,0.000118399414065298,0.0013861667250475,"up_in_high_altitude",32,0.625967813894443,0.538434096309916,"ITLN1;CTSG;LCN2;PRTN3;ELANE;LTF;DEFA4;ATOX1;SLC11A1;BPI;CLU;DEFA1B;RNASE3;DEFA1;DEFA3;PGLYRP1;CAMP"
"Reactome","A_standard_TMM","REACTOME_REPRODUCTION",1.82918936515996,0.000124228454596155,0.0014274769643873,"up_in_high_altitude",100,0.440793985581529,0.518848077743792,"H3C10;H2AC6;H2BC21;H2BC8;H2BC11;H2BC12;H2AJ;H2BC9;H2BC17;H2BC4;H2AC8;H2AC18;H2AC19;H2BC12L;H4C8;LMNA;POU5F1;H2BC5;H3-3B;H4C3;TERF2IP;H4C12;CD9;RPA1;H4C15;SYNE2;TINF2;TOP3A;SYCP3;H3-3A"
"Reactome","A_standard_TMM","REACTOME_EPIGENETIC_REGULATION_BY_WDR5_CONTAINING_HISTONE_MODIFYING_COMPLEXES",1.79844570994819,0.000123556638241633,0.0014274769643873,"up_in_high_altitude",131,0.413822851124221,0.518848077743792,"H3C10;H2AC6;H2BC21;H2BC8;RXRA;H2BC11;PNPLA2;H2BC12;H2AJ;H2BC9;H2BC17;NCOA4;H2BC4;H2AC8;H2AC18;MED16;NCOR2;GPS2;H2AC19;ASH2L;H2BC12L;AKAP8L;H4C8;MED12;KAT2B;TADA3;KMT2B;CEBPA;H2BC5;MGLL;H3-3B;CREBBP;LPL;H4C3;H4C12;H4C15;CDK8;KAT8;NCOA6;H3-3A;PLIN2"
"Reactome","A_standard_TMM","REACTOME_SIGNALING_BY_GPCR",1.5408001926027,0.000140258747486064,0.00159689087734134,"up_in_high_altitude",395,0.3202821209724,0.518848077743792,"ARHGEF12;ITSN1;ACKR1;RGS6;XK;PIK3R2;ARHGEF37;GNA12;GNAS;KEL;AKT2;C3AR1;APP;ARHGEF11;ARHGEF10L;PF4;RGS10;PDE2A;ARHGEF40;GNAZ;GNB2;CCRL2;PSAP;ADGRE5;CORT;PRKCD;GNB1;MAPK1;ABR;GRK6;VAV1;SRC;ARRB2;MAPK7;PRKAR2B;RHOC;BTK;HEBP1;LPAR2;CAMKK2;PAK1;P2RY12;FZD1;MGLL;FZD5;RGS3;GNG11;F2RL3;FGD3;DGKQ;CXCL5;CAMKK1;INSL3;GNG5;FFAR3;GRK5;ADM2;RGS16;OPRD1;PCP2;AKT1;GPBAR1;CXCL16;TBXA2R;PREX1;MAPK3;PTGIR;PDE4A;ARHGEF1;DAGLA;RHOA;OPRL1;PLCB2;C5AR1;PIK3R5;ECE1;RHOB;PLCB3;ADRA2A;SHC1;CMKLR1;RPS6KA1;CCL20;LTB4R;GNA15;RGS19;CCL3;C5;GNGT2;ARRB1;CCR10;CD55;KISS1R;GNG8;GRB2;ADRB1;ARHGEF25;RGS9;GPER1;CDC42;ARHGEF2;OXTR;CX3CR1;PRKACA;CHRM4;CXCR2;FPR1;ITGA5;F2RL2;HRH2;GNAQ;ADCY9;PPBP;LTB4R2;ADCY4;RASGRP2;F2RL1;GPR84;ADGRE2;FPR2;CXCR1;ADM;GABBR1;PLPPR3;PIK3R6;PLPPR2;GPR68;AVPR2;C3;RGS14;PPP3R1;TIAM2;NMB;CCL4L2;ARHGEF35;ITPR2;NPFF;PRKAR1B;GPR27;PPP1CA;NMUR1;ARHGEF19;HBEGF;DGKZ"
"Reactome","A_standard_TMM","REACTOME_RAB_REGULATION_OF_TRAFFICKING",1.85448746499793,0.000150281985391318,0.00169545403518751,"up_in_high_altitude",118,0.433359107588268,0.518848077743792,"RAB3IL1;RAB11B;HPS1;TBC1D25;RAB6B;OPTN;AKT2;DENND1A;TBC1D17;TRAPPC5;RAB13;MAP1LC3B;RAB31;RAB5C;ULK1;TBC1D2;RAB5A;TSC2;GABARAPL2;RAB32;GABARAP;RAB6A;RAB1B;DENND4B;RIN3;RIN1;MADD;AKT1;RAB7A;DENND5A;TBC1D20;TRAPPC9;GDI1;RAB11A;DENND2B;TRAPPC12;TRAPPC3;GAPVD1;TBC1D14;SBF1;SYTL1;DENND3;RAB35"
"Reactome","A_standard_TMM","REACTOME_MUSCLE_CONTRACTION",1.79050443658281,0.000154649952924256,0.00172901433854957,"up_in_high_altitude",131,0.41199556194477,0.518848077743792,"TMOD1;TLN1;ITGB5;ATP1B2;MYL4;LMOD1;MYLK;VCL;TPM1;FKBP1B;DYSF;KCNH2;SCN1B;GUCY1A1;CALD1;KAT2B;GUCY1B1;MYBPC3;MYL9;MYL5;PAK1;CLIC2;MYL6;MYL11;STIM1;KCND1;ACTA2;VIM;SLC8A3;ALDH2;KCNK7;ANXA2;TNNI2;KCND3;PXN;PDE5A;CORIN;ATP1A3;PRKACA;MYL6B;RYR2;KCNE1;CASQ1;ATP1A1"
"Reactome","A_standard_TMM","REACTOME_CLATHRIN_MEDIATED_ENDOCYTOSIS",1.84729285154486,0.000165625328368728,0.00183518779022849,"up_in_high_altitude",126,0.426802207597839,0.518848077743792,"ITSN1;UBB;AP2A1;SH3GL1;SGIP1;AP2M1;DNAJC6;AP2S1;CTTN;UBA52;AP2B1;DAB2;IGF2R;HGS;EGF;COPS3;RAB5C;EPN1;STON2;RAB5A;DNM3;ARRB2;PACSIN2;GPS1;UBC;REPS2;HIP1;CLTCL1;VAMP3;GAK;AP2A2;SYT2;ARPC5;DNM2;TOR1A;UBQLN1;ARPC1A;DNM1;EPS15L1;GAPVD1;ARRB1;GRB2;ARFGAP1;ACTB;FCHO1;PIP5K1C;NEDD8;AGFG1;ACTG1"
"Reactome","A_standard_TMM","REACTOME_ESTROGEN_DEPENDENT_GENE_EXPRESSION",1.80561936175487,0.000169796632935051,0.00186475771214512,"up_in_high_altitude",114,0.424342805334733,0.518848077743792,"H3C10;H2AC6;H2BC21;H2BC8;H2BC11;CARM1;H2BC12;H2AJ;POLR2A;H2BC9;H2BC17;H2BC4;H2AC8;H2AC18;H2AC19;H2BC12L;H4C8;KDM4B;KAT2B;H2BC5;H3-3B;CREBBP;USF2;POLR2E;H4C3;POLR2J;HSP90AB1;GTF2A2;H4C12;AGO2;POLR2L;JUND;H4C15;TLE3;CTSD;H3-3A;KAT5;POLR2G"
"Reactome","A_standard_TMM","REACTOME_THROMBIN_SIGNALLING_THROUGH_PROTEINASE_ACTIVATED_RECEPTORS_PARS",2.02925078290944,0.000178134388745358,0.00193279362549539,"up_in_high_altitude",26,0.650202622056458,0.518848077743792,"GNA12;GNB2;GNB1;MAPK1;SRC;ARRB2;GNG11;F2RL3;GNG5;MAPK3;GNA15;GNGT2;ARRB1;GNG8;F2RL2;GNAQ"
"Reactome","A_standard_TMM","REACTOME_MATERNAL_TO_ZYGOTIC_TRANSITION_MZT",1.88758123369918,0.000179106580928259,0.00193279362549539,"up_in_high_altitude",80,0.474467415609944,0.518848077743792,"H3C10;H2AC6;H2BC21;H2BC8;H2BC11;H2BC12;H2AJ;H2BC9;EIF4G1;H2BC17;H2BC4;H2AC8;H2AC18;H2AC19;H2BC12L;H4C8;HIRA;H2BC5;H3-3B;CNOT3;CREBBP;H4C3;H4C12;AGO2;H4C15"
"Reactome","A_standard_TMM","REACTOME_DISEASES_OF_SIGNAL_TRANSDUCTION_BY_GROWTH_FACTOR_RECEPTORS_AND_SECOND_MESSENGERS",1.54324863156648,0.0001903210930571,0.00203610755589535,"up_in_high_altitude",394,0.320780948374629,0.518848077743792,"FOXO4;BCL2L1;PIM1;UBB;ITGB3;PPP2R5B;MARK3;PRR5;PIK3R2;TLN1;PSMD2;AKT1S1;HDAC5;GSK3A;AKT2;MYH9;VCL;HDAC6;POLR2A;FOXO3;CTBP2;SND1;UBA52;VCP;MAP2K2;MAML3;NCOR2;BRAP;EGF;ITGA2B;SQSTM1;SKP1;CDKN1A;MAPK1;FGFR1OP2;VAV1;SRC;PTPN6;TSC2;NEURL1;APBB1IP;ARRB2;RRBP1;LMNA;KAT2B;UBC;MYO18A;PDGFRB;MSN;VWF;ARAF;FZD5;PSMB6;HIP1;DCTN1;IQGAP1;CREBBP;PRF1;PSMD3;CSK;POLR2E;RPS6KB2;PSMC3;POLR2J;RAF1;ATG7;CUX1;AGO2;PIK3CD;IRS1;BCR;PSMD14;POLR2L;AKT1;MAPK3;PSMD13;SHOC2;CDK8;MLST8;SYVN1;PIK3R5;MAP3K11;PSMD8;TCF7L2;SHC1;POLR2G;RBX1;LYN;FKBP1A;BIN2;WDCP;AP3B1;STAT3;HDAC7;PSMB3;GAB2;ADRM1;ARRB1;CARS1;TYK2;GRB2;FAM131B;OS9;ACTB;PHB1;HGF;GOLGB1;PSMC4;MIB2;MAPKAP1;AXIN1;FLT3;BAD;HDAC3;NOTCH1;PIK3AP1;RHOG;TGFB1;HDAC10;CLIP1;STAT5A;MOV10;ACTG1;PAPSS1;MIR21;PSMD6;JAG2;LRP5;KLC1;CCNB1;TPM4;RAC2;POLR2I;JUN;CD86"
"Reactome","A_standard_TMM","REACTOME_SIGNALING_BY_ROBO_RECEPTORS",-1.60873984947538,0.000204095505421967,0.00216480788229625,"down_in_high_altitude",188,-0.325269397087007,0.518848077743792,"RPS27A;RPL9;RPS27L;RPS6;RPL35;RPL27A;NELL2;RPL34;PRKACB;RPS20;RPS19;PSMA3;RPS29;UPF3B;RPL6;RPS3A;CLASP2;RPL39;PSMC6;RPL7;RPL14;RPL5;RPS21;RPS8;RPS16;ABL2;UPF3A;RPL17;RPL19;RPL23;RPL26;SOS1;RPL31;RPL13A;RPS3;RPL15;RPSA;RPL22;RPL27;RPS4Y1;RPS15A;RPS7;PRKCA;USP33;RPS10;RPL3;RPL28;NCBP1;AKAP5;RPS17;RPS24;RPL18;RPL18A;NRP1;RPL24;RPS18;PSMA2;RPS26;NCBP2;CUL2;RPS13;RPS27;RPL7A;PRKAR2A;RPL35A;PSMA4;SEM1;RPLP0;NCK1;RPS5;PSMA6;RPL4;RPL36A;RPL32;LHX4"
"Reactome","A_standard_TMM","REACTOME_GOLGI_TO_ER_RETROGRADE_TRANSPORT",1.81157825345456,0.000222274855367129,0.0023376533517848,"up_in_high_altitude",119,0.423625972989148,0.518848077743792,"KLC3;TUBB2B;NAPA;TUBB1;RAB6B;TUBB2A;TUBB4B;ARF1;COPA;KIF3C;ACTR1A;AGPAT3;TUBA1B;COPG1;TUBA4A;TUBA1A;TUBA8;DYNLL2;NBAS;DYNLL1;DYNC1H1;GALNT2;ARF3;DCTN1;RAB6A;RAB1B;KIF4A;DCTN4;COPE;DCTN2;TUBA1C;COPZ1;KIF13B;GBF1;ACTR10;DCTN3;STX18;ARFGAP1;ARF4"
"Reactome","A_standard_TMM","REACTOME_COPI_INDEPENDENT_GOLGI_TO_ER_RETROGRADE_TRAFFIC",1.97452609275285,0.000272726280250867,0.00284414549404476,"up_in_high_altitude",45,0.548316748922438,0.49849310876659,"TUBB2B;TUBB1;RAB6B;TUBB2A;TUBB4B;ACTR1A;AGPAT3;TUBA1B;TUBA4A;TUBA1A;TUBA8;DYNLL2;DYNLL1;DYNC1H1;GALNT2;DCTN1;RAB6A;DCTN4;DCTN2;TUBA1C;ACTR10;DCTN3"
"Reactome","A_standard_TMM","REACTOME_DEUBIQUITINATION",1.62993295091154,0.000312877763483593,0.00323567753735949,"up_in_high_altitude",239,0.356328108906486,0.49849310876659,"FOXO4;UBB;RNF123;H2AC6;H2BC21;H2BC8;FKBP8;H2BC11;PSMD2;TNIP1;H2BC12;RAD23A;BABAM1;H2BC9;SIAH2;H2AC25;OTUD5;H2BC17;UBA52;VCP;BECN1;HGS;H2BC4;H2AC8;UIMC1;H2AC18;SNX3;H2AC19;USP9X;INO80B;IKBKG;USP19;RAD23B;BAP1;ARRB2;YOD1;ZRANB1;USP4;KAT2B;UBC;USP12;TADA3;H2BC18;INO80C;USP5;H2BC5;PSMB6;RNF135;PSMD3;USP7;H2AC11;PSMC3;NLRP3;PSMD14;PSMD13;TADA2B;MBD5;RHOA;OTUD7B;USP20;H2AC17;PSMD8;CDC20;SUDS3;UFD1;PSMB3;TNIP2;H2AC15;ADRM1;ARRB1;JOSD2;CDC25A;ACTB;H2BC6;NOD2;H2AC20;PSMC4;AXIN1;KEAP1;TGFB1;NEDD8;H2BC15;SMAD1;TAF10"
"Reactome","A_standard_TMM","REACTOME_STIMULI_SENSING_CHANNELS",1.85181845197524,0.000330281731006001,0.00338743494362353,"up_in_high_altitude",65,0.480171764313951,0.49849310876659,"UBB;MCOLN1;NEDD4L;ANO7;UBA52;TRPM2;WNK1;FKBP1B;SLC9B1;BEST1;ANO6;TRPV2;UBC;CLIC2;STOM;RAF1;RIPK3;CLCN7;TRPM6;TTYH3;TPCN2;TSC22D3;ANO10;CLCN4;CLCN3;TRPC4AP;ANO5;RYR2;CASQ1"
"Reactome","A_standard_TMM","REACTOME_GENE_SILENCING_BY_RNA",1.79282804990688,0.00033717777515731,0.00342981654893625,"up_in_high_altitude",104,0.427903378736037,0.49849310876659,"H3C10;H2AC6;H2BC21;H2BC8;H2BC11;H2BC12;H2AJ;POLR2A;H2BC9;H2BC17;NUP98;H2BC4;H2AC8;H2AC18;H2AC19;H2BC12L;H4C8;H2BC5;H3-3B;POLR2E;H4C3;POLR2J;ELAC2;H4C12;AGO2;POLR2L;H4C15;SEC13;H3-3A;NUP188;POLR2G;AAAS"
"Reactome","A_standard_TMM","REACTOME_LATE_ENDOSOMAL_MICROAUTOPHAGY",1.98053978354185,0.000375605635822472,0.0037896471061438,"up_in_high_altitude",30,0.613414811162582,0.49849310876659,"UBB;UBAP1;CHMP4B;HBB;HDAC6;PCNT;UBA52;VPS28;CHMP2A;TSG101;VPS37B;UBC;PLIN3;VIM;PLIN2;VPS37C"
"Reactome","A_standard_TMM","REACTOME_MITOCHONDRIAL_UNFOLDED_PROTEIN_RESPONSE_UPRMT",2.03691451802916,0.00040014349529489,0.00390857444204943,"up_in_high_altitude",17,0.72476268964754,0.49849310876659,"FOXO3;HSPA1A;HSF1;ATF5;LONP1;HSPA1B;SOD2;HTRA2;CAT;AKT1"
"Reactome","A_standard_TMM","REACTOME_HEME_BIOSYNTHESIS",2.00125066026918,0.000398874636990935,0.00390857444204943,"up_in_high_altitude",13,0.767134478026896,0.49849310876659,"ALAS2;FECH;HMBS;ALAD;PPOX;ABCG2;UROD"
"Reactome","A_standard_TMM","REACTOME_TRANSPORT_OF_CONNEXONS_TO_THE_PLASMA_MEMBRANE",1.99817175987888,0.000403140635441037,0.00390857444204943,"up_in_high_altitude",13,0.765954250736682,0.49849310876659,"TUBB2B;TUBB1;TUBB2A;TUBB4B;TUBA1B;TUBA4A;TUBA1A;TUBA8"
"Reactome","A_standard_TMM","REACTOME_G_ALPHA_12_13_SIGNALLING_EVENTS",1.895472245906,0.000400576509739937,0.00390857444204943,"up_in_high_altitude",67,0.485781957254688,0.49849310876659,"ARHGEF12;ITSN1;ARHGEF37;GNA12;ARHGEF11;ARHGEF10L;ARHGEF40;GNB2;GNB1;ABR;VAV1;RHOC;BTK;GNG11;FGD3;GNG5;TBXA2R;PREX1;ARHGEF1;RHOA;RHOB;GNGT2;GNG8"
"Reactome","A_standard_TMM","REACTOME_CARGO_RECOGNITION_FOR_CLATHRIN_MEDIATED_ENDOCYTOSIS",1.80556052733701,0.000398007817069404,0.00390857444204943,"up_in_high_altitude",87,0.444155494365088,0.49849310876659,"ITSN1;UBB;AP2A1;SH3GL1;SGIP1;AP2M1;AP2S1;UBA52;AP2B1;DAB2;IGF2R;HGS;EGF;COPS3;EPN1;STON2;ARRB2;GPS1;UBC;REPS2;CLTCL1;VAMP3;AP2A2;SYT2;TOR1A;UBQLN1"
"Reactome","A_standard_TMM","REACTOME_DEPOSITION_OF_NEW_CENPA_CONTAINING_NUCLEOSOMES_AT_THE_CENTROMERE",1.95179086322171,0.000412276880242911,0.00396616750683297,"up_in_high_altitude",54,0.52133144705669,0.49849310876659,"H2AC6;H2BC21;H2BC8;H2BC11;H2BC12;H2AJ;H2BC9;H2BC17;H2BC4;H2AC8;H2AC18;H2AC19;H2BC12L;H4C8;H2BC5;H4C3;H4C12;H4C15"
"Reactome","A_standard_TMM","REACTOME_METABOLISM_OF_CARBOHYDRATES_AND_CARBOHYDRATE_DERIVATIVES",1.61712000804523,0.000472417847732343,0.00450977345412183,"up_in_high_altitude",231,0.354274650747884,0.49849310876659,"UBB;BPGM;SLC2A1;HK1;TALDO1;HK3;CHST2;UBA52;NUP98;G6PD;RPIA;HYAL3;GYG1;B4GALT3;CHP1;PYGL;B4GALT7;PYGB;PGD;PGM1;UBC;GNS;GUSB;PCK2;PAPSS2;PFKFB4;PGK1;ST3GAL1;FBP1;CHPF2;PFKP;RHCE;PFKL;SLC37A2;HK2;GAA;IDS;PYGM;ST3GAL2;ST6GALNAC6;PGAM1;ST3GAL3;SEC13;B4GALT5;ENO1;AKR1E2;VCAN;PKM;FUT7;NUP188;TKT;TPI1;AAAS;CHST13;PC;GLB1;GALK1;SLC9A1;ALDOA;HPSE;CHST15;TKFC;AKR1A1;SDC3;ALDOC;NUP210;EXT1;SORD;PRKACA;GALE;RHD;GPI;DCXR;CHST11;PAPSS1"
"Reactome","A_standard_TMM","REACTOME_CDC42_GTPASE_CYCLE",1.74052308413298,0.000509421950784798,0.00482589802232011,"up_in_high_altitude",137,0.399566263676154,0.477270815362862,"ARHGEF12;ITSN1;PIK3R2;CDC42BPA;CDC42EP4;ARHGEF11;RALBP1;STEAP3;SRGAP2;WDR81;ARAP1;ARHGAP24;ABR;ARAP3;PLEKHG3;PAK1;LAMTOR1;VAMP3;SCRIB;IQGAP1;FMNL1;ARHGAP9;FGD3;STOM;ARHGAP27;GMIP;MYO9B;SHKBP1;BCR;CDC42BPB;ARHGAP30;RAB7A;PREX1;ARHGAP45;WAS;MAP3K11;DOCK8;ARHGDIB;GIT2;YKT6;ARHGEF25;CDC42;ARHGAP1;PAK4;ARHGAP10;DOCK6;ARHGAP21;IQGAP2;OPHN1;FMNL2;PAK6"
"Reactome","A_standard_TMM","REACTOME_IRON_UPTAKE_AND_TRANSPORT",1.93394678661616,0.000595801812618585,0.00560032537462962,"up_in_high_altitude",51,0.522710364283626,0.477270815362862,"UBB;ATP6V0C;MCOLN1;TFR2;STEAP3;UBA52;FTL;FTH1;ABCG2;LCN2;HMOX1;SKP1;ATP6V1E1;CYBRD1;ATP6V1D;UBC;TCIRG1;SLC40A1;ATP6V0E1;ATP6V0D1;ATP6V0B;ATP6AP1"
"Reactome","A_standard_TMM","REACTOME_COLLAGEN_FORMATION",1.91830508777886,0.00060019603128585,0.00560032537462962,"up_in_high_altitude",47,0.527861861821073,0.477270815362862,"ADAMTS2;CTSB;PLOD1;CTSL;LOXL3;PLEC;COL6A3;CD151;LOXL1;LAMB3;COL9A3;COL18A1;COLGALT1;COL9A2;P4HB;PLOD3;COL7A1"
"Reactome","A_standard_TMM","REACTOME_TRNA_MODIFICATION_IN_THE_NUCLEUS_AND_CYTOSOL",-1.89543901461596,0.000609320977417832,0.00564303979832485,"down_in_high_altitude",43,-0.500627147586008,0.477270815362862,"ADAT2;TRMT13;TRMT11;NSUN6;TYW5;TYW3;TRDMT1;TRMT10A;ADAT1;ALKBH8;TYW1;PUS3;CDKAL1;TPRKB;GON7;TRMT112;TP53RK;QTRT2;TRMT6;TRIT1;LCMT2"
"Reactome","A_standard_TMM","REACTOME_WNT5A_DEPENDENT_INTERNALIZATION_OF_FZD2_FZD5_AND_ROR2",1.9243116409305,0.000682527408224409,0.00613976525106201,"up_in_high_altitude",11,0.766123420752627,0.477270815362862,"AP2A1;AP2M1;AP2S1;AP2B1;FZD5;AP2A2"
"Reactome","A_standard_TMM","REACTOME_FORMATION_OF_THE_CORNIFIED_ENVELOPE",1.89192885033223,0.000679798001142657,0.00613976525106201,"up_in_high_altitude",29,0.593908546056191,0.477270815362862,"EVPL;PCSK6;KRT1;FURIN;CAPN1;ST14;KRT79;KRT23;CAPNS1;PKP4;PPL"
"Reactome","A_standard_TMM","REACTOME_DNA_DOUBLE_STRAND_BREAK_RESPONSE",1.83917233124184,0.000682745853865074,0.00613976525106201,"up_in_high_altitude",60,0.48426436643227,0.477270815362862,"UBB;H2BC21;H2BC8;H2BC11;H2BC12;BABAM1;H2BC9;H2BC17;UBA52;H2BC4;UIMC1;H2BC12L;H4C8;BAP1;KDM4B;UBC;H2BC5;H4C3;H4C12;H4C15;PIAS4;KAT5"
"Reactome","A_standard_TMM","REACTOME_PLATELET_HOMEOSTASIS",1.8375011648206,0.000670152705689245,0.00613976525106201,"up_in_high_altitude",64,0.477248249117555,0.477270815362862,"PPP2R5B;GNAS;PDE2A;GNB2;GNB1;FGR;GUCY1A1;PTPN6;GUCY1B1;P2RX1;PECAM1;GNG11;GNG5;STIM1;PTGIR;SLC8A3;IRAG1;GNGT2;PDE5A;GNG8;KCNMA1;ATP2A3;ITPR2;KCNMB1;MAPK14;ATP2A1;SLC8A1;P2RX4;PPP2R1A;PPP2CA;PLA2G4A;PPP2R5A"
"Reactome","A_standard_TMM","REACTOME_INFECTION_WITH_MYCOBACTERIUM_TUBERCULOSIS",1.93149436663955,0.000735853951345053,0.00656974642891519,"up_in_high_altitude",26,0.618879988739351,0.477270815362862,"UBB;GSK3A;CTSG;UBA52;HGS;MAPK1;LTF;RAB5A;UBC;PGK1;TRIM27;RAB7A;MAPK3;ENO1;KPNA1;CORO1A"
"Reactome","A_standard_TMM","REACTOME_PLATELET_AGGREGATION_PLUG_FORMATION",1.88499646615626,0.000744156856593679,0.00659641899309111,"up_in_high_altitude",29,0.591732353116413,0.477270815362862,"ITGB3;TLN1;GP1BA;ITGA2B;SYK;GP9;SRC;APBB1IP;VWF;CSK;AKT1;GP1BB;ADRA2A;SHC1;PTK2;GRB2"
"Reactome","A_standard_TMM","REACTOME_E3_UBIQUITIN_LIGASES_UBIQUITINATE_TARGET_PROTEINS",1.89368444169714,0.000769175234388801,0.00676983309132271,"up_in_high_altitude",53,0.509373070101084,0.477270815362862,"UBB;H2BC8;H2BC11;RNF40;H2BC12;H2BC9;H2BC17;UBA52;VCP;H2BC4;UBE2B;RRAGA;UBE2D3;UBC;PEX10;H2BC5;UBE2J2;UBE2D2"
"Reactome","A_standard_TMM","REACTOME_MITOTIC_PROPHASE",1.71688661696223,0.00084915084269373,0.00742109997030225,"up_in_high_altitude",112,0.405117389535597,0.477270815362862,"H3C10;H2AC6;H2BC21;H2BC8;H2BC11;H2BC12;H2AJ;H2BC9;H2BC17;NUP98;H2BC4;H2AC8;H2AC18;H2AC19;CTDNEP1;H2BC12L;MAPK1;H4C8;LMNA;LPIN2;H2BC5;H3-3B;RAB1B;H4C3;H4C12;H4C15;MAPK3;SEC13;H3-3A;NUP188;ENSA;NCAPH2;AAAS;EMD"
"Reactome","A_standard_TMM","REACTOME_DETOXIFICATION_OF_REACTIVE_OXYGEN_SPECIES",1.92325243635001,0.000859007627124325,0.0074547445123167,"up_in_high_altitude",30,0.595671715289574,0.477270815362862,"GPX1;PRDX6;TXNRD2;PRDX2;CCS;PRDX5;NCF2;ATOX1;PRDX1;SOD2;CAT;P4HB;NCF1;TXNRD1;CYCS;TXN;NCF4;GSTP1;CYBB;SOD1"
"Reactome","A_standard_TMM","REACTOME_THE_ROLE_OF_GTSE1_IN_G2_M_PROGRESSION_AFTER_G2_CHECKPOINT",1.83740438707272,0.000876360421756388,0.00755252280138665,"up_in_high_altitude",59,0.485190953822201,0.477270815362862,"UBB;TUBB2B;TUBB1;PSMD2;TUBB2A;TUBB4B;UBA52;CDKN1A;TUBA1B;TUBA4A;TUBA1A;TUBA8;UBC;PSMB6;PSMD3;PSMC3;HSP90AB1;PSMD14;PSMD13;TUBA1C;PSMD8;PSMB3;ADRM1;PSMC4;TUBA4B;PSMD6;CCNB1"
"Reactome","A_standard_TMM","REACTOME_SYNTHESIS_OF_ACTIVE_UBIQUITIN_ROLES_OF_E1_AND_E2_ENZYMES",1.9227503235568,0.000891119143796239,0.0076267507410423,"up_in_high_altitude",30,0.595516200400759,0.477270815362862,"UBB;CDC34;UBA52;UBE2H;USP9X;UBE2R2;UBE2B;UBA1;UBE2S;UBC;UBE2E3;USP5;USP7;UBE2D2"
"Reactome","A_standard_TMM","REACTOME_TRNA_PROCESSING",-1.70932055129357,0.00091625456397483,0.00778816379378605,"down_in_high_altitude",108,-0.374215359353312,0.477270815362862,"ADAT2;TRMT13;TRMT11;TRNT1;NUP43;NSUN6;TYW5;XPOT;TYW3;TRDMT1;C2orf49;TSEN15;MTO1;TRMT10A;ADAT1;TRMT10C;NUP107;ALKBH8;NUP133;TYW1;RANBP2;PUS3;CDKAL1;NUP42;RPP38;NUP160;NUP54;RPP14;NUP155;FAM98B;RPP30;NDC1;TPRKB;NUP35;GON7;TRMT112;SEH1L;NUP37;RPP40"
"Reactome","A_standard_TMM","REACTOME_TRANSMISSION_ACROSS_CHEMICAL_SYNAPSES",1.62387515689769,0.000940145474241587,0.00793687437778102,"up_in_high_altitude",169,0.3649140370068,0.477270815362862,"TSPAN7;ACHE;AP2A1;TUBB2B;TUBB1;GLUL;AP2M1;TUBB2A;TUBB4B;AP2S1;AP2B1;ALDH5A1;DLG4;GNB2;NRGN;GNB1;MAPK1;COMT;MAOA;TUBA1B;SRC;SLC6A12;TUBA4A;TUBA1A;SLC1A7;TUBA8;PRKAR2B;CAMKK2;GNG11;AP2A2;CHRNB2;CAMKK1;GNG5;LRTOMT;SLC22A1;MAPK3;TUBA1C;ALDH2;PLCB2;PLCB3;RPS6KA1;SYN3;GNGT2;DNAJC5;GNG8;SLC6A4;CAMK1;PPM1F;PRKACA;PICK1;PRKAG3;ADCY9;TUBA4B;TSPOAP1;ADCY4;SLC1A3"
"Reactome","A_standard_TMM","REACTOME_PROTEIN_FOLDING",1.7543287962387,0.00100709522771031,0.00844462957830061,"up_in_high_altitude",86,0.432815213400876,0.45505986738723,"RGS6;TUBB2B;TUBB1;FBXW4;TUBB2A;TUBB4B;GNB2;GNB1;TUBA1B;TUBA4A;KIFC3;TUBA1A;TUBA8;GNG11;GNG5;SKIC2;FBXW5;CCT3;GBA1;TBCB;TUBA1C;STAT3;GNA15;TBCD;GNGT2;GNG8;KIF13A;ACTB;RGS9;FBXL5;CCT7;HDAC3;GNAQ;TUBA4B"
"Reactome","A_standard_TMM","REACTOME_ECM_PROTEOGLYCANS",1.88968200366152,0.00105018610597069,0.00874685206382298,"up_in_high_altitude",37,0.547421830521687,0.45505986738723,"SPARC;ITGB3;ITGB5;TNXB;APP;ITGA2B;LAMB2;COL6A3;SERPINE1;COL9A3;COL9A2;ITGA9;VCAN;ITGAX;NCAM1;TGFB1;DAG1"
"Reactome","A_standard_TMM","REACTOME_COMMON_PATHWAY_OF_FIBRIN_CLOT_FORMATION",1.94736485447969,0.00106704660487929,0.00882803224436799,"up_in_high_altitude",14,0.734622668203532,0.45505986738723,"F13A1;PF4V1;PF4;PRTN3;CD177;PROS1;F5"
"Reactome","A_standard_TMM","REACTOME_CARBOXYTERMINAL_POST_TRANSLATIONAL_MODIFICATIONS_OF_TUBULIN",1.89852416649878,0.00108840778400428,0.00894512622482991,"up_in_high_altitude",32,0.577624541424961,0.45505986738723,"TUBB2B;TUBB1;TPGS2;TUBB2A;TUBB4B;TUBA1B;TUBA4A;TUBA1A;TUBA8;AGBL5;SVBP;TUBA1C;VASH1;TUBA4B;TTLL5;TTL"
"Reactome","A_standard_TMM","REACTOME_RESPONSE_OF_MTB_TO_PHAGOCYTOSIS",1.92377708018931,0.00111052008340387,0.00896657046610584,"up_in_high_altitude",22,0.645009795986117,0.45505986738723,"UBB;GSK3A;CTSG;UBA52;HGS;MAPK1;RAB5A;UBC;PGK1;TRIM27;RAB7A;MAPK3;ENO1;KPNA1;CORO1A"
"Reactome","A_standard_TMM","REACTOME_TRAFFICKING_OF_GLUR2_CONTAINING_AMPA_RECEPTORS",1.90189675458569,0.0011141143726121,0.00896657046610584,"up_in_high_altitude",12,0.743773290586087,0.45505986738723,"TSPAN7;AP2A1;AP2M1;AP2S1;AP2B1;AP2A2"
"Reactome","A_standard_TMM","REACTOME_COPI_DEPENDENT_GOLGI_TO_ER_RETROGRADE_TRAFFIC",1.73738281504487,0.00111991814846608,0.00896657046610584,"up_in_high_altitude",87,0.42738424518827,0.45505986738723,"KLC3;TUBB2B;NAPA;TUBB1;TUBB2A;TUBB4B;ARF1;COPA;KIF3C;TUBA1B;COPG1;TUBA4A;TUBA1A;TUBA8;NBAS;ARF3;RAB1B;KIF4A;COPE;TUBA1C;COPZ1;KIF13B;GBF1;STX18;ARFGAP1;ARF4"
"Reactome","A_standard_TMM","REACTOME_RHOA_GTPASE_CYCLE",1.68803934172285,0.00111307141061644,0.00896657046610584,"up_in_high_altitude",134,0.387183555650628,0.45505986738723,"ARHGEF12;PIK3R2;ARHGAP6;ARHGEF11;EMC3;ARHGEF10L;STX5;ARAP1;ARHGAP8;ARHGEF40;DIAPH1;STK10;DOCK2;ARHGAP24;ABR;VAV1;ARAP3;MCAM;PLEKHG3;FLOT2;TJP2;VAMP3;IQGAP1;ARHGAP9;STOM;GMIP;MYO9B;BCR;ARHGAP30;TEX2;PREX1;ARHGAP45;ARHGEF1;RHOA;ATP6AP1;AAAS;ARHGDIB;MACO1;YKT6;ARHGEF25;ARHGEF2;ARHGAP1;ARHGAP10;ARHGAP21"
"Reactome","A_standard_TMM","REACTOME_VLDLR_INTERNALISATION_AND_DEGRADATION",1.88964268348707,0.00114391856351634,0.00910001882899859,"up_in_high_altitude",15,0.698156345120208,0.45505986738723,"UBB;AP2A1;AP2M1;AP2S1;UBA52;AP2B1;NR1H2;UBC;AP2A2"
"Reactome","A_standard_TMM","REACTOME_FORMATION_OF_TUBULIN_FOLDING_INTERMEDIATES_BY_CCT_TRIC",1.9160448713017,0.00117731706095857,0.00930605396592094,"up_in_high_altitude",22,0.642417317611943,0.45505986738723,"TUBB2B;TUBB1;TUBB2A;TUBB4B;TUBA1B;TUBA4A;TUBA1A;TUBA8;CCT3;TUBA1C;CCT7;TUBA4B"
"Reactome","A_standard_TMM","REACTOME_RETROGRADE_NEUROTROPHIN_SIGNALLING",1.89818415887483,0.00123317782984935,0.00968590941039905,"up_in_high_altitude",12,0.742321408657255,0.45505986738723,"AP2A1;AP2M1;AP2S1;AP2B1;DNM3;AP2A2;DNM2;DNM1"
"Reactome","A_standard_TMM","REACTOME_UB_SPECIFIC_PROCESSING_PROTEASES",1.65416348649941,0.00124959426463047,0.00975312253085793,"up_in_high_altitude",164,0.372568762798648,0.45505986738723,"FOXO4;UBB;RNF123;H2AC6;H2BC21;H2BC8;FKBP8;H2BC11;PSMD2;H2BC12;H2BC9;SIAH2;H2AC25;H2BC17;UBA52;BECN1;HGS;H2BC4;H2AC8;H2AC18;SNX3;H2AC19;USP9X;IKBKG;USP19;ARRB2;USP4;UBC;USP12;TADA3;H2BC18;USP5;H2BC5;PSMB6;PSMD3;USP7;H2AC11;PSMC3;PSMD14;PSMD13;TADA2B;USP20;H2AC17;PSMD8;CDC20;SUDS3;UFD1;PSMB3;H2AC15;ADRM1;ARRB1;CDC25A;H2BC6;H2AC20;PSMC4;AXIN1;KEAP1"
"Reactome","A_standard_TMM","REACTOME_COMPLEMENT_CASCADE",1.86187807564822,0.00126318570690314,0.00979758413916745,"up_in_high_altitude",31,0.57106931785919,0.45505986738723,"C3AR1;C4A;C4B;C1QA;ELANE;C1R;C1QB;CD59;CLU;C5AR1;PROS1;C5;CD55;CFD;CR1;CFP;C4BPA"
"Reactome","A_standard_TMM","REACTOME_SEALING_OF_THE_NUCLEAR_ENVELOPE_NE_BY_ESCRT_III",1.88604450232358,0.00128287031630589,0.00988846001574914,"up_in_high_altitude",25,0.611802310655627,0.45505986738723,"TUBB2B;TUBB1;CHMP4B;TUBB2A;TUBB4B;CHMP2A;TUBA1B;TUBA4A;TUBA1A;TUBA8"
"Reactome","A_standard_TMM","REACTOME_EPH_EPHRIN_SIGNALING",1.70830100600893,0.00133393119283075,0.0102185716685368,"up_in_high_altitude",78,0.429694821084066,0.45505986738723,"ITSN1;AP2A1;AP2M1;MYH9;AP2S1;AP2B1;EPHB1;SRC;MYL9;ARPC1B;PAK1;CLTCL1;AP2A2;NCK2;MYL6;ARPC5;ARPC1A;RHOA;DNM1;LYN;PTK2;EPHA1;ACTB;CDC42;ACTG1;EFNB1;LIMK1;CLTB;MMP9;ARPC4;LIMK2;MYH11;CLTA;RAC1;EPHB2;CFL1;CLTC;HRAS"
"Reactome","A_standard_TMM","REACTOME_PLASMA_LIPOPROTEIN_CLEARANCE",1.85989458264914,0.00137440819853314,0.010464052603556,"up_in_high_altitude",31,0.570460947199061,0.45505986738723,"UBB;HDLBP;AP2A1;AP2M1;AP2S1;UBA52;AP2B1;NR1H2;APOBR;UBC;AP2A2"
"Reactome","A_standard_TMM","REACTOME_KERATINIZATION",1.87438928706738,0.00142096210865482,0.0107525242490282,"up_in_high_altitude",30,0.580537770625047,0.45505986738723,"EVPL;PCSK6;KRT1;FURIN;CAPN1;ST14;KRT79;KRT23;CAPNS1;PKP4;PPL"
"Reactome","A_standard_TMM","REACTOME_HSF1_ACTIVATION",1.9048287311568,0.00143098653270177,0.0107627532550478,"up_in_high_altitude",27,0.604173336812233,0.45505986738723,"UBB;HDAC6;VCP;HSPA1A;HSPA6;DEDD2;HSF1;HSPB1;HSPA1B;HSP90AB1;RPA1"
"Reactome","A_standard_TMM","REACTOME_DEGRADATION_OF_THE_EXTRACELLULAR_MATRIX",1.74526753558749,0.00147421511740418,0.0110210901246903,"up_in_high_altitude",81,0.438124382134304,0.45505986738723,"BSG;CAPN5;CTSB;FURIN;CAPN1;CTSG;CTSL;ELANE;COL6A3;MMP24;FBN2;CAPN11;LAMB3;COL9A3;CAPNS1;COL18A1;COL9A2;CTSD;HTRA1;CAPN3;COL7A1;ADAM15;MMP17;CDH1;NID1;CAST;CAPN15;MMP25;MMP8"
"Reactome","A_standard_TMM","REACTOME_HEDGEHOG_OFF_STATE",1.71280172044862,0.00157983252748229,0.0117399530934463,"up_in_high_altitude",90,0.420383542737108,0.45505986738723,"UBB;TUBB2B;GNAS;TUBB1;PSMD2;TUBB2A;TUBB4B;UBA52;IFT52;SKP1;TUBA1B;TUBA4A;TUBA1A;UBC;PRKAR2B;IFT122;FUZ;PSMB6;PSMD3;PSMC3;PSMD14;PSMD13;TUBA1C;NUMB;PSMD8;RBX1;PSMB3;ADRM1;GLI1;PSMC4;MKS1;PRKACA;ADCY9;PSMD6;ADCY4"
"Reactome","A_standard_TMM","REACTOME_RMTS_METHYLATE_HISTONE_ARGININES",1.85446294288196,0.00160965849572135,0.0118903940070845,"up_in_high_altitude",51,0.501227338380073,0.45505986738723,"H3C10;H2AC6;CARM1;H2AJ;H2AC25;H2AC8;H2AC18;H2AC19;H4C8;H2AC11;H4C3;H4C12;H4C15;PRMT5;H2AC17"
"Reactome","A_standard_TMM","REACTOME_SEMAPHORIN_INTERACTIONS",1.82502427748302,0.00184878051767455,0.013575956345764,"up_in_high_altitude",54,0.487471565433667,0.45505986738723,"ARHGEF12;TLN1;MYH9;ARHGEF11;PLXNA2;PLXNB3;RHOC;MYL9;PAK1;MYL6;HSP90AB1;PLXND1;SEMA4A;RHOA;FES;RHOB;SEMA7A;PIP5K1C;RRAS;DPYSL2;ERBB2;LIMK1;LIMK2;MYH11;RAC1;CFL1"
"Reactome","A_standard_TMM","REACTOME_NFE2L2_REGULATING_ANTI_OXIDANT_DETOXIFICATION_ENZYMES",1.85819854311808,0.00198519729011154,0.0144071920294059,"up_in_high_altitude",16,0.677695667778774,0.431707695803346,"SRXN1;HMOX1;GCLC;MAFK;PRDX1;ATF4;CREBBP"
"Reactome","A_standard_TMM","REACTOME_FCGAMMA_RECEPTOR_FCGR_DEPENDENT_PHAGOCYTOSIS",1.7560319666204,0.00197936834221825,0.0144071920294059,"up_in_high_altitude",83,0.436102777851539,0.431707695803346,"PIK3R2;MYH9;WASF2;SYK;PRKCD;FGR;MAPK1;FCGR3A;VAV1;SRC;PLCG2;BTK;ARPC1B;PAK1;HCK;MYO1C;WASF3;ARPC5;CYFIP1;HSP90AB1;MYO9B;ARPC1A;MAPK3;ELMO1;WAS;PLD2;LYN;PTK2;GRB2;ACTB;FCGR1A;CDC42;BRK1;ACTG1;ELMO2;PLD3;LIMK1;NCKAP1L;ARPC4;ITPR2;DOCK1;MYO10;RAC1;CFL1"
"Reactome","A_standard_TMM","REACTOME_NUCLEAR_RNA_DECAY",-1.88741161378664,0.00204347239509405,0.0146417836530302,"down_in_high_altitude",35,-0.520658692611782,0.431707695803346,"RBM26;YTHDC2;DIS3;RBM7;TENT4A;PAPOLG;ZFC3H1;ZCCHC8;PABPN1;NCBP1;EXOSC2;MPHOSPH6;NCBP2;C1D;TENT4B;EXOSC9;EXOSC8;EXOSC6;MTREX;ZCCHC7"
"Reactome","A_standard_TMM","REACTOME_SIGNALING_BY_NOTCH3",1.85280212326204,0.00203189575271735,0.0146417836530302,"up_in_high_altitude",43,0.51958172615671,0.431707695803346,"UBB;PBX1;YBX1;UBA52;WWP2;MAML3;EGF;NEURL1;TACC3;KAT2B;UBC;CREBBP;PTCRA;PLXND1"
"Reactome","A_standard_TMM","REACTOME_INTEGRIN_CELL_SURFACE_INTERACTIONS",1.78820092113493,0.00205574104227194,0.0146417836530302,"up_in_high_altitude",57,0.474489997987163,0.431707695803346,"THBS1;ITGB3;ICAM4;BSG;ITGB5;ITGAM;ITGA2B;COL6A3;JAM3;ITGB2;MADCAM1;PECAM1;VWF;COL9A3;ITGAL;ITGA10;COL18A1;COL9A2;ITGA9;COL7A1;ITGAX;CDH1;ITGA5;F11R;ITGB7;ICAM2;ICAM3"
"Reactome","A_standard_TMM","REACTOME_METABOLISM_OF_AMINO_ACIDS_AND_DERIVATIVES",-1.40835410524841,0.00206471566420652,0.0146417836530302,"down_in_high_altitude",293,-0.27306205722162,0.431707695803346,"RPS27A;DBT;ACADSB;DARS1;RPL9;RPS27L;RPS6;RPL35;AGMAT;RPL27A;PPM1K;RPL34;RPS20;SEPSECS;RPS19;PSMA3;RPS29;RPL6;RPS3A;RPL39;PSMC6;RPL7;AIMP1;RPL14;RPL5;RPS21;RPS8;RPS16;CARNMT1;TSTD1;RPL17;RPL19;RPL23;RPL26;APIP;NAALAD2;SERINC5;RPL31;GLS;HYKK;RPL13A;RPS3;RPL15;RPSA;BCKDHB;RPL22;RPL27;MTRR;RPS4Y1;RPS15A;RPS7;CSAD;RPS10;RPL3;RPL28;KYAT3;TPH1;MTAP;HIBADH;SLC5A5;RPS17;SLC44A1;DLD;EEF1E1;ACAD8;MTR;KMO;RPS24;MCCC2;ASMT;RPL18;RPL18A;RPL24;PSAT1;RPS18;BCAT1;PSMA2;MRI1;RPS26;HIBCH;SLC25A12;RIMKLB;SLC36A4;RPS13;CKMT2;RPS27;PCBD1;HNMT;RPL7A"
"Reactome","A_standard_TMM","REACTOME_BUDDING_AND_MATURATION_OF_HIV_VIRION",1.85577366435402,0.00208572814408028,0.0147067535613843,"up_in_high_altitude",26,0.59461793124273,0.431707695803346,"UBB;NEDD4L;UBAP1;CHMP4B;UBA52;VPS28;CHMP2A;TSG101;VPS37B;UBC"
"Reactome","A_standard_TMM","REACTOME_IRE1ALPHA_ACTIVATES_CHAPERONES",1.80658589756747,0.00213441886235868,0.0149650497637691,"up_in_high_altitude",49,0.493415514122307,0.431707695803346,"PPP2R5B;ADD1;TLN1;HDGF;GSK3A;ACADVL;HSPA5;LMNA;EXTL3;HYOU1;WIPI1;CTDSP2;DCTN1;ATP6V0D1;TPP1;SYVN1;YIF1A;SHC1"
"Reactome","A_standard_TMM","REACTOME_PARASITE_INFECTION",1.77971597116935,0.00217578224183062,0.0150846131961553,"up_in_high_altitude",57,0.47223855977096,0.431707695803346,"MYH9;WASF2;SYK;FGR;MAPK1;FCGR3A;VAV1;SRC;BTK;ARPC1B;HCK;MYO1C;WASF3;ARPC5;CYFIP1;MYO9B;ARPC1A;MAPK3;ELMO1;WAS;LYN;PTK2;GRB2;ACTB;CDC42;BRK1;ACTG1;ELMO2"
"Reactome","A_standard_TMM","REACTOME_PEPTIDE_LIGAND_BINDING_RECEPTORS",1.72743009138525,0.00217201179918312,0.0150846131961553,"up_in_high_altitude",85,0.428611884902869,0.431707695803346,"ACKR1;XK;KEL;C3AR1;APP;PF4;CCRL2;PSAP;CORT;HEBP1;F2RL3;CXCL5;INSL3;OPRD1;CXCL16;OPRL1;C5AR1;ECE1;CCL20;CCL3;C5;CCR10;KISS1R;GPER1;OXTR;CX3CR1;CXCR2;FPR1;F2RL2;PPBP;F2RL1;FPR2;CXCR1;AVPR2;C3;NMB;NPFF;NMUR1"
"Reactome","A_standard_TMM","REACTOME_THE_NLRP3_INFLAMMASOME",1.84769854863074,0.00232453959476054,0.0160264090949879,"up_in_high_altitude",16,0.673866259558582,0.431707695803346,"APP;HMOX1;MEFV;PSTPIP1;HSP90AB1;NLRP3;RELA;NFKB2;TXN;CASP1"
"Reactome","A_standard_TMM","REACTOME_SARS_COV_1_HOST_INTERACTIONS",-1.6451397115222,0.00234499816197081,0.0160781365690927,"down_in_high_altitude",95,-0.366458112889629,0.431707695803346,"RCAN3;RPS27A;SIKE1;PPIG;RPS27L;RPS6;RPS20;RPS19;RPS29;RPS3A;PSMC6;RPS21;RPS8;RPS16;SMAD3;RPS3;RPSA;RPS4Y1;RPS15A;RPS7;PALS1;RPS10;PPIH;RPS17;PDPK1;RPS24;TBK1;TRAF6;RPS18;EEF1A1;SMAD4;RPS26;MAVS;TRAF3;RPS13;TOMM70;RPS27;HNRNPA1;RUNX1;NPM1;RPS5"
"Reactome","A_standard_TMM","REACTOME_SEMA4D_IN_SEMAPHORIN_SIGNALING",1.85061796227494,0.00245354462161447,0.0166679490537547,"up_in_high_altitude",21,0.628067971403434,0.431707695803346,"ARHGEF12;MYH9;ARHGEF11;RHOC;MYL9;MYL6;RHOA;RHOB;RRAS;ERBB2;LIMK1;LIMK2;MYH11;RAC1"
"Reactome","A_standard_TMM","REACTOME_ANTI_INFLAMMATORY_RESPONSE_FAVOURING_LEISHMANIA_PARASITE_INFECTION",1.74512007449277,0.00245788450994126,0.0166679490537547,"up_in_high_altitude",63,0.456938207625549,0.431707695803346,"GNAS;FURIN;MYH9;CD163;GNAZ;GNB2;SYK;GNB1;FGR;FCGR3A;SRC;PLCG2;PRKAR2B;HCK;GNG11;GNG5;RHBDF2;LYN;GNGT2;GNG8;GGT5;FCGR1A;PRKACA;ADCY9;ADCY4"
"Reactome","A_standard_TMM","REACTOME_GPVI_MEDIATED_ACTIVATION_CASCADE",1.81871845469864,0.00257078175714942,0.0173388052207741,"up_in_high_altitude",32,0.553343713982738,0.431707695803346,"PIK3R2;GP6;MPIG6B;SYK;CLEC1B;VAV1;PTPN6;PLCG2;RHOA;PIK3R5;FCER1G;RHOB;LYN;CDC42;RHOG;LCP2;RAC2;PIK3R6"
"Reactome","A_standard_TMM","REACTOME_PURINERGIC_SIGNALING_IN_LEISHMANIASIS_INFECTION",1.81403425486614,0.00261125617668434,0.0175165887311636,"up_in_high_altitude",25,0.588443351876518,0.431707695803346,"C3AR1;ENTPD5;APP;CTSG;HMOX1;MEFV;PSTPIP1;HSP90AB1;NLRP3;RELA;NFKB2;TXN;CASP1;C3;GSDMD;P2RX4;IL1B;PYCARD"
"Reactome","A_standard_TMM","REACTOME_CYTOPROTECTION_BY_HMOX1",1.79663927710682,0.00267432765880825,0.0178249962837697,"up_in_high_altitude",53,0.483269358026684,0.431707695803346,"RXRA;CARM1;HBB;BLVRB;HBA1;HMOX1;NCOR2;HBA2;COX6B1;MAFK;CREBBP;COX8A;NLRP3;NCOA6;STAT3;HELZ2;HDAC3;CYCS;TBL1X;SMARCD3;PTK6;HM13;COX5B;NCOA1;HMOX2;COX6A1;STAP2"
"Reactome","A_standard_TMM","REACTOME_SIGNALING_BY_BRAF_AND_RAF1_FUSIONS",1.7627234685741,0.00268595834412967,0.0178249962837697,"up_in_high_altitude",57,0.467729685836873,0.431707695803346,"ITGB3;MARK3;TLN1;VCL;SND1;MAP2K2;ITGA2B;MAPK1;SRC;APBB1IP;ARRB2;LMNA;VWF;ARAF;IQGAP1;CSK;RAF1;ATG7;MAPK3;AP3B1;ARRB1;FAM131B;ACTB"
"Reactome","A_standard_TMM","REACTOME_GP1B_IX_V_ACTIVATION_SIGNALLING",1.84623929380719,0.00274692791458373,0.0180458038918923,"up_in_high_altitude",10,0.751922217557947,0.431707695803346,"GP1BA;FLNA;GP9;SRC;VWF;RAF1;GP1BB"
"Reactome","A_standard_TMM","REACTOME_FATTY_ACID_METABOLISM",1.62824230512681,0.0027483134049699,0.0180458038918923,"up_in_high_altitude",146,0.37148400837958,0.431707695803346,"PTGS1;GPX1;RXRA;CRAT;ACOT7;PCTP;THEM5;ACADVL;ACOXL;ALOX5;ACAA1;ALOX12;HACD1;MAPKAPK2;CPT2;CYP4F22;ACLY;SLC27A3;ACADS;ALOX15B;ELOVL7;PTGDS;ACSL6;FASN;FADS2;MID1IP1;HADHB;PPT2;ACOX1;ACOT9;ACSF3;HADHA;CPT1A;PCCB;ACSM3;ELOVL6;PTGES;ELOVL1;SLC25A20;GGT5;ABCD1;ALOX5AP;SCD"
"Reactome","A_standard_TMM","REACTOME_P130CAS_LINKAGE_TO_MAPK_SIGNALING_FOR_INTEGRINS",1.84310770560851,0.00285458287083433,0.01864493338266,"up_in_high_altitude",12,0.72078270274121,0.431707695803346,"ITGB3;TLN1;ITGA2B;SRC;APBB1IP;VWF"
"Reactome","A_standard_TMM","REACTOME_MAPK1_MAPK3_SIGNALING",1.50092009612888,0.00293729107889524,0.0190847027691571,"up_in_high_altitude",215,0.331151594654586,0.431707695803346,"BCL2L1;UBB;ITGB3;PPP2R5B;SPTA1;MARK3;SPTB;PIK3R2;TLN1;PSMD2;VCL;UBA52;MAP2K2;BRAP;EGF;ITGA2B;DLG4;MAPK1;SRC;APBB1IP;ARRB2;RALGDS;UBC;PDGFRB;VWF;ARAF;PSMB6;IQGAP1;PSMD3;CSK;PSMC3;JAK1;RAF1;WDR83;IRS1;PSMD14;MAPK3;PSMD13;SHOC2;GFRA2;RASGRP3;SPTAN1;MAP3K11;PSMD8;SHC1;RBX1;PSMB3;PTK2;RGL2;ADRM1;ARRB1;TYK2;GRB2;RASGRP4;ACTB;PHB1;HGF;PSMC4;FLT3;NCAM1"
"Reactome","A_standard_TMM","REACTOME_SIGNALING_BY_HEDGEHOG",1.65438568134007,0.00302274575596769,0.0195171086362983,"up_in_high_altitude",118,0.386599055536425,0.431707695803346,"UBB;TUBB2B;GNAS;TUBB1;PSMD2;TUBB2A;TUBB4B;UBA52;VCP;IFT52;SKP1;TUBA1B;TUBA4A;ARRB2;TUBA1A;UBC;PRKAR2B;IFT122;FUZ;IQCE;PSMB6;PSMD3;PSMC3;PSMD14;PSMD13;TUBA1C;P4HB;SYVN1;NUMB;PSMD8;RBX1;PSMB3;ADRM1;ARRB1;OS9;GLI1;PSMC4;MKS1;PRKACA;ADCY9;PSMD6;ADCY4"
"Reactome","A_standard_TMM","REACTOME_M_PHASE",1.42405068880817,0.00303529570250248,0.0195171086362983,"up_in_high_altitude",362,0.298596511358348,0.431707695803346,"H3C10;UBB;PPP2R5B;H2AC6;H2BC21;H2BC8;H2BC11;TUBB2B;TUBB1;PSMD2;CHMP4B;H2BC12;TUBB2A;H2AJ;TUBB4B;H2BC9;PCNT;H2BC17;UBA52;NUP98;H2BC4;H2AC8;H2AC18;H2AC19;CTDNEP1;ACTR1A;CHMP2A;H2BC12L;MAPK1;H4C8;CETN2;TUBA1B;TUBA4A;ANAPC2;LMNA;TUBA1A;TUBA8;DYNLL2;UBE2S;UBC;DYNLL1;DYNC1H1;PRKAR2B;B9D2;LPIN2;MZT2A;H2BC5;PSMB6;SIRT2;H3-3B;SSNA1;DCTN1;TUBGCP2;TUBG1;PSMD3;RAB1B;PSMC3;H4C3;NDE1;H4C12;PSMD14;MZT2B;H4C15;MAPK3;PSMD13;SEC13;CEP131;DCTN2;TUBA1C;NDEL1;H3-3A;NUP188;PSMD8;ENSA;NCAPH2;CDC20;AAAS;CDK5RAP2;SPC24;CSNK1D;EMD;CDC16;DCTN3;PSMB3;ADRM1;H2BC6;H2AC20;PSMC4;NUP210;PRKACA;PAFAH1B1;NCAPD3;H2BC15;UBE2C;ESPL1;CLIP1;PTTG1;SKA1;TUBA4B;CHMP3;PSMD6;CEP164;SMC1A;IST1;VPS4A;NCAPD2;CCNB1;ANAPC11;H4C14"
"Reactome","A_standard_TMM","REACTOME_WNT5A_DEPENDENT_INTERNALIZATION_OF_FZD4",1.84870761393592,0.00306532338628959,0.0196085892906463,"up_in_high_altitude",13,0.708660528436914,0.431707695803346,"AP2A1;AP2M1;AP2S1;AP2B1;ARRB2;AP2A2"
"Reactome","A_standard_TMM","REACTOME_RHOU_GTPASE_CYCLE",1.81591796032074,0.00324928365085028,0.0206787744138728,"up_in_high_altitude",39,0.522279390252897,0.431707695803346,"PIK3R2;PTK2B;SRGAP2;WWP2;HGS;USP9X;SRC;PAK1;IQGAP1;NCK2;ARHGAP30;SPTAN1;GIT2;TXNL1;GRB2;CDC42;PAK4"
"Reactome","A_standard_TMM","REACTOME_CHROMOSOME_MAINTENANCE",1.64755018458421,0.00340398323274256,0.0215527713869057,"up_in_high_altitude",118,0.385001727525343,0.431707695803346,"H2AC6;H2BC21;H2BC8;H2BC11;H2BC12;H2AJ;POLR2A;H2BC9;H2BC17;H2BC4;H2AC8;H2AC18;H2AC19;H2BC12L;H4C8;POLD4;NOP10;H2BC5;H3-3B;POLR2E;H4C3;POLR2J;TERF2IP;H4C12;POLR2L;RPA1;H4C15;TINF2;H3-3A;RFC2;RTEL1;POLR2G;CHTF18"
"Reactome","A_standard_TMM","REACTOME_INTERLEUKIN_1_SIGNALING",1.61652404295759,0.00351245614304239,0.0221266907285056,"up_in_high_altitude",99,0.389648713657763,0.431707695803346,"UBB;PSMD2;TOLLIP;APP;UBA52;SQSTM1;MYD88;IKBKG;SKP1;NKIRAS2;IRAK1;NFKBIB;UBE2V1;UBC;NLRX1;PSMB6;PSMD3;PSMC3;PSMD14;PSMD13;TAB2;AGER;RELA;PSMD8;RBX1;PSMB3;N4BP1;TNIP2;ADRM1;NOD2;PSMC4;IL1R1"
"Reactome","A_standard_TMM","REACTOME_POST_CHAPERONIN_TUBULIN_FOLDING_PATHWAY",1.85868358198179,0.00354164640247898,0.0221978948761435,"up_in_high_altitude",19,0.644769686378323,0.431707695803346,"TUBB2B;TUBB1;TUBB2A;TUBB4B;TUBA1B;TUBA4A;TUBA1A;TUBA8;TBCB;TUBA1C;TBCD"
"Reactome","A_standard_TMM","REACTOME_INTRA_GOLGI_AND_RETROGRADE_GOLGI_TO_ER_TRAFFIC",1.50439719660116,0.00364662756599179,0.0227410291929438,"up_in_high_altitude",185,0.334992758981485,0.431707695803346,"KLC3;TUBB2B;NAPA;TUBB1;RAB6B;TUBB2A;TUBB4B;STX5;ARF1;MAN2A2;COPA;KIF3C;IGF2R;COG1;ACTR1A;AGPAT3;TUBA1B;COPG1;TUBA4A;TUBA1A;TUBA8;DYNLL2;NBAS;DYNLL1;DYNC1H1;GALNT2;VAMP3;ARF3;DCTN1;RAB6A;RAB1B;CUX1;PLIN3;KIF4A;MAN1A1;DCTN4;CYTH4;COPE;CYTH2;DCTN2;TUBA1C;COPZ1;KIF13B;GBF1;ACTR10;DCTN3;YKT6;STX18;ARFGAP1;COG4;ARF4"
"Reactome","A_standard_TMM","REACTOME_APOPTOSIS",1.50858840545041,0.00383032042594503,0.0237671382429889,"up_in_high_altitude",157,0.341402369067768,0.431707695803346,"BCL2L1;UBB;ADD1;PSMD2;UNC5A;AKT2;GSN;UBA52;H1-0;YWHAH;PRKCD;TFDP1;E2F1;MAPK1;PLEC;H1-2;LMNA;DAPK3;DYNLL2;DAPK1;UBC;DYNLL1;PSMB6;TJP2;PSMD3;DAPK2;PSMC3;SFN;PSMD14;AKT1;MAPK3;PSMD13;VIM;SPTAN1;TICAM1;BBC3;KPNA1;PSMD8;CD14;BID;STAT3;PSMB3;PTK2;ADRM1;STK24;PSMC4;CDH1;BAD;ARHGAP10;UNC5B;UACA;PSMD6;BMX;CYCS;BAX;BCL2L11;PPP3R1;CFLAR;PSMB7;FADD;GSDMD;TRADD;SEPTIN4;BCAP31;LMNB1;DBNL;TFDP2"
"Reactome","A_standard_TMM","REACTOME_SIGNALING_BY_CSF1_M_CSF_IN_MYELOID_CELLS",1.77712013160996,0.00385920317922368,0.0238272196289383,"up_in_high_altitude",30,0.550411468127779,0.431707695803346,"UBB;CSF1R;UBA52;INPP5D;SRC;PLCG2;UBC;GRAP2;HCK;INPPL1;PIK3CD;THOC5;SHC1;LYN;STAT3;GAB2;GRB2"
"Reactome","A_standard_TMM","REACTOME_PLASMA_LIPOPROTEIN_ASSEMBLY_REMODELING_AND_CLEARANCE",1.77292394993709,0.0040362933364395,0.0247972278738684,"up_in_high_altitude",51,0.479188843318838,0.407017918923954,"UBB;PCSK6;HDLBP;AP2A1;FURIN;AP2M1;AP2S1;UBA52;AP2B1;NR1H2;APOBR;UBC;AP2A2;LPL"
"Reactome","A_standard_TMM","REACTOME_TRANSLOCATION_OF_SLC2A4_GLUT4_TO_THE_PLASMA_MEMBRANE",1.65381568752534,0.00418528570668456,0.0255859091723918,"up_in_high_altitude",65,0.428830156477861,0.407017918923954,"TUBB2B;TUBB1;AKT2;MYH9;TUBB2A;TUBB4B;SLC2A4;EXOC3;RAB13;TBC1D1;YWHAH;EXOC7;TUBA1B;TUBA4A;TUBA1A;TUBA8;MYO1C;STX4;SFN;AKT1;TUBA1C;RAB11A;RALGAPA2"
"Reactome","A_standard_TMM","REACTOME_PLATELET_ADHESION_TO_EXPOSED_COLLAGEN",1.83468025136087,0.0044483756384906,0.026928947157887,"up_in_high_altitude",14,0.692113600825544,0.407017918923954,"GP6;GP1BA;GP9;VWF;ITGA10;GP1BB;FCER1G;LYN"
"Reactome","A_standard_TMM","REACTOME_CLASS_I_MHC_MEDIATED_ANTIGEN_PROCESSING_PRESENTATION",1.39032519318779,0.00443576476538085,0.026928947157887,"up_in_high_altitude",344,0.292561786856002,0.407017918923954,"MRC2;MKRN1;UBB;FBXO9;RNF182;FBXO7;RNF123;CDC34;UBE2O;NEDD4L;FZR1;PSMD2;FBXW4;ITGB5;SIAH2;HECTD3;UBA52;TRIP12;BECN1;UBE2H;UBAC1;CTSL;MYD88;UBE2F;UBE2M;IKBKG;SKP1;UBE2R2;HUWE1;TRIM41;RNF14;HSPA5;UBE2B;NCF2;TRAF7;ANAPC2;UBE2D3;UBE2V1;UBA1;UBE2S;UBC;UBR4;BTK;ELOB;UBE2E3;PSMB6;CALR;STX4;VAMP3;UBE2J2;PSMD3;TRIM11;ZNRF1;ANAPC13;PSME1;PSMC3;UBE2D2;ATG7;PSMD14;FBXW5;MGRN1;PSMD13;SEC13;RNF34;SEC24C;TRIM9;PSMD8;CD14;RNF19B;RBCK1;CDC20;RBX1;RNF126;CDC16;UBE2L6;PSMB3;ADRM1;HERC1;PSME2;UBA7;RNF144B;UBR2;FCGR1A;PSMC4;MIB2;NCF1;UBE3B;FBXL5;KEAP1;SEC24D"
"Reactome","A_standard_TMM","REACTOME_ATTENUATION_PHASE",1.83170138497411,0.00469601679361532,0.0281534146902252,"up_in_high_altitude",24,0.600093345383279,0.407017918923954,"UBB;HSPA1A;HSPA6;DEDD2;HSF1;HSPB1;HSPA1B;CREBBP;HSP90AB1"
"Reactome","A_standard_TMM","REACTOME_DEADENYLATION_DEPENDENT_MRNA_DECAY",-1.6851338318727,0.00468745652564592,0.0281534146902252,"down_in_high_altitude",56,-0.416692856566675,0.407017918923954,"DCP2;EIF4A2;DIS3;XRN1;CNOT7;CNOT6L;SKIC3;LSM3;DCP1A;TUT4;CNOT9;LSM5;PAN3;DDX6;SKIC8;EXOSC2;CNOT8;CNOT4;EIF4B;EIF4E;LSM2;EXOSC9;EXOSC8;EDC3;EXOSC6;CNOT2;CNOT11;HBS1L;LSM6"
"Reactome","A_standard_TMM","REACTOME_REGULATION_OF_ENDOGENOUS_RETROELEMENTS_BY_KRAB_ZFP_PROTEINS",1.60416185446007,0.00479313833427392,0.0285975224655478,"up_in_high_altitude",78,0.403500342514287,0.407017918923954,"H3C10;H2AC6;H2BC21;H2BC8;H2BC11;H2BC12;H2AJ;H2BC9;H2BC17;H2BC4;H2AC8;H2AC18;H2AC19;H2BC12L;H4C8;H2BC5;H3-3B;CHD4;H4C3;H4C12;H4C15"
"Reactome","A_standard_TMM","REACTOME_ONCOGENIC_MAPK_SIGNALING",1.68391740571375,0.00484489045148987,0.0287679858865977,"up_in_high_altitude",73,0.427526167874753,0.407017918923954,"ITGB3;MARK3;TLN1;VCL;SND1;MAP2K2;BRAP;ITGA2B;MAPK1;SRC;APBB1IP;ARRB2;LMNA;VWF;ARAF;IQGAP1;CSK;RAF1;ATG7;MAPK3;SHOC2;MAP3K11;AP3B1;ARRB1;FAM131B;ACTB;PHB1"
"Reactome","A_standard_TMM","REACTOME_SEMA4D_INDUCED_CELL_MIGRATION_AND_GROWTH_CONE_COLLAPSE",1.83775494781021,0.00494027091030251,0.0291946485699306,"up_in_high_altitude",18,0.643893046694821,0.407017918923954,"ARHGEF12;MYH9;ARHGEF11;RHOC;MYL9;MYL6;RHOA;RHOB;ERBB2;LIMK1;LIMK2;MYH11"
"Reactome","A_standard_TMM","REACTOME_INFLAMMASOMES",1.78066598475229,0.00513259651442337,0.0301874515374379,"up_in_high_altitude",21,0.604327470925258,0.407017918923954,"BCL2L1;APP;HMOX1;NLRC4;MEFV;PSTPIP1;HSP90AB1;NLRP3;RELA"
"Reactome","A_standard_TMM","REACTOME_KINESINS",1.73225230928095,0.0053303500326793,0.0312026622195991,"up_in_high_altitude",48,0.473372392511542,0.407017918923954,"KLC3;TUBB2B;TUBB1;TUBB2A;TUBB4B;KIF3C;TUBA1B;TUBA4A;TUBA1A;TUBA8;KIF4A;TUBA1C;KIF13B"
"Reactome","A_standard_TMM","REACTOME_HIGH_LAMINAR_FLOW_SHEAR_STRESS_ACTIVATES_SIGNALING_BY_PIEZO1_AND_PECAM1_CDH5_KDR_IN_ENDOTHELIAL_CELLS",1.70929218200558,0.005458761158618,0.0318043314452814,"up_in_high_altitude",57,0.453551966344224,0.407017918923954,"PRR5;PIK3R2;TLN1;GNAS;VCL;GNB2;GNB1;PRKAR2B;PECAM1;GNG11;CAPNS1;GNG5;PIK3CD;AKT1;MLST8;PIEZO1;GNGT2;GNG8;MAPKAP1;PRKACA;GNAQ;ADCY9;ADCY4;ADM;MTOR"
"Reactome","A_standard_TMM","REACTOME_NONHOMOLOGOUS_END_JOINING_NHEJ",1.73648838864785,0.00562362307280445,0.0326117580997679,"up_in_high_altitude",53,0.467089659842018,0.407017918923954,"POLL;H2BC21;H2BC8;H2BC11;H2BC12;BABAM1;H2BC9;H2BC17;H2BC4;UIMC1;H2BC12L;H4C8;H2BC5;H4C3;H4C12;H4C15;PRKDC;PIAS4;KAT5"
"Reactome","A_standard_TMM","REACTOME_TRANS_GOLGI_NETWORK_VESICLE_BUDDING",1.67532871804342,0.00569090437351533,0.0328484294303838,"up_in_high_altitude",68,0.429288035611615,0.407017918923954,"NAPA;APP;DNAJC6;ARF1;DNASE2;FTL;IGF2R;FTH1;HGS;YIPF6;CHMP2A;RAB5C;AP1B1;GNS;AP1M2;SORT1;STX4;GAK;DNM2;AP1M1;BLOC1S1;AP3B1;GBF1;ARRB1;GOLGB1;CTSZ"
"Reactome","A_standard_TMM","REACTOME_ASSEMBLY_OF_COLLAGEN_FIBRILS_AND_OTHER_MULTIMERIC_STRUCTURES",1.74726490910315,0.00574461802313168,0.0330049581791963,"up_in_high_altitude",31,0.535915532177607,0.407017918923954,"CTSB;CTSL;LOXL3;PLEC;COL6A3;CD151;LOXL1;LAMB3;COL9A3;COL18A1;COL9A2"
"Reactome","A_standard_TMM","REACTOME_METALLOPROTEASE_DUBS",1.74380998647385,0.00580498178519611,0.0331980755549694,"up_in_high_altitude",30,0.540094615844244,0.407017918923954,"UBB;H2AC6;BABAM1;H2AC25;UBA52;H2AC8;UIMC1;H2AC18;H2AC19;KAT2B;UBC;H2AC11;NLRP3;PSMD14;H2AC17;H2AC15;H2AC20"
"Reactome","A_standard_TMM","REACTOME_SIGNALING_BY_NTRKS",1.53587638834117,0.00619375502690279,0.0352589449008549,"up_in_high_altitude",113,0.362253337944844,0.407017918923954,"PCSK6;LYL1;PIK3R2;AP2A1;FURIN;AP2M1;AP2S1;AP2B1;MAP2K2;MAPK1;SRC;DNM3;MAPKAPK2;RALGDS;MAPK7;VRK3;TRIB1;MAPKAPK3;CHD4;AP2A2;DNM2;IRS1;JUND;MAPK3;RHOA;SHC1;DNM1;RPS6KA1;STAT3;FOSL1;RALB;GRB2"
"Reactome","A_standard_TMM","REACTOME_COOPERATION_OF_PREFOLDIN_AND_TRIC_CCT_IN_ACTIN_AND_TUBULIN_FOLDING",1.6874073722155,0.00630315334491645,0.0357178689545265,"up_in_high_altitude",29,0.529705786166864,0.407017918923954,"TUBB2B;TUBB1;TUBB2A;TUBB4B;TUBA1B;TUBA4A;TUBA1A;TUBA8;CCT3;TUBA1C;ACTB;CCT7;TUBA4B"
"Reactome","A_standard_TMM","REACTOME_ASSEMBLY_OF_THE_HIV_VIRION",1.72772716513465,0.00637489690325226,0.0359602138951639,"up_in_high_altitude",15,0.638334270026854,0.407017918923954,"UBB;UBAP1;FURIN;UBA52;VPS28;TSG101;VPS37B;UBC"
"Reactome","A_standard_TMM","REACTOME_DEFECTIVE_INTRINSIC_PATHWAY_FOR_APOPTOSIS",1.80059086870414,0.00642785601900652,0.0359967007466757,"up_in_high_altitude",24,0.589901065168723,0.407017918923954,"CAPN1;APP;FOXO3;PRDX2;LMNA;PRDX1;SOD2;CAPNS1;CDC25A;CAST;JUN;GOLGA2;BCL2L11;CDC25C;CAPN2;LMNB1"
"Reactome","A_standard_TMM","REACTOME_MITOCHONDRIAL_IRON_SULFUR_CLUSTER_BIOGENESIS",1.78585158342176,0.00643937757112168,0.0359967007466757,"up_in_high_altitude",13,0.684566081341099,0.407017918923954,"GLRX5;SLC25A37;ISCA1;ISCU"
"Reactome","A_standard_TMM","REACTOME_GPCR_LIGAND_BINDING",1.46346870977948,0.00668683520947488,0.0372123878697683,"up_in_high_altitude",203,0.32420483666681,0.407017918923954,"ACKR1;XK;GNAS;KEL;C3AR1;APP;PF4;GNB2;CCRL2;PSAP;ADGRE5;CORT;GNB1;HEBP1;LPAR2;P2RY12;FZD1;FZD5;GNG11;F2RL3;CXCL5;INSL3;GNG5;FFAR3;ADM2;OPRD1;GPBAR1;CXCL16;TBXA2R;PTGIR;OPRL1;C5AR1;ECE1;ADRA2A;CMKLR1;CCL20;LTB4R;CCL3;C5;GNGT2;CCR10;CD55;KISS1R;GNG8;ADRB1;GPER1;OXTR;CX3CR1;CHRM4;CXCR2;FPR1;F2RL2;HRH2;PPBP;LTB4R2;F2RL1;ADGRE2;FPR2;CXCR1;ADM;GABBR1;PLPPR3;PLPPR2;GPR68;AVPR2;C3;NMB;NPFF"
"Reactome","A_standard_TMM","REACTOME_NEUROTRANSMITTER_RECEPTORS_AND_POSTSYNAPTIC_SIGNAL_TRANSMISSION",1.56842754574677,0.00686025077633309,0.0380070143456668,"up_in_high_altitude",128,0.361430121135137,0.407017918923954,"TSPAN7;AP2A1;TUBB2B;TUBB1;AP2M1;TUBB2A;TUBB4B;AP2S1;AP2B1;DLG4;GNB2;NRGN;GNB1;MAPK1;TUBA1B;SRC;TUBA4A;TUBA1A;TUBA8;PRKAR2B;CAMKK2;GNG11;AP2A2;CHRNB2;CAMKK1;GNG5;MAPK3;TUBA1C;PLCB2;PLCB3;RPS6KA1;GNGT2;GNG8;CAMK1;PPM1F;PRKACA;PICK1;PRKAG3;ADCY9;TUBA4B;ADCY4"
"Reactome","A_standard_TMM","REACTOME_HSF1_DEPENDENT_TRANSACTIVATION",1.71700966085365,0.0071047285034813,0.0391865247680902,"up_in_high_altitude",30,0.531793991531609,0.407017918923954,"UBB;AKT1S1;HSPA1A;HSPA6;DEDD2;HSF1;HSPB1;HSPA1B;CREBBP;HSP90AB1;MLST8"
"Reactome","A_standard_TMM","REACTOME_RHOC_GTPASE_CYCLE",1.65622424268969,0.00728955902505569,0.0400280652659032,"up_in_high_altitude",68,0.424392684264942,0.407017918923954,"ARHGEF12;ARHGEF11;ARHGEF10L;STX5;ARHGEF40;DIAPH1;STK10;ABR;RHOC;MCAM;FLOT2;TJP2;VAMP3;IQGAP1;STOM;MYO9B;BCR;PREX1;ARHGEF1;RHOA;MACO1;ARHGEF25;ARHGAP1;ARHGAP21;OPHN1;FMNL2;FLOT1;JUP;ARHGAP26"
"Reactome","A_standard_TMM","REACTOME_DISEASES_OF_HEMOSTASIS",1.77285548491703,0.00734573465737447,0.0400609425399864,"up_in_high_altitude",13,0.67958431896583,0.407017918923954,"GP1BA;GP9;TPST2;VWF;TPST1;GP1BB;F12"
"Reactome","A_standard_TMM","REACTOME_PROGRAMMED_CELL_DEATH",1.47423744260656,0.00736010870194754,0.0400609425399864,"up_in_high_altitude",187,0.328560499859535,0.407017918923954,"BCL2L1;UBB;ADD1;PSMD2;CHMP4B;UNC5A;AKT2;GSN;UBA52;H1-0;CHMP2A;YWHAH;PRKCD;TFDP1;E2F1;MAPK1;ELANE;PLEC;H1-2;LMNA;DAPK3;DYNLL2;DAPK1;UBC;DYNLL1;FLOT2;PSMB6;TJP2;PSMD3;DAPK2;PSMC3;RIPK3;SFN;PSMD14;IRF2;AKT1;MAPK3;PSMD13;VIM;SPTAN1;TICAM1;BBC3;KPNA1;PSMD8;CD14;BID;STAT3;PSMB3;PTK2;ADRM1;STK24;PSMC4;CDH1;BAD;ARHGAP10;UNC5B;UACA;CHMP3;PSMD6;BMX;FLOT1;CYCS;CASP5;BAX;BCL2L11;CASP1;MLKL;CHMP6;PPP3R1;CFLAR;PSMB7;FADD;GSDMD;TRADD;SEPTIN4;BCAP31;LMNB1;DBNL;TFDP2"
"Reactome","A_standard_TMM","REACTOME_GLUCONEOGENESIS",1.76028395744293,0.00790297403917162,0.0428279073476506,"up_in_high_altitude",20,0.604682123549507,0.380730400722792,"PCK2;PGK1;FBP1;SLC37A2;PGAM1;ENO1;TPI1;PC;ALDOA;ALDOC;GPI;SLC37A1;G6PC3"
"Reactome","A_standard_TMM","REACTOME_RHO_GTPASE_CYCLE",1.37244550020935,0.00802557954237338,0.043303235704719,"up_in_high_altitude",402,0.284943169822567,0.380730400722792,"ARHGEF12;ITSN1;PIK3R2;CDC42BPA;SLC1A5;CDC42EP4;ARHGAP6;PTK2B;ARHGEF11;RALBP1;STEAP3;EMC3;SRGAP2;RHOBTB1;ARHGEF10L;WASF2;STX5;WDR81;ARAP1;VCP;WWP2;ARHGAP8;ACTN1;HGS;ARHGEF40;DIAPH1;USP9X;STK10;CKB;DOCK2;ARHGAP24;ABR;VAV1;TUBA1B;SRC;NCF2;ARAP3;NSFL1C;GPS1;ARHGAP25;RHOC;MCAM;PLEKHG3;FLOT2;PAK1;LAMTOR1;TJP2;VAMP3;WASF3;SCRIB;IQGAP1;FMNL1;NCK2;ARHGAP9;FGD3;CSK;RHOBTB2;STOM;CYFIP1;ARHGAP27;GMIP;BASP1;HSP90AB1;MYO9B;SHKBP1;BCR;CDC42BPB;ARHGAP30;TEX2;PLXND1;RAB7A;MTX1;PREX1;ARHGAP45;ARHGEF1;VIM;SPTAN1;RHOA;WAS;PKP4;ATP6AP1;MAP3K11;RHOB;PLD2;AAAS;EMD;CHN2;DBN1;DOCK8;PDE5A;ARHGDIB;GIT2;MACO1;TXNL1;GRB2;YKT6;ACTB;SPEN;ARHGEF25;CDC42;ARHGEF2;NCF1;ARHGAP1;CCT7;PAK4;TMEM59;ARHGAP10;BRK1;RHOG;DOCK6;ARHGAP21;UACA;ACTG1;IQGAP2;ELMO2;TPM4;RAC2;OPHN1;SH3BP1;FMNL2;BAIAP2L2;RNF20;PAK6;FLOT1"
"Reactome","A_standard_TMM","REACTOME_INTRAFLAGELLAR_TRANSPORT",1.69614322234222,0.00823630206277818,0.0442478392203798,"up_in_high_altitude",48,0.463504866410399,0.380730400722792,"TUBB2B;TUBB1;TUBB2A;TUBB4B;KIF3C;IFT52;DYNLRB1;TUBA1B;TUBA4A;TUBA1A;DYNLL2;DYNLL1;IFT122"
"Reactome","A_standard_TMM","REACTOME_ACTIVATION_OF_AMPK_DOWNSTREAM_OF_NMDARS",1.75181842365173,0.00833851196308739,0.0446038506301356,"up_in_high_altitude",22,0.587354977705178,0.380730400722792,"TUBB2B;TUBB1;TUBB2A;TUBB4B;TUBA1B;TUBA4A;TUBA1A;TUBA8;CAMKK2"
"Reactome","A_standard_TMM","REACTOME_GRB2_SOS_PROVIDES_LINKAGE_TO_MAPK_SIGNALING_FOR_INTEGRINS",1.75995597533502,0.00849321533902593,0.0452363958615072,"up_in_high_altitude",12,0.688264619993384,0.380730400722792,"ITGB3;TLN1;ITGA2B;SRC;APBB1IP;VWF;PTK2;GRB2"
"Reactome","A_standard_TMM","REACTOME_G_PROTEIN_BETA_GAMMA_SIGNALLING",1.72958824577123,0.00863877406584588,0.0458150368192937,"up_in_high_altitude",28,0.545072432879996,0.380730400722792,"AKT2;GNB2;GNB1;BTK;PAK1;GNG11;GNG5;AKT1;RHOA;PLCB2;PIK3R5;PLCB3;GNGT2;GNG8;CDC42"
"Reactome","A_standard_TMM","REACTOME_UPTAKE_AND_FUNCTION_OF_ANTHRAX_TOXINS",1.73377522314436,0.00889101422296845,0.0469521219178887,"up_in_high_altitude",10,0.706118711104561,0.380730400722792,"MAP2K3;MAP2K7;FURIN;MAP2K2"
"Reactome","A_standard_TMM","REACTOME_PROSTACYCLIN_SIGNALLING_THROUGH_PROSTACYCLIN_RECEPTOR",1.69409554402962,0.009152008199496,0.0481256024388751,"up_in_high_altitude",15,0.625908571837275,0.380730400722792,"GNAS;GNB2;GNB1;GNG11;GNG5;PTGIR;GNGT2;GNG8"
"Reactome","A_standard_TMM","REACTOME_DEFECTS_OF_CONTACT_ACTIVATION_SYSTEM_CAS_AND_KALLIKREIN_KININ_SYSTEM_KKS",1.75181250772873,0.00932180426998757,0.0487512732333779,"up_in_high_altitude",12,0.685079960424611,0.380730400722792,"GP1BA;GP9;TPST2;VWF;TPST1;GP1BB;F12"
"Reactome","A_standard_TMM","REACTOME_ENDOSOMAL_SORTING_COMPLEX_REQUIRED_FOR_TRANSPORT_ESCRT",1.64062852701297,0.00938658296636911,0.0487512732333779,"up_in_high_altitude",29,0.515021113466014,0.380730400722792,"UBB;UBAP1;CHMP4B;UBA52;VPS28;HGS;CHMP2A;TSG101;VPS37B;UBC"
"Reactome","A_standard_TMM","REACTOME_HATS_ACETYLATE_HISTONES",1.52793537019942,0.0093888431126328,0.0487512732333779,"up_in_high_altitude",110,0.361857277186177,0.380730400722792,"H3C10;H2AC6;H2BC21;H2BC8;H2BC11;H2BC12;H2BC9;H2AC25;H2BC17;H2BC4;H2AC8;H2AC18;H2AC19;H4C8;KAT2B;TADA3;H2BC18;H2BC5;CREBBP;H2AC11;H4C3;H4C12;BRPF3;H4C15;TADA2B;KAT8;H2AC17;KAT5;H2AC15;MORF4L1;ACTB;H2BC6;H2AC20;ATXN7L3;SAP130;H2BC15;TAF10"
"Reactome","A_standard_TMM","REACTOME_PARACETAMOL_ADME",1.77845147052916,0.00965915161875006,0.0499458631619535,"up_in_high_altitude",18,0.623114924610809,0.380730400722792,"ABCC3;ABCG2;ABCC4;CNDP2;SULT1A1;GGT5"
"Reactome","A_standard_TMM","REACTOME_INTERLEUKIN_1_FAMILY_SIGNALING",1.5276929125879,0.00976836593351963,0.0503010046618168,"up_in_high_altitude",124,0.354529567663387,0.380730400722792,"UBB;PSMD2;TOLLIP;APP;CTSG;UBA52;SQSTM1;MYD88;IKBKG;ALOX5;SKP1;NKIRAS2;IRAK1;PTPN6;NFKBIB;UBE2V1;UBC;NLRX1;PTPN23;PSMB6;PSMD3;PSMC3;PSMD14;PSMD13;TAB2;AGER;RELA;PSMD8;RBX1;PTPN18;STAT3;PSMB3;N4BP1;TNIP2;ADRM1;NOD2;PSMC4;IL1R1"
"Reactome","A_standard_TMM","REACTOME_LYSOSOME_VESICLE_BIOGENESIS",1.68607710001857,0.0100812153298377,0.0515862189533117,"up_in_high_altitude",33,0.506614281910571,0.380730400722792,"APP;DNAJC6;ARF1;DNASE2;HGS;CHMP2A;AP1B1;GNS;AP1M2;DNM2;AP1M1;BLOC1S1"
"Reactome","A_standard_TMM","REACTOME_CELL_EXTRACELLULAR_MATRIX_INTERACTIONS",1.68307865896946,0.010101088803912,0.0515862189533117,"up_in_high_altitude",15,0.621838221249082,0.380730400722792,"RSU1;FLNA;ACTN1;PARVB;VASP;ILK;PXN;ACTB;ACTG1"
"Reactome","A_standard_TMM","REACTOME_SIGNALING_BY_CSF3_G_CSF",1.63444641741007,0.0101742559082418,0.0517469327136395,"up_in_high_altitude",29,0.513080444436537,0.380730400722792,"UBB;UBA52;SYK;UBE2D3;UBC;ELOB;HCK;UBE2D2;JAK1;SHC1;LYN;STAT3;GAB2;TYK2;GRB2"
"Reactome","A_standard_TMM","REACTOME_CELLULAR_RESPONSES_TO_MECHANICAL_STIMULI",1.56576792295539,0.0104481508358623,0.0529230823971639,"up_in_high_altitude",87,0.385168159888246,0.380730400722792,"ITGB3;PRR5;PIK3R2;TLN1;GNAS;VCL;GNB2;IKBKG;GNB1;PRKAR2B;PECAM1;GNG11;CAPNS1;GNG5;NLRP3;PIK3CD;AKT1;MLST8;PIEZO1;RELA;ANXA2;PTK2;GNGT2;GNG8;MAPKAP1;PRKACA;ITGA5;GNAQ;ADCY9;ADCY4"
"Reactome","A_standard_TMM","REACTOME_PROCESSING_OF_CAPPED_INTRON_CONTAINING_PRE_MRNA",-1.27793171870105,0.0105920798947883,0.0534340290627329,"down_in_high_altitude",280,-0.24900471865707,0.380730400722792,"SRSF11;PPIG;LSM8;SRSF7;LUC7L3;RBM25;NUP43;SRRM1;SRSF10;SNRPF;THOC1;CCAR1;UPF3B;RNPC3;PPWD1;PRPF40A;TCERG1;PPIL3;PPIL4;CPSF6;METTL14;NUDT21;U2SURP;ZCRB1;RBM7;SNRNP48;LSM3;CWC15;SNRPB2;RBMX2;WTAP;SF3B1;SNRNP27;PRPF38A;LSM5;NUP107;FYTTD1;CDC40;RBMX;PABPN1;NUP133;DHX15;SRSF2;NCBP1;GCFC2;CPSF2;PPIH;RANBP2;RBM5;CWC25;NKAP;PLRG1;HNRNPH1;POLR2K;SRSF1;THOC2;NUP42;CWC22;SNRPD2;RBM39;SNRPG;SMNDC1;CDC5L;CSTF1;GTF2F2;NUP160;ZRSR2;ZC3H11A;NUP54;NUP155;PDCD7;NCBP2;SYF2;PNN;CWF19L2;NDC1;PRPF18;SARNP;EIF4E;LSM2;RBM17;STEEP1;NUP35;ZNF830"
"Reactome","A_standard_TMM","REACTOME_NOTCH3_ACTIVATION_AND_TRANSMISSION_OF_SIGNAL_TO_THE_NUCLEUS",1.72052520198013,0.0106434212074359,0.0534756506818946,"up_in_high_altitude",23,0.56924005000475,0.380730400722792,"UBB;YBX1;UBA52;WWP2;EGF;NEURL1;TACC3;UBC"
"Reactome","A_standard_TMM","REACTOME_MITOPHAGY",1.70782728103403,0.0108420520904635,0.0538452282613513,"up_in_high_altitude",39,0.491191237977608,0.380730400722792,"UBB;PINK1;OPTN;MFN2;ATG9A;UBA52;SQSTM1;MAP1LC3B;ULK1;SRC;UBE2D3;UBE2V1;UBC"
"Reactome","A_standard_TMM","REACTOME_DISEASES_OF_CARBOHYDRATE_METABOLISM",1.69971344204522,0.0108471450969684,0.0538452282613513,"up_in_high_altitude",28,0.535657514624993,0.380730400722792,"UBB;TALDO1;UBA52;RPIA;GYG1;UBC;GNS;GUSB;GAA;IDS"
"Reactome","A_standard_TMM","REACTOME_SIGNALING_BY_VEGF",1.52072584484335,0.0107870065335506,0.0538452282613513,"up_in_high_altitude",99,0.366557411781639,0.380730400722792,"ITGB3;CTNNA1;PRR5;PIK3R2;AKT2;PTK2B;WASF2;PRKCD;VAV1;SRC;NCF2;MAPKAPK2;HSPB1;MAPKAPK3;PAK1;WASF3;NCK2;AAMP;CYFIP1;AKT1;ELMO1;RHOA;MLST8;PXN;PTK2;FLT1;ACTB;CDC42;MAPKAP1;NCF1;SHB;PRKACA;BRK1;ACTG1;ELMO2;NCF4;MTOR;JUP;NCKAP1L;ITPR2;MAPK14;CYBB;DOCK1;RAC1"
"Reactome","A_standard_TMM","REACTOME_G2_M_CHECKPOINTS",1.50256733327217,0.0110943455241318,0.054852919503775,"up_in_high_altitude",139,0.34505572126922,0.380730400722792,"UBB;H2BC21;H2BC8;H2BC11;PSMD2;H2BC12;BABAM1;H2BC9;H2BC17;UBA52;H2BC4;UIMC1;YWHAH;H2BC12L;MCM2;H4C8;PKMYT1;UBC;H2BC5;PSMB6;PSMD3;PSMC3;H4C3;SFN;H4C12;MCM10;PSMD14;RPA1;H4C15;PSMD13;TOP3A;MCM5;PIAS4;RFC2;KAT5;PSMD8;PSMB3;ADRM1;MCM3;CDC25A;H2BC6;PSMC4;ATRIP;MCM7"
"Reactome","A_standard_TMM","REACTOME_BRANCHED_CHAIN_AMINO_ACID_CATABOLISM",-1.7081331063641,0.0111654500033851,0.0549854105325434,"down_in_high_altitude",21,-0.541188835655191,0.380730400722792,"DBT;ACADSB;PPM1K;BCKDHB;HIBADH;DLD;ACAD8;MCCC2;BCAT1;HIBCH"
"Reactome","A_standard_TMM","REACTOME_AMINO_ACIDS_REGULATE_MTORC1",1.679320257893,0.0114564582376594,0.0561851435401897,"up_in_high_altitude",51,0.453889481255071,0.380730400722792,"ATP6V0C;NPRL3;LAMTOR5;FLCN;ATP6V1E1;RRAGD;RRAGA;CASTOR2;ATP6V1D;TCIRG1;LAMTOR1;ATP6V0E1;WDR59;ATP6V0D1;ATP6V0B;SEC13;MLST8"
"Reactome","A_standard_TMM","REACTOME_MYD88_INDEPENDENT_TLR4_CASCADE",1.58213309621042,0.0114996184199905,0.0561851435401897,"up_in_high_altitude",107,0.377295070219755,0.380730400722792,"UBB;MAP2K3;OPTN;MAP2K7;APP;UBA52;IKBKG;SKP1;MAPK1;NKIRAS2;IRAK1;NFKBIB;MAPKAPK2;UBE2D3;UBE2V1;MAPK7;VRK3;UBC;NLRX1;IRF3;MAPKAPK3;UBE2D2;RIPK3;MAPK3;TAB2;AGER;TICAM1;RELA;CD14;RPS6KA1;N4BP1;TNIP2"
"Reactome","A_standard_TMM","REACTOME_CELL_DEATH_SIGNALLING_VIA_NRAGE_NRIF_AND_NADE",1.58449907744283,0.0117311092392629,0.0568971681193595,"up_in_high_altitude",69,0.405910346464899,0.380730400722792,"ARHGEF12;ITSN1;UBB;ARHGEF37;ARHGEF11;ARHGEF10L;UBA52;ARHGEF40;SQSTM1;BEX3;ABR;VAV1;UBC"
"Reactome","A_standard_TMM","REACTOME_RHOB_GTPASE_CYCLE",1.57950300897347,0.0117370467675713,0.0568971681193595,"up_in_high_altitude",62,0.414690164483609,0.380730400722792,"ARHGEF12;PIK3R2;ARHGEF11;ARHGEF10L;DIAPH1;STK10;ABR;MCAM;FLOT2;TJP2;VAMP3;STOM;MYO9B;BCR;PREX1;ARHGEF1;RHOB;ARHGEF25;ARHGEF2;ARHGAP1;ARHGAP21;OPHN1;FLOT1;JUP;ARHGAP26;STARD8;TFRC;SNAP23"
"Reactome","A_standard_TMM","REACTOME_ANTIGEN_PROCESSING_CROSS_PRESENTATION",1.54535864959458,0.0118647394353139,0.0572923799191617,"up_in_high_altitude",93,0.376793050827117,0.380730400722792,"MRC2;UBB;PSMD2;ITGB5;UBA52;CTSL;MYD88;IKBKG;NCF2;UBC;BTK;PSMB6;CALR;STX4;VAMP3;PSMD3;PSME1;PSMC3;PSMD14;PSMD13;PSMD8;CD14;PSMB3;ADRM1;PSME2;FCGR1A;PSMC4;NCF1;PSMD6;HLA-G;NCF4;SEC61A1;TLR2;PSMB7;PDIA3;PSMB8;SEC61A2;CYBB;HLA-B;SNAP23"
"Reactome","A_standard_TMM","REACTOME_RAC1_GTPASE_CYCLE",1.43345028165902,0.012344265229159,0.05937687267204,"up_in_high_altitude",168,0.322275926738764,0.380730400722792,"PIK3R2;CDC42BPA;SLC1A5;CDC42EP4;ARHGEF11;RALBP1;SRGAP2;WASF2;ARAP1;DOCK2;ARHGAP24;ABR;VAV1;NCF2;ARAP3;ARHGAP25;MCAM;PLEKHG3;PAK1;LAMTOR1;VAMP3;WASF3;IQGAP1;FMNL1;ARHGAP9;CYFIP1;ARHGAP27;GMIP;MYO9B;BCR;ARHGAP30;RAB7A;PREX1;ARHGAP45;WAS;PLD2;EMD;CHN2;DOCK8;ARHGDIB;GIT2;YKT6;ARHGEF25;CDC42;NCF1;ARHGAP1;PAK4;ARHGAP10;BRK1;DOCK6;ARHGAP21;IQGAP2;OPHN1;SH3BP1;PAK6;ESYT1;NCF4;FARP1;ARHGAP26;NCKAP1L;TIAM2;DEF6;NOXA1;ARHGEF19;CYBB;TFRC;DOCK1;RAC1;SNAP23"
"Reactome","A_standard_TMM","REACTOME_POTENTIAL_THERAPEUTICS_FOR_SARS",1.52664102242117,0.0128463144575605,0.0615531901229058,"up_in_high_altitude",94,0.372020827898037,0.380730400722792,"AP2A1;FURIN;AP2M1;ATP1B2;AP2S1;AP2B1;SYK;BRD4;COMT;PHF21A;VAV1;PLCG2;BTK;CHD4;SAP18;AP2A2;JAK1;HSP90AB1;RBX1;SUDS3;FKBP1A;TYK2;GRB2;IFNGR2;ATP1A3;IMPDH1;KEAP1;IL1R1;GATAD2A;RCOR1;ATP1A1"
"Reactome","A_standard_TMM","REACTOME_PHOSPHOLIPID_METABOLISM",1.42828708219639,0.0129508352358615,0.0618153327988619,"up_in_high_altitude",182,0.317990751705405,0.380730400722792,"TMEM86B;ACHE;PHOSPHO1;PIK3R2;PNPLA2;PIP4K2A;CDIPT;INPP5K;CHPT1;PCTP;GDPD5;GDE1;MTMR3;ARF1;PIP5K1B;RUFY1;OSBPL5;AGPAT3;PI4KA;PLAAT1;RAB5A;INPP5D;PI4K2A;PCYT1B;MBOAT2;LPIN2;MGLL;ARF3;INPPL1;PNPLA6;GDPD3;HADHB;ABHD4;PIK3CD;PITPNM1;AGPAT1;HADHA;PISD;CPNE1;SLC44A2;PI4KB;PITPNM2;PLEKHA4;PIK3R5;PLD2;PLEKHA6;FIG4;GPAT3;PLB1;SBF1;LPCAT3"
"Reactome","A_standard_TMM","REACTOME_GAP_JUNCTION_DEGRADATION",1.68049047628654,0.0130747249007209,0.0621675616926997,"up_in_high_altitude",11,0.66905125180883,0.380730400722792,"AP2M1;DAB2;CLTCL1;DNM2;DNM1;ACTB;ACTG1;CLTB;CLTA;CLTC"
"Reactome","A_standard_TMM","REACTOME_PHASE_I_FUNCTIONALIZATION_OF_COMPOUNDS",1.63185243940284,0.0135232417716457,0.0640547444221845,"up_in_high_altitude",57,0.433003725440523,0.380730400722792,"CMBL;PTGS1;SMOX;RXRA;CYB5R3;POR;MAOA;CYP4F22;HSP90AB1;NQO2;CYP4F12;MTARC1;ALDH2;CYP26B1;CYP21A2;TBXAS1;AOC3"
"Reactome","A_standard_TMM","REACTOME_FOXO_MEDIATED_TRANSCRIPTION_OF_CELL_DEATH_GENES",1.68060401201595,0.0136397396146762,0.0641748660136792,"up_in_high_altitude",16,0.612925923558034,0.380730400722792,"FOXO4;PINK1;STK11;FOXO3;CREBBP;BBC3;CITED2;NFYC"
"Reactome","A_standard_TMM","REACTOME_TOLL_LIKE_RECEPTOR_TLR1_TLR2_CASCADE",1.55287966017346,0.013652026291387,0.0641748660136792,"up_in_high_altitude",106,0.370271364908278,0.380730400722792,"UBB;MAP2K3;MAP2K7;ECSIT;APP;UBA52;MYD88;IKBKG;SKP1;MAPK1;NKIRAS2;IRAK1;NFKBIB;MAPKAPK2;UBE2V1;MAPK7;VRK3;UBC;NLRX1;BTK;MAPKAPK3;MAPK3;TAB2;AGER;RELA;CD14;RPS6KA1;N4BP1;TNIP2"
"Reactome","A_standard_TMM","REACTOME_ACTIVATED_TAK1_MEDIATES_P38_MAPK_ACTIVATION",1.68242721568744,0.0140343412721629,0.0644600777311289,"up_in_high_altitude",23,0.556635236313341,0.380730400722792,"UBB;MAP2K3;UBA52;IKBKG;IRAK1;MAPKAPK2;UBE2V1;UBC;MAPKAPK3"
"Reactome","A_standard_TMM","REACTOME_INTEGRIN_SIGNALING",1.68239817618692,0.0140343412721629,0.0644600777311289,"up_in_high_altitude",23,0.556625628522237,0.380730400722792,"ITGB3;TLN1;ITGA2B;SYK;SRC;APBB1IP;VWF;CSK;AKT1;SHC1;PTK2;GRB2"
"Reactome","A_standard_TMM","REACTOME_SIGNAL_AMPLIFICATION",1.67247725641178,0.0140008155190335,0.0644600777311289,"up_in_high_altitude",26,0.535886991695329,0.380730400722792,"GNB2;GNB1;SRC;P2RY12;GNG11;AAMP;GNG5;TBXA2R;GNA15;GNGT2;GNG8;GNAQ"
"Reactome","A_standard_TMM","REACTOME_ASSEMBLY_AND_CELL_SURFACE_PRESENTATION_OF_NMDA_RECEPTORS",1.66458458807797,0.0141311370111529,0.0644600777311289,"up_in_high_altitude",31,0.510556087246292,0.380730400722792,"TUBB2B;TUBB1;TUBB2A;TUBB4B;DLG4;TUBA1B;TUBA4A;TUBA1A;TUBA8"
"Reactome","A_standard_TMM","REACTOME_GPER1_SIGNALING",1.65913791430471,0.0138904021387312,0.0644600777311289,"up_in_high_altitude",35,0.491228907908775,0.380730400722792,"GNAS;GNAZ;GNB2;GNB1;SRC;PRKAR2B;GNG11;GNG5;SHC1;GNGT2;GNG8;GPER1;PRKACA;ITGA5;ADCY9;ADCY4"
"Reactome","A_standard_TMM","REACTOME_G_ALPHA_Z_SIGNALLING_EVENTS",1.65514192369739,0.0141452648173603,0.0644600777311289,"up_in_high_altitude",33,0.497319213412482,0.380730400722792,"GNAS;GNAZ;GNB2;PRKCD;GNB1;GNG11;GNG5;RGS16;ADRA2A;RGS19;GNGT2;GNG8;ADCY9;ADCY4"
"Reactome","A_standard_TMM","REACTOME_P75_NTR_RECEPTOR_MEDIATED_SIGNALLING",1.57244718816006,0.0140257594648499,0.0644600777311289,"up_in_high_altitude",88,0.387030945231066,0.380730400722792,"ARHGEF12;ITSN1;UBB;ARHGEF37;ARHGEF11;ARHGEF10L;UBA52;ARHGEF40;SQSTM1;MYD88;BEX3;ABR;VAV1;IRAK1;UBC;FGD3;PREX1;ARHGEF1;RHOA;RELA"
"Reactome","A_standard_TMM","REACTOME_TOLL_LIKE_RECEPTOR_9_TLR9_CASCADE",1.56156961553886,0.0142321203048584,0.0644600777311289,"up_in_high_altitude",107,0.372391247714227,0.380730400722792,"UBB;MAP2K3;MAP2K7;ECSIT;APP;UBA52;MYD88;IKBKG;SKP1;MAPK1;NKIRAS2;IRAK1;NFKBIB;MAPKAPK2;UBE2V1;MAPK7;VRK3;UBC;NLRX1;MAPKAPK3;IRF5;MAPK3;TAB2;AGER;TICAM1;RELA;CD14;RPS6KA1;N4BP1;TNIP2"
"Reactome","A_standard_TMM","REACTOME_CLEC7A_DECTIN_1_SIGNALING",1.54436836973103,0.0139465230064555,0.0644600777311289,"up_in_high_altitude",85,0.383190405930682,0.380730400722792,"UBB;CDC34;PSMD2;UBA52;UBE2M;SYK;IKBKG;PRKCD;SKP1;SRC;UBE2V1;PLCG2;UBC;PSMB6;CARD9;PSMD3;PSMC3;UBE2D2;PSMD14;PSMD13;TAB2;RELA;PSMD8;PSMB3;ADRM1;RELB;PSMC4"
"Reactome","A_standard_TMM","REACTOME_SIGNALING_BY_TGF_BETA_RECEPTOR_COMPLEX",1.53824802512602,0.0141889272235083,0.0644600777311289,"up_in_high_altitude",87,0.378398453949166,0.380730400722792,"UBB;ITGB3;NEDD4L;LTBP2;LTBP1;ITGB5;FURIN;YBX1;PPM1A;UBA52;E2F4;NCOR2;USP9X;UBE2M;TFDP1;MAPK1;UBE2D3;UBC;SERPINE1"
"Reactome","A_standard_TMM","REACTOME_REGULATION_OF_INSULIN_LIKE_GROWTH_FACTOR_IGF_TRANSPORT_AND_UPTAKE_BY_INSULIN_LIKE_GROWTH_FACTOR_BINDING_PROTEINS_IGFBPS",1.5635681594642,0.0144820694899034,0.0651168414382974,"up_in_high_altitude",69,0.400548351441053,0.380730400722792,"PNPLA2;LTBP1;NUCB1;C4A;IGF2;APP;CTSG;LAMB2;FSTL1;IGFBP2;SHISA5;FAM20C;P4HB;QSOX1;VCAN;F5;TMEM132A;CST3;GOLM1;SERPINA1"
"Reactome","A_standard_TMM","REACTOME_DISEASES_OF_DNA_REPAIR",-1.55146926008978,0.0144581531327646,0.0651168414382974,"down_in_high_altitude",50,-0.392747704924887,0.380730400722792,"ATM;MRE11;BLM;NBN;BARD1;RHNO1;MSH2;RAD17;MSH3;PALB2;WRN;RAD1;ATR;TOPBP1;HUS1;SEM1;BRCA2;DNA2;RAD9B;RFC5;MSH6;RAD50;BRIP1;RAD51B;RAD51D;RPA2;OGG1;RAD51AP1"
"Reactome","A_standard_TMM","REACTOME_THE_ROLE_OF_NEF_IN_HIV_1_REPLICATION_AND_DISEASE_PATHOGENESIS",1.66213409978506,0.0150130531369703,0.0669747272753644,"up_in_high_altitude",28,0.523814543581536,0.380730400722792,"AP2A1;AP2M1;ARF1;AP2S1;AP2B1;DOCK2;AP1B1;AP1M2;HCK;AP2A2;AP1M1;ELMO1"
"Reactome","A_standard_TMM","REACTOME_UCH_PROTEINASES",1.53451001751264,0.015057170757314,0.0669747272753644,"up_in_high_altitude",80,0.385718500077451,0.380730400722792,"UBB;H2AC6;PSMD2;H2AC25;UBA52;H2AC8;H2AC18;H2AC19;INO80B;BAP1;UBC;INO80C;PSMB6;PSMD3;H2AC11;PSMC3;PSMD14;PSMD13;MBD5;H2AC17;PSMD8;PSMB3;H2AC15;ADRM1;ACTB;H2AC20;PSMC4;TGFB1;NEDD8;PSMD6;MCRS1"
"Reactome","A_standard_TMM","REACTOME_INTRACELLULAR_SIGNALING_BY_SECOND_MESSENGERS",1.37158084166858,0.0150426253037579,0.0669747272753644,"up_in_high_altitude",253,0.298618538702696,0.380730400722792,"FOXO4;MKRN1;UBB;PPP2R5B;PRR5;PIK3R2;MAF1;PIP4K2A;PSMD2;AKT1S1;HDAC5;GSK3A;AKT2;FOXO3;PIP5K1B;UBA52;LAMTOR5;WWP2;EGF;MYD88;PRKCD;CDKN1A;MAPK1;VAV1;SRC;IRAK1;TSC2;RRAGD;RRAGA;UBC;PRKAR2B;PDGFRB;CAMKK2;LAMTOR1;PSMB6;CHD4;PHC2;PSMD3;PHLPP1;USP7;RPS6KB2;CAMKK1;PSMC3;AGO2;PIK3CD;IRS1;PSMD14;TRIM27;AKT1;MAPK3;PSMD13;MLST8;PIK3R5;PSMD8;HDAC7;PSMB3;GAB2;ADRM1;GRB2;HGF;PSMC4;MAPKAP1;PIP5K1C;FLT3;BAD;HDAC3;PIK3AP1;PRKACA;RHOG;GATAD2A;RCOR1;MOV10;ADCY9;PSMD6;ADCY4;PIP4K2C"
"Reactome","A_standard_TMM","REACTOME_PYRUVATE_METABOLISM",1.64800561908802,0.0152635639649066,0.0676502960016038,"up_in_high_altitude",44,0.460083581409923,0.380730400722792,"UBB;HAGH;FAHD1;GID4;UBA52;PDK2;WDR26;GID8;RMND5A;MPC2;UBC"
"Reactome","A_standard_TMM","REACTOME_INTERFERON_ALPHA_BETA_SIGNALING",1.55886700026589,0.0154222531212809,0.0681103776637353,"up_in_high_altitude",64,0.404879496529008,0.380730400722792,"UBB;IFI27;UBA52;PTPN6;UBC;IRF3;IRF5;JAK1;IRF2;KPNA1;MX2;ADAR;TYK2;OASL;OAS1;MX1;IFITM2;OAS3;HLA-G;IFI6;IFITM3;RSAD2;PSMB8;ISG20;USP18;HLA-B;IRF7"
"Reactome","A_standard_TMM","REACTOME_REGULATION_OF_MITF_M_DEPENDENT_GENES_INVOLVED_IN_APOPTOSIS",-1.63198066222587,0.0161853052418087,0.071226822003846,"down_in_high_altitude",15,-0.576619617685255,0.352487857583619,"BCL2;TNRC6C;AGO3;TNRC6A;HINT1"
"Reactome","A_standard_TMM","REACTOME_DNA_DAMAGE_RECOGNITION_IN_GG_NER",1.6335172793014,0.0162453078347103,0.0712382580313623,"up_in_high_altitude",38,0.472382184773324,0.352487857583619,"UBB;RAD23A;DDB1;UBA52;CUL4A;COPS3;INO80B;CETN2;RAD23B;GPS1;UBC;INO80C"
"Reactome","A_standard_TMM","REACTOME_GLYCOGEN_BREAKDOWN_GLYCOGENOLYSIS",1.69212415063201,0.0167324975746957,0.0725294592234462,"up_in_high_altitude",13,0.648637775778267,0.352487857583619,"GYG1;PYGL;PYGB;PGM1;GAA;PYGM;AKR1E2;PHKG2;PHKB;PHKA2"
"Reactome","A_standard_TMM","REACTOME_INSERTION_OF_TAIL_ANCHORED_PROTEINS_INTO_THE_ENDOPLASMIC_RETICULUM_MEMBRANE",1.68730512764091,0.0167593774297661,0.0725294592234462,"up_in_high_altitude",22,0.565724764762712,0.352487857583619,"BAG6;APP;STX5;GET3;HMOX1;UBE2J2;EMD;VAPA;UBL4A;CYB5A;OTOF"
"Reactome","A_standard_TMM","REACTOME_TRANSFERRIN_ENDOCYTOSIS_AND_RECYCLING",1.65696902073831,0.0166675633516791,0.0725294592234462,"up_in_high_altitude",26,0.530917918585545,0.352487857583619,"ATP6V0C;MCOLN1;TFR2;STEAP3;ATP6V1E1;ATP6V1D;TCIRG1;ATP6V0E1;ATP6V0D1;ATP6V0B;ATP6AP1"
"Reactome","A_standard_TMM","REACTOME_MITOTIC_G2_G2_M_PHASES",1.40322108720686,0.0167735332772998,0.0725294592234462,"up_in_high_altitude",183,0.312829129287072,0.352487857583619,"UBB;TUBB2B;FZR1;TUBB1;OPTN;PSMD2;TUBB2A;TUBB4B;PCNT;UBA52;ACTR1A;SKP1;CDKN1A;E2F1;CETN2;TUBA1B;PKMYT1;TUBA4A;TUBA1A;TUBA8;UBC;DYNLL1;DYNC1H1;PRKAR2B;PPME1;MZT2A;PSMB6;SSNA1;DCTN1;TUBGCP2;TUBG1;PSMD3;PSMC3;NDE1;HSP90AB1;PSMD14;MZT2B;PSMD13;CEP131;DCTN2;TUBA1C;PSMD8;RBX1;CDK5RAP2;CSNK1D;DCTN3;PSMB3;ADRM1"
"Reactome","A_standard_TMM","REACTOME_C_TYPE_LECTIN_RECEPTORS_CLRS",1.47681761899316,0.0173987940148725,0.0749718867099194,"up_in_high_altitude",114,0.347070343110551,0.352487857583619,"UBB;CDC34;PSMD2;UBA52;MUC5B;UBE2M;SYK;IKBKG;PRKCD;SKP1;SRC;UBE2V1;PLCG2;UBC;PAK1;PSMB6;CARD9;CREBBP;PSMD3;MUC6;PSMC3;UBE2D2;RAF1;PSMD14;PSMD13;TAB2;RELA;FCER1G;PSMD8;LYN;PSMB3;ADRM1;RELB;PSMC4;PRKACA;MUC12;PSMD6;NFKB2;ICAM2"
"Reactome","A_standard_TMM","REACTOME_CLASS_A_1_RHODOPSIN_LIKE_RECEPTORS",1.45330966135602,0.0176710179651277,0.0758814300855483,"up_in_high_altitude",148,0.331514337666328,0.352487857583619,"ACKR1;XK;KEL;C3AR1;APP;PF4;CCRL2;PSAP;CORT;HEBP1;LPAR2;P2RY12;F2RL3;CXCL5;INSL3;FFAR3;OPRD1;GPBAR1;CXCL16;TBXA2R;PTGIR;OPRL1;C5AR1;ECE1;ADRA2A;CMKLR1;CCL20;LTB4R;CCL3;C5;CCR10;KISS1R;ADRB1;GPER1;OXTR;CX3CR1;CHRM4;CXCR2;FPR1;F2RL2;HRH2;PPBP;LTB4R2;F2RL1;FPR2;CXCR1;PLPPR3;PLPPR2;GPR68;AVPR2;C3;NMB;NPFF"
"Reactome","A_standard_TMM","REACTOME_CHAPERONE_MEDIATED_AUTOPHAGY",1.70998084367898,0.0178493949569924,0.0760043749222584,"up_in_high_altitude",19,0.593185318351105,0.352487857583619,"UBB;HBB;HDAC6;PCNT;UBA52;UBC;HSP90AB1;PLIN3;VIM;PLIN2"
"Reactome","A_standard_TMM","REACTOME_HIV_INFECTION",1.3777519464566,0.0178743511596749,0.0760043749222584,"up_in_high_altitude",213,0.304392796167771,0.352487857583619,"UBB;AP2A1;NEDD4L;UBAP1;PSMD2;CHMP4B;FURIN;AP2M1;ERCC2;POLR2A;ARF1;AP2S1;UBA52;AP2B1;VPS28;NUP98;CHMP2A;TSG101;DOCK2;SKP1;SUPT5H;AP1B1;VPS37B;UBC;ELOB;AP1M2;CTDP1;HCK;PSMB6;ELL;NELFE;AP2A2;PSMD3;POLR2E;PSMC3;POLR2J;AP1M1;GTF2A2;CCNK;PSMD14;POLR2L;PSMD13;SEC13;ELMO1;SUPT4H1;KPNA1;NUP188;VPS37C;PSMD8;TAF6;POLR2G;RBX1;AAAS"
"Reactome","A_standard_TMM","REACTOME_MAPK_FAMILY_SIGNALING_CASCADES",1.37004066969378,0.017883382334649,0.0760043749222584,"up_in_high_altitude",249,0.298513216160406,0.352487857583619,"BCL2L1;UBB;ITGB3;PPP2R5B;SPTA1;MARK3;SPTB;PIK3R2;TLN1;PSMD2;VCL;FOXO3;UBA52;MAP2K2;BRAP;EGF;ITGA2B;DLG4;MAPK1;SRC;APBB1IP;ARRB2;RALGDS;UBC;PDGFRB;HSPB1;VWF;ARAF;PAK1;PSMB6;IQGAP1;PSMD3;CSK;PSMC3;JAK1;RAF1;WDR83;AGO2;IRS1;PSMD14;MAPK3;PSMD13;SHOC2;GFRA2;RASGRP3;SPTAN1;MAP3K11;PSMD8;SHC1;RBX1;PSMB3;PTK2;RGL2;ADRM1;ARRB1;TYK2;GRB2;RASGRP4;ACTB;PHB1;CDC42;HGF;CCND3;PSMC4;FLT3;NCAM1;PRKACA;PPP5C;DUSP1;MOV10;ACTG1;CDC14B;PSMD6"
"Reactome","A_standard_TMM","REACTOME_PCP_CE_PATHWAY",1.55522058325672,0.0180060814404639,0.0762646657597804,"up_in_high_altitude",71,0.396899829487934,0.352487857583619,"UBB;AP2A1;PSMD2;AP2M1;AP2S1;UBA52;AP2B1;ARRB2;UBC;FZD1;FZD5;PSMB6;SCRIB;AP2A2;PSMD3;PSMC3;PSMD14;PSMD13;RHOA;PSMD8;PSMB3;ADRM1;PSMC4;DVL3;PSMD6;WNT5B;RAC2"
"Reactome","A_standard_TMM","REACTOME_TRANSLATION_OF_SARS_COV_1_STRUCTURAL_PROTEINS",1.56814700903738,0.0180743086817069,0.0762932553537357,"up_in_high_altitude",29,0.492267935961866,0.352487857583619,"UBB;GSK3A;ST6GALNAC4;UBA52;UBC;ST3GAL1;ST3GAL2;ST3GAL3;PARP4;MGAT1;GANAB;ST6GALNAC2"
"Reactome","A_standard_TMM","REACTOME_GLYCOGEN_METABOLISM",1.65358211517472,0.0183944042215988,0.0773812055559463,"up_in_high_altitude",23,0.5470917629371,0.352487857583619,"UBB;UBA52;GYG1;PYGL;PYGB;PGM1;UBC;GAA;PYGM;AKR1E2"
"Reactome","A_standard_TMM","REACTOME_RHO_GTPASES_ACTIVATE_WASPS_AND_WAVES",1.60349381001338,0.0192425379155,0.0801341931313274,"up_in_high_altitude",35,0.474754091471318,0.352487857583619,"WASF2;MAPK1;BTK;ARPC1B;WASF3;ARPC5;CYFIP1;ARPC1A;MAPK3;WAS;PTK2;GRB2;ACTB;CDC42;BRK1;ACTG1;NCKAP1L;ARPC4;RAC1;WIPF1;CYFIP2;ARPC3;NCKAP1;ACTR3;NCKIPSD;ABL1;BAIAP2;WASF1"
"Reactome","A_standard_TMM","REACTOME_RAB_GEFS_EXCHANGE_GTP_FOR_GDP_ON_RABS",1.51837451028663,0.0191833369337794,0.0801341931313274,"up_in_high_altitude",87,0.373509705732413,0.352487857583619,"RAB3IL1;HPS1;RAB6B;AKT2;DENND1A;TRAPPC5;RAB13;RAB31;RAB5C;ULK1;RAB5A;RAB32;RAB6A;RAB1B;DENND4B;RIN3;RIN1;MADD;AKT1;RAB7A;DENND5A;TRAPPC9;GDI1;DENND2B;TRAPPC12;TRAPPC3;GAPVD1;SBF1;DENND3;RAB35"
"Reactome","A_standard_TMM","REACTOME_ION_CHANNEL_TRANSPORT",1.46795549017272,0.0191944807462802,0.0801341931313274,"up_in_high_altitude",124,0.340666387198471,0.352487857583619,"UBB;ATP6V0C;MCOLN1;NEDD4L;ATP1B2;ANO7;UBA52;TRPM2;WNK1;FKBP1B;SLC9B1;BEST1;ANO6;ATP6V1E1;TRPV2;ATP6V1D;UBC;TCIRG1;CLIC2;STOM;RAF1;RIPK3;ATP6V0E1;CLCN7;ATP6V0D1;TRPM6;ATP9A;ATP6V0B;TTYH3;ATP6AP1;TPCN2;TSC22D3;ANO10;CLCN4;ATP1A3;CLCN3;TRPC4AP;ANO5;RYR2;CASQ1;ATP1A1"
"Reactome","A_standard_TMM","REACTOME_MTOR_SIGNALLING",1.63599900135999,0.0195306742834794,0.0810620962735718,"up_in_high_altitude",40,0.468019623165718,0.352487857583619,"STRADB;STK11;AKT1S1;AKT2;PPM1A;EIF4G1;LAMTOR5;TSC2;RRAGD;RRAGA;LAMTOR1;AKT1;MLST8;FKBP1A"
"Reactome","A_standard_TMM","REACTOME_TRAFFICKING_AND_PROCESSING_OF_ENDOSOMAL_TLR",1.66036207715186,0.0201234764635357,0.0829675557848765,"up_in_high_altitude",12,0.649316511377404,0.352487857583619,"CTSB;CTSL;UNC93B1"
"Reactome","A_standard_TMM","REACTOME_COOPERATION_OF_PDCL_PHLP1_AND_TRIC_CCT_IN_G_PROTEIN_BETA_FOLDING",1.61993269917351,0.0200945936424387,0.0829675557848765,"up_in_high_altitude",31,0.49686060198799,0.352487857583619,"RGS6;GNB2;GNB1;GNG11;GNG5;CCT3;GNA15;GNGT2;GNG8;RGS9;CCT7;GNAQ"
"Reactome","A_standard_TMM","REACTOME_RHOQ_GTPASE_CYCLE",1.62394879059529,0.0202070417669484,0.0830317266401253,"up_in_high_altitude",53,0.436818174632688,0.352487857583619,"ITSN1;CDC42BPA;SLC1A5;CDC42EP4;STEAP3;SRGAP2;WWP2;PLEKHG3;PAK1;LAMTOR1;VAMP3;SCRIB;IQGAP1;STOM;CDC42BPB;RAB7A;PREX1;GIT2;CDC42;ARHGAP1;PAK4;ARHGAP21"
"Reactome","A_standard_TMM","REACTOME_DEATH_RECEPTOR_SIGNALING",1.43498676463372,0.0202728550942449,0.0830317266401253,"up_in_high_altitude",144,0.328198255703222,0.352487857583619,"ARHGEF12;ITSN1;UBB;ARHGEF37;OPTN;ARHGEF11;SHARPIN;ARHGEF10L;UBA52;ARHGEF40;SQSTM1;MYD88;IKBKG;ULK1;BEX3;ABR;VAV1;IRAK1;USP4;MAPKAPK2;UBE2D3;UBC;FGD3;UBE2D2;TNF;MADD;PREX1;ARHGEF1;RHOA;TAB2;OTUD7B;RELA;RBCK1;TAX1BP1"
"Reactome","A_standard_TMM","REACTOME_INITIAL_TRIGGERING_OF_COMPLEMENT",1.66985965994903,0.0206694719869305,0.0843776800519105,"up_in_high_altitude",13,0.640103183496697,0.352487857583619,"C4A;C4B;C1QA;C1R;C1QB;CFD;CFP;C3;C2"
"Reactome","A_standard_TMM","REACTOME_INTRINSIC_PATHWAY_OF_FIBRIN_CLOT_FORMATION",1.63682226197056,0.0208017859233859,0.0846393978063012,"up_in_high_altitude",16,0.596958468173126,0.352487857583619,"GP1BA;GP9;VWF;GP1BB;PROS1;F12"
"Reactome","A_standard_TMM","REACTOME_OLFACTORY_SIGNALING_PATHWAY",1.58236925077376,0.021664465235271,0.0878614423430436,"up_in_high_altitude",15,0.584629645808044,0.352487857583619,"OR2W3;OR2T8;OR2B6;GNB1;OR2T33"
"Reactome","A_standard_TMM","REACTOME_ENERGY_DEPENDENT_REGULATION_OF_MTOR_BY_LKB1_AMPK",1.61362777697561,0.0218014196681947,0.0881288658248523,"up_in_high_altitude",28,0.508527980754544,0.352487857583619,"STRADB;STK11;PPM1A;LAMTOR5;TSC2;RRAGD;RRAGA;LAMTOR1"
"Reactome","A_standard_TMM","REACTOME_SNRNP_ASSEMBLY",-1.5242020176435,0.0222938261851961,0.0898267477137283,"down_in_high_altitude",53,-0.381863468296765,0.352487857583619,"CLNS1A;NUP43;SNRPF;NUP107;NUP133;NCBP1;RANBP2;PHAX;NUP42;SNRPD2;SNRPG;NUP160;NUP54;NUP155;GEMIN8;NCBP2;GEMIN2;NDC1;DDX20;NUP35;SNRPD1;SEH1L;NUP37"
"Reactome","A_standard_TMM","REACTOME_PRESYNAPTIC_FUNCTION_OF_KAINATE_RECEPTORS",1.62677700615825,0.0224548847070683,0.090182886477255,"up_in_high_altitude",16,0.593294905756214,0.352487857583619,"GNB2;GNB1;GNG11;GNG5;PLCB2;PLCB3;GNGT2;GNG8"
"Reactome","A_standard_TMM","REACTOME_FC_EPSILON_RECEPTOR_FCERI_SIGNALING",1.4739073816674,0.0227064545876071,0.0908990649781304,"up_in_high_altitude",117,0.344493170078841,0.352487857583619,"UBB;CDC34;PIK3R2;PSMD2;MAP2K7;UBA52;SYK;IKBKG;SKP1;MAPK1;VAV1;UBE2V1;PLCG2;UBC;BTK;GRAP2;LAT2;PAK1;PSMB6;PSMD3;PSMC3;UBE2D2;PSMD14;MAPK3;PSMD13;TAB2;RELA;FCER1G;PSMD8;SHC1;LYN;PSMB3;GAB2;ADRM1;GRB2;RASGRP4;PSMC4"
"Reactome","A_standard_TMM","REACTOME_TRANSCRIPTIONAL_ACTIVITY_OF_SMAD2_SMAD3_SMAD4_HETEROTRIMER",1.57617323217712,0.0228150976106617,0.0910403091152127,"up_in_high_altitude",49,0.430485108262862,0.352487857583619,"UBB;NEDD4L;FURIN;YBX1;PPM1A;UBA52;E2F4;NCOR2;USP9X;TFDP1;MAPK1;UBE2D3;UBC;SERPINE1;CCNK;MAPK3;CDK8"
"Reactome","A_standard_TMM","REACTOME_INTERLEUKIN_2_FAMILY_SIGNALING",1.60552930431686,0.0236154680594485,0.0939320380185113,"up_in_high_altitude",40,0.459302982069821,0.352487857583619,"PIK3R2;PTK2B;SYK;INPP5D;PTPN6;INPPL1;LGALS9;IL9;JAK1;PIK3CD;SHC1;STAT3;GAB2;GRB2;STAT5A;IL15RA;STAT5B;IL2RB;CSF2RA"
"Reactome","A_standard_TMM","REACTOME_CELLULAR_RESPONSE_TO_HYPOXIA",1.52508980935258,0.0238344658359952,0.0945002303593291,"up_in_high_altitude",59,0.402720154839278,0.352487857583619,"UBB;PSMD2;UBA52;EGLN2;UBE2D3;UBC;ELOB;PSMB6;CREBBP;PSMD3;EGLN1;PSMC3;UBE2D2;PSMD14;PSMD13;PSMD8;RBX1;PSMB3;CITED2;ADRM1;PSMC4"
"Reactome","A_standard_TMM","REACTOME_COLLAGEN_BIOSYNTHESIS_AND_MODIFYING_ENZYMES",1.59190503331601,0.0248495623366764,0.0978993868565568,"up_in_high_altitude",33,0.478318473879,0.352487857583619,"ADAMTS2;PLOD1;COL6A3;COL9A3;COL18A1;COLGALT1;COL9A2;P4HB;PLOD3;COL7A1"
"Reactome","A_standard_TMM","REACTOME_NUCLEOTIDE_BINDING_DOMAIN_LEUCINE_RICH_REPEAT_CONTAINING_RECEPTOR_NLR_SIGNALING_PATHWAYS",1.5738418763641,0.024811073501562,0.0978993868565568,"up_in_high_altitude",55,0.419532168701285,0.352487857583619,"BCL2L1;UBB;APP;UBA52;HMOX1;NLRC4;IKBKG;MEFV;IRAK1;PSTPIP1;UBE2V1;UBC;CARD9;AAMP;HSP90AB1;NLRP3;TAB2;RELA"
"Reactome","A_standard_TMM","REACTOME_DOWNREGULATION_OF_SMAD2_3_SMAD4_TRANSCRIPTIONAL_ACTIVITY",1.55814205886282,0.025021859062507,0.0982662249891493,"up_in_high_altitude",30,0.482589355055797,0.352487857583619,"UBB;NEDD4L;PPM1A;UBA52;NCOR2;USP9X;MAPK1;UBE2D3;UBC;SERPINE1"
"Reactome","A_standard_TMM","REACTOME_JOSEPHIN_DOMAIN_DUBS",1.60369953769628,0.0251662692680889,0.0985215777971555,"up_in_high_altitude",11,0.638478586080356,0.352487857583619,"UBB;RAD23A;UBA52;VCP;RAD23B;UBC"
"Reactome","A_standard_TMM","REACTOME_INSULIN_RECEPTOR_RECYCLING",1.57115471741035,0.0254678815056889,0.0993888080143396,"up_in_high_altitude",25,0.509657160965669,0.352487857583619,"PTPRF;ATP6V0C;ATP6V1E1;ATP6V1D;TCIRG1;ATP6V0E1;ATP6V0D1;ATP6V0B;CTSD;ATP6AP1"
"Reactome","A_standard_TMM","REACTOME_SIGNALING_BY_NOTCH4",1.49789772580186,0.0257394781739986,0.100133832018596,"up_in_high_altitude",69,0.383725174413146,0.352487857583619,"UBB;PSMD2;UBA52;MAML3;SKP1;TACC3;KAT2B;UBC;PSMB6;NOTCH2;CREBBP;PSMD3;PSMC3;PSMD14;AKT1;PSMD13;ACTA2;PSMD8;RBX1;PSMB3;NOTCH4;ADRM1;PSMC4;NOTCH1"
"Reactome","A_standard_TMM","REACTOME_ELASTIC_FIBRE_FORMATION",1.61646015358538,0.0262538001982153,0.101498336591854,"up_in_high_altitude",27,0.512708627731896,0.352487857583619,"ITGB3;LTBP2;LTBP1;ITGB5;FURIN;LOXL3;FBN2;LOXL1;EMILIN2;TGFB1;ITGA5;EFEMP2;EMILIN1;MFAP4"
"Reactome","A_standard_TMM","REACTOME_INTEGRATION_OF_ENERGY_METABOLISM",1.52903539842049,0.0261786901341441,0.101498336591854,"up_in_high_altitude",79,0.383942985242828,0.352487857583619,"ADIPOR1;GNAS;STK11;SLC2A1;TALDO1;GNB2;GNB1;PRKAR2B;ACLY;KCNG2;GNG11;FASN;IQGAP1;GNG5;AGPAT1;PLCB2;TKT;PLCB3;ADRA2A;GNA15;GNGT2;GNG8;PRKACA;GNAQ;ADCY9;ADCY4"
"Reactome","A_standard_TMM","REACTOME_CONSTITUTIVE_SIGNALING_BY_AKT1_E17K_IN_CANCER",1.56442188146726,0.0276039251849341,0.106057186236852,"up_in_high_altitude",25,0.507473137957636,0.352487857583619,"FOXO4;PRR5;AKT1S1;GSK3A;AKT2;FOXO3;CDKN1A;TSC2;RPS6KB2;AKT1;MLST8"
"Reactome","A_standard_TMM","REACTOME_INTERLEUKIN_4_AND_INTERLEUKIN_13_SIGNALING",1.48412544012379,0.0275674776825461,0.106057186236852,"up_in_high_altitude",85,0.368242862907205,0.352487857583619,"BCL2L1;F13A1;PIM1;ITGAM;FOXO3;LCN2;HMOX1;ALOX5;CDKN1A;MAOA;ITGB2;STAT6;LIF;JAK1;TNF;OPRD1;IL17F;AKT1;VIM;TNFRSF1B;STAT3;TYK2;HGF;ITGAX;TGFB1"
"Reactome","A_standard_TMM","REACTOME_SUPPRESSION_OF_PHAGOSOMAL_MATURATION",1.61784916702904,0.0278951958106615,0.106845487657503,"up_in_high_altitude",12,0.632691020546632,0.352487857583619,"UBB;UBA52;HGS;RAB5A;UBC;RAB7A;KPNA1;CORO1A"
"Reactome","A_standard_TMM","REACTOME_REGULATION_OF_TP53_ACTIVITY_THROUGH_PHOSPHORYLATION",-1.46147299584512,0.0283217278363839,0.108145428446007,"down_in_high_altitude",88,-0.330991170574533,0.352487857583619,"ATM;MDM4;RPS27A;TP53INP1;TAF9B;MRE11;DYRK2;TAF4B;MAPKAPK5;BLM;NBN;BARD1;MDM2;PRKAA1;RHNO1;RAD17;PRKAG2;PRKAB2;WRN;RAD1;TAF1;TAF2;TAF9;ATR;TOPBP1;TAF11;HUS1;TAF5;CCNA2;CDK5R1;TBP;CDK2;DNA2;RAD9B;TP53RK;RFC5"
"Reactome","A_standard_TMM","REACTOME_TRAF6_MEDIATED_IRF7_ACTIVATION_IN_TLR7_8_OR_9_SIGNALING",1.63417334196078,0.0285434518492241,0.108325454877331,"up_in_high_altitude",13,0.626423635269124,0.352487857583619,"UBB;UBA52;MYD88;IRAK1;UBE2V1;UBC"
"Reactome","A_standard_TMM","REACTOME_LDL_CLEARANCE",1.58258282413868,0.0285189724286336,0.108325454877331,"up_in_high_altitude",16,0.577177034064508,0.352487857583619,"AP2A1;AP2M1;AP2S1;AP2B1;AP2A2"
"Reactome","A_standard_TMM","REACTOME_NERVOUS_SYSTEM_DEVELOPMENT",1.29294363680899,0.0287344912718592,0.108717998988955,"up_in_high_altitude",451,0.265542357906359,0.352487857583619,"ANK1;ARHGEF12;ITSN1;UBB;ITGB3;ABLIM3;SPTA1;GSPT1;SPTB;PIK3R2;TLN1;AP2A1;TUBB2B;RAP1GAP;TUBB1;PSMD2;UNC5A;AP2M1;MYH9;TUBB2A;CASC3;ARHGEF11;TUBB4B;SRGAP2;SIAH2;EIF4G1;AP2S1;PLXNA2;UBA52;AP2B1;MAP2K2;ITGA2B;PLXNB3;DLG4;ZSWIM8;MAPK1;EPHB1;SCN1B;MBP;TUBA1B;SRC;COL6A3;DNM3;TUBA4A;TUBA1A;TUBA8;MAPK7;UBC;RHOC;MYL9;ELOB;MSN;ARPC1B;PAK1;VASP;PSMB6;CLTCL1;AP2A2;COL9A3;PSMD3;NCK2;MYL6;DOK1;ARPC5;RPS12;ITGA10;DNM2;PSMC3;HSP90AB1;MYO9B;PIK3CD;DOK2;PSMD14;PLXND1;ARPC1A;COL9A2;ITGA9;KIF4A;MAPK3;PSMD13;GFRA2;SEMA4A;SPTAN1;RHOA;TUBA1C;FES;NUMB;PSMD8;RHOB;PDLIM7;SHC1;GRB10;RBX1;DNM1;LYN;RPS6KA1;PSMB3;GAB2;PTK2;ADRM1;GRB2;EPHA1;AGAP2;RPLP1;ACTB;SEMA7A;CDC42;PSMC4;PITPNA;PIP5K1C;NCAM1;PAK4;PRKACA;RPL36AL;UNC5B;ITGA5;RRAS;SMARCA4;ACTG1;TUBA4B;EIF4A3"
"Reactome","A_standard_TMM","REACTOME_G2_M_DNA_DAMAGE_CHECKPOINT",1.51184640325472,0.0290606709224222,0.109460592372453,"up_in_high_altitude",79,0.379626803862013,0.352487857583619,"H2BC21;H2BC8;H2BC11;H2BC12;BABAM1;H2BC9;H2BC17;H2BC4;UIMC1;YWHAH;H2BC12L;H4C8;H2BC5;H4C3;SFN;H4C12;RPA1;H4C15;TOP3A;PIAS4;RFC2;KAT5"
"Reactome","A_standard_TMM","REACTOME_PROCESSING_OF_DNA_DOUBLE_STRAND_BREAK_ENDS",1.50110531755373,0.029107167995898,0.109460592372453,"up_in_high_altitude",81,0.376830959357966,0.352487857583619,"UBB;H2BC21;H2BC8;H2BC11;H2BC12;BABAM1;H2BC9;H2BC17;UBA52;H2BC4;UIMC1;H2BC12L;H4C8;UBC;H2BC5;H4C3;H4C12;RPA1;H4C15;TOP3A;PIAS4;RFC2;KAT5"
"Reactome","A_standard_TMM","REACTOME_TAK1_DEPENDENT_IKK_AND_NF_KAPPA_B_ACTIVATION",1.58525027135965,0.0296138150731775,0.11085572131793,"up_in_high_altitude",43,0.444552098706199,0.352487857583619,"UBB;APP;UBA52;IKBKG;NKIRAS2;IRAK1;NFKBIB;UBE2V1;UBC;NLRX1;TAB2;AGER;RELA;N4BP1;NOD2"
"Reactome","A_standard_TMM","REACTOME_EPH_EPHRIN_MEDIATED_REPULSION_OF_CELLS",1.51059293235361,0.0296568086039909,0.11085572131793,"up_in_high_altitude",41,0.429586031994055,0.352487857583619,"AP2A1;AP2M1;AP2S1;AP2B1;EPHB1;SRC;CLTCL1;AP2A2;DNM1;LYN;EPHA1;ACTB;ACTG1;EFNB1;CLTB;MMP9;CLTA;RAC1;EPHB2;CLTC"
"Reactome","A_standard_TMM","REACTOME_TRANSPORT_OF_BILE_SALTS_AND_ORGANIC_ACIDS_METAL_IONS_AND_AMINE_COMPOUNDS",1.52663276265869,0.0297692063493718,0.110941696935647,"up_in_high_altitude",48,0.417182762276833,0.352487857583619,"SLC6A9;BSG;SLC14A1;RHAG;SLC6A19;SLC22A4;RSC1A1;SLC6A12;SLC11A1;SLC40A1;SLC22A1;SLC16A3;SLC44A2;SLC31A1;SLC22A16;SLC39A3;SLC39A7"
"Reactome","A_standard_TMM","REACTOME_ABC_FAMILY_PROTEINS_MEDIATED_TRANSPORT",1.43772224593738,0.0302143959717108,0.112263668864949,"up_in_high_altitude",78,0.361635215962295,0.352487857583619,"UBB;ABCC3;PSMD2;UBA52;VCP;ABCC4;ABCB6;UBC;RNF5;PSMB6;PSMD3;ABCF1;PSMC3;ABCC10;ABCA2;PSMD14;PSMD13;RNF185;PSMD8;PSMB3;ADRM1;ABCA7;OS9;ABCD1;PSMC4"
"Reactome","A_standard_TMM","REACTOME_PINK1_PRKN_MEDIATED_MITOPHAGY",1.56528686720096,0.0310074402356541,0.114866368156558,"up_in_high_altitude",32,0.476237345207401,0.352487857583619,"UBB;PINK1;OPTN;MFN2;ATG9A;UBA52;SQSTM1;MAP1LC3B;UBE2D3;UBE2V1;UBC"
"Reactome","A_standard_TMM","REACTOME_RRNA_MODIFICATION_IN_THE_NUCLEUS_AND_CYTOSOL",-1.45340956261413,0.0317526104060888,0.117276754505822,"down_in_high_altitude",60,-0.354216827876176,0.321775918075361,"THUMPD1;RPS6;WDR75;KRR1;NOP58;WDR43;RPS7;NOL11;FBL;UTP15;HEATR1;WDR36;UTP18;DIMT1;NHP2;DDX47;UTP11;TRMT112;UTP25"
"Reactome","A_standard_TMM","REACTOME_AKT_PHOSPHORYLATES_TARGETS_IN_THE_CYTOSOL",1.59343463132778,0.0321972428605711,0.118566107982103,"up_in_high_altitude",14,0.601106257916256,0.321775918075361,"MKRN1;AKT1S1;GSK3A;AKT2;CDKN1A;TSC2"
"Reactome","A_standard_TMM","REACTOME_FORMATION_OF_SENESCENCE_ASSOCIATED_HETEROCHROMATIN_FOCI_SAHF",1.61668261325639,0.0324998485265539,0.1189743717447,"up_in_high_altitude",13,0.619718957388768,0.321775918075361,"H1-0;CDKN1A;H1-2;HIRA;UBN1;CABIN1"
"Reactome","A_standard_TMM","REACTOME_AUF1_HNRNP_D0_BINDS_AND_DESTABILIZES_MRNA",1.54133891381235,0.0324177276729861,0.1189743717447,"up_in_high_altitude",42,0.435514940126621,0.321775918075361,"UBB;PSMD2;EIF4G1;UBA52;HSPA1A;UBC;HSPB1;PSMB6;PSMD3;PSMC3;PSMD14;PSMD13;PSMD8;PSMB3;ADRM1;PSMC4"
"Reactome","A_standard_TMM","REACTOME_G_BETA_GAMMA_SIGNALLING_THROUGH_CDC42",1.56830813473455,0.0329489742467264,0.11993652583064,"up_in_high_altitude",16,0.571970972955542,0.321775918075361,"GNB2;GNB1;PAK1;GNG11;GNG5;GNGT2;GNG8;CDC42"
"Reactome","A_standard_TMM","REACTOME_PKR_MEDIATED_SIGNALING",1.48057810976766,0.0329559672105142,0.11993652583064,"up_in_high_altitude",69,0.379288307617092,0.321775918075361,"SNCA;TUBB2B;TUBB1;TUBB2A;TUBB4B;HSPA1A;IKBKG;TUBA1B;TUBA4A;TUBA1A;TUBA8;HSPA1B"
"Reactome","A_standard_TMM","REACTOME_INTERLEUKIN_3_INTERLEUKIN_5_AND_GM_CSF_SIGNALING",1.54399501802367,0.0331015403335632,0.120114068871204,"up_in_high_altitude",45,0.428760263914703,0.321775918075361,"UBB;PIK3R2;UBA52;SYK;INPP5D;VAV1;PTPN6;UBC;HCK;INPPL1;JAK1;PIK3CD;SHC1;LYN;GAB2;GRB2;PRKACA;STAT5A"
"Reactome","A_standard_TMM","REACTOME_SUMOYLATION_OF_DNA_DAMAGE_RESPONSE_AND_REPAIR_PROTEINS",-1.44663408712158,0.0335259850766959,0.121299555335801,"down_in_high_altitude",77,-0.334766769371326,0.321775918075361,"PHC3;NUP43;BMI1;NSMCE3;BLM;NSMCE4A;NUP107;NUP133;CDKN2A;RANBP2;STAG2;TDG;SMC3;SUMO2;NUP42;SMC5;WRN;SMC6;NUP160;NUP54;NUP155;RNF2;NDC1;NUP35;NSMCE2;XRCC4;PIAS2;SEH1L;NUP37"
"Reactome","A_standard_TMM","REACTOME_NEGATIVE_REGULATION_OF_NOTCH4_SIGNALING",1.54341340844719,0.0337202429744905,0.121647737009717,"up_in_high_altitude",44,0.430883948652698,0.321775918075361,"UBB;PSMD2;UBA52;SKP1;TACC3;UBC;PSMB6;PSMD3;PSMC3;PSMD14;AKT1;PSMD13;PSMD8;RBX1;PSMB3;NOTCH4;ADRM1;PSMC4"
"Reactome","A_standard_TMM","REACTOME_DEVELOPMENTAL_LINEAGE_OF_PANCREATIC_DUCTAL_CELLS",1.65138352417362,0.0342319750353444,0.122074370743858,"up_in_high_altitude",19,0.572858149334095,0.321775918075361,"AQP1;CA2;LAMB2;KRT23;LAMB3;ANXA2;ANXA3"
"Reactome","A_standard_TMM","REACTOME_TRAFFICKING_OF_AMPA_RECEPTORS",1.57919196258201,0.034045931692761,0.122074370743858,"up_in_high_altitude",21,0.535950646008123,0.321775918075361,"TSPAN7;AP2A1;AP2M1;AP2S1;AP2B1;DLG4;AP2A2"
"Reactome","A_standard_TMM","REACTOME_FOXO_MEDIATED_TRANSCRIPTION",1.54520827560816,0.0339892401098538,0.122074370743858,"up_in_high_altitude",55,0.411899434559899,0.321775918075361,"FOXO4;PINK1;STK11;AKT2;FOXO3;CDKN1A;KAT2B;GADD45A;CREBBP;SOD2;SFN;CAT;AKT1;KLF4;BBC3;CITED2;NFYC"
"Reactome","A_standard_TMM","REACTOME_PROTEASOME_ASSEMBLY",1.53287778621554,0.0341583408069177,0.122074370743858,"up_in_high_altitude",50,0.415949542955339,0.321775918075361,"PSMF1;PSMD4;PSMD2;PSMD9;PSME4;PSMB6;PSMD3;PSME1;PSMC3;PSMD14;PSMD13;PSMD8;PSMB3;ADRM1;PSME2;POMP;PSMC4;PSME3"
"Reactome","A_standard_TMM","REACTOME_INTERFERON_SIGNALING",1.31683421424924,0.0353741496598639,0.125786016412296,"up_in_high_altitude",247,0.286754990337297,0.282013350011725,"SNCA;UBB;TRIM10;IFI27;TUBB2B;TUBB1;YBX1;TUBB2A;TUBB4B;FLNA;EIF4G1;UBA52;NUP98;BECN1;MT2A;HSPA1A;IKBKG;PRKCD;MAPK1;HSPA5;TUBA1B;PTPN6;TUBA4A;TUBA1A;TUBA8;UBC;IRF3;HSPA1B;IRF5;JAK1;RAF1;IFI30;IRF2;TRIM8;MAPK3;SEC13;TRIM3;TUBA1C;KPNA1;EIF4E2;MX2;NUP188;SP100;AAAS;STAT3;ADAR;UBE2L6;TYK2;IFNGR2;UBA7;TRIM26;FCGR1A;NUP210;OASL;EIF4A1;NCAM1;EIF4G2;OAS1;MX1;TUBA4B;EIF4A3;EIF4G3;IFITM2;OAS3"
"Reactome","A_standard_TMM","REACTOME_G_ALPHA_I_SIGNALLING_EVENTS",1.36100562966099,0.0355363528120986,0.126001753828041,"up_in_high_altitude",174,0.3045630071827,0.321775918075361,"RGS6;GNAS;C3AR1;APP;PF4;RGS10;GNAZ;GNB2;PSAP;CORT;PRKCD;GNB1;MAPK1;SRC;PRKAR2B;HEBP1;LPAR2;CAMKK2;P2RY12;RGS3;GNG11;CXCL5;CAMKK1;GNG5;RGS16;OPRD1;PCP2;CXCL16;PDE4A;OPRL1;PLCB2;C5AR1;PLCB3;ADRA2A;CCL20;GNA15;RGS19;C5;GNGT2;CCR10;GNG8;RGS9;GPER1;CX3CR1;PRKACA;CHRM4;CXCR2;FPR1;GNAQ;ADCY9;PPBP;ADCY4;FPR2;CXCR1;GABBR1;C3;RGS14;PPP3R1;CCL4L2;ITPR2;PRKAR1B;PPP1CA;NMUR1"
"Reactome","A_standard_TMM","REACTOME_HOST_INTERACTIONS_OF_HIV_FACTORS",1.37257033447159,0.0367647058823529,0.129985754985755,"up_in_high_altitude",118,0.320744068900677,0.287857117255149,"UBB;AP2A1;PSMD2;AP2M1;ARF1;AP2S1;UBA52;AP2B1;NUP98;DOCK2;SKP1;AP1B1;UBC;ELOB;AP1M2;HCK;PSMB6;AP2A2;PSMD3;PSMC3;AP1M1;PSMD14;PSMD13;SEC13;ELMO1;KPNA1;NUP188;PSMD8;RBX1;AAAS;PSMB3;ADRM1;PSMC4;NUP210;PACS1"
"Reactome","A_standard_TMM","REACTOME_PROCESSING_AND_ACTIVATION_OF_SUMO",-1.56886407781085,0.0373432384797553,0.131656133390273,"down_in_high_altitude",10,-0.628653080097357,0.321775918075361,"SENP1;UBA2;SUMO2;RWDD3;SENP5;SENP2"
"Reactome","A_standard_TMM","REACTOME_ANTIGEN_PROCESSING_UBIQUITINATION_PROTEASOME_DEGRADATION",1.29247659707197,0.0375335120643432,0.131952091988243,"up_in_high_altitude",271,0.278989824715521,0.271288554688953,"MKRN1;UBB;FBXO9;RNF182;FBXO7;RNF123;CDC34;UBE2O;NEDD4L;FZR1;PSMD2;FBXW4;SIAH2;HECTD3;UBA52;TRIP12;UBE2H;UBAC1;UBE2F;UBE2M;SKP1;UBE2R2;HUWE1;TRIM41;RNF14;UBE2B;TRAF7;ANAPC2;UBE2D3;UBE2V1;UBA1;UBE2S;UBC;UBR4;ELOB;UBE2E3;PSMB6;UBE2J2;PSMD3;TRIM11;ZNRF1;ANAPC13;PSMC3;UBE2D2;ATG7;PSMD14;FBXW5;MGRN1;PSMD13;RNF34;TRIM9;PSMD8;RNF19B;RBCK1;CDC20;RBX1;RNF126;CDC16;UBE2L6;PSMB3;ADRM1;HERC1;UBA7;RNF144B;UBR2;PSMC4;MIB2;UBE3B;FBXL5;KEAP1"
"Reactome","A_standard_TMM","REACTOME_GLYCOGEN_SYNTHESIS",1.57990976230473,0.0387721100864924,0.134208710721979,"up_in_high_altitude",12,0.617854086929369,0.321775918075361,"UBB;UBA52;GYG1;PGM1;UBC"
"Reactome","A_standard_TMM","REACTOME_EARLY_SARS_COV_2_INFECTION_EVENTS",1.57030994951199,0.038824276510226,0.134208710721979,"up_in_high_altitude",31,0.481640470138251,0.321775918075361,"CHMP4B;FURIN;VCP;BECN1;CTSL;MAP1LC3B;CHMP2A;ISCU"
"Reactome","A_standard_TMM","REACTOME_DISEASES_OF_BRANCHED_CHAIN_AMINO_ACID_CATABOLISM",-1.54209595975623,0.0387063404200772,0.134208710721979,"down_in_high_altitude",13,-0.567555501208709,0.321775918075361,"DBT;PPM1K;BCKDHB;DLD;MCCC2;HIBCH"
"Reactome","A_standard_TMM","REACTOME_OVARIAN_TUMOR_DOMAIN_PROTEASES",1.5224373168141,0.0384665285502735,0.134208710721979,"up_in_high_altitude",37,0.441034746168957,0.321775918075361,"UBB;TNIP1;OTUD5;UBA52;VCP;IKBKG;YOD1;ZRANB1;UBC;RNF135;RHOA;OTUD7B;TNIP2;NOD2"
"Reactome","A_standard_TMM","REACTOME_HOMOLOGOUS_DNA_PAIRING_AND_STRAND_EXCHANGE",-1.4485825724329,0.0386923721989305,0.134208710721979,"down_in_high_altitude",43,-0.382602529381206,0.321775918075361,"ATM;MRE11;BLM;NBN;BARD1;RHNO1;RAD17;PALB2;WRN;RAD1;ATR;TOPBP1;HUS1;SEM1;BRCA2;DNA2;RAD9B;RFC5;RAD50;BRIP1;RAD51B;RAD51D;RPA2;RAD51AP1"
"Reactome","A_standard_TMM","REACTOME_RNA_POLYMERASE_II_TRANSCRIPTION_TERMINATION",-1.40164045345392,0.0382852837050631,0.134208710721979,"down_in_high_altitude",66,-0.334124254114192,0.321775918075361,"SRSF11;SRSF7;SRRM1;SNRPF;THOC1;UPF3B;CPSF6;NUDT21;FYTTD1;CDC40;PABPN1;SRSF2;NCBP1;CPSF2;SRSF1;THOC2;LSM11;SNRPG;CSTF1;ZC3H11A;NCBP2;SARNP"
"Reactome","A_standard_TMM","REACTOME_SYNTHESIS_OF_LEUKOTRIENES_LT_AND_EOXINS_EX",1.56350285419252,0.0394764529633347,0.135635159672513,"up_in_high_altitude",14,0.589814813515073,0.321775918075361,"ALOX5;MAPKAPK2;CYP4F22;GGT5;ALOX5AP;LTA4H;LTC4S"
"Reactome","A_standard_TMM","REACTOME_SCF_BETA_TRCP_MEDIATED_DEGRADATION_OF_EMI1",1.51896234442918,0.0395648088649878,0.135635159672513,"up_in_high_altitude",42,0.429192300642328,0.321775918075361,"UBB;FZR1;PSMD2;UBA52;SKP1;UBC;PSMB6;PSMD3;PSMC3;PSMD14;PSMD13;PSMD8;CDC20;PSMB3;ADRM1;PSMC4"
"Reactome","A_standard_TMM","REACTOME_INTERLEUKIN_17_SIGNALING",1.47262395478511,0.0395017753692339,0.135635159672513,"up_in_high_altitude",68,0.377346748692172,0.321775918075361,"UBB;MAP2K3;MAP2K7;UBA52;IKBKG;SKP1;MAPK1;IRAK1;MAPKAPK2;UBE2V1;MAPK7;VRK3;UBC;MAPKAPK3;IL17F;MAPK3;TAB2;RPS6KA1;IL17RA;TNIP2"
"Reactome","A_standard_TMM","REACTOME_O_LINKED_GLYCOSYLATION",1.47531010867138,0.039818804064011,0.136129850808368,"up_in_high_altitude",74,0.374219541310646,0.321775918075361,"THBS1;EMID1;GALNT5;ADAMTS2;ST6GALNAC4;GALNT10;MMRN1;MUC5B;GALNT2;ST3GAL1;MUC6;GALNT6;ST3GAL2;ST3GAL3;POMGNT2;B4GALT5;B3GNT8;GALNT14;ADAMTSL4;B3GNTL1;MUC12;CFP;ST6GALNAC2;DAG1;ADAMTS10;SPON2"
"Reactome","A_standard_TMM","REACTOME_THROMBOXANE_SIGNALLING_THROUGH_TP_RECEPTOR",1.62477332800861,0.0402566837391281,0.13649875551983,"up_in_high_altitude",19,0.563627181781519,0.321775918075361,"GNB2;GNB1;GNG11;AAMP;GNG5;TBXA2R;GNA15;GNGT2;GNG8;GNAQ"
"Reactome","A_standard_TMM","REACTOME_SENSORY_PROCESSING_OF_SOUND_BY_OUTER_HAIR_CELLS_OF_THE_COCHLEA",1.54677242187108,0.0402118583027662,0.13649875551983,"up_in_high_altitude",39,0.4448699638458,0.321775918075361,"ESPN;MPP1;MYH9;GSN;MYO7A;EPB41L3;MSN;MYO1C;CDH23;SPTAN1;ACTB;KCNQ4;TPRN;KCNMA1;ACTG1"
"Reactome","A_standard_TMM","REACTOME_CYCLIN_D_ASSOCIATED_EVENTS_IN_G1",1.50850719690496,0.0400753154901932,0.13649875551983,"up_in_high_altitude",47,0.415097380808559,0.321775918075361,"UBB;CDKN2D;E2F2;UBA52;E2F4;TFDP1;CDKN1C;SKP1;CDKN1A;E2F1;SRC;UBC"
"Reactome","A_standard_TMM","REACTOME_JNK_C_JUN_KINASES_PHOSPHORYLATION_AND_ACTIVATION_MEDIATED_BY_ACTIVATED_HUMAN_TAK1",1.5517871818582,0.0405826223666674,0.137228976449685,"up_in_high_altitude",21,0.526649933820721,0.321775918075361,"UBB;MAP2K7;UBA52;IKBKG;IRAK1;UBE2V1;UBC"
"Reactome","A_standard_TMM","REACTOME_SIGNALING_BY_NOTCH1_PEST_DOMAIN_MUTANTS_IN_CANCER",1.43126109432144,0.0414593698175788,0.139812711803302,"up_in_high_altitude",54,0.382295783569195,0.287857117255149,"UBB;HDAC5;HDAC6;UBA52;MAML3;NCOR2;SKP1;NEURL1;KAT2B;UBC;CREBBP;CDK8;RBX1;HDAC7;MIB2;HDAC3;NOTCH1;HDAC10;JAG2"
"Reactome","A_standard_TMM","REACTOME_DNA_REPAIR",1.28527518718487,0.0415843873333008,0.139854267427172,"up_in_high_altitude",308,0.274413012372828,0.321775918075361,"ASCC2;POLL;UBB;H2AC6;H2BC21;H2BC8;H2BC11;H2BC12;RAD23A;ERCC2;BABAM1;DDB1;H2AJ;POLR2A;H2BC9;H2BC17;UBA52;VCP;CUL4A;H2BC4;H2AC8;UIMC1;H2AC18;H2AC19;COPS3;INO80B;H2BC12L;H4C8;CETN2;RAD23B;UBE2B;POLD4;BAP1;KDM4B;GPS1;UBC;ADPRS;INO80C;H2BC5;ELL;USP7;POLR2E;H4C3;POLR2J;TERF2IP;H4C12;POLR2L;RPA1;H4C15;PRKDC;TINF2;TOP3A;PIAS4;RFC2;KAT5;NPLOC4;RTEL1;POLR2G;RBX1;UFD1;UBE2L6;SMUG1;NEIL1;XPC;SLX1A;UBA7;ACTB;H2BC6;H2AC20;EME2;ATRIP;SIRT6;EME1"
"Reactome","A_standard_TMM","REACTOME_DEGRADATION_OF_GLI1_BY_THE_PROTEASOME",1.40651894705412,0.0423011844331641,0.141880459139342,"up_in_high_altitude",46,0.390671385744141,0.287857117255149,"UBB;PSMD2;UBA52;SKP1;UBC;PSMB6;PSMD3;PSMC3;PSMD14;PSMD13;NUMB;PSMD8;RBX1;PSMB3;ADRM1;GLI1;PSMC4;PRKACA;PSMD6"
"Reactome","A_standard_TMM","REACTOME_SIGNALING_BY_INSULIN_RECEPTOR",1.40115639724268,0.042833607907743,0.143278995723744,"up_in_high_altitude",58,0.370915183623191,0.282013350011725,"PTPRF;ATP6V0C;PIK3R2;AKT2;MAPK1;ATP6V1E1;ATP6V1D;TCIRG1;ATP6V0E1;ATP6V0D1;IRS1;MAPK3;ATP6V0B;CTSD;ATP6AP1;SHC1;GRB10;GAB2;GRB2"
"Reactome","A_standard_TMM","REACTOME_ABC_TRANSPORTER_DISORDERS",1.40392719431466,0.0431177446102819,0.143456088636354,"up_in_high_altitude",56,0.374521204826199,0.282013350011725,"UBB;PSMD2;UBA52;VCP;ABCB6;UBC;RNF5;PSMB6;PSMD3;PSMC3;PSMD14;PSMD13;RNF185;PSMD8;PSMB3;ADRM1;OS9;ABCD1;PSMC4"
"Reactome","A_standard_TMM","REACTOME_SIGNALING_BY_TGFB_FAMILY_MEMBERS",1.36587862896627,0.0431034482758621,0.143456088636354,"up_in_high_altitude",134,0.313289940038135,0.261663521711573,"UBB;ITGB3;RXRA;NEDD4L;LTBP2;LTBP1;ITGB5;FURIN;YBX1;PPM1A;UBA52;E2F4;NCOR2;USP9X;UBE2M;INHBB;TFDP1;MAPK1;FSTL1;ARRB2;UBE2D3;UBC;SERPINE1;TCF3;RARA;AGO2;CCNK;MAPK3;RHOA;CDK8;DRAP1;ACVRL1"
"Reactome","A_standard_TMM","REACTOME_PROTEIN_PROTEIN_INTERACTIONS_AT_SYNAPSES",1.41789882766374,0.0436241610738255,0.144752898108603,"up_in_high_altitude",53,0.381393786122323,0.282013350011725,"PTPRF;SHARPIN;SIPA1L1;EPB41;DLG4;EPB41L3;HOMER2;FLOT2;SYT2;APBA3;RTN3;LRFN1;LRFN2;LRFN4;FLOT1;DLGAP4"
"Reactome","A_standard_TMM","REACTOME_SYNTHESIS_OF_PIPS_AT_THE_EARLY_ENDOSOME_MEMBRANE",-1.52154593193324,0.0442195898790495,0.14594816765931,"down_in_high_altitude",16,-0.5261315135118,0.321775918075361,"INPP4B;PIK3C2A;PI4K2B;INPP4A;PIKFYVE;INPP5F"
"Reactome","A_standard_TMM","REACTOME_DEVELOPMENTAL_CELL_LINEAGES",1.42605253957019,0.0441426146010187,0.14594816765931,"up_in_high_altitude",47,0.392408253195941,0.282013350011725,"AQP1;KRT1;CA2;ABCG2;EGF;LAMB2;KRT23;LAMB3;NUMB;ANXA2;GNMT;CTRL;ANXA3"
"Reactome","A_standard_TMM","REACTOME_NEGATIVE_REGULATION_OF_MAPK_PATHWAY",1.54106879329406,0.0448985640987382,0.14740507419718,"up_in_high_altitude",40,0.44086239374863,0.321775918075361,"UBB;PPP2R5B;MARK3;UBA52;MAP2K2;BRAP;MAPK1;UBC;ARAF;RAF1;MAPK3"
"Reactome","A_standard_TMM","REACTOME_COLLAGEN_DEGRADATION",1.50764036195832,0.0448220759145836,0.14740507419718,"up_in_high_altitude",35,0.446374302062968,0.321775918075361,"CTSB;FURIN;CTSL;ELANE;COL6A3;COL9A3;COL18A1;COL9A2;CTSD;COL7A1"
"Reactome","A_standard_TMM","REACTOME_NOTCH_HLH_TRANSCRIPTION_PATHWAY",1.52190212603516,0.0453924428544783,0.148242162058967,"up_in_high_altitude",28,0.479621029150396,0.321775918075361,"HDAC5;HDAC6;MAML3;NCOR2;KAT2B;NOTCH2;CREBBP;HDAC7;NOTCH4;HDAC3;NOTCH1;HDAC10"
"Reactome","A_standard_TMM","REACTOME_SIGNAL_TRANSDUCTION_BY_L1",1.49221902375272,0.0453720508166969,0.148242162058967,"up_in_high_altitude",20,0.512598075025643,0.287857117255149,"ITGB3;MAP2K2;ITGA2B;MAPK1;PAK1;ITGA9;MAPK3;NCAM1;ITGA5"
"Reactome","A_standard_TMM","REACTOME_SYNTHESIS_OF_PC",1.48535915490222,0.0455373406193078,0.148325038605147,"up_in_high_altitude",23,0.491434777379865,0.287857117255149,"ACHE;PHOSPHO1;CHPT1;PCTP;PCYT1B;LPIN2"
"Reactome","A_standard_TMM","REACTOME_ADP_SIGNALLING_THROUGH_P2Y_PURINOCEPTOR_12",1.50619986067084,0.0462390489405969,0.149670347341338,"up_in_high_altitude",16,0.549319729135512,0.321775918075361,"GNB2;GNB1;P2RY12;GNG11;GNG5;GNGT2;GNG8"
"Reactome","A_standard_TMM","REACTOME_FBXL7_DOWN_REGULATES_AURKA_DURING_MITOTIC_ENTRY_AND_IN_EARLY_MITOSIS",1.42283897018668,0.0463121783876501,0.149670347341338,"up_in_high_altitude",41,0.404630350293419,0.276500599254472,"UBB;PSMD2;UBA52;SKP1;UBC;PSMB6;PSMD3;PSMC3;PSMD14;PSMD13;PSMD8;RBX1;PSMB3;ADRM1;PSMC4"
"Reactome","A_standard_TMM","REACTOME_SENSORY_PROCESSING_OF_SOUND",1.41279864202193,0.0462046204620462,0.149670347341338,"up_in_high_altitude",55,0.376603575700364,0.271288554688953,"ESPN;MPP1;MYH9;GSN;CTBP2;MYO7A;EPB41L3;MSN;MYO1C;CDH23;SPTAN1;DNAJC5;ACTB;KCNQ4;TPRN;KCNMA1;OTOF;ACTG1"
"Reactome","A_standard_TMM","REACTOME_HDR_THROUGH_SINGLE_STRAND_ANNEALING_SSA",-1.42764702293876,0.04651820369902,0.149945690364893,"down_in_high_altitude",37,-0.392524311866343,0.321775918075361,"ATM;MRE11;BLM;NBN;BARD1;RHNO1;ERCC4;RAD17;WRN;RAD1;ATR;TOPBP1;HUS1;DNA2;RAD9B;RFC5"
"Reactome","A_standard_TMM","REACTOME_REGULATION_OF_PYRUVATE_METABOLISM",1.45054583134002,0.0467937608318891,0.15044315334812,"up_in_high_altitude",32,0.441327471848227,0.276500599254472,"UBB;GID4;UBA52;PDK2;WDR26;GID8;RMND5A;UBC"
"Reactome","A_standard_TMM","REACTOME_TP53_REGULATES_TRANSCRIPTION_OF_GENES_INVOLVED_IN_G2_CELL_CYCLE_ARREST",1.50040819553694,0.0470162748643761,0.15076795118008,"up_in_high_altitude",17,0.533866232353597,0.282013350011725,"CARM1;E2F4;TFDP1;GADD45A;SFN;CCNB1;BAX;CDC25C;TFDP2;PRMT1;ZNF385A"
"Reactome","A_standard_TMM","REACTOME_NEF_MEDIATES_DOWN_MODULATION_OF_CELL_SURFACE_RECEPTORS_BY_RECRUITING_THEM_TO_CLATHRIN_ADAPTERS",1.53677005933137,0.0476640553656895,0.152451269868094,"up_in_high_altitude",21,0.521553380197006,0.321775918075361,"AP2A1;AP2M1;ARF1;AP2S1;AP2B1;AP1B1;AP1M2;AP2A2;AP1M1"
"Reactome","A_standard_TMM","REACTOME_G_ALPHA_S_SIGNALLING_EVENTS",1.41383874689811,0.0479576983361396,0.152996153303725,"up_in_high_altitude",85,0.350803250029504,0.321775918075361,"GNAS;PDE2A;GNAZ;GNB2;GNB1;GRK6;SRC;ARRB2;PRKAR2B;GNG11;INSL3;GNG5;GRK5;ADM2;GPBAR1;PTGIR;PDE4A;SHC1;GNGT2;ARRB1;GNG8;ADRB1;GPER1;PRKACA;ITGA5;HRH2;ADCY9;ADCY4;GPR84;ADM;AVPR2;PRKAR1B;GPR27"
"Reactome","A_standard_TMM","REACTOME_SARS_COV_2_MODULATES_AUTOPHAGY",1.55573921011828,0.0483271375464684,0.153279747653251,"up_in_high_altitude",11,0.619384209970515,0.282013350011725,"MAP1LC3B;VPS16;VPS11;VPS18;VPS45;VPS33B;TUFM"
"Reactome","A_standard_TMM","REACTOME_NFE2L2_REGULATING_TUMORIGENIC_GENES",1.54849977980665,0.0483271375464684,0.153279747653251,"up_in_high_altitude",11,0.616501986012257,0.282013350011725,"BCL2L1;EGF;MAFK;CREBBP"
"Reactome","A_standard_TMM","REACTOME_SYNAPTIC_ADHESION_LIKE_MOLECULES",1.54611702974382,0.0484171322160149,0.153279747653251,"up_in_high_altitude",14,0.583256196255423,0.282013350011725,"PTPRF;DLG4;FLOT2;RTN3;LRFN1;LRFN2;LRFN4;FLOT1"
"Reactome","A_standard_TMM","REACTOME_GROWTH_HORMONE_RECEPTOR_SIGNALING",1.51219670900447,0.0491803278688525,0.153908986327849,"up_in_high_altitude",19,0.524574815885311,0.276500599254472,"MAPK1;PTPN6;IRS1;MAPK3;LYN;STAT3;STAT5A;IRS2;STAT5B"
"Reactome","A_standard_TMM","REACTOME_NRAGE_SIGNALS_DEATH_THROUGH_JNK",1.4564932729589,0.049025833598067,0.153908986327849,"up_in_high_altitude",52,0.393027149694785,0.321775918075361,"ARHGEF12;ITSN1;ARHGEF37;ARHGEF11;ARHGEF10L;ARHGEF40;ABR;VAV1;FGD3;PREX1;ARHGEF1"
"Reactome","A_standard_TMM","REACTOME_RECRUITMENT_OF_NUMA_TO_MITOTIC_CENTROSOMES",1.41541268547699,0.049064080726119,0.153908986327849,"up_in_high_altitude",87,0.34818180367282,0.321775918075361,"TUBB2B;TUBB1;TUBB2A;TUBB4B;PCNT;ACTR1A;CETN2;TUBA1B;TUBA4A;TUBA1A;TUBA8;DYNLL1;DYNC1H1;PRKAR2B;MZT2A;SSNA1;DCTN1;TUBGCP2;TUBG1;NDE1;MZT2B;CEP131;DCTN2;TUBA1C;CDK5RAP2;CSNK1D;DCTN3"
"Reactome","A_standard_TMM","REACTOME_CLASS_B_2_SECRETIN_FAMILY_RECEPTORS",1.40526681707507,0.0492359932088285,0.153908986327849,"up_in_high_altitude",47,0.3866886258825,0.266350657088526,"GNAS;GNB2;ADGRE5;GNB1;FZD1;FZD5;GNG11;GNG5;ADM2;GNGT2;CD55;GNG8"
"Reactome","A_standard_TMM","REACTOME_PTEN_REGULATION",1.32558235903198,0.0490341753343239,0.153908986327849,"up_in_high_altitude",120,0.310320683134298,0.248911114434702,"MKRN1;UBB;MAF1;PSMD2;HDAC5;AKT2;UBA52;LAMTOR5;WWP2;MAPK1;RRAGD;RRAGA;UBC;LAMTOR1;PSMB6;CHD4;PHC2;PSMD3;USP7;PSMC3;AGO2;PSMD14;TRIM27;AKT1;MAPK3;PSMD13;MLST8;PSMD8;HDAC7;PSMB3;ADRM1;PSMC4;HDAC3;GATAD2A;RCOR1;MOV10;PSMD6"
"Reactome","A_standard_TMM","REACTOME_FORMATION_OF_TC_NER_PRE_INCISION_COMPLEX",1.40453947270957,0.0499168053244592,0.155645114089583,"up_in_high_altitude",51,0.379621272162988,0.261663521711573,"UBB;ERCC2;DDB1;POLR2A;UBA52;CUL4A;COPS3;GPS1;UBC;USP7;POLR2E;POLR2J;POLR2L;POLR2G;RBX1"
"Reactome","A_standard_TMM","REACTOME_ADVANCED_GLYCOSYLATION_ENDPRODUCT_RECEPTOR_SIGNALING",1.53795497460937,0.0500927643784787,0.155802307252361,"up_in_high_altitude",12,0.601446860603972,0.276500599254472,"LGALS3;APP;MAPK1;MAPK3;AGER"
"Reactome","A_standard_TMM","REACTOME_TRANSLATION_OF_REPLICASE_AND_ASSEMBLY_OF_THE_REPLICATION_TRANSCRIPTION_COMPLEX",1.546641073993,0.0507518796992481,0.156663489344038,"up_in_high_altitude",13,0.592870106952514,0.276500599254472,"CHMP4B;BECN1;MAP1LC3B;CHMP2A;ISCU"
"Reactome","A_standard_TMM","REACTOME_NITRIC_OXIDE_STIMULATES_GUANYLATE_CYCLASE",1.54333430429288,0.0507518796992481,0.156663489344038,"up_in_high_altitude",13,0.591602531081975,0.276500599254472,"PDE2A;GUCY1A1;GUCY1B1;IRAG1;PDE5A;KCNMA1;KCNMB1;KCNMB3;KCNMB4;PDE1B"
"Reactome","A_standard_TMM","REACTOME_TGF_BETA_RECEPTOR_SIGNALING_ACTIVATES_SMADS",1.51551159680975,0.0508746061286442,0.156663489344038,"up_in_high_altitude",43,0.424995266140223,0.321775918075361,"UBB;ITGB3;NEDD4L;LTBP2;LTBP1;ITGB5;FURIN;UBA52;UBE2M;UBC"
"Reactome","A_standard_TMM","REACTOME_HH_MUTANTS_ABROGATE_LIGAND_SECRETION",1.39266245465808,0.0505050505050505,0.156663489344038,"up_in_high_altitude",43,0.390544652912482,0.261663521711573,"UBB;PSMD2;UBA52;VCP;UBC;PSMB6;PSMD3;PSMC3;PSMD14;PSMD13;SYVN1;PSMD8;PSMB3;ADRM1;OS9;PSMC4"
"Reactome","A_standard_TMM","REACTOME_SARS_COV_2_HOST_INTERACTIONS",-1.24410873849336,0.051561026075798,0.158384240990261,"down_in_high_altitude",182,-0.253957782390018,0.321775918075361,"RPS27A;SIKE1;AKT3;RPS27L;RPS6;PATJ;NUP43;RPS20;RPS19;SNRPF;RPS29;RPS3A;RPS21;RPS8;RPS16;CHUK;RPS3;RPSA;RPS4Y1;RPS15A;RPS7;PALS1;SEC24A;RPS10;NUP107;NUP133;RPS17;RANBP2;PDPK1;RPS24;TBK1;TRAF6;G3BP2;NUP42;SNRPD2;HSP90AA1;RPS18;SNRPG;RPS26;NUP160;MAVS;PIK3C3;NUP54;NUP155;GEMIN8;TRAF3;GEMIN2;RPS13;NDC1;MAP3K7;TOMM70;RPS27;DDX20;B2M;SEC23A;NUP35"
"Reactome","A_standard_TMM","REACTOME_GLUCAGON_TYPE_LIGAND_RECEPTORS",1.55643884111403,0.052116279963103,0.15901103663716,"up_in_high_altitude",18,0.545328499097893,0.321775918075361,"GNAS;GNB2;GNB1;GNG11;GNG5;GNGT2;GNG8"
"Reactome","A_standard_TMM","REACTOME_RHO_GTPASES_ACTIVATE_PAKS",1.54813543162668,0.0526619952118235,0.15901103663716,"up_in_high_altitude",20,0.531806142060239,0.321775918075361,"MYH9;MYLK;FLNA;CTTN;MYL9;PAK1;MYL6"
"Reactome","A_standard_TMM","REACTOME_P75NTR_RECRUITS_SIGNALLING_COMPLEXES",1.51718417227472,0.051948051948052,0.15901103663716,"up_in_high_altitude",12,0.593324039024248,0.271288554688953,"UBB;UBA52;SQSTM1;MYD88;IRAK1;UBC"
"Reactome","A_standard_TMM","REACTOME_NOTCH3_INTRACELLULAR_DOMAIN_REGULATES_TRANSCRIPTION",1.49250719257575,0.052536231884058,0.15901103663716,"up_in_high_altitude",21,0.506531322971574,0.266350657088526,"PBX1;MAML3;KAT2B;CREBBP;PTCRA;PLXND1"
"Reactome","A_standard_TMM","REACTOME_REGULATION_OF_ORNITHINE_DECARBOXYLASE_ODC",1.47970930480387,0.0523982259598562,0.15901103663716,"up_in_high_altitude",38,0.427903838600105,0.321775918075361,"ODC1;OAZ1;PSMD2;OAZ2;PSMB6;PSMD3;PSMC3;PSMD14;PSMD13;PSMD8;PSMB3;ADRM1;PSMC4"
"Reactome","A_standard_TMM","REACTOME_RIP_MEDIATED_NFKB_ACTIVATION_VIA_ZBP1",1.47879360610437,0.0524412296564195,0.15901103663716,"up_in_high_altitude",17,0.526175458963686,0.266350657088526,"MYD88;IKBKG;NKIRAS2;NFKBIB;RIPK3;TICAM1;RELA"
"Reactome","A_standard_TMM","REACTOME_DECTIN_1_MEDIATED_NONCANONICAL_NF_KB_SIGNALING",1.39347244209039,0.0526315789473684,0.15901103663716,"up_in_high_altitude",47,0.383443156338532,0.257206466468838,"UBB;PSMD2;UBA52;UBE2M;SKP1;UBC;PSMB6;PSMD3;PSMC3;PSMD14;PSMD13;RELA;PSMD8;PSMB3;ADRM1;RELB;PSMC4;PSMD6;NFKB2"
"Reactome","A_standard_TMM","REACTOME_REGULATION_OF_SIGNALING_BY_CBL",1.47596861982371,0.0528233151183971,0.159111005004686,"up_in_high_altitude",22,0.494867221445801,0.266350657088526,"UBB;PIK3R2;UBA52;SYK;VAV1;UBC;HCK;PIK3CD;LYN;GRB2"
"Reactome","A_standard_TMM","REACTOME_RAC2_GTPASE_CYCLE",1.36874023051414,0.0538461538461538,0.161799217731421,"up_in_high_altitude",84,0.340033710417647,0.241339976815091,"PIK3R2;CDC42EP4;WASF2;DOCK2;ABR;VAV1;NCF2;MCAM;PAK1;LAMTOR1;VAMP3;IQGAP1;CYFIP1;BCR;RAB7A;MTX1;PREX1;PLD2;EMD;GIT2;CDC42;NCF1;ARHGAP1;PAK4;BRK1;ARHGAP21;RAC2;OPHN1;ESYT1;NCF4;ARHGAP26;NCKAP1L;DEF6;CYBB;TFRC;DOCK1"
"Reactome","A_standard_TMM","REACTOME_INACTIVATION_OF_CSF3_G_CSF_SIGNALING",1.54816529676076,0.0548924555282771,0.164544776112541,"up_in_high_altitude",24,0.507202593043075,0.321775918075361,"UBB;UBA52;SYK;UBE2D3;UBC;ELOB;HCK;UBE2D2;JAK1;LYN;STAT3;TYK2"
"Reactome","A_standard_TMM","REACTOME_CELLULAR_RESPONSE_TO_HEAT_STRESS",1.3494088965968,0.055045871559633,0.164607052061457,"up_in_high_altitude",91,0.330887556775373,0.237793834423688,"BAG1;UBB;AKT1S1;HDAC6;ST13;VCP;NUP98;HSPA1A;HSPA6;MAPK1;DEDD2;HSF1;HSPA5;MAPKAPK2;HSPB1;HSPA1B;CREBBP;HSP90AB1;RPA1;MAPK3;SEC13;MLST8;NUP188;AAAS"
"Reactome","A_standard_TMM","REACTOME_KERATAN_SULFATE_KERATIN_METABOLISM",1.46442622506137,0.0552584670231729,0.164845571095571,"up_in_high_altitude",25,0.475036165463467,0.257206466468838,"CHST2;B4GALT3;GNS;ST3GAL1;ST3GAL2;ST3GAL3;B4GALT5;GLB1"
"Reactome","A_standard_TMM","REACTOME_RECOGNITION_OF_DNA_DAMAGE_BY_PCNA_CONTAINING_REPLICATION_COMPLEX",1.42049749479377,0.0560420315236427,0.166782160961249,"up_in_high_altitude",30,0.439957939631778,0.252961123069611,"UBB;DDB1;UBA52;CUL4A;UBE2B;POLD4;UBC;RPA1;RFC2;RBX1"
"Reactome","A_standard_TMM","REACTOME_GLUTATHIONE_CONJUGATION",1.44678107044513,0.0570409982174688,0.169348992315499,"up_in_high_altitude",26,0.463570522415342,0.252961123069611,"CNDP2;GCLC;GSTO1;GSS;OPLAH;GGT5;AKR1A1;GSTM5;CHAC2;GSTP1;GSTO2;MGST2;MGST3;GGT1"
"Reactome","A_standard_TMM","REACTOME_FCERI_MEDIATED_NF_KB_ACTIVATION",1.42047788773827,0.0572600087647209,0.169593486579997,"up_in_high_altitude",68,0.363984784292997,0.321775918075361,"UBB;CDC34;PSMD2;UBA52;IKBKG;SKP1;UBE2V1;UBC;PSMB6;PSMD3;PSMC3;UBE2D2;PSMD14;PSMD13;TAB2;RELA;FCER1G;PSMD8;LYN;PSMB3;ADRM1;RASGRP4;PSMC4"
"Reactome","A_standard_TMM","REACTOME_IRAK1_RECRUITS_IKK_COMPLEX",1.52551314232766,0.0577281191806331,0.17023202858691,"up_in_high_altitude",14,0.575483598986757,0.257206466468838,"UBB;UBA52;IKBKG;IRAK1;UBE2V1;UBC"
"Reactome","A_standard_TMM","REACTOME_ADIPOGENESIS",1.35305306685314,0.0577507598784195,0.17023202858691,"up_in_high_altitude",94,0.329719897951106,0.231126709673834,"MED25;RXRA;CARM1;MED16;SLC2A4;NCOR2;MED12;CEBPA;CHD4;MED8;CREBBP;LPL;TNF;HNRNPU;THRAP3;ZNF467;KLF4;CDK8;NCOA6;RELA;MED29;MED15;CCND3;HELZ2;HDAC3;TGFB1;GATAD2A;SMAD1;MED24;FAM120B;KLF5;TBL1X;SMARCD3;CEBPD;CDK19;SREBF2"
"Reactome","A_standard_TMM","REACTOME_SENSORY_PERCEPTION",1.32296705955469,0.0578871201157742,0.17023202858691,"up_in_high_altitude",135,0.303610875114639,0.224966093540314,"OR2W3;ESPN;APOM;MPP1;OR2T8;MYH9;GSN;CTBP2;LRP10;OR2B6;MYO7A;GNB1;EPB41L3;SCN1B;LRP1;OR2T33;MSN;MYO1C;LPL;CDH23;SPTAN1;PLCB2;DNAJC5;PLB1;OR7D2;ACTB;KCNQ4;RGS9;SDC3;TPRN;KCNMA1"
"Reactome","A_standard_TMM","REACTOME_BETA_CATENIN_INDEPENDENT_WNT_SIGNALING",1.37290821436049,0.0580430359285092,0.170287015572766,"up_in_high_altitude",117,0.320886854136845,0.321775918075361,"UBB;AP2A1;PSMD2;AP2M1;AP2S1;UBA52;AP2B1;GNB2;GNB1;ARRB2;UBC;FZD1;FZD5;PSMB6;GNG11;GNAO1;SCRIB;AP2A2;PSMD3;PSMC3;GNG5;AGO2;PSMD14;PSMD13;RHOA;PLCB2;PSMD8;PLCB3;TCF7L2;PSMB3;GNGT2;ADRM1;GNG8"
"Reactome","A_standard_TMM","REACTOME_BASIGIN_INTERACTIONS",1.47479676469314,0.0598911070780399,0.174062913076926,"up_in_high_altitude",20,0.506613285718991,0.248911114434702,"BSG;ATP1B2;SLC7A5;SLC7A7;SLC16A3;SLC3A2"
"Reactome","A_standard_TMM","REACTOME_DRUG_ADME",1.45560347426485,0.0596339726438552,0.174062913076926,"up_in_high_altitude",50,0.39498099932641,0.321775918075361,"ABCC3;BSG;GUK1;ABCG2;ABCC4;VAV1;PNP;CNDP2;SULT1A1;SLC22A1"
"Reactome","A_standard_TMM","REACTOME_SIGNALING_BY_NOTCH1",1.44766116473223,0.0597663244834474,0.174062913076926,"up_in_high_altitude",67,0.371014492860109,0.321775918075361,"UBB;HDAC5;HDAC6;UBA52;MAML3;NCOR2;SKP1;NEURL1;ARRB2;KAT2B;UBC;CREBBP;DTX2;TLE3;CDK8;NUMB;RBX1;HDAC7;ARRB1;MIB2;HDAC3;NOTCH1;HDAC10"
"Reactome","A_standard_TMM","REACTOME_NEUREXINS_AND_NEUROLIGINS",1.42328206667144,0.0596252129471891,0.174062913076926,"up_in_high_altitude",35,0.421397937585042,0.241339976815091,"SHARPIN;SIPA1L1;EPB41;DLG4;EPB41L3;HOMER2;SYT2;APBA3"
"Reactome","A_standard_TMM","REACTOME_SIGNALING_BY_THE_B_CELL_RECEPTOR_BCR",1.34788844011383,0.0605143721633888,0.175107378497209,"up_in_high_altitude",97,0.325669137482386,0.224966093540314,"UBB;PSMD2;UBA52;SYK;IKBKG;SKP1;VAV1;PTPN6;NFKBIB;PLCG2;UBC;BTK;PSMB6;PSMD3;PSMC3;STIM1;PIK3CD;PSMD14;PSMD13;RASGRP3;RELA;PSMD8;LYN;FKBP1A;PSMB3;ADRM1;GRB2"
"Reactome","A_standard_TMM","REACTOME_SUMOYLATION_OF_RNA_BINDING_PROTEINS",-1.34489891078268,0.0605326876513317,0.175107378497209,"down_in_high_altitude",47,-0.344339962558641,0.287857117255149,"PHC3;NUP43;BMI1;NOP58;NUP107;NUP133;RANBP2;SUMO2;NUP42;NUP160;NUP54;NUP155;RNF2;NDC1;NUP35;SEH1L;NUP37"
"Reactome","A_standard_TMM","REACTOME_LATE_SARS_COV_2_INFECTION_EVENTS",1.44250599728142,0.0607225654373637,0.175248148157601,"up_in_high_altitude",67,0.36969329845083,0.321775918075361,"UBB;GSK3A;FURIN;ST6GALNAC4;ANO7;UBA52;ZDHHC3;ANO6;OST4;UBC;MGAT4B;ST3GAL1;ST3GAL2;ST3GAL3;PARP4;ANO10;MGAT1;ANO5;GANAB;ST6GALNAC2;ZDHHC2;RPN1;TMEM258"
"Reactome","A_standard_TMM","REACTOME_UPTAKE_AND_ACTIONS_OF_BACTERIAL_TOXINS",1.53488113121906,0.0614141296612528,0.176532115004853,"up_in_high_altitude",24,0.502850497550908,0.321775918075361,"MAP2K3;MAP2K7;FURIN;MAP2K2;SYT2;HSP90AB1;CD9;EEF2;GUCY2C;TXNRD1;ANTXR2;HBEGF"
"Reactome","A_standard_TMM","REACTOME_RHO_GTPASES_ACTIVATE_NADPH_OXIDASES",1.46194442602649,0.0615942028985507,0.176532115004853,"up_in_high_altitude",21,0.496158844600365,0.245041785430996,"PRKCD;MAPK1;NCF2;MAPK3;NCF1;RAC2;NCF4;PIN1;MAPK14;NOXA1;CYBB;RAC1"
"Reactome","A_standard_TMM","REACTOME_G_BETA_GAMMA_SIGNALLING_THROUGH_PI3KGAMMA",1.44608224642064,0.0615942028985507,0.176532115004853,"up_in_high_altitude",21,0.490775493109042,0.245041785430996,"AKT2;GNB2;GNB1;GNG11;GNG5;AKT1;RHOA;PIK3R5;GNGT2;GNG8"
"Reactome","A_standard_TMM","REACTOME_LISTERIA_MONOCYTOGENES_ENTRY_INTO_HOST_CELLS",1.53842827899262,0.0617472985382578,0.176563127847876,"up_in_high_altitude",17,0.547394310091794,0.321775918075361,"UBB;SH3GL1;UBA52;HGS;SRC;UBC"
"Reactome","A_standard_TMM","REACTOME_CROSS_PRESENTATION_OF_SOLUBLE_EXOGENOUS_ANTIGENS_ENDOSOMES",1.45343302268786,0.0620774688232308,0.177099169677309,"up_in_high_altitude",42,0.410676581368023,0.321775918075361,"MRC2;PSMD2;PSMB6;PSMD3;PSME1;PSMC3;PSMD14;PSMD13;PSMD8;PSMB3;ADRM1;PSME2;FCGR1A;PSMC4"
"Reactome","A_standard_TMM","REACTOME_AQUAPORIN_MEDIATED_TRANSPORT",1.47499360066944,0.0622889763831055,0.177189252183174,"up_in_high_altitude",35,0.436708419102649,0.321775918075361,"AQP1;GNAS;GNB2;GNB1;AQP10;PRKAR2B;GNG11;GNG5;RAB11A;GNGT2;GNG8;PRKACA;AQP9;ADCY9;ADCY4"
"Reactome","A_standard_TMM","REACTOME_INTERLEUKIN_10_SIGNALING",1.40551481586031,0.0623946037099494,0.177189252183174,"up_in_high_altitude",36,0.412354838372411,0.234392647294686,"LIF;JAK1;TNF;TNFRSF1B;CCL20;STAT3;CCL3;TYK2;IL1R1;FPR1;IL1R2;CD86;ICAM1;TNFRSF1A;IL1B;CCR2;IL1RN;TIMP1;CSF1"
"Reactome","A_standard_TMM","REACTOME_RHOJ_GTPASE_CYCLE",1.44952392399243,0.0626406584967475,0.177481865740785,"up_in_high_altitude",50,0.393331300844296,0.287805130535564,"PIK3R2;CDC42BPA;SLC1A5;STEAP3;WWP2;PAK1;LAMTOR1;VAMP3;SCRIB;STOM;CDC42BPB;RAB7A;PREX1;WAS;DOCK8;GIT2;CDC42;ARHGAP1;PAK4;ARHGAP21;OPHN1;JUP;ARHGAP26"
"Reactome","A_standard_TMM","REACTOME_PYRIMIDINE_SALVAGE",1.52402638487214,0.062962962962963,0.177510212495635,"up_in_high_altitude",10,0.620693808637764,0.245041785430996,"TK1;UCKL1;CDA;UPP1;TYMP;UCK2;TK2"
"Reactome","A_standard_TMM","REACTOME_INTERLEUKIN_2_SIGNALING",1.50139488087848,0.0630797773654917,0.177510212495635,"up_in_high_altitude",12,0.587149333068479,0.245041785430996,"PTK2B;SYK;JAK1;SHC1;STAT5A;STAT5B;IL2RB"
"Reactome","A_standard_TMM","REACTOME_TRANSCRIPTIONAL_REGULATION_BY_RUNX2",1.34626415804119,0.0630769230769231,0.177510212495635,"up_in_high_altitude",84,0.334450019554903,0.222056046145248,"UBB;PSMD2;LGALS3;AKT2;HDAC6;UBA52;SKP1;CDKN1A;MAPK1;SRC;UBC;PSMB6;ESRRA;PSMD3;PSMC3;PSMD14;AKT1;MAPK3;PSMD13;PSMD8;RBX1;PSMB3;ADRM1;PSMC4;HDAC3;ITGA5;SMAD1;PSMD6;CCNB1;HIVEP3;BAX"
"Reactome","A_standard_TMM","REACTOME_GOLGI_ASSOCIATED_VESICLE_BIOGENESIS",1.46742891440855,0.0633763709287563,0.177889121638649,"up_in_high_altitude",53,0.394716645935739,0.287805130535564,"NAPA;DNAJC6;ARF1;FTL;IGF2R;FTH1;YIPF6;RAB5C;AP1B1;AP1M2;SORT1;GAK;DNM2;AP1M1;BLOC1S1"
"Reactome","A_standard_TMM","REACTOME_ANTIVIRAL_MECHANISM_BY_IFN_STIMULATED_GENES",1.37147229056507,0.0635011127203235,0.177889121638649,"up_in_high_altitude",143,0.313895261488653,0.287805130535564,"SNCA;UBB;TUBB2B;TUBB1;TUBB2A;TUBB4B;FLNA;EIF4G1;UBA52;NUP98;BECN1;HSPA1A;IKBKG;TUBA1B;TUBA4A;TUBA1A;TUBA8;UBC;IRF3;HSPA1B;JAK1;MAPK3;SEC13;TUBA1C;KPNA1;EIF4E2;MX2;NUP188;AAAS;STAT3;ADAR;UBE2L6;UBA7;NUP210;OASL;EIF4A1;EIF4G2;OAS1;MX1;TUBA4B;EIF4A3;EIF4G3;OAS3"
"Reactome","A_standard_TMM","REACTOME_BIOLOGICAL_OXIDATIONS",1.37028201414714,0.0636857089782314,0.178004425319786,"up_in_high_altitude",125,0.317220895282045,0.287805130535564,"CMBL;PTGS1;SMOX;RXRA;CYB5R3;POR;COMT;MAOA;TPST2;CYP4F22;CNDP2;GCLC;PAPSS2;GSTO1;SULT1A1;HSP90AB1;NQO2;CYP4F12;TPST1;MTARC1;ALDH2;GSS;CYP26B1;OPLAH;GGT5;SULT1A2;AKR1A1;CYP21A2;TBXAS1;AOC3;PAPSS1"
"Reactome","A_standard_TMM","REACTOME_METABOLISM_OF_POLYAMINES",1.49217262712451,0.0639125500398287,0.178230876306199,"up_in_high_altitude",46,0.414462349923663,0.287805130535564,"ODC1;OAZ1;SMOX;PSMD2;OAZ2;PSMB6;PSMD3;PSMC3;PSMD14;PSMD13;PSMD8;PSMB3;ADRM1;PSMC4"
"Reactome","A_standard_TMM","REACTOME_TRANSCRIPTIONAL_REGULATION_OF_WHITE_ADIPOCYTE_DIFFERENTIATION",1.41489186879749,0.0640539652156041,0.178230876306199,"up_in_high_altitude",75,0.358376013683757,0.287805130535564,"MED25;RXRA;CARM1;MED16;SLC2A4;NCOR2;MED12;CEBPA;MED8;CREBBP;LPL;TNF;THRAP3;ZNF467;KLF4;CDK8;NCOA6;RELA;MED29;MED15;CCND3;HELZ2;HDAC3;TGFB1;MED24;FAM120B;KLF5;TBL1X;SMARCD3;CEBPD;CDK19;SREBF2"
"Reactome","A_standard_TMM","REACTOME_MITOCHONDRIAL_FATTY_ACID_BETA_OXIDATION",1.4759547952545,0.064348069971957,0.17864866853512,"up_in_high_altitude",33,0.443478995546578,0.287805130535564,"ACOT7;PCTP;THEM5;ACADVL;ACADS;HADHB;ACOT9;HADHA;PCCB;ACSM3"
"Reactome","A_standard_TMM","REACTOME_ASYMMETRIC_LOCALIZATION_OF_PCP_PROTEINS",1.37149294152515,0.0645161290322581,0.178715437788018,"up_in_high_altitude",47,0.377395035961757,0.231126709673834,"UBB;PSMD2;UBA52;UBC;FZD1;FZD5;PSMB6;SCRIB;PSMD3;PSMC3;PSMD14;PSMD13;PSMD8;PSMB3;ADRM1;PSMC4"
"Reactome","A_standard_TMM","REACTOME_METABOLISM_OF_ANGIOTENSINOGEN_TO_ANGIOTENSINS",1.51891353088083,0.0648148148148148,0.179142951414666,"up_in_high_altitude",10,0.618611484572789,0.241339976815091,"CTSG;ANPEP;CTSD;CTSZ;CPA3"
"Reactome","A_standard_TMM","REACTOME_ADP_SIGNALLING_THROUGH_P2Y_PURINOCEPTOR_1",1.51798109423469,0.0652618611692281,0.179578646809339,"up_in_high_altitude",20,0.521447706029894,0.287805130535564,"GNB2;GNB1;SRC;GNG11;GNG5;GNA15;GNGT2;GNG8;GNAQ"
"Reactome","A_standard_TMM","REACTOME_ROS_AND_RNS_PRODUCTION_IN_PHAGOCYTES",1.403290525803,0.0652557319223986,0.179578646809339,"up_in_high_altitude",29,0.440516690533968,0.234392647294686,"ATP6V0C;MPO;ATP6V1E1;NCF2;ATP6V1D;SLC11A1;TCIRG1;ATP6V0E1;ATP6V0D1;ATP6V0B;NCF1;RAC2;ATP6V1B2;NCF4"
"Reactome","A_standard_TMM","REACTOME_REGULATION_OF_LOCALIZATION_OF_FOXO_TRANSCRIPTION_FACTORS",1.50118554279711,0.0669144981412639,0.181951830336268,"up_in_high_altitude",11,0.597664837009445,0.237793834423688,"FOXO4;AKT2;FOXO3;SFN;AKT1"
"Reactome","A_standard_TMM","REACTOME_DEVELOPMENTAL_CELL_LINEAGES_OF_THE_EXOCRINE_PANCREAS",1.49160836730977,0.0665106782606826,0.181951830336268,"up_in_high_altitude",31,0.457501371316213,0.287805130535564,"AQP1;CA2;EGF;LAMB2;KRT23;LAMB3;ANXA2;GNMT;CTRL;ANXA3"
"Reactome","A_standard_TMM","REACTOME_ZBP1_DAI_MEDIATED_INDUCTION_OF_TYPE_I_IFNS",1.45600901409761,0.0671506352087114,0.181951830336268,"up_in_high_altitude",20,0.500159430999251,0.234392647294686,"MYD88;IKBKG;NKIRAS2;NFKBIB;IRF3;RIPK3;TICAM1;RELA"
"Reactome","A_standard_TMM","REACTOME_EPHB_MEDIATED_FORWARD_SIGNALING",1.45178524899053,0.0666420042142143,0.181951830336268,"up_in_high_altitude",38,0.419828731798371,0.287805130535564,"ITSN1;EPHB1;SRC;ARPC1B;PAK1;ARPC5;ARPC1A;RHOA;LYN;PTK2;ACTB;CDC42;ACTG1;EFNB1;LIMK1;ARPC4;LIMK2;RAC1;EPHB2;CFL1;HRAS;EPHB4;ARPC3;EPHB6"
"Reactome","A_standard_TMM","REACTOME_KERATAN_SULFATE_BIOSYNTHESIS",1.44958112128122,0.0669077757685353,0.181951830336268,"up_in_high_altitude",17,0.515781248070537,0.234392647294686,"CHST2;B4GALT3;ST3GAL1;ST3GAL2;ST3GAL3;B4GALT5"
"Reactome","A_standard_TMM","REACTOME_UNFOLDED_PROTEIN_RESPONSE_UPR",1.34564442512136,0.0670731707317073,0.181951830336268,"up_in_high_altitude",88,0.33120732939148,0.213927855492356,"PPP2R5B;ADD1;TLN1;HDGF;GSK3A;ACADVL;HSPA5;LMNA;EXTL3;HYOU1;WIPI1;CALR;CTDSP2;DCTN1;ATF4;ATP6V0D1;TPP1;SYVN1;EXOSC4;YIF1A;SHC1;NFYC;ARFGAP1"
"Reactome","A_standard_TMM","REACTOME_DISEASES_OF_METABOLISM",1.26588910858611,0.0665722379603399,0.181951830336268,"up_in_high_altitude",188,0.282473918103016,0.206587922696891,"UBB;THBS1;ADAMTS2;DPM2;TALDO1;UBA52;CTSA;RPIA;MUC5B;GYG1;MAOA;B4GALT7;PGM1;CYP4F22;UBC;PNP;GNS;GUSB;GCLC;PAPSS2;NOTCH2;MUC6;GAA;IDS;ST3GAL3;BCKDK;TCN2;PCCB;VCAN;ADAMTSL4;GSS;PC;GLB1;GALK1;PMM2;NOTCH4;CYP26B1;OPLAH;SDC3;CYP21A2;EXT1;NOTCH1;TBXAS1;GALE;MUC12;DCXR;CFP;MMADHC;DAG1;ADAMTS10;SPON2;GYS2;CYP17A1"
"Reactome","A_standard_TMM","REACTOME_P75NTR_SIGNALS_VIA_NF_KB",1.47228522301045,0.0673952641165756,0.182168320984202,"up_in_high_altitude",15,0.543957478974093,0.234392647294686,"UBB;UBA52;SQSTM1;MYD88;IRAK1;UBC"
"Reactome","A_standard_TMM","REACTOME_APC_C_CDH1_MEDIATED_DEGRADATION_OF_CDC20_AND_OTHER_APC_C_CDH1_TARGETED_PROTEINS_IN_LATE_MITOSIS_EARLY_G1",1.35791708776097,0.067524115755627,0.182168320984202,"up_in_high_altitude",61,0.357078771863084,0.219250346703755,"UBB;FZR1;PSMD2;UBA52;ANAPC2;UBE2S;UBC;PSMB6;PSMD3;PSMC3;PSMD14;PSMD13;PSMD8;CDC20;CDC16;PSMB3;ADRM1;PSMC4;UBE2C;PTTG1;PSMD6;ANAPC11;CDC27;CDC26;PSMB7"
"Reactome","A_standard_TMM","REACTOME_EGFR_DOWNREGULATION",1.42988501866971,0.0677361853832442,0.182344047853809,"up_in_high_altitude",25,0.463831557164345,0.231126709673834,"UBB;SH3GL1;UBA52;HGS;EGF;EPN1;UBC"
"Reactome","A_standard_TMM","REACTOME_DEFECTIVE_CFTR_CAUSES_CYSTIC_FIBROSIS",1.43488849424159,0.0682337781828931,0.183285971266169,"up_in_high_altitude",47,0.394839651367966,0.287805130535564,"UBB;PSMD2;UBA52;VCP;UBC;RNF5;PSMB6;PSMD3;PSMC3;PSMD14;PSMD13;RNF185;PSMD8;PSMB3;ADRM1;OS9;PSMC4"
"Reactome","A_standard_TMM","REACTOME_INLB_MEDIATED_ENTRY_OF_LISTERIA_MONOCYTOGENES_INTO_HOST_CELL",1.48333810203324,0.0686456400742115,0.183994037434334,"up_in_high_altitude",12,0.580087882552447,0.234392647294686,"UBB;SH3GL1;UBA52;HGS;UBC"
"Reactome","A_standard_TMM","REACTOME_SIGNALING_BY_ALK_IN_CANCER",1.33795117497264,0.0694864048338369,0.185846181893947,"up_in_high_altitude",89,0.328055166457132,0.208955027549354,"UBB;PIK3R2;MYH9;VCL;UBA52;SQSTM1;SKP1;CDKN1A;MAPK1;PTPN6;RRBP1;UBC;MSN;HIP1;DCTN1;PRF1;AGO2;IRS1;MAPK3;SHC1;RBX1;WDCP;STAT3;CARS1;TYK2;GRB2;NOTCH1;STAT5A;MOV10;MIR21;KLC1;CCNB1;TPM4;JUN"
"Reactome","A_standard_TMM","REACTOME_REGULATION_OF_PTEN_STABILITY_AND_ACTIVITY",1.36913961626691,0.0696517412935323,0.185887765473707,"up_in_high_altitude",54,0.365702878736138,0.219250346703755,"MKRN1;UBB;PSMD2;AKT2;UBA52;WWP2;UBC;PSMB6;PSMD3;PSMC3;PSMD14;TRIM27;AKT1;PSMD13;PSMD8;PSMB3;ADRM1"
"Reactome","A_standard_TMM","REACTOME_MAP3K8_TPL2_DEPENDENT_MAPK1_3_ACTIVATION",1.44571987369923,0.0699815837937385,0.186367264995771,"up_in_high_altitude",16,0.527262330958242,0.231126709673834,"UBB;UBA52;IKBKG;SKP1;UBC"
"Reactome","A_standard_TMM","REACTOME_NOTCH1_INTRACELLULAR_DOMAIN_REGULATES_TRANSCRIPTION",1.44230179427638,0.0705928250204148,0.187592496467526,"up_in_high_altitude",45,0.400520526776149,0.287805130535564,"UBB;HDAC5;HDAC6;UBA52;MAML3;NCOR2;SKP1;KAT2B;UBC;CREBBP;TLE3;CDK8;RBX1;HDAC7;HDAC3;NOTCH1;HDAC10"
"Reactome","A_standard_TMM","REACTOME_ACTIVATION_OF_MATRIX_METALLOPROTEINASES",1.43894225650247,0.0707803992740472,0.187689050211736,"up_in_high_altitude",18,0.504161294551976,0.227987202850442,"FURIN;CTSG;ELANE;MMP24;COL18A1;MMP17;MMP25;MMP8;MMP9;TIMP2;TIMP1"
"Reactome","A_standard_TMM","REACTOME_HDMS_DEMETHYLATE_HISTONES",1.37791773737501,0.0710571923743501,0.188021270227225,"up_in_high_altitude",31,0.422630543127734,0.222056046145248,"H3C10;H4C8;KDM4B;H4C3;H4C12;KDM5C;H4C15;KDM3B;H4C14;KDM6B;JMJD6;KDM7A;KDM5B;KDM2A;H3C6"
"Reactome","A_standard_TMM","REACTOME_ARACHIDONATE_METABOLISM",1.35609895743521,0.072041166380789,0.190219335060764,"up_in_high_altitude",41,0.38565066580061,0.219250346703755,"PTGS1;GPX1;ALOX5;ALOX12;MAPKAPK2;CYP4F22;ALOX15B;PTGDS;PTGES;GGT5;ALOX5AP;TBXAS1;GPX4"
"Reactome","A_standard_TMM","REACTOME_ACTIVATION_OF_APC_C_AND_APC_C_CDC20_MEDIATED_DEGRADATION_OF_MITOTIC_PROTEINS",1.33470693528861,0.0739549839228296,0.194858036195821,"up_in_high_altitude",61,0.350975414880329,0.208955027549354,"UBB;PSMD2;UBA52;ANAPC2;UBE2S;UBC;PSMB6;PSMD3;PSMC3;PSMD14;PSMD13;PSMD8;CDC20;CDC16;PSMB3;ADRM1;PSMC4;UBE2C;PTTG1;PSMD6;CCNB1;ANAPC11;CDC27;CDC26;PSMB7"
"Reactome","A_standard_TMM","REACTOME_ACTIVATION_OF_KAINATE_RECEPTORS_UPON_GLUTAMATE_BINDING",1.50991463957425,0.0744575279657542,0.195112944153156,"up_in_high_altitude",24,0.494671093628131,0.287805130535564,"DLG4;GNB2;GNB1;GNG11;GNG5;PLCB2;PLCB3;GNGT2;GNG8"
"Reactome","A_standard_TMM","REACTOME_PEXOPHAGY",1.4687226447403,0.0743494423791822,0.195112944153156,"up_in_high_altitude",11,0.584740430183741,0.224966093540314,"UBB;UBA52;SQSTM1;MAP1LC3B;NBR1;UBC"
"Reactome","A_standard_TMM","REACTOME_HIV_ELONGATION_ARREST_AND_RECOVERY",1.38778684669983,0.0745233968804159,0.195112944153156,"up_in_high_altitude",32,0.422233098248581,0.216542836735348,"POLR2A;SUPT5H;ELOB;CTDP1;ELL;NELFE;POLR2E;POLR2J;CCNK;POLR2L;SUPT4H1;POLR2G"
"Reactome","A_standard_TMM","REACTOME_NUCLEAR_ENVELOPE_NE_REASSEMBLY",1.33090718475246,0.0748407643312102,0.195531344284278,"up_in_high_altitude",68,0.341033090861732,0.206587922696891,"TUBB2B;TUBB1;CHMP4B;TUBB2A;TUBB4B;NUP98;CHMP2A;TUBA1B;TUBA4A;LMNA;TUBA1A;TUBA8;SIRT2;SEC13;TUBA1C;NUP188;EMD;TUBA4B;CHMP3;IST1;VPS4A;CCNB1"
"Reactome","A_standard_TMM","REACTOME_GERM_LAYER_FORMATION_AT_GASTRULATION",-1.45585986717668,0.0754310344827586,0.196032424851861,"down_in_high_altitude",11,-0.5633364513922,0.241339976815091,"LEF1;TCF7;SMAD3;SMAD4;TRIM33"
"Reactome","A_standard_TMM","REACTOME_SPRY_REGULATION_OF_FGF_SIGNALING",1.42284544697426,0.0755064456721915,0.196032424851861,"up_in_high_altitude",16,0.518919896318063,0.222056046145248,"UBB;UBA52;MAPK1;SRC;UBC;MAPK3;GRB2"
"Reactome","A_standard_TMM","REACTOME_FORMATION_OF_WDR5_CONTAINING_HISTONE_MODIFYING_COMPLEXES",-1.37986047066795,0.0753620973853622,0.196032424851861,"down_in_high_altitude",42,-0.364797872423266,0.287805130535564,"ZZZ3;PSIP1;OGT;KMT2A;BOD1;PAXIP1;HCFC2;MBIP;RBBP5;PHF20L1;PHF20;KANSL2;KMT2C;TASP1;DR1;DPY30"
"Reactome","A_standard_TMM","REACTOME_FORMATION_OF_INCISION_COMPLEX_IN_GG_NER",1.35155252143038,0.0757575757575758,0.196273802745619,"up_in_high_altitude",43,0.379016184869156,0.211400189384923,"UBB;RAD23A;ERCC2;DDB1;UBA52;CUL4A;CETN2;RAD23B;UBC"
"Reactome","A_standard_TMM","REACTOME_ADORA2B_MEDIATED_ANTI_INFLAMMATORY_CYTOKINES_PRODUCTION",1.37616901355579,0.0762564991334489,0.197154823801271,"up_in_high_altitude",32,0.41869838130339,0.213927855492356,"GNAS;GNAZ;GNB2;GNB1;PRKAR2B;GNG11;GNG5;GNGT2;GNG8;PRKACA;ADCY9;ADCY4"
"Reactome","A_standard_TMM","REACTOME_CYTOSOLIC_SENSORS_OF_PATHOGEN_ASSOCIATED_DNA",1.40360302735335,0.0766571170306663,0.197778549345233,"up_in_high_altitude",63,0.367516173191147,0.287805130535564,"UBB;UBA52;POLR3H;MYD88;POLR1D;IKBKG;NKIRAS2;NFKBIB;UBC;IRF3;STAT6;POLR3C;CREBBP;POLR2E;RIPK3;POLR2L;PRKDC;TICAM1;RELA"
"Reactome","A_standard_TMM","REACTOME_NF_KB_IS_ACTIVATED_AND_SIGNALS_SURVIVAL",1.46258364575929,0.0779220779220779,0.198865605563154,"up_in_high_altitude",12,0.571971453414017,0.219250346703755,"UBB;UBA52;SQSTM1;IRAK1;UBC"
"Reactome","A_standard_TMM","REACTOME_MATURATION_OF_TCA_ENZYMES_AND_REGULATION_OF_TCA_CYCLE",1.41585124266295,0.0780399274047187,0.198865605563154,"up_in_high_altitude",20,0.48636467566705,0.216542836735348,"ACO2;SDHB;ISCA1;ISCU;SDHA;SDHAF2"
"Reactome","A_standard_TMM","REACTOME_EVASION_BY_RSV_OF_HOST_INTERFERON_RESPONSES",1.41006813860498,0.0778985507246377,0.198865605563154,"up_in_high_altitude",21,0.478552923081742,0.216542836735348,"UBB;UBA52;UBC;IRF3;ELOB;CREBBP;JAK1;RBX1;TYK2"
"Reactome","A_standard_TMM","REACTOME_FLT3_SIGNALING_IN_DISEASE",1.40416287414468,0.0776014109347443,0.198865605563154,"up_in_high_altitude",27,0.44537220340258,0.213927855492356,"BCL2L1;PIM1;UBB;UBA52;CDKN1A;UBC;MYO18A"
"Reactome","A_standard_TMM","REACTOME_VASOPRESSIN_REGULATES_RENAL_WATER_HOMEOSTASIS_VIA_AQUAPORINS",1.37282632079937,0.0779896013864818,0.198865605563154,"up_in_high_altitude",32,0.417681369560994,0.211400189384923,"AQP1;GNAS;GNB2;GNB1;PRKAR2B;GNG11;GNG5;RAB11A;GNGT2;GNG8;PRKACA;ADCY9;ADCY4"
"Reactome","A_standard_TMM","REACTOME_SYNTHESIS_OF_SUBSTRATES_IN_N_GLYCAN_BIOSYTHESIS",1.32585397043741,0.0774299835255354,0.198865605563154,"up_in_high_altitude",58,0.350981068116377,0.206587922696891,"GFUS;GMPPB;ST6GALNAC4;HK1;DPM2;NPL;CTSA;CMAS;ST3GAL1;ST3GAL2;ST6GALNAC6;ST3GAL3;GLB1;PMM2;NANS"
"Reactome","A_standard_TMM","REACTOME_ATTACHMENT_AND_ENTRY",1.44398674914006,0.0782122905027933,0.198896419085997,"up_in_high_altitude",14,0.54472863473098,0.219250346703755,"FURIN;VCP;CTSL"
"Reactome","A_standard_TMM","REACTOME_GLYCOGEN_STORAGE_DISEASES",1.4504979914664,0.0789473684210526,0.200355182434614,"up_in_high_altitude",13,0.556015816336055,0.219250346703755,"UBB;UBA52;GYG1;UBC;GAA"
"Reactome","A_standard_TMM","REACTOME_DISORDERS_OF_TRANSMEMBRANE_TRANSPORTERS",1.26827892112808,0.0793650793650794,0.201004211208293,"up_in_high_altitude",127,0.292425315185278,0.190023305279108,"UBB;SLC4A1;BSG;RHAG;PSMD2;SLC2A1;SLC6A19;HK1;UBA52;VCP;NUP98;ABCB6;UBC;RNF5;SLC7A7;PSMB6;PSMD3;PSMC3;SLC40A1;PSMD14;PSMD13;SLC3A2;SEC13;RNF185;NUP188;PSMD8;AAAS;PSMB3;ADRM1;OS9;ABCD1;PSMC4;NUP210"
"Reactome","A_standard_TMM","REACTOME_STRIATED_MUSCLE_CONTRACTION",1.39284908703239,0.0797101449275362,0.201466985448213,"up_in_high_altitude",21,0.472709072534979,0.213927855492356,"TMOD1;MYL4;TPM1;MYBPC3;VIM;TNNI2"
"Reactome","A_standard_TMM","REACTOME_GLUCOSE_METABOLISM",1.31432343261351,0.0802568218298555,0.202436414412298,"up_in_high_altitude",74,0.333384492653821,0.199915231309662,"BPGM;HK1;HK3;NUP98;PCK2;PFKFB4;PGK1;FBP1;PFKP;PFKL;SLC37A2;HK2;PGAM1;SEC13;ENO1;PKM;NUP188;TPI1;AAAS;PC;ALDOA;ALDOC;NUP210;PRKACA;GPI"
"Reactome","A_standard_TMM","REACTOME_TICAM1_DEPENDENT_ACTIVATION_OF_IRF3_IRF7",1.44317219224695,0.0808270676691729,0.202910398953564,"up_in_high_altitude",13,0.553207635795799,0.216542836735348,"UBB;OPTN;UBA52;UBC;IRF3"
"Reactome","A_standard_TMM","REACTOME_INTERLEUKIN_RECEPTOR_SHC_SIGNALING",1.39355065839982,0.0809352517985611,0.202910398953564,"up_in_high_altitude",24,0.456548476416662,0.211400189384923,"PIK3R2;INPP5D;PTPN6;INPPL1;JAK1;PIK3CD;SHC1;GAB2;GRB2"
"Reactome","A_standard_TMM","REACTOME_DEGRADATION_OF_DVL",1.34373435013357,0.0808080808080808,0.202910398953564,"up_in_high_altitude",43,0.376823733291741,0.204294756516886,"UBB;PSMD2;UBA52;UBC;PSMB6;PSMD3;PSMC3;PSMD14;PSMD13;PSMD8;RBX1;PSMB3;ADRM1;PSMC4;DVL3;PSMD6"
"Reactome","A_standard_TMM","REACTOME_REGULATION_OF_ENDOGENOUS_RETROELEMENTS",1.29399872376819,0.081447963800905,0.2037841191067,"up_in_high_altitude",111,0.305897173070908,0.191892240384838,"H3C10;H2AC6;H2BC21;H2BC8;H2BC11;H2BC12;H2AJ;H2BC9;H2BC17;H2BC4;H2AC8;H2AC18;H2AC19;H2BC12L;H4C8;H2BC5;H3-3B;CHD4;H4C3;H4C12;H4C15;DPF3;H3-3A;SPOCD1;ACTB;H2BC6;H2AC20;GATAD2A;H2BC15;SMARCA4;DPF2;SETDB1;H4C14;TRIM28"
"Reactome","A_standard_TMM","REACTOME_SIGNALING_BY_MET",1.31690872754285,0.0816993464052288,0.204001788508831,"up_in_high_altitude",62,0.345747424178421,0.199915231309662,"UBB;RANBP10;SH3GL1;UBA52;HGS;TNS3;LAMB2;SRC;UBC;LAMB3;SPINT1;SHC1;STAT3;SPINT2;PTK2;GRB2;HGF;GGA3;RAB4B"
"Reactome","A_standard_TMM","REACTOME_PI3K_AKT_SIGNALING_IN_CANCER",1.31421087183182,0.0821256038647343,0.2046543662573,"up_in_high_altitude",80,0.330343523654626,0.197822021315103,"FOXO4;PRR5;PIK3R2;AKT1S1;GSK3A;AKT2;FOXO3;EGF;CDKN1A;VAV1;SRC;TSC2;PDGFRB;RPS6KB2;PIK3CD;IRS1;AKT1;MLST8;PIK3R5;GAB2;GRB2;HGF;MAPKAP1;FLT3;BAD;PIK3AP1;RHOG"
"Reactome","A_standard_TMM","REACTOME_GLYCEROPHOSPHOLIPID_BIOSYNTHESIS",1.28334666406281,0.0828313253012048,0.205999348093778,"up_in_high_altitude",105,0.306218982189026,0.190023305279108,"TMEM86B;ACHE;PHOSPHO1;PNPLA2;CDIPT;CHPT1;PCTP;OSBPL5;AGPAT3;PLAAT1;PCYT1B;MBOAT2;LPIN2;MGLL;HADHB;ABHD4;PITPNM1;AGPAT1;HADHA;PISD;CPNE1;SLC44A2;PITPNM2;PLD2;GPAT3;PLB1;LPCAT3;TAFAZZIN;PLD3;CSNK2A1;DGAT1;PLA2G15;DGAT2;PLBD1;PGP;PTDSS2;PLA2G4C;AGPAT2;CHKB;GPAT2"
"Reactome","A_standard_TMM","REACTOME_RET_SIGNALING",1.35776517509662,0.0831889081455806,0.206474870017331,"up_in_high_altitude",31,0.416449413362065,0.204294756516886,"PIK3R2;RAP1GAP;SRC;MAPK7;DOK1;PIK3CD;DOK2;GFRA2;PDLIM7;SHC1;GRB10;GAB2;GRB2;PRKACA"
"Reactome","A_standard_TMM","REACTOME_TRANSCRIPTIONAL_REGULATION_BY_E2F6",-1.39946747840143,0.0841418861228039,0.208008128841433,"down_in_high_altitude",34,-0.38884858148735,0.287805130535564,"PHC3;CDC7;BMI1;CBX3;MGA;CBX5;YAF2;UXT;SUZ12;RNF2;RBBP4;EPC1"
"Reactome","A_standard_TMM","REACTOME_ACTIVATION_OF_BH3_ONLY_PROTEINS",1.35646204206128,0.0840630472854641,0.208008128841433,"up_in_high_altitude",30,0.420124813596126,0.204294756516886,"AKT2;YWHAH;TFDP1;E2F1;DYNLL2;DYNLL1;SFN;AKT1;BBC3;BID;BAD;BCL2L11;PPP3R1;TFDP2;TP53BP2;YWHAE"
"Reactome","A_standard_TMM","REACTOME_COBALAMIN_CBL_VITAMIN_B12_TRANSPORT_AND_METABOLISM",-1.42864076958516,0.0846325167037862,0.208805076002781,"down_in_high_altitude",17,-0.486329853391653,0.231126709673834,"PRSS1;LDLRAP1;MTRR;CUBN;MTR;LMBRD1"
"Reactome","A_standard_TMM","REACTOME_SARS_COV_1_INFECTION",-1.19687528474693,0.0851735015772871,0.209722848129788,"down_in_high_altitude",137,-0.251533850424033,0.276500599254472,"RCAN3;RPS27A;SIKE1;PPIG;RPS27L;RPS6;RPS20;RPS19;RPS29;RPS3A;PSMC6;RPS21;RPS8;RPS16;SMAD3;ZCRB1;RPS3;RPSA;RPS4Y1;RPS15A;RPS7;PALS1;RPS10;ST6GAL1;PPIH;RPS17;CHMP7;PDPK1;RPS24;TBK1;TRAF6;RPS18;EEF1A1;SMAD4;RPS26;MAVS;PIK3C3;TRAF3;RPS13;TOMM70;RPS27;RB1;CHMP2B;PARP16;GALNT1;HNRNPA1;RUNX1;NPM1;RPS5"
"Reactome","A_standard_TMM","REACTOME_MRNA_DECAY_BY_5_TO_3_EXORIBONUCLEASE",-1.39469542216182,0.0860927152317881,0.210731872983529,"down_in_high_altitude",15,-0.492780802940066,0.227987202850442,"DCP2;XRN1;LSM3;DCP1A;LSM5;DDX6;LSM2;EDC3;LSM6"
"Reactome","A_standard_TMM","REACTOME_SIGNALING_BY_BMP",-1.36966361273874,0.0860927152317881,0.210731872983529,"down_in_high_altitude",22,-0.427206256382637,0.227987202850442,"SMAD5;ACVR2A;SMURF2;ACVR2B;BMPR1A;SMAD9;SMAD4;NOG;ZFYVE16"
"Reactome","A_standard_TMM","REACTOME_INTERLEUKIN_12_SIGNALING",1.32896527199493,0.0858585858585859,0.210731872983529,"up_in_high_altitude",43,0.372682037307763,0.197822021315103,"CA1;TALDO1;ARF1;MSN;LCP1;GSTO1;SOD2;JAK1;P4HB;ANXA2;TYK2;PSME2;CDC42;PITPNA"
"Reactome","A_standard_TMM","REACTOME_SIGNALING_BY_EGFR",1.32624684146938,0.0879864636209814,0.214943309751256,"up_in_high_altitude",46,0.368375195002399,0.195789002148949,"UBB;FAM83A;SH3GL1;UBA52;HGS;EGF;EPN1;SRC;UBC;CSK;AAMP;SHC1;EPS15L1;PXN;GRB2;CDC42"
"Reactome","A_standard_TMM","REACTOME_PECAM1_INTERACTIONS",1.42392777185418,0.0909090909090909,0.220348011363636,"up_in_high_altitude",12,0.556854330749205,0.20207170902116,"ITGB3;INPP5D;SRC;PTPN6;PECAM1"
"Reactome","A_standard_TMM","REACTOME_ACTIVATION_OF_IRF3_IRF7_MEDIATED_BY_TBK1_IKK_IKBKE",1.40657284748188,0.0907441016333938,0.220348011363636,"up_in_high_altitude",18,0.492820045045989,0.199915231309662,"UBB;OPTN;UBA52;UBC;IRF3;TICAM1;CD14"
"Reactome","A_standard_TMM","REACTOME_NUCLEOTIDE_SALVAGE",1.40174422782021,0.0907441016333938,0.220348011363636,"up_in_high_altitude",20,0.481518719049662,0.199915231309662,"GMPR;PNP;AMPD2;TK1;AMPD3;UCKL1;CDA;UPP1;TYMP;UCK2;TK2"
"Reactome","A_standard_TMM","REACTOME_TRANSCRIPTION_COUPLED_NUCLEOTIDE_EXCISION_REPAIR_TC_NER",1.32106738183373,0.0906148867313916,0.220348011363636,"up_in_high_altitude",76,0.334178426702962,0.188204146308491,"UBB;ERCC2;DDB1;POLR2A;UBA52;CUL4A;COPS3;POLD4;GPS1;UBC;ELL;USP7;POLR2E;POLR2J;POLR2L;RPA1;RFC2;POLR2G;RBX1"
"Reactome","A_standard_TMM","REACTOME_SYNDECAN_INTERACTIONS",1.39522388349931,0.0925589836660617,0.223631958673439,"up_in_high_altitude",20,0.479278889712148,0.197822021315103,"THBS1;ITGB3;ITGB5;ACTN1"
"Reactome","A_standard_TMM","REACTOME_SIGNALING_BY_ERBB4",1.32327552170178,0.0926243567753002,0.223631958673439,"up_in_high_altitude",41,0.376316258621064,0.191892240384838,"UBB;SPARC;MXD4;UBA52;EGF;DLG4;SRC;UBC"
"Reactome","A_standard_TMM","REACTOME_PI_METABOLISM",1.29338936445691,0.0932475884244373,0.22469952861112,"up_in_high_altitude",78,0.32533067041315,0.184706471207739,"PIK3R2;PIP4K2A;INPP5K;GDPD5;GDE1;MTMR3;ARF1;PIP5K1B;RUFY1;PI4KA;RAB5A;INPP5D;PI4K2A;ARF3;INPPL1;PNPLA6;GDPD3;PIK3CD;PI4KB;PLEKHA4;PIK3R5;PLEKHA6;FIG4"
"Reactome","A_standard_TMM","REACTOME_G_PROTEIN_ACTIVATION",1.40368678664453,0.0943738656987296,0.226482902878241,"up_in_high_altitude",18,0.491808857723259,0.195789002148949,"GNB2;GNB1;GNG11;GNG5;GNA15;GNGT2;GNG8;GNAQ"
"Reactome","A_standard_TMM","REACTOME_TICAM1_RIP1_MEDIATED_IKK_COMPLEX_RECRUITMENT",1.39593450323396,0.0947176684881603,0.226482902878241,"up_in_high_altitude",19,0.484243935105496,0.195789002148949,"UBB;UBA52;IKBKG;UBE2D3;UBE2V1;UBC;UBE2D2;RIPK3;TICAM1"
"Reactome","A_standard_TMM","REACTOME_MOLECULES_ASSOCIATED_WITH_ELASTIC_FIBRES",1.36320643668463,0.0947176684881603,0.226482902878241,"up_in_high_altitude",22,0.457059975746458,0.195789002148949,"ITGB3;LTBP2;LTBP1;ITGB5"
"Reactome","A_standard_TMM","REACTOME_ACTIVATION_OF_NF_KAPPAB_IN_B_CELLS",1.32240333556421,0.0945273631840796,0.226482902878241,"up_in_high_altitude",54,0.353219424023899,0.186432558434075,"UBB;PSMD2;UBA52;IKBKG;SKP1;NFKBIB;UBC;PSMB6;PSMD3;PSMC3;PSMD14;PSMD13;RELA;PSMD8;PSMB3;ADRM1;PSMC4"
"Reactome","A_standard_TMM","REACTOME_SMAD2_SMAD3_SMAD4_HETEROTRIMER_REGULATES_TRANSCRIPTION",1.33819123039053,0.0954003407155026,0.227676582361421,"up_in_high_altitude",35,0.396204686186872,0.188204146308491,"UBB;FURIN;YBX1;UBA52;E2F4;TFDP1;MAPK1;UBC;SERPINE1;CCNK;MAPK3;CDK8"
"Reactome","A_standard_TMM","REACTOME_GLUTATHIONE_SYNTHESIS_AND_RECYCLING",1.43604140932951,0.0962962962962963,0.229072849296653,"up_in_high_altitude",10,0.584859960802485,0.195789002148949,"CNDP2;GCLC;GSS;OPLAH;GGT5;CHAC2"
"Reactome","A_standard_TMM","REACTOME_IKK_COMPLEX_RECRUITMENT_MEDIATED_BY_RIP1",1.37120664778114,0.0965391621129326,0.229072849296653,"up_in_high_altitude",23,0.453667135971889,0.193813302725311,"UBB;UBA52;IKBKG;UBE2D3;UBE2V1;UBC;UBE2D2;RIPK3;TICAM1;CD14"
"Reactome","A_standard_TMM","REACTOME_CDK_MEDIATED_PHOSPHORYLATION_AND_REMOVAL_OF_CDC6",1.29500356215579,0.0964052287581699,0.229072849296653,"up_in_high_altitude",59,0.341962835152764,0.183023938384487,"UBB;FZR1;PSMD2;UBA52;ANAPC2;UBE2S;UBC;PSMB6;PSMD3;PSMC3;PSMD14;PSMD13;PSMD8;CDC16;PSMB3;ADRM1;PSMC4;UBE2C;PSMD6;ANAPC11;CDC27;CDC26;PSMB7"
"Reactome","A_standard_TMM","REACTOME_GLUCAGON_LIKE_PEPTIDE_1_GLP1_REGULATES_INSULIN_SECRETION",1.34616536688562,0.097053726169844,0.229854340032016,"up_in_high_altitude",31,0.412891557104454,0.188204146308491,"GNAS;GNB2;GNB1;PRKAR2B;KCNG2;GNG11;IQGAP1;GNG5;GNGT2;GNG8;PRKACA"
"Reactome","A_standard_TMM","REACTOME_TRISTETRAPROLIN_TTP_ZFP36_BINDS_AND_DESTABILIZES_MRNA",-1.38382159099449,0.0979955456570156,0.231202418555811,"down_in_high_altitude",17,-0.471072760764046,0.213927855492356,"DCP2;DIS3;XRN1;DCP1A;EXOSC2;TNPO1;EXOSC9;EXOSC8;EXOSC6"
"Reactome","A_standard_TMM","REACTOME_CYCLIN_A_CDK2_ASSOCIATED_EVENTS_AT_S_PHASE_ENTRY",1.28496759142147,0.0979133226324237,0.231202418555811,"up_in_high_altitude",74,0.325938241617442,0.179782316298324,"UBB;FZR1;PSMD2;AKT2;UBA52;E2F4;TFDP1;SKP1;CDKN1A;E2F1;UBC;PSMB6;PSMD3;PSMC3;PSMD14;AKT1;PSMD13;PSMD8;PSMB3;ADRM1;CDC25A;PSMC4"
"Reactome","A_standard_TMM","REACTOME_ABORTIVE_ELONGATION_OF_HIV_1_TRANSCRIPT_IN_THE_ABSENCE_OF_TAT",1.36968633671117,0.0983606557377049,0.231623479640402,"up_in_high_altitude",23,0.453164137266321,0.191892240384838,"POLR2A;SUPT5H;CTDP1;NELFE;POLR2E;POLR2J;POLR2L;SUPT4H1;POLR2G;NELFCD;POLR2I;POLR2C"
"Reactome","A_standard_TMM","REACTOME_RESOLUTION_OF_D_LOOP_STRUCTURES_THROUGH_SYNTHESIS_DEPENDENT_STRAND_ANNEALING_SDSA",-1.33382786721592,0.0988505747126437,0.231668777918528,"down_in_high_altitude",27,-0.391763619106427,0.216542836735348,"ATM;MRE11;BLM;NBN;BARD1;PALB2;WRN;SEM1;BRCA2;DNA2;RAD50;BRIP1;RAD51B;RAD51D;RAD51AP1"
"Reactome","A_standard_TMM","REACTOME_SLC_MEDIATED_TRANSMEMBRANE_TRANSPORT",1.24885566426255,0.0988700564971751,0.231668777918528,"up_in_high_altitude",161,0.281631013874894,0.166933848713193,"SLC6A9;SLC4A1;BSG;SLC14A1;RHAG;SLC38A5;SLC1A5;SLC2A1;SLC6A19;SLC24A3;SLC7A5;SLC22A4;RSC1A1;SLC2A4;SLC43A1;SLC25A18;SLC6A12;SLC1A7;SLC11A1;SLC26A6;SLC7A7;CTNS;SLC2A6;SLC40A1;SLC22A1;SLC16A3;SLC3A2;SLC44A2;SLC8A3;SLC31A1;SLC22A16;SLC1A4;SLC43A2;SLC9A1;SLC39A3;SLC39A7;LCN12;SLC25A22"
"Reactome","A_standard_TMM","REACTOME_MRNA_SPLICING",-1.17107709617496,0.0989399293286219,0.231668777918528,"down_in_high_altitude",212,-0.23285432758931,0.271288554688953,"SRSF11;PPIG;LSM8;SRSF7;LUC7L3;RBM25;SRRM1;SRSF10;SNRPF;CCAR1;UPF3B;RNPC3;PPWD1;PRPF40A;TCERG1;PPIL3;PPIL4;U2SURP;ZCRB1;RBM7;SNRNP48;LSM3;CWC15;SNRPB2;RBMX2;SF3B1;SNRNP27;PRPF38A;LSM5;CDC40;RBMX;DHX15;SRSF2;NCBP1;GCFC2;PPIH;RBM5;CWC25;NKAP;PLRG1;HNRNPH1;POLR2K;SRSF1;CWC22;SNRPD2;RBM39;SNRPG;SMNDC1;CDC5L;GTF2F2;ZRSR2;PDCD7;NCBP2;SYF2;PNN;CWF19L2;PRPF18;LSM2;RBM17;STEEP1;ZNF830"
"Reactome","A_standard_TMM","REACTOME_TIGHT_JUNCTION_INTERACTIONS",-1.36921722778311,0.0993377483443709,0.232162232947955,"down_in_high_altitude",15,-0.48377871912743,0.211400189384923,"PATJ;PRKCI;PARD6B;PALS1;CLDN12"
"Reactome","A_standard_TMM","REACTOME_TP53_REGULATES_METABOLIC_GENES",1.27428201383062,0.0996784565916399,0.23252061020719,"up_in_high_altitude",78,0.320524532864865,0.178219874951973,"AKT2;LAMTOR5;G6PD;PRDX2;COX6B1;YWHAH;PRDX5;DDIT4;TSC2;RRAGD;RRAGA;LAMTOR1;PRDX1;SFN;COX8A;AGO2;AKT1;MLST8;SESN3;PRKAG3;GPI;MOV10;TXNRD1;CYCS;TXN;AGO1;MTOR;SCO2;PTEN;COX5B;PRKAB1"
"Reactome","A_standard_TMM","REACTOME_VIF_MEDIATED_DEGRADATION_OF_APOBEC3G",1.31291025503204,0.101200686106346,0.234507726640111,"up_in_high_altitude",41,0.37336855928801,0.183023938384487,"UBB;PSMD2;UBA52;UBC;ELOB;PSMB6;PSMD3;PSMC3;PSMD14;PSMD13;PSMD8;RBX1;PSMB3;ADRM1;PSMC4"
"Reactome","A_standard_TMM","REACTOME_REGULATION_OF_INSULIN_SECRETION",1.30104346828193,0.101160862354892,0.234507726640111,"up_in_high_altitude",56,0.347075239546215,0.179782316298324,"GNAS;SLC2A1;GNB2;GNB1;PRKAR2B;KCNG2;GNG11;IQGAP1;GNG5;PLCB2;PLCB3;ADRA2A;GNA15;GNGT2;GNG8;PRKACA;GNAQ;MARCKS;ITPR2;CACNA2D2;PRKAR1B"
"Reactome","A_standard_TMM","REACTOME_SWITCHING_OF_ORIGINS_TO_A_POST_REPLICATIVE_STATE",1.26517716843429,0.101286173633441,0.234507726640111,"up_in_high_altitude",78,0.318234359821699,0.176694268938498,"UBB;FZR1;PSMD2;UBA52;SKP1;MCM2;ANAPC2;UBE2S;UBC;PSMB6;PSMD3;PSMC3;PSMD14;PSMD13;MCM5;PSMD8;RBX1;CDC16;PSMB3;ADRM1;MCM3;PSMC4;MCM7;UBE2C;PSMD6;ANAPC11"
"Reactome","A_standard_TMM","REACTOME_HOMOLOGY_DIRECTED_REPAIR",1.24785257883348,0.101173020527859,0.234507726640111,"up_in_high_altitude",124,0.289587410949006,0.16823816568964,"UBB;H2BC21;H2BC8;H2BC11;H2BC12;BABAM1;H2BC9;H2BC17;UBA52;H2BC4;UIMC1;H2BC12L;H4C8;POLD4;UBC;H2BC5;H4C3;H4C12;RPA1;H4C15;TOP3A;PIAS4;RFC2;KAT5;RTEL1;SLX1A;H2BC6;EME2;ATRIP;SIRT6;EME1;H2BC15;SLX1B"
"Reactome","A_standard_TMM","REACTOME_RESPIRATORY_SYNCYTIAL_VIRUS_RSV_ATTACHMENT_AND_ENTRY",1.38452499950355,0.10200364298725,0.235729089287107,"up_in_high_altitude",19,0.480286025209858,0.188204146308491,"FURIN;RAB5C;RAB5A;CD14;SDC3;CX3CR1"
"Reactome","A_standard_TMM","REACTOME_FCERI_MEDIATED_MAPK_ACTIVATION",1.33603888501019,0.102253032928943,0.235866196774755,"up_in_high_altitude",31,0.409785594811569,0.183023938384487,"MAP2K7;SYK;MAPK1;VAV1;PLCG2;GRAP2;PAK1;MAPK3;FCER1G;SHC1;LYN;GRB2"
"Reactome","A_standard_TMM","REACTOME_REGULATION_OF_FOXO_TRANSCRIPTIONAL_ACTIVITY_BY_ACETYLATION",1.4134849409885,0.103703703703704,0.236851092896175,"up_in_high_altitude",10,0.57567333491269,0.188204146308491,"FOXO4;FOXO3;KAT2B;CREBBP"
"Reactome","A_standard_TMM","REACTOME_CGMP_EFFECTS",1.41277796422785,0.103703703703704,0.236851092896175,"up_in_high_altitude",10,0.575385402825332,0.188204146308491,"PDE2A;IRAG1;PDE5A;KCNMA1;KCNMB1;KCNMB3;KCNMB4;PDE1B"
"Reactome","A_standard_TMM","REACTOME_OTHER_SEMAPHORIN_INTERACTIONS",1.38739468883841,0.103825136612022,0.236851092896175,"up_in_high_altitude",15,0.512593419731165,0.186432558434075,"PLXNA2;PLXNB3;PLXND1;SEMA4A;SEMA7A"
"Reactome","A_standard_TMM","REACTOME_TRANSLESION_SYNTHESIS_BY_POLH",1.38119683292707,0.103825136612022,0.236851092896175,"up_in_high_altitude",19,0.479131497919396,0.186432558434075,"UBB;UBA52;VCP;UBC;RPA1;RFC2;NPLOC4;UFD1"
"Reactome","A_standard_TMM","REACTOME_APC_C_CDC20_MEDIATED_DEGRADATION_OF_CYCLIN_B",1.353609698955,0.103825136612022,0.236851092896175,"up_in_high_altitude",23,0.447845141607498,0.186432558434075,"UBB;UBA52;ANAPC2;UBE2S;UBC;CDC20;CDC16;UBE2C;CCNB1;ANAPC11;CDC27;CDC26"
"Reactome","A_standard_TMM","REACTOME_DEGRADATION_OF_BETA_CATENIN_BY_THE_DESTRUCTION_COMPLEX",1.27820581149689,0.103059581320451,0.236851092896175,"up_in_high_altitude",72,0.324780516936148,0.175204047558551,"UBB;PPP2R5B;PSMD2;CTBP2;UBA52;SKP1;ZRANB1;FRAT1;UBC;PSMB6;PSMD3;PSMC3;PSMD14;PSMD13;TLE3;PSMD8;TCF7L2;RBX1;PSMB3;ADRM1;PSMC4;AXIN1"
"Reactome","A_standard_TMM","REACTOME_REGULATION_OF_LIPID_METABOLISM_BY_PPARALPHA",1.25161993457132,0.104545454545455,0.238056713928274,"up_in_high_altitude",102,0.300034644305307,0.16823816568964,"MED25;RXRA;CARM1;FHL2;NR1H2;MED16;NCOR2;GPS2;FDFT1;MED12;CPT2;RXRB;MED8;ESRRA;CREBBP;ACOX1;THRAP3;CPT1A;CDK8;NCOA6;PLIN2;NFYC;MED29;MED15;HELZ2;HDAC3;MED24;FAM120B;MTF1;TXNRD1;TBL1X;ALAS1;SMARCD3;FADS1;ACSL1;PEX11A;TIAM2;NR1H3;CDK19;SREBF2"
"Reactome","A_standard_TMM","REACTOME_INTRINSIC_PATHWAY_FOR_APOPTOSIS",1.29475373714741,0.105610561056106,0.239602753694017,"up_in_high_altitude",55,0.345136859958528,0.175204047558551,"BCL2L1;AKT2;YWHAH;TFDP1;E2F1;MAPK1;DYNLL2;DYNLL1;SFN;AKT1;MAPK3;BBC3;BID;STAT3;BAD;UACA;CYCS;BAX;BCL2L11;PPP3R1;GSDMD;SEPTIN4;TFDP2;TP53BP2;YWHAE;CASP9"
"Reactome","A_standard_TMM","REACTOME_HEDGEHOG_ON_STATE",1.28871522366905,0.105519480519481,0.239602753694017,"up_in_high_altitude",64,0.33471384719761,0.173747838999571,"UBB;PSMD2;UBA52;ARRB2;UBC;IQCE;PSMB6;PSMD3;PSMC3;PSMD14;PSMD13;NUMB;PSMD8;RBX1;PSMB3;ADRM1;ARRB1;GLI1;PSMC4"
"Reactome","A_standard_TMM","REACTOME_TNF_SIGNALING",1.287265493107,0.106135986733002,0.239917594782614,"up_in_high_altitude",56,0.343399732808062,0.175204047558551,"UBB;OPTN;SHARPIN;UBA52;IKBKG;ULK1;USP4;MAPKAPK2;UBE2D3;UBC;UBE2D2;TNF;MADD;TAB2;OTUD7B;RBCK1;TAX1BP1"
"Reactome","A_standard_TMM","REACTOME_TRANSPORT_OF_MATURE_TRANSCRIPT_TO_CYTOPLASM",-1.24937137561509,0.106100795755968,0.239917594782614,"down_in_high_altitude",81,-0.285259385970112,0.224966093540314,"SRSF11;SRSF7;NUP43;SRRM1;THOC1;UPF3B;NUP107;FYTTD1;CDC40;NUP133;SRSF2;NCBP1;CPSF2;RANBP2;SRSF1;THOC2;NUP42;NUP160;ZC3H11A;NUP54;NUP155;NCBP2;NDC1;SARNP;EIF4E;NUP35;SEH1L;NUP37;SRSF3;SRSF6"
"Reactome","A_standard_TMM","REACTOME_REGULATION_OF_RUNX1_EXPRESSION_AND_ACTIVITY",-1.36279210122919,0.106904231625835,0.24121482081393,"down_in_high_altitude",17,-0.463914020167953,0.204294756516886,"TNRC6C;AGO3;TNRC6A;CCND2;CBFB;CDK6"
"Reactome","A_standard_TMM","REACTOME_ACTIVATION_OF_GENE_EXPRESSION_BY_SREBF_SREBP",1.29246023114845,0.108658743633277,0.244728676676763,"up_in_high_altitude",42,0.365192713387359,0.175204047558551,"RXRA;CARM1;TM7SF2;FDFT1;FASN;CREBBP;DHCR7;LSS;NCOA6;ELOVL6;NFYC;SCD;HELZ2;MVD;MTF1;TBL1X;SMARCD3;SREBF2"
"Reactome","A_standard_TMM","REACTOME_UBIQUITIN_DEPENDENT_DEGRADATION_OF_CYCLIN_D",1.29971216130984,0.109028960817717,0.245117645606498,"up_in_high_altitude",39,0.373812523443118,0.175204047558551,"UBB;PSMD2;UBA52;UBC;PSMB6;PSMD3;PSMC3;PSMD14;PSMD13;PSMD8;PSMB3;ADRM1;PSMC4"
"Reactome","A_standard_TMM","REACTOME_INTERLEUKIN_15_SIGNALING",1.38069855354422,0.109869646182495,0.24637003915532,"up_in_high_altitude",14,0.520853836432422,0.183023938384487,"JAK1;SHC1;STAT3;GAB2;GRB2;STAT5A;IL15RA;STAT5B;IL2RB"
"Reactome","A_standard_TMM","REACTOME_HEME_SIGNALING",1.28320878229494,0.109983079526227,0.24637003915532,"up_in_high_altitude",46,0.35642104518264,0.173747838999571,"RXRA;CARM1;HBB;HBA1;HMOX1;HBA2;CLEC1B;CRTC2;MAFK;CREBBP"
"Reactome","A_standard_TMM","REACTOME_RHO_GTPASES_ACTIVATE_CIT",1.36002093862445,0.11070780399274,0.247546639198182,"up_in_high_altitude",18,0.476509681980779,0.179782316298324,"MYH9;DLG4;RHOC;MYL9;MYL6;RHOA;RHOB"
"Reactome","A_standard_TMM","REACTOME_ACTIVATED_NOTCH1_TRANSMITS_SIGNAL_TO_THE_NUCLEUS",1.32693841113523,0.111111111111111,0.248001598721023,"up_in_high_altitude",27,0.4208781579607,0.176694268938498,"UBB;UBA52;NEURL1;ARRB2;UBC;DTX2;NUMB;ARRB1;MIB2;NOTCH1;JAG2"
"Reactome","A_standard_TMM","REACTOME_GLUCAGON_SIGNALING_IN_METABOLIC_REGULATION",1.33021717401943,0.111510791366906,0.248446843961097,"up_in_high_altitude",24,0.435799459776515,0.178219874951973,"GNAS;GNB2;GNB1;PRKAR2B;GNG11;GNG5;GNG8;PRKACA;ADCY9;ADCY4"
"Reactome","A_standard_TMM","REACTOME_NR1H2_AND_NR1H3_MEDIATED_SIGNALING",1.30291252796908,0.112040133779264,0.249178863835245,"up_in_high_altitude",37,0.377440627411633,0.170932335370056,"RXRA;NR1H2;NCOR2;GPS2;RXRB;FASN;EEPD1;FABP6;AGO2;PLTP;SCD;HDAC3;MOV10;TBL1X;AGO1;NR1H3"
"Reactome","A_standard_TMM","REACTOME_PLASMA_LIPOPROTEIN_REMODELING",1.37579249357769,0.112932604735883,0.250714423036192,"up_in_high_altitude",15,0.508306817661164,0.178219874951973,"PCSK6;FURIN;LPL;P4HB;PLTP"
"Reactome","A_standard_TMM","REACTOME_HIV_TRANSCRIPTION_ELONGATION",1.28589010188642,0.113752122241087,0.251875187518752,"up_in_high_altitude",42,0.363336282315298,0.170932335370056,"ERCC2;POLR2A;SUPT5H;ELOB;CTDP1;ELL;NELFE;POLR2E;POLR2J;POLR2L;SUPT4H1;POLR2G"
"Reactome","A_standard_TMM","REACTOME_PEROXISOMAL_PROTEIN_IMPORT",1.27400203228578,0.113861386138614,0.251875187518752,"up_in_high_altitude",55,0.339605168448985,0.16823816568964,"UBB;CRAT;UBA52;USP9X;ACAA1;ECH1;UBE2D3;UBC;PEX10;UBE2D2;ACOX1;CAT"
"Reactome","A_standard_TMM","REACTOME_RAF_ACTIVATION",1.31452115239264,0.114384748700173,0.251892446927908,"up_in_high_altitude",32,0.399942066181069,0.172324344900946,"PPP2R5B;MARK3;MAP2K2;BRAP;SRC;ARAF;RAF1;SHOC2;MAP3K11"
"Reactome","A_standard_TMM","REACTOME_DISEASES_OF_MITOTIC_CELL_CYCLE",1.29382751482311,0.114478114478114,0.251892446927908,"up_in_high_altitude",38,0.374150353911996,0.169570644405628,"E2F2;FZR1;TFDP1;CDKN1C;CDKN1A;E2F1;ANAPC2;UBE2S"
"Reactome","A_standard_TMM","REACTOME_NUCLEOTIDE_EXCISION_REPAIR",1.23700326246979,0.114329268292683,0.251892446927908,"up_in_high_altitude",108,0.294538885274384,0.160801401070022,"UBB;RAD23A;ERCC2;DDB1;POLR2A;UBA52;CUL4A;COPS3;INO80B;CETN2;RAD23B;POLD4;GPS1;UBC;INO80C;ELL;USP7;POLR2E;POLR2J;POLR2L;RPA1;RFC2;POLR2G;RBX1"
"Reactome","A_standard_TMM","REACTOME_ALPHA_LINOLENIC_OMEGA3_AND_LINOLEIC_OMEGA6_ACID_METABOLISM",1.38374088489775,0.115027829313544,0.252207661092063,"up_in_high_altitude",12,0.541138475996348,0.178219874951973,"ACAA1;FADS2;ACOX1;ELOVL1;ABCD1;FADS1;ACSL1;HSD17B4;ELOVL3"
"Reactome","A_standard_TMM","REACTOME_PROCESSING_OF_CAPPED_INTRONLESS_PRE_MRNA",-1.3145725168058,0.114942528735632,0.252207661092063,"down_in_high_altitude",29,-0.379685108261001,0.199915231309662,"SNRPF;CPSF6;NUDT21;PABPN1;NCBP1;CPSF2;LSM11;SNRPG;CSTF1;NCBP2"
"Reactome","A_standard_TMM","REACTOME_O_LINKED_GLYCOSYLATION_OF_MUCINS",1.29912188500493,0.116040955631399,0.25299623855055,"up_in_high_altitude",40,0.371647253183473,0.169570644405628,"GALNT5;ST6GALNAC4;GALNT10;MUC5B;GALNT2;ST3GAL1;MUC6;GALNT6;ST3GAL2;ST3GAL3;B4GALT5;B3GNT8;GALNT14;B3GNTL1"
"Reactome","A_standard_TMM","REACTOME_REGULATION_OF_APOPTOSIS",1.29626316898534,0.116040955631399,0.25299623855055,"up_in_high_altitude",40,0.370829443885842,0.169570644405628,"UBB;PSMD2;UBA52;UBC;PSMB6;PSMD3;PSMC3;PSMD14;PSMD13;PSMD8;PSMB3;ADRM1;PSMC4;ARHGAP10;PSMD6"
"Reactome","A_standard_TMM","REACTOME_DUAL_INCISION_IN_TC_NER",1.26720775615239,0.11620294599018,0.25299623855055,"up_in_high_altitude",63,0.331802750566471,0.165656695205483,"UBB;ERCC2;DDB1;POLR2A;UBA52;CUL4A;POLD4;UBC;USP7;POLR2E;POLR2J;POLR2L;RPA1;RFC2;POLR2G;RBX1"
"Reactome","A_standard_TMM","REACTOME_RHO_GTPASES_ACTIVATE_FORMINS",1.22380795682394,0.115666178623719,0.25299623855055,"up_in_high_altitude",129,0.282411175804372,0.156312403073186,"PPP2R5B;TUBB2B;TUBB1;TUBB2A;TUBB4B;SRGAP2;NUP98;DIAPH1;TUBA1B;SRC;TUBA4A;TUBA1A;TUBA8;DYNLL2;DYNLL1;DYNC1H1;RHOC;B9D2;MRTFA;FMNL1;NDE1;SEC13;RHOA;TUBA1C;NDEL1;RHOB;CDC20;SPC24;ACTB;CDC42;PAFAH1B1;DVL3;CLIP1;ACTG1;SKA1;TUBA4B;FMNL2;CKAP5;SRF;CENPM;CENPT"
"Reactome","A_standard_TMM","REACTOME_DEGRADATION_OF_CRY_AND_PER_PROTEINS",1.29253863685119,0.116472545757072,0.253139105577103,"up_in_high_altitude",48,0.353211887010751,0.166933848713193,"UBB;PSMD2;UBA52;SKP1;UBC;PSMB6;PSMD3;PSMC3;PSMD14;PSMD13;PSMD8;RBX1;PSMB3;ADRM1;PSMC4"
"Reactome","A_standard_TMM","REACTOME_TRANSCRIPTIONAL_REGULATION_OF_PLURIPOTENT_STEM_CELLS",1.36693745330705,0.11731843575419,0.25408757202609,"up_in_high_altitude",14,0.515662607808575,0.176694268938498,"PBX1;TSC22D1;POU5F1;KLF4;STAT3;EPHA1"
"Reactome","A_standard_TMM","REACTOME_TERMINATION_OF_O_GLYCAN_BIOSYNTHESIS",1.36527898125488,0.11731843575419,0.25408757202609,"up_in_high_altitude",14,0.515036966875751,0.176694268938498,"ST6GALNAC4;MUC5B;ST3GAL1;MUC6;ST3GAL2;ST3GAL3;MUC12;ST6GALNAC2"
"Reactome","A_standard_TMM","REACTOME_MISCELLANEOUS_TRANSPORT_AND_BINDING_EVENTS",1.33526856153619,0.117753623188406,0.254585795081553,"up_in_high_altitude",21,0.453167230524387,0.173747838999571,"DMTN;ADD1;ADD2;ANKH;LRRC8A;CTNS"
"Reactome","A_standard_TMM","REACTOME_HEDGEHOG_LIGAND_BIOGENESIS",1.42107914605978,0.118180041769528,0.255063359714754,"up_in_high_altitude",46,0.394715592282676,0.287805130535564,"UBB;PSMD2;UBA52;VCP;UBC;PSMB6;PSMD3;PSMC3;PSMD14;PSMD13;P4HB;SYVN1;PSMD8;PSMB3;ADRM1;OS9;PSMC4"
"Reactome","A_standard_TMM","REACTOME_REGULATION_OF_FZD_BY_UBIQUITINATION",1.35629617062222,0.1183970856102,0.255088165351143,"up_in_high_altitude",15,0.501103613744988,0.173747838999571,"UBB;UBA52;UBC;FZD5"
"Reactome","A_standard_TMM","REACTOME_TNFR1_INDUCED_NF_KAPPA_B_SIGNALING_PATHWAY",1.30686729872016,0.119584055459272,0.25719898236561,"up_in_high_altitude",32,0.397613386991351,0.16823816568964,"UBB;OPTN;SHARPIN;UBA52;IKBKG;USP4;UBC;TNF;TAB2;OTUD7B;RBCK1"
"Reactome","A_standard_TMM","REACTOME_NRIF_SIGNALS_CELL_DEATH_FROM_THE_NUCLEUS",1.35440127603096,0.120218579234973,0.258116361298618,"up_in_high_altitude",15,0.500403517005118,0.172324344900946,"UBB;UBA52;SQSTM1;UBC"
"Reactome","A_standard_TMM","REACTOME_APC_C_MEDIATED_DEGRADATION_OF_CELL_CYCLE_PROTEINS",1.25804291869695,0.120772946859903,0.258858768658273,"up_in_high_altitude",72,0.319657308539197,0.160801401070022,"UBB;FZR1;PSMD2;UBA52;SKP1;ANAPC2;UBE2S;UBC;PSMB6;PSMD3;PSMC3;PSMD14;PSMD13;PSMD8;CDC20;CDC16;PSMB3;ADRM1;PSMC4;UBE2C;PTTG1;PSMD6;CCNB1;ANAPC11"
"Reactome","A_standard_TMM","REACTOME_RECEPTOR_TYPE_TYROSINE_PROTEIN_PHOSPHATASES",1.37641645291505,0.122222222222222,0.261513409961686,"up_in_high_altitude",10,0.560576364629801,0.172324344900946,"PTPRF"
"Reactome","A_standard_TMM","REACTOME_SIGNALING_BY_PDGF",1.27617298034965,0.122689075630252,0.262060486845341,"up_in_high_altitude",45,0.354387324744037,0.163180127180689,"THBS1;PIK3R2;FURIN;SRC;COL6A3;PDGFRB;STAT6;COL9A3;NCK2;COL9A2;STAT3;GRB2"
"Reactome","A_standard_TMM","REACTOME_DNA_DAMAGE_BYPASS",1.26346593733695,0.123938879456706,0.264275170800296,"up_in_high_altitude",47,0.347669140992797,0.163180127180689,"UBB;DDB1;UBA52;VCP;CUL4A;UBE2B;POLD4;UBC;RPA1;RFC2;NPLOC4;RBX1;UFD1;UBE2L6;UBA7"
"Reactome","A_standard_TMM","REACTOME_PURINE_SALVAGE",1.37760773590463,0.12453531598513,0.265091470218776,"up_in_high_altitude",11,0.548464982821694,0.170932335370056,"GMPR;PNP;AMPD2;AMPD3"
"Reactome","A_standard_TMM","REACTOME_RESPONSE_OF_EIF2AK1_HRI_TO_HEME_DEFICIENCY",1.34833086258411,0.124767225325885,0.265130353817505,"up_in_high_altitude",14,0.508643469462921,0.170932335370056,"EIF2AK1;ATF5;ATF4;GRB10;PPP1R15A"
"Reactome","A_standard_TMM","REACTOME_SIGNALING_BY_FGFR4_IN_DISEASE",-1.39958210684613,0.125,0.26517094017094,"down_in_high_altitude",11,-0.541560101544469,0.184706471207739,"FRS2;SOS1;PIK3R1;PIK3CA;NRAS;KRAS;PLCG1;GAB1"
"Reactome","A_standard_TMM","REACTOME_SYNTHESIS_OF_IP2_IP_AND_INS_IN_THE_CYTOSOL",-1.35351707110483,0.125531914893617,0.265392004059589,"down_in_high_altitude",13,-0.498150620799811,0.183023938384487,"MTMR9;INPP4B;INPP4A;IMPA1"
"Reactome","A_standard_TMM","REACTOME_ORC1_REMOVAL_FROM_CHROMATIN",1.26133011738352,0.125407166123779,0.265392004059589,"up_in_high_altitude",57,0.334687516254386,0.158514105424824,"UBB;PSMD2;UBA52;SKP1;MCM2;UBC;PSMB6;PSMD3;PSMC3;PSMD14;PSMD13;MCM5;PSMD8;RBX1;PSMB3;ADRM1;MCM3;PSMC4;MCM7"
"Reactome","A_standard_TMM","REACTOME_ABERRANT_REGULATION_OF_MITOTIC_G1_S_TRANSITION_IN_CANCER_DUE_TO_RB1_DEFECTS",1.36068484394699,0.126582278481013,0.266803248886317,"up_in_high_altitude",17,0.484150708600109,0.166933848713193,"E2F2;TFDP1;CDKN1C;CDKN1A;E2F1"
"Reactome","A_standard_TMM","REACTOME_REGULATION_OF_TBK1_IKK_IKBKE_MEDIATED_ACTIVATION_OF_IRF3_IRF7",1.34303488176959,0.126629422718808,0.266803248886317,"up_in_high_altitude",14,0.506645617058546,0.169570644405628,"UBB;OPTN;UBA52;UBC;TICAM1;CD14"
"Reactome","A_standard_TMM","REACTOME_NOREPINEPHRINE_NEUROTRANSMITTER_RELEASE_CYCLE",1.36816319803056,0.128014842300557,0.269265117449137,"up_in_high_altitude",12,0.535046522059842,0.16823816568964,"MAOA;SLC22A1;TSPOAP1;UNC13B;SLC18A2;PPFIA4;STXBP1;STX1A"
"Reactome","A_standard_TMM","REACTOME_REGULATION_OF_TBK1_IKK_MEDIATED_ACTIVATION_OF_IRF3_IRF7_UPON_TLR3_LIGATION",1.37222992073009,0.128252788104089,0.269309154039213,"up_in_high_altitude",11,0.546323921015458,0.16823816568964,"UBB;OPTN;UBA52;UBC"
"Reactome","A_standard_TMM","REACTOME_PROTEIN_LIPOYLATION",-1.37917003715662,0.129589632829374,0.270195407234483,"down_in_high_altitude",10,-0.552641560285013,0.181383128498408,"DBT;NFU1;LIPT1;LIAS;LIPT2;DLAT"
"Reactome","A_standard_TMM","REACTOME_SEMA3A_PLEXIN_REPULSION_SIGNALING_BY_INHIBITING_INTEGRIN_ADHESION",1.36312561816096,0.12987012987013,0.270195407234483,"up_in_high_altitude",12,0.533076479602399,0.166933848713193,"TLN1;PLXNA2;FES;PIP5K1C;RRAS"
"Reactome","A_standard_TMM","REACTOME_MET_ACTIVATES_PTK2_SIGNALING",1.35163588809701,0.130198915009042,0.270195407234483,"up_in_high_altitude",17,0.480930963479591,0.16440575583821,"LAMB2;SRC;LAMB3;PTK2;HGF"
"Reactome","A_standard_TMM","REACTOME_AMINO_ACID_TRANSPORT_ACROSS_THE_PLASMA_MEMBRANE",1.31856420406078,0.129326047358834,0.270195407234483,"up_in_high_altitude",22,0.442092193016535,0.165656695205483,"SLC38A5;SLC1A5;SLC6A19;SLC7A5;SLC43A1;SLC6A12;SLC7A7;SLC3A2;SLC1A4;SLC43A2"
"Reactome","A_standard_TMM","REACTOME_CO_STIMULATION_BY_CD28",1.26903672383059,0.129783693843594,0.270195407234483,"up_in_high_altitude",48,0.346789521899413,0.157402899305283,"PPP2R5B;PRR5;PIK3R2;AKT2;VAV1;SRC;GRAP2;PAK1;PIK3CD;AKT1;MLST8;PIK3R5;LYN;GRB2;CDC42;MAPKAP1"
"Reactome","A_standard_TMM","REACTOME_REGULATION_OF_MRNA_STABILITY_BY_PROTEINS_THAT_BIND_AU_RICH_ELEMENTS",1.23443009804311,0.130016051364366,0.270195407234483,"up_in_high_altitude",74,0.313119162103326,0.154190966581424,"UBB;PSMD2;EIF4G1;UBA52;HSPA1A;PRKCD;MAPKAPK2;UBC;TNFSF13;HSPB1;PSMB6;PSMD3;PSMC3;PSMD14;AKT1;PSMD13;EXOSC4;PSMD8;PSMB3;ADRM1;ANP32A;PSMC4"
"Reactome","A_standard_TMM","REACTOME_CELL_CELL_COMMUNICATION",1.22489990812875,0.128983308042489,0.270195407234483,"up_in_high_altitude",101,0.294168800264306,0.150169802128406,"CTNNA1;PIK3R2;RSU1;PTK2B;FLNA;ACTN1;PARVB;SRC;PLEC;PTPN6;ACTN4;CD151;VASP;IQGAP1;LAMB3;NCK2;AGO2;ILK;SPTAN1;PXN;PTK2;CLDN5;GRB2;PARD3;ACTB;SIRPB1;CDH1;MOV10;ACTG1;F11R;ANG;CLDN15;AGO1;JUP;NECTIN1"
"Reactome","A_standard_TMM","REACTOME_INTERACTIONS_OF_REV_WITH_HOST_CELLULAR_PROTEINS",-1.27345223966973,0.131188118811881,0.271599326599327,"down_in_high_altitude",37,-0.350129237857456,0.193813302725311,"NUP43;NUP107;NUP133;RANBP2;RANBP1;NUP42;NUP160;NUP54;NUP155;NDC1;XPO1;NUP35;NPM1;SEH1L;NUP37"
"Reactome","A_standard_TMM","REACTOME_FLT3_SIGNALING",1.27277585268762,0.131313131313131,0.271599326599327,"up_in_high_altitude",38,0.368062612889187,0.157402899305283,"UBB;AKT2;FOXO3;UBA52;SYK;UBC;GRAP2;HCK;CSK;AKT1;GRB10;GAB2;GRB2;FLT3;STAT5A"
"Reactome","A_standard_TMM","REACTOME_ACTIVATION_OF_NMDA_RECEPTORS_AND_POSTSYNAPTIC_EVENTS",1.24401689742761,0.1328,0.274217637271215,"up_in_high_altitude",70,0.317596332303841,0.152144922367565,"TUBB2B;TUBB1;TUBB2A;TUBB4B;DLG4;NRGN;MAPK1;TUBA1B;SRC;TUBA4A;TUBA1A;TUBA8;PRKAR2B;CAMKK2;CAMKK1;MAPK3;TUBA1C;RPS6KA1;CAMK1;PPM1F;PRKACA;PRKAG3;TUBA4B"
"Reactome","A_standard_TMM","REACTOME_PENTOSE_PHOSPHATE_PATHWAY",1.36768061047472,0.133458646616541,0.275119901081608,"up_in_high_altitude",13,0.524269634011219,0.165656695205483,"TALDO1;G6PD;RPIA;PGD"
"Reactome","A_standard_TMM","REACTOME_INTERACTION_BETWEEN_L1_AND_ANKYRINS",1.337716234747,0.134438305709024,0.276679829825703,"up_in_high_altitude",16,0.487872784295779,0.163180127180689,"ANK1;SPTA1;SPTB;SCN1B"
"Reactome","A_standard_TMM","REACTOME_DNA_DOUBLE_STRAND_BREAK_REPAIR",1.21039266541477,0.135327635327635,0.278048999075489,"up_in_high_altitude",151,0.274649493095048,0.141225119642531,"POLL;UBB;H2BC21;H2BC8;H2BC11;H2BC12;BABAM1;H2BC9;H2BC17;UBA52;H2BC4;UIMC1;H2BC12L;H4C8;POLD4;BAP1;KDM4B;UBC;H2BC5;H4C3;H4C12;RPA1;H4C15;PRKDC;TOP3A;PIAS4;RFC2;KAT5;RTEL1;SLX1A;H2BC6;EME2;ATRIP;SIRT6;EME1;H2BC15;PPP5C;SLX1B"
"Reactome","A_standard_TMM","REACTOME_SYNTHESIS_OF_PIPS_AT_THE_LATE_ENDOSOME_MEMBRANE",-1.37935254530542,0.135775862068966,0.278508834425762,"down_in_high_altitude",11,-0.533732391152489,0.176694268938498,"MTMR9;PIK3C2A;PIKFYVE;PIK3C3"
"Reactome","A_standard_TMM","REACTOME_DDX58_IFIH1_MEDIATED_INDUCTION_OF_INTERFERON_ALPHA_BETA",1.25531128389235,0.136075949367089,0.278663784099929,"up_in_high_altitude",67,0.321718017116967,0.149207542435322,"UBB;APP;PCBP2;OTUD5;UBA52;IKBKG;NKIRAS2;NFKBIB;UBE2D3;UBC;NLRX1;IRF3;RNF135;CREBBP;UBE2D2;HSP90AB1;AGER;RELA;TAX1BP1;UBE2L6;UBA7;TKFC"
"Reactome","A_standard_TMM","REACTOME_INTERLEUKIN_12_FAMILY_SIGNALING",1.26152023166152,0.137123745819398,0.280346900431422,"up_in_high_altitude",52,0.340414686519615,0.153158808683073,"CA1;TALDO1;ARF1;IL27;MSN;LCP1;GSTO1;SOD2;JAK1;P4HB;ANXA2;STAT3;TYK2;PSME2;CDC42;PITPNA"
"Reactome","A_standard_TMM","REACTOME_NCAM_SIGNALING_FOR_NEURITE_OUT_GROWTH",1.24818121154116,0.139219015280136,0.284162496649093,"up_in_high_altitude",42,0.352681399749375,0.153158808683073,"SPTA1;SPTB;MAPK1;SRC;COL6A3;COL9A3;COL9A2;MAPK3;GFRA2;SPTAN1;PTK2;GRB2;NCAM1"
"Reactome","A_standard_TMM","REACTOME_GLOBAL_GENOME_NUCLEOTIDE_EXCISION_REPAIR_GG_NER",1.21447368958104,0.14,0.285016235051873,"up_in_high_altitude",84,0.301709546973519,0.144630528034484,"UBB;RAD23A;ERCC2;DDB1;UBA52;CUL4A;COPS3;INO80B;CETN2;RAD23B;POLD4;GPS1;UBC;INO80C"
"Reactome","A_standard_TMM","REACTOME_RSV_HOST_INTERACTIONS",1.20577683031846,0.140096618357488,0.285016235051873,"up_in_high_altitude",80,0.303087255938847,0.148261500475107,"UBB;MED25;UBA52;BECN1;MED16;MED12;UBC;IRF3;ELOB;MED8;CREBBP;JAK1;CDK8;CD14;RBX1;UBE2L6;MED29;MED15;TYK2;SDC3;CX3CR1;H2BC15;MED24"
"Reactome","A_standard_TMM","REACTOME_APC_CDC20_MEDIATED_DEGRADATION_OF_NEK2A",1.28517004152559,0.140819964349376,0.285719714242286,"up_in_high_altitude",25,0.416888360811249,0.156312403073186,"UBB;UBA52;ANAPC2;UBE2S;UBC;CDC20;CDC16;UBE2C;ANAPC11;CDC27;CDC26"
"Reactome","A_standard_TMM","REACTOME_CHROMATIN_ORGANIZATION",1.16868905216534,0.140902872777018,0.285719714242286,"up_in_high_altitude",246,0.254855127634174,0.135002033828631,"H3C10;H2AC6;H2BC21;H2BC8;H2BC11;CARM1;H2BC12;H2AJ;H2BC9;H2AC25;H2BC17;H2BC4;H2AC8;H2AC18;NCOR2;GPS2;H2AC19;ASH2L;H4C8;PHF21A;PADI4;KDM4B;KAT2B;TADA3;KMT2B;H2BC18;H2BC5;CHD4;SAP18;CREBBP;H2AC11;H4C3;H4C12;KDM5C;BRPF3;H4C15;TADA2B;DPF3;PRMT5;KAT8;H2AC17;RELA;KDM3B;KAT5;SUDS3;H2AC15;MORF4L1;ACTB;H2BC6;H2AC20;ATXN7L3;HDAC3;PADI2;HDAC10;GATAD2A;SAP130;H2BC15;TAF10;RCOR1;SMARCA4;DPF2;MCRS1;DOT1L;SETDB1"
"Reactome","A_standard_TMM","REACTOME_SUMOYLATION_OF_IMMUNE_RESPONSE_PROTEINS",1.35239446011059,0.142857142857143,0.28920997436495,"up_in_high_altitude",12,0.528879853936112,0.158514105424824,"IKBKG;RELA;PIAS4;NFKB2"
"Reactome","A_standard_TMM","REACTOME_N_GLYCAN_TRIMMING_IN_THE_ER_AND_CALNEXIN_CALRETICULIN_CYCLE",1.27125264785706,0.143100511073254,0.289230837527537,"up_in_high_altitude",35,0.376385859486947,0.151148761385484,"UBB;UBA52;VCP;RAD23B;UBC;RNF5;AMFR;CALR;RNF185;SYVN1"
"Reactome","A_standard_TMM","REACTOME_SIALIC_ACID_METABOLISM",1.28751940667338,0.144385026737968,0.291352549889135,"up_in_high_altitude",26,0.412540678174506,0.154190966581424,"ST6GALNAC4;NPL;CTSA;CMAS;ST3GAL1;ST3GAL2;ST6GALNAC6;ST3GAL3;GLB1;NANS"
"Reactome","A_standard_TMM","REACTOME_REGULATION_OF_MITF_M_DEPENDENT_GENES_INVOLVED_IN_LYSOSOME_BIOGENESIS_AND_AUTOPHAGY",1.33351648711327,0.144665461121157,0.291444540992461,"up_in_high_altitude",17,0.474483827050675,0.155241966228839,"ATP6V0C;ATP6V1E1;ATP6V1D;ATP6V0E1;ATP6V0D1;ATP6V0B;MITF;ATP6V1B2"
"Reactome","A_standard_TMM","REACTOME_REGULATION_OF_PLK1_ACTIVITY_AT_G2_M_TRANSITION",1.20670626785586,0.146379044684129,0.29441879165803,"up_in_high_altitude",85,0.299409307831989,0.141225119642531,"UBB;OPTN;TUBB4B;PCNT;UBA52;ACTR1A;SKP1;CETN2;TUBA4A;TUBA1A;UBC;DYNLL1;DYNC1H1;PRKAR2B;SSNA1;DCTN1;TUBG1;NDE1;CEP131;DCTN2;CDK5RAP2;CSNK1D;DCTN3"
"Reactome","A_standard_TMM","REACTOME_DEACTIVATION_OF_THE_BETA_CATENIN_TRANSACTIVATING_COMPLEX",1.25993422064356,0.146711635750422,0.294610258845102,"up_in_high_altitude",36,0.36964389563929,0.148261500475107,"SOX6;UBB;AKT2;UBA52;ASH2L;UBC;AKT1;TLE3;TCF7L2"
"Reactome","A_standard_TMM","REACTOME_SCF_SKP2_MEDIATED_DEGRADATION_OF_P27_P21",1.24488626832326,0.148333333333333,0.297385568120625,"up_in_high_altitude",49,0.3400038708016,0.14641623786055,"UBB;PSMD2;UBA52;SKP1;CDKN1A;UBC;PSMB6;PSMD3;PSMC3;PSMD14;PSMD13;PSMD8;PSMB3;ADRM1;PSMC4"
"Reactome","A_standard_TMM","REACTOME_DOWNREGULATION_OF_ERBB2_ERBB3_SIGNALING",1.33887965810636,0.150278293135436,0.30006617516056,"up_in_high_altitude",12,0.52359463078503,0.154190966581424,"UBB;AKT2;UBA52;UBC;AKT1"
"Reactome","A_standard_TMM","REACTOME_G_ALPHA_Q_SIGNALLING_EVENTS",1.20407608365843,0.150220913107511,0.30006617516056,"up_in_high_altitude",119,0.28156548110471,0.135740943810425,"PIK3R2;APP;GNB2;PRKCD;GNB1;MAPK1;MAPK7;BTK;LPAR2;MGLL;RGS3;GNG11;F2RL3;DGKQ;GNG5;FFAR3;GRK5;RGS16;TBXA2R;MAPK3;DAGLA;PLCB2;PLCB3;RPS6KA1;LTB4R;GNA15;RGS19;GNGT2;KISS1R;GNG8;GRB2;ARHGEF25;OXTR;F2RL2;GNAQ;LTB4R2;RASGRP2;F2RL1;FPR2;GPR68;NMB;ITPR2;NPFF;NMUR1;HBEGF;DGKZ"
"Reactome","A_standard_TMM","REACTOME_RNA_POLYMERASE_II_TRANSCRIBES_SNRNA_GENES",-1.20019751162146,0.150395778364116,0.30006617516056,"down_in_high_altitude",74,-0.279797923292856,0.186432558434075,"CCNT2;INTS2;ZC3H8;ICE2;CCNT1;GTF2E1;NABP1;RPRD1B;SNAPC3;INTS8;NCBP1;GTF2A1;RPRD1A;PHAX;INTS6;POLR2K;RPAP2;GTF2F2;GTF2E2;TAF9;NCBP2;TAF11;INTS13;TAF5;TBP;INTS7;POU2F1;POLR2D;INTS14"
"Reactome","A_standard_TMM","REACTOME_NOTCH2_ACTIVATION_AND_TRANSMISSION_OF_SIGNAL_TO_THE_NUCLEUS",1.27538616797982,0.151183970856102,0.301154587210951,"up_in_high_altitude",23,0.421964691479468,0.152144922367565,"UBB;UBA52;NEURL1;UBC;NOTCH2;MDK;NOTCH2NLA"
"Reactome","A_standard_TMM","REACTOME_TRNA_PROCESSING_IN_THE_NUCLEUS",-1.21992014032245,0.151898734177215,0.301610126582278,"down_in_high_altitude",58,-0.299564974211509,0.181383128498408,"TRNT1;NUP43;XPOT;C2orf49;TSEN15;NUP107;NUP133;RANBP2;NUP42;RPP38;NUP160;NUP54;RPP14;NUP155;FAM98B;RPP30;NDC1;NUP35;SEH1L;NUP37;RPP40"
"Reactome","A_standard_TMM","REACTOME_NEGATIVE_REGULATION_OF_THE_PI3K_AKT_NETWORK",1.20826083947526,0.151745068285281,0.301610126582278,"up_in_high_altitude",87,0.297223871675248,0.137250779610133,"PPP2R5B;PIK3R2;PIP4K2A;AKT2;PIP5K1B;EGF;MYD88;MAPK1;VAV1;SRC;IRAK1;PDGFRB;PHLPP1;PIK3CD;IRS1;AKT1;MAPK3;PIK3R5;GAB2;GRB2;HGF;PIP5K1C;FLT3;PIK3AP1;RHOG;PIP4K2C;RAC2;CD86;PIK3R6;ERBB2;PTEN;IRS2;HBEGF;RAC1;PPP2R1A;PPP2CA;PPP2R5A"
"Reactome","A_standard_TMM","REACTOME_REGULATION_OF_NF_KAPPA_B_SIGNALING",1.31371025162953,0.152450090744102,0.302221346027844,"up_in_high_altitude",18,0.460283835668017,0.151148761385484,"UBB;UBA52;IKBKG;UBC;NLRX1"
"Reactome","A_standard_TMM","REACTOME_FCGR_ACTIVATION",1.32784702052395,0.153988868274583,0.304367083973937,"up_in_high_altitude",12,0.519280105751676,0.152144922367565,"SYK;FGR;FCGR3A;SRC;HCK;LYN;FCGR1A"
"Reactome","A_standard_TMM","REACTOME_POSTMITOTIC_NUCLEAR_PORE_COMPLEX_NPC_REFORMATION",-1.26963785855032,0.154022988505747,0.304367083973937,"down_in_high_altitude",27,-0.372910129294584,0.170932335370056,"NUP43;NUP107;NUP133;NUP160;TNPO1;NUP54;NUP155;NDC1;NUP35;SEH1L;NUP37"
"Reactome","A_standard_TMM","REACTOME_DOWNSTREAM_TCR_SIGNALING",1.1901306321825,0.1552,0.306205405405405,"up_in_high_altitude",81,0.298765224959362,0.139599673451922,"UBB;CDC34;PIK3R2;PSMD2;UBA52;IKBKG;SKP1;INPP5D;UBE2V1;UBC;PSMB6;PSMD3;PSMC3;UBE2D2;PSMD14;PSMD13;TAB2;RELA;PSMD8;PSMB3;ADRM1"
"Reactome","A_standard_TMM","REACTOME_EPHRIN_SIGNALING",1.31094494950892,0.155515370705244,0.306340595309854,"up_in_high_altitude",17,0.466452558109925,0.149207542435322,"EPHB1;SRC;PAK1;NCK2;EFNB1;RAC1;EPHB2;EPHB4;EPHB6;SDCBP;PAK2"
"Reactome","A_standard_TMM","REACTOME_TCR_SIGNALING",1.19844618039482,0.156060606060606,0.30692743600826,"up_in_high_altitude",103,0.287322753465818,0.135002033828631,"UBB;CDC34;PIK3R2;PSMD2;UBA52;IKBKG;SKP1;INPP5D;UBE2V1;PLCG2;UBC;GRAP2;PAK1;VASP;PSMB6;PSMD3;CSK;PSMC3;UBE2D2;PSMD14;PSMD13;TAB2;WAS;RELA;PSMD8;PSMB3;ADRM1"
"Reactome","A_standard_TMM","REACTOME_ATP_DEPENDENT_CHROMATIN_REMODELERS",-1.24734472057397,0.15632183908046,0.306954750472865,"down_in_high_altitude",29,-0.360267850738797,0.169570644405628,"PBRM1;BCL11B;BCL7A;BCL11A;PHF10;BCL7C;ARID2;BCL7B;SS18;SMARCE1;SS18L1;BRD7"
"Reactome","A_standard_TMM","REACTOME_FORMATION_OF_THE_EARLY_ELONGATION_COMPLEX",1.25219161432859,0.156729131175468,0.307268328260279,"up_in_high_altitude",33,0.376245045674678,0.143758989039275,"ERCC2;POLR2A;SUPT5H;CTDP1;NELFE;POLR2E;POLR2J;POLR2L;SUPT4H1;POLR2G"
"Reactome","A_standard_TMM","REACTOME_RHO_GTPASES_ACTIVATE_ROCKS",1.30815636021138,0.157894736842105,0.309065249875477,"up_in_high_altitude",18,0.458337922220467,0.148261500475107,"MYH9;RHOC;MYL9;PAK1;MYL6;RHOA;RHOB;LIMK1;LIMK2;MYH11;CFL1"
"Reactome","A_standard_TMM","REACTOME_SUMOYLATION_OF_DNA_METHYLATION_PROTEINS",-1.28410225338473,0.159041394335512,0.310819480898221,"down_in_high_altitude",16,-0.444026465384986,0.163180127180689,"PHC3;BMI1"
"Reactome","A_standard_TMM","REACTOME_CO_INHIBITION_BY_PD_1",-1.26010791070425,0.159645232815965,0.311509015604736,"down_in_high_altitude",20,-0.4062329386264,0.16440575583821,"CD3G;CD3E;CD3D"
"Reactome","A_standard_TMM","REACTOME_REGULATION_OF_TP53_ACTIVITY",-1.13489961491736,0.16,0.31171114599686,"down_in_high_altitude",153,-0.236351446750606,0.204294756516886,"ATM;MDM4;RPS27A;AKT3;TP53INP1;TAF9B;MRE11;DYRK2;RICTOR;TAF4B;MAP2K6;JMY;MAPKAPK5;BLM;NBN;CCNG1;BARD1;MDM2;PRKAA1;RHNO1;CDKN2A;SMYD2;PDPK1;RAD17;PRKAG2;PHF20;PRKAB2;BRD1;WRN;RAD1;MEAF6;PPP2CB;TAF1;TAF2;TAF9;ATR;TOPBP1;RBBP4;TAF11;PPP2R1B;HUS1;TAF5;CCNA2;CDK5R1;TBP;GATAD2B;CDK2;DNA2;RAD9B;TP53RK;RFC5"
"Reactome","A_standard_TMM","REACTOME_TGF_BETA_RECEPTOR_SIGNALING_IN_EMT_EPITHELIAL_TO_MESENCHYMAL_TRANSITION",1.30470383401235,0.160291438979964,0.311789460461026,"up_in_high_altitude",15,0.482042064448644,0.147331213699377,"UBB;UBA52;UBC;RHOA;FKBP1A;PARD3;TGFB1;F11R"
"Reactome","A_standard_TMM","REACTOME_BETA_OXIDATION_OF_VERY_LONG_CHAIN_FATTY_ACIDS",1.32436854961877,0.161710037174721,0.313328035676793,"up_in_high_altitude",11,0.527268942301103,0.148261500475107,"ACAA1;ACOX1;ABCD1;DECR2;HSD17B4"
"Reactome","A_standard_TMM","REACTOME_NEGATIVE_REGULATION_OF_MET_ACTIVITY",1.29761120913118,0.161524500907441,0.313328035676793,"up_in_high_altitude",18,0.45464322426034,0.14641623786055,"UBB;SH3GL1;UBA52;HGS;UBC"
"Reactome","A_standard_TMM","REACTOME_ONCOGENE_INDUCED_SENESCENCE",1.23996054537103,0.161839863713799,0.313328035676793,"up_in_high_altitude",33,0.372569985846829,0.141225119642531,"UBB;CDKN2D;E2F2;UBA52;TFDP1;E2F1;MAPK1;UBC;CDKN2C;MAPK3"
"Reactome","A_standard_TMM","REACTOME_THE_PHOTOTRANSDUCTION_CASCADE",-1.25207412667889,0.164079822616408,0.317169875182184,"down_in_high_altitude",20,-0.403643011473981,0.161978948883402,"METAP2;NMT2;PRKCA;FNTA;METAP1;PRKCQ;SLC24A1;GUCY2D;GUCA1B"
"Reactome","A_standard_TMM","REACTOME_TICAM1_TRAF6_DEPENDENT_INDUCTION_OF_TAK1_COMPLEX",1.30936835929233,0.16542750929368,0.319277665681893,"up_in_high_altitude",11,0.521296938141071,0.14641623786055,"UBB;UBA52;UBC;TAB2;TICAM1"
"Reactome","A_standard_TMM","REACTOME_TURBULENT_OSCILLATORY_DISTURBED_FLOW_SHEAR_STRESS_ACTIVATES_SIGNALING_BY_PIEZO1_AND_INTEGRINS_IN_ENDOTHELIAL_CELLS",1.23992868220787,0.165784832451499,0.319470461292407,"up_in_high_altitude",29,0.389234637832245,0.142056643575821,"ITGB3;VCL;IKBKG;CAPNS1;NLRP3;PIEZO1;RELA;ANXA2;PTK2;ITGA5;GNAQ"
"Reactome","A_standard_TMM","REACTOME_PRE_NOTCH_PROCESSING_IN_GOLGI",1.28712094566965,0.166969147005445,0.319877669449756,"up_in_high_altitude",18,0.450967757240688,0.143758989039275,"FURIN;RFNG;NOTCH2;RAB6A;ST3GAL3;NOTCH4;NOTCH1;ATP2A3;ATP2A1"
"Reactome","A_standard_TMM","REACTOME_RAS_PROCESSING",1.27037391143193,0.167577413479053,0.319877669449756,"up_in_high_altitude",22,0.425934806000581,0.143758989039275,"BCL2L1;UBB;UBA52;UBC"
"Reactome","A_standard_TMM","REACTOME_FORMATION_OF_THE_EMBRYONIC_STEM_CELL_BAF_ESBAF_COMPLEX",-1.27010316548897,0.167770419426049,0.319877669449756,"down_in_high_altitude",19,-0.417814092444753,0.159646701919906,"BCL11B;BCL7A;BCL11A;PHF10;BCL7C;BCL7B;SS18;SMARCE1"
"Reactome","A_standard_TMM","REACTOME_MRNA_DECAY_BY_3_TO_5_EXORIBONUCLEASE",-1.26284429704996,0.167755991285403,0.319877669449756,"down_in_high_altitude",16,-0.436675730513399,0.158514105424824,"DIS3;SKIC3;SKIC8;EXOSC2;EXOSC9;EXOSC8;EXOSC6;HBS1L;EXOSC1"
"Reactome","A_standard_TMM","REACTOME_DEADENYLATION_OF_MRNA",-1.25614294595096,0.167800453514739,0.319877669449756,"down_in_high_altitude",25,-0.377130297022919,0.161978948883402,"EIF4A2;CNOT7;CNOT6L;TUT4;CNOT9;PAN3;CNOT8;CNOT4;EIF4B;EIF4E;CNOT2;CNOT11;PAN2"
"Reactome","A_standard_TMM","REACTOME_METABOLISM_OF_FAT_SOLUBLE_VITAMINS",1.25554746497589,0.167557932263815,0.319877669449756,"up_in_high_altitude",26,0.40229638481312,0.142056643575821,"APOM;LRP10;LRP1;LPL;PLB1;SDC3"
"Reactome","A_standard_TMM","REACTOME_RAC3_GTPASE_CYCLE",1.18727646168243,0.166409861325116,0.319877669449756,"up_in_high_altitude",85,0.294588362608897,0.131457611642763,"PIK3R2;SLC1A5;ARHGAP6;SRGAP2;WASF2;ABR;NCF2;ARAP3;MCAM;PAK1;LAMTOR1;VAMP3;CYFIP1;BCR;RAB7A;PREX1;EMD;ARHGDIB;GIT2;YKT6;CDC42;NCF1;ARHGAP1;PAK4;BRK1;ARHGAP21;OPHN1;ESYT1;NCF4;ARHGAP26;NCKAP1L;RAPGEF1;NOXA1;CYBB;TFRC;SNAP23"
"Reactome","A_standard_TMM","REACTOME_CASPASE_MEDIATED_CLEAVAGE_OF_CYTOSKELETAL_PROTEINS",1.30627624174309,0.168831168831169,0.32052059470871,"up_in_high_altitude",12,0.510844438002804,0.144630528034484,"ADD1;GSN;PLEC;VIM;SPTAN1"
"Reactome","A_standard_TMM","REACTOME_SIGNALING_BY_LEPTIN",1.29550257523885,0.168518518518519,0.32052059470871,"up_in_high_altitude",10,0.527622379446202,0.144630528034484,"LEPR;IRS1;STAT3;STAT5A;IRS2;STAT5B"
"Reactome","A_standard_TMM","REACTOME_DECTIN_2_FAMILY",1.27638724870245,0.169429097605893,0.32052059470871,"up_in_high_altitude",16,0.465505751286531,0.143758989039275,"MUC5B;SYK;PLCG2;MUC6;FCER1G;LYN;MUC12;CLEC10A"
"Reactome","A_standard_TMM","REACTOME_NEGATIVE_REGULATION_OF_FGFR4_SIGNALING",1.26891382565203,0.169398907103825,0.32052059470871,"up_in_high_altitude",19,0.440180984723841,0.142901149386948,"UBB;UBA52;MAPK1;SRC;UBC;MAPK3;GRB2"
"Reactome","A_standard_TMM","REACTOME_NEGATIVE_REGULATION_OF_FGFR2_SIGNALING",1.26489091876734,0.169398907103825,0.32052059470871,"up_in_high_altitude",19,0.438785454879216,0.142901149386948,"UBB;UBA52;MAPK1;SRC;UBC;MAPK3;GRB2"
"Reactome","A_standard_TMM","REACTOME_THE_CRY_PER_KINASE_COMPLEX_REPRESSES_TRANSACTIVATION_BY_THE_BMAL_CLOCK_ARNTL_CLOCK_COMPLEX",-1.30797110958614,0.16989247311828,0.320908004778973,"down_in_high_altitude",14,-0.473026677550032,0.156312403073186,"RORA;KMT2A;CLOCK;CSNK1E;PER3;NR1D1;CRY2;NPAS2"
"Reactome","A_standard_TMM","REACTOME_SUMOYLATION",-1.11082441349344,0.170648464163823,0.321846115543015,"down_in_high_altitude",170,-0.227463785998314,0.199915231309662,"PHC3;RORA;NR2C1;NUP43;SATB1;UHRF2;SENP1;BMI1;NSMCE3;UBA2;ESR1;DDX17;SP3;BLM;NSMCE4A;NOP58;NR3C2;ZNF131;MDM2;NUP107;NUP133;CDKN2A;CBX5;RANBP2;STAG2;TDG;SMC3;SUMO2;NUP42;CASP8AP2;SMC5;WRN;SUZ12;SMC6;RWDD3;NUP160;NUP54;NUP155;NRIP1;RNF2;NDC1;NUP35;NSMCE2;XRCC4;NR3C1;NR4A2;NPM1;PIAS2;SEH1L;NUP37"
"Reactome","A_standard_TMM","REACTOME_GENE_AND_PROTEIN_EXPRESSION_BY_JAK_STAT_SIGNALING_AFTER_INTERLEUKIN_12_STIMULATION",1.22574853848757,0.17206132879046,0.323527437922668,"up_in_high_altitude",35,0.362913239906493,0.136490437780413,"CA1;TALDO1;ARF1;MSN;LCP1;GSTO1;SOD2;ANXA2;PSME2;CDC42;PITPNA"
"Reactome","A_standard_TMM","REACTOME_DOWNSTREAM_SIGNALING_EVENTS_OF_B_CELL_RECEPTOR_BCR",1.2139119424566,0.171974522292994,0.323527437922668,"up_in_high_altitude",68,0.311054103932079,0.131457611642763,"UBB;PSMD2;UBA52;IKBKG;SKP1;NFKBIB;UBC;PSMB6;PSMD3;PSMC3;PSMD14;PSMD13;RASGRP3;RELA;PSMD8;FKBP1A;PSMB3;ADRM1"
"Reactome","A_standard_TMM","REACTOME_HDR_THROUGH_HOMOLOGOUS_RECOMBINATION_HRR",-1.1643010301315,0.172413793103448,0.32369972351192,"down_in_high_altitude",70,-0.275782718020428,0.173747838999571,"ATM;RPS27A;MRE11;POLK;BLM;NBN;GEN1;BARD1;RHNO1;POLH;RAD17;FIGNL1;PALB2;WRN;RAD1;POLE4;ATR;TOPBP1;HUS1;SEM1;POLD2;RFC1;POLE2;BRCA2;DNA2;RAD9B;RFC5"
"Reactome","A_standard_TMM","REACTOME_SYNTHESIS_OF_IP3_AND_IP4_IN_THE_CYTOSOL",1.26511317162546,0.17304189435337,0.323898930456307,"up_in_high_altitude",22,0.424170969252418,0.141225119642531,"ITPK1;INPP5D;PLCG2;INPPL1;PLCB2;PLCB3;PLCD4;PLCH1;PTEN"
"Reactome","A_standard_TMM","REACTOME_INTERFERON_GAMMA_SIGNALING",1.18781475429799,0.17298937784522,0.323898930456307,"up_in_high_altitude",87,0.29219427508613,0.127505315300183,"TRIM10;YBX1;MT2A;PRKCD;MAPK1;PTPN6;IRF3;IRF5;JAK1;RAF1;IFI30;IRF2;TRIM8;MAPK3;TRIM3;SP100;IFNGR2;TRIM26;FCGR1A;OASL;NCAM1;OAS1;OAS3;HLA-G"
"Reactome","A_standard_TMM","REACTOME_SYNTHESIS_OF_PA",-1.2256604018109,0.174013921113689,0.325227825454952,"down_in_high_altitude",30,-0.351433190125784,0.160801401070022,"MIGA1;DDHD1;GPD1L;AGPAT5;ACP6;GPAM;DDHD2;LCLAT1;AGPAT4;GPD2;LPCAT1;GNPAT;PLA2G2D"
"Reactome","A_standard_TMM","REACTOME_BBSOME_MEDIATED_CARGO_TARGETING_TO_CILIUM",-1.24251352302424,0.175555555555556,0.327123790457124,"down_in_high_altitude",21,-0.39366630405206,0.156312403073186,"BBS10;BBIP1;BBS7;MKKS;SSTR3;BBS2;BBS12;CCT8"
"Reactome","A_standard_TMM","REACTOME_PROTEIN_LOCALIZATION",1.16359965582557,0.175388967468175,0.327123790457124,"up_in_high_altitude",155,0.263098631932638,0.121543282035469,"UBB;BAG6;CRAT;APP;FIS1;STX5;GET3;ACO2;UBA52;ATP5F1B;HMOX1;USP9X;ACAA1;ECH1;UBE2D3;UBC;PEX10;UBE2J2;TIMM23;PITRM1;UBE2D2;ACOX1;CAT;MTX1;LDHD;CHCHD3;COX17;EMD;VAPA;ABCD1;TIMM22;TAFAZZIN;IDH3G;TIMM13;UBL4A;PMPCA;CYB5A;OTOF;TIMM17B;DECR2"
"Reactome","A_standard_TMM","REACTOME_NEGATIVE_REGULATION_OF_FGFR1_SIGNALING",1.25688913093055,0.176684881602914,0.328242422259307,"up_in_high_altitude",19,0.436009667604818,0.139599673451922,"UBB;UBA52;MAPK1;SRC;UBC;MAPK3;GRB2"
"Reactome","A_standard_TMM","REACTOME_TRANSPORT_OF_INORGANIC_CATIONS_ANIONS_AND_AMINO_ACIDS_OLIGOPEPTIDES",1.1935267010964,0.176565008025682,0.328242422259307,"up_in_high_altitude",73,0.303021926755164,0.130105630751129,"SLC4A1;SLC38A5;SLC1A5;SLC6A19;SLC24A3;SLC7A5;SLC43A1;SLC25A18;SLC6A12;SLC1A7;SLC26A6;SLC7A7;CTNS;SLC3A2;SLC8A3;SLC1A4;SLC43A2;SLC9A1;SLC25A22;SLC12A7;SLC4A2;SLC1A3;SLC12A4;SLC25A1;SLC25A11;SLC4A8;SLC15A3;SLC7A1"
"Reactome","A_standard_TMM","REACTOME_REGULATION_OF_BACH1_ACTIVITY",1.29172102830925,0.178438661710037,0.329527349973447,"up_in_high_altitude",11,0.514271031685831,0.140406238523342,"UBB;UBA52;SKP1;UBC;MAFK"
"Reactome","A_standard_TMM","REACTOME_NEGATIVE_REGULATION_OF_FGFR3_SIGNALING",1.27122264505932,0.177858439201452,0.329527349973447,"up_in_high_altitude",18,0.445397479642223,0.13880510939114,"UBB;UBA52;MAPK1;SRC;UBC;MAPK3;GRB2"
"Reactome","A_standard_TMM","REACTOME_INTERACTIONS_OF_VPR_WITH_HOST_CELLULAR_PROTEINS",-1.23459284249894,0.178217821782178,0.329527349973447,"down_in_high_altitude",37,-0.339445043593099,0.16440575583821,"PSIP1;NUP43;NUP107;NUP133;RANBP2;NUP42;NUP160;NUP54;NUP155;HMGA1;NDC1;NUP35;SEH1L;NUP37"
"Reactome","A_standard_TMM","REACTOME_SYNTHESIS_OF_PIPS_AT_THE_PLASMA_MEMBRANE",1.20722745520777,0.178036605657238,0.329527349973447,"up_in_high_altitude",51,0.326291450856809,0.132147260608774,"PIK3R2;PIP4K2A;INPP5K;MTMR3;ARF1;PIP5K1B;RUFY1;RAB5A;INPP5D;PI4K2A;INPPL1;PIK3CD;PLEKHA4;PIK3R5"
"Reactome","A_standard_TMM","REACTOME_NUCLEOTIDE_LIKE_PURINERGIC_RECEPTORS",-1.30360801135569,0.1792656587473,0.330562678314115,"down_in_high_altitude",12,-0.489874878317019,0.152144922367565,"P2RY10;P2RY14;LPAR6;P2RY2"
"Reactome","A_standard_TMM","REACTOME_GABA_B_RECEPTOR_ACTIVATION",1.24695028847641,0.180035650623886,0.331489973923208,"up_in_high_altitude",25,0.404490491514227,0.136490437780413,"GNB2;GNB1;GNG11;GNG5;GNGT2;GNG8;ADCY9;ADCY4;GABBR1"
"Reactome","A_standard_TMM","REACTOME_ENOS_ACTIVATION",-1.3008405189653,0.180851063829787,0.331658799608513,"down_in_high_altitude",13,-0.478763457009934,0.150169802128406,"NMT2;ZDHHC21;LYPLA1;CYB5B;HSP90AA1"
"Reactome","A_standard_TMM","REACTOME_REGULATION_OF_PYRUVATE_DEHYDROGENASE_PDH_COMPLEX",-1.29571665770754,0.180645161290323,0.331658799608513,"down_in_high_altitude",14,-0.468594865092673,0.151148761385484,"PDP1;PDP2;PDK1;DLD;PDHX"
"Reactome","A_standard_TMM","REACTOME_TRANSPORT_OF_THE_SLBP_DEPENDANT_MATURE_MRNA",-1.23473976302832,0.180929095354523,0.331658799608513,"down_in_high_altitude",36,-0.337771438261583,0.161978948883402,"NUP43;NUP107;NUP133;NCBP1;RANBP2;NUP42;NUP160;NUP54;NUP155;NCBP2;NDC1;EIF4E;NUP35;SEH1L;NUP37"
"Reactome","A_standard_TMM","REACTOME_UNWINDING_OF_DNA",1.29296232857507,0.181818181818182,0.331818181818182,"up_in_high_altitude",12,0.505637776293288,0.13880510939114,"MCM2;MCM5;MCM3;MCM7;MCM4;GINS1;CDC45;MCM6"
"Reactome","A_standard_TMM","REACTOME_TRANSPORT_OF_VITAMINS_NUCLEOSIDES_AND_RELATED_MOLECULES",-1.23331986885117,0.181818181818182,0.331818181818182,"down_in_high_altitude",28,-0.359743002647467,0.157402899305283,"SLC35A3;SLC33A1;SLC35B4;SLC35A1"
"Reactome","A_standard_TMM","REACTOME_REGULATION_OF_MECP2_EXPRESSION_AND_ACTIVITY",-1.23064425824646,0.181818181818182,0.331818181818182,"down_in_high_altitude",28,-0.35896256261957,0.157402899305283,"CAMK4;CAMK2D;TNRC6C;AGO3;TNRC6A"
"Reactome","A_standard_TMM","REACTOME_SIGNALING_BY_FLT3_ITD_AND_TKD_MUTANTS",1.26246727923278,0.182149362477231,0.331934447627377,"up_in_high_altitude",15,0.46643714666548,0.137250779610133,"BCL2L1;PIM1;CDKN1A;GAB2;GRB2;FLT3;STAT5A"
"Reactome","A_standard_TMM","REACTOME_MITOCHONDRIAL_TRANSLATION",-1.15683251009503,0.183139534883721,0.333249505558208,"down_in_high_altitude",94,-0.258075442967991,0.176694268938498,"MRPS31;GFM2;MRPL50;MRPL3;MRPL35;MRPS18C;MTIF3;MTIF2;MRPL34;MRPL40;MRPL30;MRPS9;MRPS27;PTCD3;MRPS25;MRPS33;MRPL42;MRPL32;MRPS26;MRPS22;MRPL45;MRPL48;MRPS35;CHCHD1;MRPS14;MRPS23;MRPS30;GFM1;MRPL39;TSFM;MRPL9;MRPL33;MRPL1;OXA1L;MRPL11;MRPL47;MRPS28;MRPS18B"
"Reactome","A_standard_TMM","REACTOME_ADRENALINE_NORADRENALINE_INHIBITS_INSULIN_SECRETION",1.22948807900635,0.185792349726776,0.337581707190233,"up_in_high_altitude",22,0.412226480486611,0.135740943810425,"GNB2;GNB1;GNG11;GNG5;ADRA2A;GNGT2;GNG8"
"Reactome","A_standard_TMM","REACTOME_HIV_LIFE_CYCLE",1.16101296358661,0.18695652173913,0.33920035596237,"up_in_high_altitude",144,0.265537243192074,0.118815039412263,"UBB;NEDD4L;UBAP1;CHMP4B;FURIN;ERCC2;POLR2A;UBA52;VPS28;NUP98;CHMP2A;TSG101;SUPT5H;VPS37B;UBC;ELOB;CTDP1;ELL;NELFE;POLR2E;POLR2J;GTF2A2;CCNK;POLR2L;SEC13;SUPT4H1;KPNA1;NUP188;VPS37C;TAF6;POLR2G;AAAS"
"Reactome","A_standard_TMM","REACTOME_TRAF6_MEDIATED_INDUCTION_OF_TAK1_COMPLEX_WITHIN_TLR4_COMPLEX",1.25057545606344,0.187845303867403,0.339933592484613,"up_in_high_altitude",16,0.456092042448018,0.135740943810425,"UBB;UBA52;UBC;TAB2;TICAM1;CD14"
"Reactome","A_standard_TMM","REACTOME_EXTRA_NUCLEAR_ESTROGEN_SIGNALING",1.18090413852927,0.187908496732026,0.339933592484613,"up_in_high_altitude",62,0.310040138362473,0.126875729929857,"PIK3R2;AKT2;FOXO3;EGF;GNB2;GNB1;MAPK1;SRC;HSPB1;GNG11;GNG5;AKT1;MAPK3;SHC1;PTK2;GNGT2;GNG8"
"Reactome","A_standard_TMM","REACTOME_ACYL_CHAIN_REMODELLING_OF_PC",1.25791397611577,0.191681735985533,0.346254780724959,"up_in_high_altitude",17,0.44758339567289,0.132846300606183,"TMEM86B;MBOAT2;PLB1;LPCAT3;PLBD1;PLA2G4C;PLA2G4A"
"Reactome","A_standard_TMM","REACTOME_SIGNALING_BY_NOTCH2",1.21432989468536,0.192504258943782,0.347235153123886,"up_in_high_altitude",33,0.364868764062918,0.128142916898415,"UBB;UBA52;MAML3;NEURL1;UBC;NOTCH2;MDK;NOTCH2NLA"
"Reactome","A_standard_TMM","REACTOME_SUMOYLATION_OF_CHROMATIN_ORGANIZATION_PROTEINS",-1.16913248406606,0.194871794871795,0.350995497004205,"down_in_high_altitude",62,-0.280887356153248,0.159646701919906,"PHC3;NUP43;SATB1;BMI1;NUP107;NUP133;CBX5;RANBP2;SUMO2;NUP42;SUZ12;NUP160;NUP54;NUP155;RNF2;NDC1;NUP35;PIAS2;SEH1L;NUP37"
"Reactome","A_standard_TMM","REACTOME_PLATELET_SENSITIZATION_BY_LDL",1.24417143505189,0.195211786372007,0.35109829983719,"up_in_high_altitude",16,0.453756459249998,0.132846300606183,"PPP2R5B;FGR;PTPN6;PECAM1"
"Reactome","A_standard_TMM","REACTOME_TRANSLATION_OF_SARS_COV_2_STRUCTURAL_PROTEINS",1.19089456362684,0.1957928802589,0.351633812447604,"up_in_high_altitude",60,0.313569202595051,0.123257226381337,"UBB;GSK3A;ST6GALNAC4;UBA52;ZDHHC3;OST4;UBC;MGAT4B;ST3GAL1;ST3GAL2;ST3GAL3;PARP4"
"Reactome","A_standard_TMM","REACTOME_DOWNSTREAM_SIGNALING_OF_ACTIVATED_FGFR4",-1.25005559648292,0.196467991169978,0.352336383008588,"down_in_high_altitude",15,-0.441675932082544,0.14641623786055,"FRS2;SOS1;PIK3R1;PIK3CA;NRAS;KRAS;PLCG1;FGF17;GAB1"
"Reactome","A_standard_TMM","REACTOME_DUAL_INCISION_IN_GG_NER",1.19887309293768,0.197255574614065,0.353238337800945,"up_in_high_altitude",41,0.340938398312973,0.126875729929857,"UBB;ERCC2;DDB1;UBA52;CUL4A;POLD4;UBC;RPA1;RFC2;RBX1"
"Reactome","A_standard_TMM","REACTOME_NEGATIVE_REGULATORS_OF_DDX58_IFIH1_SIGNALING",1.19862646384974,0.197614991482112,0.353372052491789,"up_in_high_altitude",35,0.354883077380708,0.126253987849115,"UBB;PCBP2;OTUD5;UBA52;UBE2D3;UBC;NLRX1;IRF3;RNF135;UBE2D2;TAX1BP1;UBE2L6;UBA7"
"Reactome","A_standard_TMM","REACTOME_ROLE_OF_LAT2_NTAL_LAB_ON_CALCIUM_MOBILIZATION",1.23575378615386,0.198895027624309,0.355149250765134,"up_in_high_altitude",16,0.450686494411096,0.131457611642763,"PIK3R2;SYK;LAT2;FCER1G;SHC1;LYN;GAB2;GRB2"
"Reactome","A_standard_TMM","REACTOME_ATF6_ATF6_ALPHA_ACTIVATES_CHAPERONE_GENES",1.26612362591832,0.2,0.356609195402299,"up_in_high_altitude",10,0.51565714568874,0.131457611642763,"HSPA5;CALR;ATF4;NFYC"
"Reactome","A_standard_TMM","REACTOME_SLBP_DEPENDENT_PROCESSING_OF_REPLICATION_DEPENDENT_HISTONE_PRE_MRNAS",-1.29481990618031,0.200431034482759,0.356865012615643,"down_in_high_altitude",11,-0.501022981390472,0.142901149386948,"SNRPF;NCBP1;LSM11;SNRPG;NCBP2"
"Reactome","A_standard_TMM","REACTOME_DOWNSTREAM_SIGNALING_OF_ACTIVATED_FGFR3",-1.25257687669692,0.202150537634409,0.359024672490456,"down_in_high_altitude",14,-0.452993398720723,0.142056643575821,"FRS2;SOS1;PIK3R1;PIK3CA;NRAS;KRAS;PLCG1;FGF17;GAB1"
"Reactome","A_standard_TMM","REACTOME_DOWNSTREAM_SIGNALING_OF_ACTIVATED_FGFR2",-1.2415549401993,0.203090507726269,0.359024672490456,"down_in_high_altitude",15,-0.438672437439628,0.143758989039275,"FRS2;SOS1;PIK3R1;PIK3CA;NRAS;KRAS;PLCG1;FGF17;GAB1"
"Reactome","A_standard_TMM","REACTOME_PHASE_0_RAPID_DEPOLARISATION",-1.2404959915438,0.203090507726269,0.359024672490456,"down_in_high_altitude",15,-0.438298284373349,0.143758989039275,"CAMK2D;CACNB2;SCN8A;SCN3A"
"Reactome","A_standard_TMM","REACTOME_REGULATION_OF_HSF1_MEDIATED_HEAT_SHOCK_RESPONSE",1.16507094807702,0.202265372168285,0.359024672490456,"up_in_high_altitude",76,0.294717424545957,0.120985142145252,"BAG1;UBB;ST13;NUP98;HSPA1A;HSPA6;MAPK1;DEDD2;HSF1;HSPA5;MAPKAPK2;HSPB1;HSPA1B;RPA1;MAPK3;SEC13;NUP188;AAAS"
"Reactome","A_standard_TMM","REACTOME_MITOTIC_G1_PHASE_AND_G1_S_TRANSITION",1.15158458046006,0.202919708029197,0.359024672490456,"up_in_high_altitude",137,0.264365553273147,0.11378726182188,"UBB;CDKN2D;E2F2;PSMD2;AKT2;UBA52;E2F4;TFDP1;CDKN1C;SKP1;CDKN1A;E2F1;MCM2;SRC;UBC;PSMB6;PSMD3;PSMC3;CDKN2C;MCM10;PSMD14;AKT1;RPA1;PSMD13;TK1;MCM5;PSMD8;LYN;PSMB3;ADRM1;MCM3;CDC25A;CCND3;PSMC4"
"Reactome","A_standard_TMM","REACTOME_CARNITINE_SHUTTLE",1.26903689444458,0.204081632653061,0.359988691815087,"up_in_high_altitude",12,0.496281275300773,0.130105630751129,"RXRA;CPT2;MID1IP1;CPT1A;SLC25A20"
"Reactome","A_standard_TMM","REACTOME_NR1H3_NR1H2_REGULATE_GENE_EXPRESSION_LINKED_TO_CHOLESTEROL_TRANSPORT_AND_EFFLUX",1.20887963965474,0.204506065857886,0.359988691815087,"up_in_high_altitude",31,0.370783715765679,0.125033367555272,"RXRA;NR1H2;NCOR2;GPS2;RXRB;EEPD1;AGO2;PLTP;HDAC3;MOV10;TBL1X;AGO1;NR1H3"
"Reactome","A_standard_TMM","REACTOME_DISEASES_OF_GLYCOSYLATION",1.17429412198704,0.204236006051437,0.359988691815087,"up_in_high_altitude",97,0.283726265822014,0.115734447701689,"THBS1;ADAMTS2;DPM2;CTSA;MUC5B;B4GALT7;PGM1;PAPSS2;NOTCH2;MUC6;ST3GAL3;VCAN;ADAMTSL4;GLB1;GALK1;PMM2;NOTCH4;SDC3;EXT1;NOTCH1;GALE;MUC12;CFP;DAG1;ADAMTS10;SPON2"
"Reactome","A_standard_TMM","REACTOME_MTORC1_MEDIATED_SIGNALLING",1.20922999957685,0.206834532374101,0.363571748833228,"up_in_high_altitude",24,0.396162213850242,0.126875729929857,"AKT1S1;EIF4G1;LAMTOR5;RRAGD;RRAGA;LAMTOR1;MLST8;FKBP1A"
"Reactome","A_standard_TMM","REACTOME_RHOH_GTPASE_CYCLE",1.19113536959636,0.207836456558773,0.364816184709247,"up_in_high_altitude",35,0.352665153230216,0.122679189568808,"SLC1A5;VCP;TUBA1B;NSFL1C;PAK1;LAMTOR1;VAMP3;CSK;STOM;RAB7A;DBN1;ARHGDIB;PAK4;TMEM59;UACA;PAK6;JUP"
"Reactome","A_standard_TMM","REACTOME_NUCLEAR_ENVELOPE_BREAKDOWN",-1.14846152783186,0.209476309226933,0.367175282133649,"down_in_high_altitude",51,-0.290166000707508,0.151148761385484,"NUP43;LEMD3;LPIN1;NEK7;PRKCA;NUP107;NUP133;RANBP2;NUP42;TMPO;VRK1;NUP160;NUP54;NUP155;NDC1;NUP35;SEH1L;CNEP1R1;NUP37"
"Reactome","A_standard_TMM","REACTOME_REGULATION_OF_RUNX3_EXPRESSION_AND_ACTIVITY",1.171275068116,0.210084033613445,0.36772113640943,"up_in_high_altitude",45,0.32525766045861,0.120985142145252,"UBB;PSMD2;UBA52;SRC;UBC;PSMB6;PSMD3;PSMC3;PSMD14;PSMD13;PSMD8;PSMB3;ADRM1;PSMC4;TGFB1;PSMD6"
"Reactome","A_standard_TMM","REACTOME_DISEASES_ASSOCIATED_WITH_O_GLYCOSYLATION_OF_PROTEINS",1.17978305850927,0.211243611584327,0.369230030952324,"up_in_high_altitude",39,0.339319501151961,0.121543282035469,"THBS1;ADAMTS2;MUC5B;NOTCH2;MUC6;ADAMTSL4;NOTCH4;NOTCH1;MUC12;CFP;DAG1;ADAMTS10;SPON2"
"Reactome","A_standard_TMM","REACTOME_ANTIGEN_ACTIVATES_B_CELL_RECEPTOR_BCR_LEADING_TO_GENERATION_OF_SECOND_MESSENGERS",1.21441724761039,0.211908931698774,0.369871989083233,"up_in_high_altitude",30,0.376130554309446,0.123257226381337,"SYK;VAV1;PTPN6;PLCG2;BTK;STIM1;PIK3CD;LYN;GRB2;PIK3AP1"
"Reactome","A_standard_TMM","REACTOME_TRAF6_MEDIATED_NF_KB_ACTIVATION",1.20467628070609,0.212230215827338,0.369912496968717,"up_in_high_altitude",24,0.394670346008949,0.125033367555272,"APP;IKBKG;NKIRAS2;NFKBIB;RNF135;AGER;RELA"
"Reactome","A_standard_TMM","REACTOME_GLYCOSAMINOGLYCAN_METABOLISM",1.15765588498115,0.212765957446809,0.370172610652159,"up_in_high_altitude",94,0.282104367972962,0.11331290842208,"CHST2;HYAL3;B4GALT3;CHP1;B4GALT7;GNS;GUSB;PAPSS2;ST3GAL1;CHPF2;IDS;ST3GAL2;ST3GAL3;B4GALT5;VCAN;CHST13;GLB1;SLC9A1;HPSE;CHST15;SDC3;EXT1;CHST11;PAPSS1"
"Reactome","A_standard_TMM","REACTOME_SEPARATION_OF_SISTER_CHROMATIDS",1.13650193526013,0.212976022566996,0.370172610652159,"up_in_high_altitude",168,0.255514417983477,0.108394255853397,"UBB;PPP2R5B;TUBB2B;TUBB1;PSMD2;TUBB2A;TUBB4B;UBA52;NUP98;TUBA1B;TUBA4A;ANAPC2;TUBA1A;TUBA8;DYNLL2;UBE2S;UBC;DYNLL1;DYNC1H1;B9D2;PSMB6;PSMD3;PSMC3;NDE1;PSMD14;PSMD13;SEC13;TUBA1C;NDEL1;PSMD8;CDC20;SPC24;CDC16;PSMB3;ADRM1;PSMC4;PAFAH1B1;UBE2C;ESPL1;CLIP1;PTTG1;SKA1;TUBA4B;PSMD6;SMC1A;ANAPC11;CKAP5;CENPM;CENPT;CDC27"
"Reactome","A_standard_TMM","REACTOME_PHOSPHORYLATION_OF_CLOCK_ACETYLATION_OF_BMAL1_ARNTL_AT_TARGET_GENE_PROMOTERS",-1.27920717582444,0.213362068965517,0.370324933687003,"down_in_high_altitude",11,-0.494981726793438,0.138022242496643,"RORA;KMT2A;CLOCK;PER3;NR1D1"
"Reactome","A_standard_TMM","REACTOME_METABOLISM_OF_NITRIC_OXIDE_NOS3_ACTIVATION_AND_REGULATION",-1.22856170774331,0.215686274509804,0.373836126629423,"down_in_high_altitude",16,-0.424821240799708,0.138022242496643,"NMT2;ZDHHC21;WASL;LYPLA1;CYB5B;HSP90AA1"
"Reactome","A_standard_TMM","REACTOME_FORMATION_OF_THE_POLYBROMO_BAF_PBAF_COMPLEX",-1.19760657253519,0.217294900221729,0.375575168767641,"down_in_high_altitude",18,-0.400105153855441,0.13880510939114,"PBRM1;BCL7A;PHF10;BCL7C;ARID2;BCL7B;SMARCE1;BRD7"
"Reactome","A_standard_TMM","REACTOME_CLASS_I_PEROXISOMAL_MEMBRANE_PROTEIN_IMPORT",-1.19412392724567,0.217294900221729,0.375575168767641,"down_in_high_altitude",20,-0.384961056055905,0.13880510939114,"ATAD1;PEX2;ABCD2;PEX13;ABCD3"
"Reactome","A_standard_TMM","REACTOME_RAB_GERANYLGERANYLATION",1.16294738509682,0.218905472636816,0.377832672520568,"up_in_high_altitude",56,0.31023578543085,0.117249716749792,"RAB11B;RAB6B;RAB13;RAB31;RAB2B;RAB5C;RAB5A;RAB32;RAB6A;RAB1B;RAB7A;RAB11A;RAB35;RAB36;RAB3D;RAB4B;RAB20;RAB10;RAB43"
"Reactome","A_standard_TMM","REACTOME_EPHA_MEDIATED_GROWTH_CONE_COLLAPSE",1.20996475005592,0.219600725952813,0.378506251260335,"up_in_high_altitude",20,0.415639790040853,0.123257226381337,"MYH9;SRC;MYL9;MYL6;RHOA;LYN;EPHA1"
"Reactome","A_standard_TMM","REACTOME_CELLULAR_HEXOSE_TRANSPORT",1.22417485922619,0.22040072859745,0.379358258237774,"up_in_high_altitude",15,0.452289447615692,0.123257226381337,"SLC2A1;SLC2A4;SLC2A6"
"Reactome","A_standard_TMM","REACTOME_NS1_MEDIATED_EFFECTS_ON_HOST_PATHWAYS",-1.17341427491079,0.221153846153846,0.380127317281057,"down_in_high_altitude",40,-0.312239287292934,0.143758989039275,"KPNA5;NUP43;NUP107;PABPN1;NUP133;RANBP2;NUP42;NUP160;NUP54;NUP155;NDC1;NUP35;SEH1L;NUP37"
"Reactome","A_standard_TMM","REACTOME_PROCESSING_OF_INTRONLESS_PRE_MRNAS",-1.19026458927973,0.221729490022173,0.380589622569179,"down_in_high_altitude",20,-0.383716884672059,0.137250779610133,"CPSF6;NUDT21;PABPN1;NCBP1;CPSF2;CSTF1;NCBP2;CSTF3;CSTF2T;PCF11;CPSF3"
"Reactome","A_standard_TMM","REACTOME_TNF_RECEPTOR_SUPERFAMILY_TNFSF_MEMBERS_MEDIATING_NON_CANONICAL_NF_KB_PATHWAY",-1.22058429350941,0.224400871459695,0.384112388250319,"down_in_high_altitude",16,-0.422062750939689,0.135002033828631,"BIRC3;CD40LG;TNFRSF13C;LTB;TRAF3"
"Reactome","A_standard_TMM","REACTOME_RESPIRATORY_SYNCYTIAL_VIRUS_INFECTION_PATHWAY",1.14728974719881,0.224242424242424,0.384112388250319,"up_in_high_altitude",102,0.275024919073232,0.109684061970549,"UBB;MED25;FURIN;UBA52;BECN1;MED16;RAB5C;RAB5A;MED12;UBC;IRF3;ELOB;MED8;CREBBP;JAK1;HSP90AB1;CDK8;CD14;RBX1;UBE2L6;MED29;MED15;TYK2;SDC3;CX3CR1;H2BC15;MED24"
"Reactome","A_standard_TMM","REACTOME_ATF4_ACTIVATES_GENES_IN_RESPONSE_TO_ENDOPLASMIC_RETICULUM_STRESS",-1.18768402190406,0.226757369614512,0.387611426572466,"down_in_high_altitude",26,-0.352575328069985,0.137250779610133,"DCP2;DIS3;NFYB;EXOSC2;CEBPG;EXOSC9;EXOSC8;EXOSC6;ASNS;HERPUD1"
"Reactome","A_standard_TMM","REACTOME_RHO_GTPASES_ACTIVATE_KTN1",1.22957025887974,0.228624535315985,0.390265541027699,"up_in_high_altitude",11,0.489527035409467,0.122107920287081,"KLC3;RHOA;CDC42;RHOG;KLC1;RAC1"
"Reactome","A_standard_TMM","REACTOME_BUTYRATE_RESPONSE_FACTOR_1_BRF1_BINDS_AND_DESTABILIZES_MRNA",-1.20311098918404,0.229398663697105,0.390512677157897,"down_in_high_altitude",17,-0.409556274355561,0.135002033828631,"DCP2;DIS3;XRN1;DCP1A;EXOSC2;EXOSC9;EXOSC8;EXOSC6"
"Reactome","A_standard_TMM","REACTOME_NEDDYLATION",1.112529685654,0.229281767955801,0.390512677157897,"up_in_high_altitude",210,0.246250909035457,0.102449405629826,"UBB;FBXO9;FBXO7;DCAF6;ANKRD9;WDTC1;PSMD2;DCAF11;FBXW4;DDB1;SPSB3;UBA52;VCP;NUB1;CUL4A;DCUN1D1;DCAF10;COPS3;SQSTM1;UBE2F;UBE2M;SKP1;CDKN1A;UBE2D3;GPS1;UBC;ELOB;DPP3;PSMB6;PSMD3;FEM1A;PSMC3;UBE2D2;PSMD14;FBXW5"
"Reactome","A_standard_TMM","REACTOME_INCRETIN_SYNTHESIS_SECRETION_AND_INACTIVATION",-1.23835216798215,0.230603448275862,0.391489574979952,"down_in_high_altitude",11,-0.479173120719209,0.132147260608774,"DPP4;SEC11C;SEC11A"
"Reactome","A_standard_TMM","REACTOME_SYNTHESIS_SECRETION_AND_INACTIVATION_OF_GLUCAGON_LIKE_PEPTIDE_1_GLP_1",-1.23835216798215,0.230603448275862,0.391489574979952,"down_in_high_altitude",11,-0.479173120719209,0.132147260608774,"DPP4;SEC11C;SEC11A"
"Reactome","A_standard_TMM","REACTOME_O_GLYCOSYLATION_OF_TSR_DOMAIN_CONTAINING_PROTEINS",1.19417202140839,0.231329690346084,0.392185991420068,"up_in_high_altitude",19,0.414253360383316,0.119887845115423,"THBS1;ADAMTS2;ADAMTSL4;CFP;ADAMTS10;SPON2"
"Reactome","A_standard_TMM","REACTOME_VEGFR2_MEDIATED_VASCULAR_PERMEABILITY",1.19667168741671,0.231729055258467,0.392327090826409,"up_in_high_altitude",26,0.383431695802281,0.118287526124085,"CTNNA1;PRR5;AKT2;VAV1;PAK1;AKT1;MLST8"
"Reactome","A_standard_TMM","REACTOME_ALK_MUTANTS_BIND_TKIS",-1.23374992617824,0.232758620689655,0.392797642561482,"down_in_high_altitude",11,-0.477392310199794,0.131457611642763,"EML4;PPM1B;BCL11A;STRN;PRKAR1A;NPM1;EIF2AK3"
"Reactome","A_standard_TMM","REACTOME_INWARDLY_RECTIFYING_K_CHANNELS",1.21055189379539,0.233273056057866,0.392797642561482,"up_in_high_altitude",17,0.430731304008758,0.118815039412263,"GNB2;GNB1;GNG11;GNG5;GNGT2;GNG8"
"Reactome","A_standard_TMM","REACTOME_NEPHRIN_FAMILY_INTERACTIONS",1.20857099644691,0.233273056057866,0.392797642561482,"up_in_high_altitude",17,0.430026473011929,0.118815039412263,"PIK3R2;ACTN1;ACTN4;IQGAP1;NCK2;SPTAN1"
"Reactome","A_standard_TMM","REACTOME_CELL_CYCLE_CHECKPOINTS",1.10939119830185,0.233062330623306,0.392797642561482,"up_in_high_altitude",257,0.240627875969682,0.10027910675413,"UBB;PPP2R5B;H2BC21;H2BC8;H2BC11;PSMD2;H2BC12;BABAM1;H2BC9;H2BC17;UBA52;NUP98;H2BC4;UIMC1;YWHAH;H2BC12L;CDKN1A;MCM2;H4C8;PKMYT1;ANAPC2;DYNLL2;UBE2S;UBC;DYNLL1;DYNC1H1;B9D2;H2BC5;PSMB6;PSMD3;PSMC3;H4C3;NDE1;SFN;H4C12;MCM10;PSMD14;RPA1;H4C15;PSMD13;SEC13;TOP3A;NDEL1;MCM5;PIAS4;RFC2;KAT5;PSMD8;CDC20;SPC24;CDC16;PSMB3;ADRM1;MCM3;CDC25A;H2BC6;PSMC4;ATRIP;MCM7;PAFAH1B1;H2BC15;UBE2C;CLIP1;SKA1;PSMD6;CCNB1;ANAPC11;H4C14;CHEK2;CKAP5;RMI1;CENPM;CENPT;CDC27;CDC26;RAD9A;SGO1;COP1;CDC25C;PSMB7"
"Reactome","A_standard_TMM","REACTOME_REGULATION_OF_NPAS4_GENE_EXPRESSION",-1.22807328414747,0.234913793103448,0.394038305222516,"down_in_high_altitude",11,-0.47519576680332,0.130777137971974,"TNRC6C;AGO3;TNRC6A"
"Reactome","A_standard_TMM","REACTOME_CHK1_CHK2_CDS1_MEDIATED_INACTIVATION_OF_CYCLIN_B_CDK1_COMPLEX",1.22328183817073,0.234962406015038,0.394038305222516,"up_in_high_altitude",13,0.468917608890962,0.120985142145252,"YWHAH;SFN;CCNB1;CHEK2;CDC25C;YWHAE"
"Reactome","A_standard_TMM","REACTOME_NUCLEAR_IMPORT_OF_REV_PROTEIN",-1.17928480408133,0.234866828087167,0.394038305222516,"down_in_high_altitude",34,-0.327669796057294,0.139599673451922,"NUP43;NUP107;NUP133;RANBP2;NUP42;NUP160;NUP54;NUP155;NDC1;NUP35;NPM1;SEH1L;NUP37"
"Reactome","A_standard_TMM","REACTOME_ELEVATION_OF_CYTOSOLIC_CA2_LEVELS",1.22326797078028,0.237918215613383,0.39791981883586,"up_in_high_altitude",11,0.487017914529759,0.119348440591015,"P2RX1;STIM1;ITPR2;P2RX4"
"Reactome","A_standard_TMM","REACTOME_MITOTIC_METAPHASE_AND_ANAPHASE",1.10433800251478,0.237830319888734,0.39791981883586,"up_in_high_altitude",211,0.244610442874328,0.100633389423036,"UBB;PPP2R5B;TUBB2B;TUBB1;PSMD2;CHMP4B;TUBB2A;TUBB4B;UBA52;NUP98;CHMP2A;TUBA1B;TUBA4A;ANAPC2;LMNA;TUBA1A;TUBA8;DYNLL2;UBE2S;UBC;DYNLL1;DYNC1H1;B9D2;PSMB6;SIRT2;PSMD3;PSMC3;NDE1;PSMD14;PSMD13;SEC13;TUBA1C;NDEL1;NUP188;PSMD8;CDC20;SPC24;EMD;CDC16;PSMB3;ADRM1;PSMC4;PAFAH1B1;UBE2C;ESPL1;CLIP1;PTTG1;SKA1;TUBA4B;CHMP3;PSMD6;SMC1A;IST1;VPS4A;CCNB1;ANAPC11"
"Reactome","A_standard_TMM","REACTOME_NEGATIVE_REGULATION_OF_NMDA_RECEPTOR_MEDIATED_NEURONAL_TRANSMISSION",-1.20280657070339,0.238709677419355,0.398706204141883,"down_in_high_altitude",14,-0.434994008434331,0.129442887745046,"CAMK4;CAMK2D;DLG1"
"Reactome","A_standard_TMM","REACTOME_PROTEIN_HYDROXYLATION",-1.17945728459324,0.240618101545254,0.401353580668898,"down_in_high_altitude",19,-0.387995155299028,0.130777137971974,"RPS6;RPL27A;RWDD1;ZC3H15"
"Reactome","A_standard_TMM","REACTOME_ESTABLISHMENT_OF_SISTER_CHROMATID_COHESION",-1.22206819546572,0.241379310344828,0.402082851191854,"down_in_high_altitude",11,-0.472872132898339,0.128788713061714,"STAG2;SMC3;PDS5A;PDS5B;WAPL;ESCO1"
"Reactome","A_standard_TMM","REACTOME_IRAK2_MEDIATED_ACTIVATION_OF_TAK1_COMPLEX",1.2201568300919,0.242592592592593,0.403421442938703,"up_in_high_altitude",10,0.496936140688049,0.11776578836269,"UBB;UBA52;UBC;TAB2"
"Reactome","A_standard_TMM","REACTOME_APOPTOTIC_EXECUTION_PHASE",1.14549595352478,0.24283305227656,0.403421442938703,"up_in_high_altitude",44,0.319794953781712,0.11146266692298,"ADD1;GSN;H1-0;PRKCD;PLEC;H1-2;LMNA;TJP2;VIM;SPTAN1;KPNA1;PTK2;STK24"
"Reactome","A_standard_TMM","REACTOME_NON_INTEGRIN_MEMBRANE_ECM_INTERACTIONS",1.13494912280247,0.243288590604027,0.403637888956681,"up_in_high_altitude",53,0.305284505887537,0.11101149245045,"THBS1;ITGB3;ITGB5;ACTN1;LAMB2;LAMB3;ACTA2;ACTB;SDC3;TGFB1;ACTG1;DAG1"
"Reactome","A_standard_TMM","REACTOME_ERKS_ARE_INACTIVATED",1.20713482750633,0.244360902255639,0.404875673830772,"up_in_high_altitude",13,0.462728015131599,0.118287526124085,"MAPK1;MAPK7;VRK3;MAPK3;DUSP6;PPP2R1A;PPP2CA"
"Reactome","A_standard_TMM","REACTOME_ION_TRANSPORT_BY_P_TYPE_ATPASES",-1.14642540962536,0.24582338902148,0.406755767700875,"down_in_high_altitude",41,-0.30325539117986,0.135002033828631,"ATP8A1;CAMK2D;ATP11C;ATP7A;ATP11B;ATP8A2;ATP8B2;ATP2C1;ATP10D;FXYD2;ATP1B1;ATP2B1;CUTC;FXYD1;ATP13A4;SRI;ATP8B1;ATP10A;ATP9B;ATP8B4"
"Reactome","A_standard_TMM","REACTOME_DOWNSTREAM_SIGNALING_OF_ACTIVATED_FGFR1",-1.20505858921632,0.246187363834423,0.406815603886176,"down_in_high_altitude",16,-0.416694156980989,0.128142916898415,"FRS2;SOS1;PIK3R1;PIK3CA;NRAS;KRAS;PLCG1;FGF17;GAB1"
"Reactome","A_standard_TMM","REACTOME_UBIQUINOL_BIOSYNTHESIS",1.22149055477399,0.246753246753247,0.407208483006355,"up_in_high_altitude",12,0.477687365075703,0.116739204791222,"COQ5;COQ6;COQ8A;COQ8B"
"Reactome","A_standard_TMM","REACTOME_RNA_POLYMERASE_III_TRANSCRIPTION_TERMINATION",1.16853553809766,0.247723132969035,0.407956594590282,"up_in_high_altitude",23,0.386612894349641,0.115240003147781,"NFIX;POLR3H;POLR1D;POLR3C;POLR2E;NFIB;POLR2L"
"Reactome","A_standard_TMM","REACTOME_NUCLEAR_PORE_COMPLEX_NPC_DISASSEMBLY",-1.16060213205881,0.248192771084337,0.407956594590282,"down_in_high_altitude",35,-0.320162059142917,0.135002033828631,"NUP43;NEK7;NUP107;NUP133;RANBP2;NUP42;NUP160;NUP54;NUP155;NDC1;NUP35;SEH1L;NUP37"
"Reactome","A_standard_TMM","REACTOME_SYNTHESIS_OF_DNA",1.11750355172868,0.248097412480974,0.407956594590282,"up_in_high_altitude",107,0.266493749501984,0.103576326612592,"UBB;FZR1;PSMD2;UBA52;SKP1;MCM2;POLD4;ANAPC2;UBE2S;UBC;PSMB6;PSMD3;PSMC3;PSMD14;RPA1;PSMD13;MCM5;RFC2;PSMD8;RBX1;CDC16;PSMB3;ADRM1;MCM3;PSMC4;MCM7;UBE2C"
"Reactome","A_standard_TMM","REACTOME_TP53_REGULATES_TRANSCRIPTION_OF_ADDITIONAL_CELL_CYCLE_GENES_WHOSE_EXACT_ROLE_IN_THE_P53_PATHWAY_REMAIN_UNCERTAIN",-1.14321638835986,0.248888888888889,0.408559670781893,"down_in_high_altitude",21,-0.362205933374449,0.128788713061714,"CNOT7;CNOT6L;CNOT9;CNOT8;CNOT4;PLAGL1;NPM1;CNOT2;CNOT11"
"Reactome","A_standard_TMM","REACTOME_METABOLIC_DISORDERS_OF_BIOLOGICAL_OXIDATION_ENZYMES",1.16558666259948,0.251366120218579,0.410423409678188,"up_in_high_altitude",23,0.385637251543533,0.114266502484433,"MAOA;CYP4F22;GCLC;GSS;CYP26B1;OPLAH;CYP21A2;TBXAS1;CYP17A1;CYP27A1"
"Reactome","A_standard_TMM","REACTOME_DISEASES_ASSOCIATED_WITH_GLYCOSAMINOGLYCAN_METABOLISM",1.16398423137923,0.251366120218579,0.410423409678188,"up_in_high_altitude",23,0.385107083181629,0.114266502484433,"B4GALT7;PAPSS2;ST3GAL3;VCAN;SDC3;EXT1"
"Reactome","A_standard_TMM","REACTOME_REGULATION_OF_CHOLESTEROL_BIOSYNTHESIS_BY_SREBP_SREBF",1.13139745091424,0.250825082508251,0.410423409678188,"up_in_high_altitude",55,0.301591686797477,0.107972360317345,"RXRA;CARM1;TM7SF2;FDFT1;FASN;CREBBP;DHCR7;LSS;SEC24C;NCOA6;ELOVL6;NFYC;SCD;SEC24D;HELZ2;MVD;MTF1;TBL1X;SMARCD3;SCAP;SREBF2"
"Reactome","A_standard_TMM","REACTOME_RHOG_GTPASE_CYCLE",1.12742082806447,0.2512,0.410423409678188,"up_in_high_altitude",69,0.28881795227672,0.105920292736253,"ITSN1;STX5;DOCK2;VAV1;MCAM;PLEKHG3;LAMTOR1;VAMP3;CYFIP1;RAB7A;PREX1;MAP3K11;EMD;ARHGDIB;YKT6;CDC42;ARHGAP1;PAK4;RHOG;ARHGAP21;IQGAP2;ELMO2;OPHN1;ESYT1"
"Reactome","A_standard_TMM","REACTOME_REGULATION_OF_RUNX2_EXPRESSION_AND_ACTIVITY",1.125034357649,0.251677852348993,0.410423409678188,"up_in_high_altitude",53,0.302617580894992,0.108820126769161,"UBB;PSMD2;UBA52;SKP1;UBC;PSMB6;ESRRA;PSMD3;PSMC3;PSMD14;PSMD13;PSMD8;RBX1;PSMB3;ADRM1;PSMC4"
"Reactome","A_standard_TMM","REACTOME_SIGNALING_BY_NODAL",1.18730907380371,0.252302025782689,0.410901330703828,"up_in_high_altitude",16,0.433018429925694,0.114750719227023,"PCSK6;FURIN;FOXO3;MAPK1;MAPK3;DRAP1"
"Reactome","A_standard_TMM","REACTOME_SIGNALING_BY_ERBB2_IN_CANCER",-1.13794040437365,0.253333333333333,0.411952803946451,"down_in_high_altitude",21,-0.360534340206566,0.127505315300183,"NRG4;SOS1;PIK3R1;ERBIN;PIK3CA;HSP90AA1;EREG;NRAS"
"Reactome","A_standard_TMM","REACTOME_ISG15_ANTIVIRAL_MECHANISM",1.11337333463211,0.253611556982344,0.411952803946451,"up_in_high_altitude",73,0.282671960960843,0.105520936843198,"UBB;EIF4G1;UBA52;NUP98;BECN1;UBC;IRF3;JAK1;MAPK3;SEC13;KPNA1;EIF4E2;MX2;NUP188;AAAS;UBE2L6;UBA7;NUP210;EIF4A1;EIF4G2;MX1;EIF4A3;EIF4G3"
"Reactome","A_standard_TMM","REACTOME_PLATELET_CALCIUM_HOMEOSTASIS",1.16917712812987,0.255898366606171,0.415124016938899,"up_in_high_altitude",20,0.401628672268352,0.112843355675562,"P2RX1;STIM1;SLC8A3;ATP2A3;ITPR2;ATP2A1;SLC8A1;P2RX4"
"Reactome","A_standard_TMM","REACTOME_HYALURONAN_UPTAKE_AND_DEGRADATION",1.20366354567632,0.25974025974026,0.420806347699298,"up_in_high_altitude",12,0.470715770436872,0.11331290842208,"HYAL3;CHP1;GUSB;SLC9A1;HYAL2;LYVE1"
"Reactome","A_standard_TMM","REACTOME_GLYOXYLATE_METABOLISM_AND_GLYCINE_DEGRADATION",1.20097470356994,0.263450834879406,0.426261389941777,"up_in_high_altitude",12,0.469664247037138,0.112378519110475,"OGDH;GLDC;GNMT;GRHPR;ALDH4A1;KGD4;DLST;AMT"
"Reactome","A_standard_TMM","REACTOME_CALNEXIN_CALRETICULIN_CYCLE",1.15714481698002,0.263814616755793,0.426294191919192,"up_in_high_altitude",26,0.370766689083507,0.109684061970549,"UBB;UBA52;UBC;RNF5;AMFR;CALR;RNF185;SYVN1"
"Reactome","A_standard_TMM","REACTOME_DISASSEMBLY_OF_THE_DESTRUCTION_COMPLEX_AND_RECRUITMENT_OF_AXIN_TO_THE_MEMBRANE",1.15361275140012,0.264550264550265,0.426927019904913,"up_in_high_altitude",29,0.362138603560919,0.108820126769161,"PPP2R5B;FRAT1;FZD1;FZD5;AXIN1;DVL3;LRP5;FRAT2;PPP2R1A;PPP2CA;PPP2R5A"
"Reactome","A_standard_TMM","REACTOME_RESOLUTION_OF_D_LOOP_STRUCTURES",-1.12759812347096,0.267326732673267,0.430847370451331,"down_in_high_altitude",37,-0.310027387978663,0.131457611642763,"ATM;MRE11;BLM;NBN;GEN1;BARD1;FIGNL1;PALB2;WRN;SEM1;BRCA2;DNA2;RAD50;BRIP1;RAD51B;RAD51D;RAD51AP1"
"Reactome","A_standard_TMM","REACTOME_DEFECTIVE_B4GALT7_CAUSES_EDS_PROGEROID_TYPE",1.19011055440943,0.269516728624535,0.433251632413275,"up_in_high_altitude",11,0.473817000128455,0.11101149245045,"B4GALT7;VCAN;SDC3;SDC4;AGRN;GPC1;GPC4;SDC1"
"Reactome","A_standard_TMM","REACTOME_SULFUR_AMINO_ACID_METABOLISM",-1.1225569010378,0.269315673289183,0.433251632413275,"down_in_high_altitude",22,-0.350132198014612,0.122679189568808,"TSTD1;APIP;MTRR;CSAD;MTAP;MTR;MRI1"
"Reactome","A_standard_TMM","REACTOME_SIGNALLING_TO_ERKS",1.1369276368943,0.270363951473137,0.434051311485334,"up_in_high_altitude",31,0.348714826469208,0.106323255932708,"MAP2K2;MAPK1;SRC;MAPKAPK2;RALGDS;MAPKAPK3;MAPK3;SHC1;RALB;GRB2"
"Reactome","A_standard_TMM","REACTOME_SARS_COV_2_TARGETS_HOST_INTRACELLULAR_SIGNALLING_AND_REGULATORY_PATHWAYS",1.18958244462672,0.272727272727273,0.43425641025641,"up_in_high_altitude",12,0.465209085156777,0.110122263835536,"AKT2;YWHAH;SFN;AKT1"
"Reactome","A_standard_TMM","REACTOME_SEROTONIN_NEUROTRANSMITTER_RELEASE_CYCLE",1.18847965150979,0.272727272727273,0.43425641025641,"up_in_high_altitude",12,0.464777816706774,0.110122263835536,"SYN3;TSPOAP1;UNC13B;SLC18A2;PPFIA4;STXBP1;STX1A"
"Reactome","A_standard_TMM","REACTOME_REGULATION_OF_IFNA_IFNB_SIGNALING",1.18794493844772,0.272727272727273,0.43425641025641,"up_in_high_altitude",12,0.464568706883789,0.110122263835536,"PTPN6;JAK1;TYK2;USP18;SOCS3;STAT2;SOCS1"
"Reactome","A_standard_TMM","REACTOME_ION_HOMEOSTASIS",1.1349779864908,0.271043771043771,0.43425641025641,"up_in_high_altitude",38,0.328214086083891,0.104343952581949,"ATP1B2;FKBP1B;CLIC2;STIM1;SLC8A3;ATP1A3;PRKACA;RYR2;CASQ1;ATP1A1;ATP2A3;DMPK;ITPR2;ATP2A1;SLC8A1"
"Reactome","A_standard_TMM","REACTOME_REGULATION_OF_GLUCOKINASE_BY_GLUCOKINASE_REGULATORY_PROTEIN",-1.12689661838355,0.271461716937355,0.43425641025641,"down_in_high_altitude",30,-0.323114684096313,0.12563992130984,"NUP43;NUP107;NUP133;RANBP2;NUP42;NUP160;NUP54;NUP155;NDC1;NUP35;SEH1L;NUP37"
"Reactome","A_standard_TMM","REACTOME_GENERATION_OF_SECOND_MESSENGER_MOLECULES",-1.12616834126152,0.272941176470588,0.43425641025641,"down_in_high_altitude",31,-0.319623015849322,0.126253987849115,"CD3G;ITK;CD3E;CD3D"
"Reactome","A_standard_TMM","REACTOME_CELL_JUNCTION_ORGANIZATION",1.10512251074368,0.272141706924316,0.43425641025641,"up_in_high_altitude",72,0.280801618243917,0.101350743797099,"CTNNA1;RSU1;FLNA;ACTN1;PARVB;PLEC;CD151;VASP;LAMB3;AGO2;ILK;PXN;CLDN5;PARD3;ACTB;CDH1;MOV10;ACTG1;F11R;ANG;CLDN15;AGO1;JUP;NECTIN1"
"Reactome","A_standard_TMM","REACTOME_FCGR3A_MEDIATED_IL10_SYNTHESIS",1.14081551288574,0.275979557069847,0.43796755795867,"up_in_high_altitude",33,0.342779954633559,0.103958471559957,"SYK;FGR;FCGR3A;SRC;PLCG2;PRKAR2B;HCK;LYN;FCGR1A;PRKACA;ADCY9;ADCY4"
"Reactome","A_standard_TMM","REACTOME_IMMUNOREGULATORY_INTERACTIONS_BETWEEN_A_LYMPHOID_AND_A_NON_LYMPHOID_CELL",1.0916512449205,0.275707898658718,0.43796755795867,"up_in_high_altitude",115,0.256604205630672,0.0959206777921745,"ICAM4;LILRA1;TREML1;LILRB5;KIR2DL1;FCGR3A;ITGB2;MADCAM1;LILRB1;LILRB2;CD300C;KIR2DL3;KIR3DL1;CD300LF;SIGLEC11;LILRA2;SIGLEC5;ITGAL;KIR3DL2;CD300A;LILRA6;LILRB4;SIGLEC1;FCGR1A;SIGLEC7;CD1A;JAML;CD1D;LILRB3;CDH1;PILRA;CD160;TREML2;ITGB7;ICAM2;HLA-G;ULBP3;ICAM3;OSCAR;CD33;CD300LD;KIR2DL4;C3;SIGLEC9;HCST;ICAM1;SIGLEC10"
"Reactome","A_standard_TMM","REACTOME_REGULATION_OF_PTEN_GENE_TRANSCRIPTION",1.11197474427227,0.276872964169381,0.438824199915967,"up_in_high_altitude",57,0.295056829428684,0.100990587455923,"MAF1;HDAC5;LAMTOR5;MAPK1;RRAGD;RRAGA;LAMTOR1;CHD4;PHC2;MAPK3;MLST8;HDAC7;HDAC3;GATAD2A;RCOR1;JUN;MTOR;PTEN"
"Reactome","A_standard_TMM","REACTOME_LONG_TERM_POTENTIATION",1.15223946893119,0.279329608938547,0.442153118230532,"up_in_high_altitude",14,0.434670077940691,0.108820126769161,"DLG4;NRGN;SRC"
"Reactome","A_standard_TMM","REACTOME_SARS_COV_INFECTIONS",1.07729317204452,0.279693486590038,0.442165117016863,"up_in_high_altitude",382,0.224817088718515,0.0862865626267245,"BCL2L1;UBB;AP2A1;CHMP4B;GSK3A;FURIN;AKT2;AP2M1;ST6GALNAC4;ATP1B2;ANO7;PCBP2;AP2S1;UBA52;AP2B1;VCP;NUP98;BECN1;CTSL;MAP1LC3B;ZDHHC3;CHMP2A;SYK;YWHAH;IKBKG;BRD4;COMT;ANO6;OST4;PHF21A;VAV1;IRAK1;PTPN6;VPS16;UBE2V1;PLCG2;UBC;SERPINE1;BTK;IRF3;ISCU;MGAT4B;ST3GAL1;RNF135;CHD4;SAP18;AP2A2;CREBBP;RPS12;JAK1;RIPK3;HSP90AB1;SFN;VPS11;NLRP3;IL17F;ST3GAL2;AKT1;ST3GAL3;PARP4;SEC13;TAB2;SEC24C;RELA;NUP188;VPS18;RBX1;AAAS;SUDS3;FKBP1A;ANO10;IL17RA;TYK2;GRB2;IFNGR2;ATP1A3;MGAT1;TKFC;NOD2;SDC3;IMPDH1;NUP210;KEAP1;SEC24D;IL1R1"
"Reactome","A_standard_TMM","REACTOME_FOXO_MEDIATED_TRANSCRIPTION_OF_CELL_CYCLE_GENES",1.15038161078395,0.280510018214936,0.442891771761751,"up_in_high_altitude",15,0.425025444173567,0.107140237276725,"FOXO4;FOXO3;CDKN1A;GADD45A;KLF4"
"Reactome","A_standard_TMM","REACTOME_COPII_MEDIATED_VESICLE_TRANSPORT",1.10189902555607,0.28341384863124,0.446907987485856,"up_in_high_altitude",66,0.284526866208918,0.0988903007520636,"PPP6R1;NAPA;STX5;TRAPPC5;CD59;RAB1B;CNIH3;TBC1D20;TRAPPC9;SEC13;SEC16A;SEC24C;TRAPPC3;F5;CSNK1D;COL7A1;YKT6;SERPINA1;SEC24D;CTSZ"
"Reactome","A_standard_TMM","REACTOME_CYTOSOLIC_IRON_SULFUR_CLUSTER_ASSEMBLY",1.1654329588355,0.285714285714286,0.449802729239244,"up_in_high_altitude",13,0.446742540702703,0.107972360317345,"ERCC2;NDOR1;RTEL1;POLD1;CIAO2B"
"Reactome","A_standard_TMM","REACTOME_MODULATION_OF_HOST_RESPONSES_BY_IFN_STIMULATED_GENES",1.13896131768485,0.285974499089253,0.449802729239244,"up_in_high_altitude",19,0.395100994445593,0.105920292736253,"IFI27;IKBKG;HSPA5;UBE2L6;UBA7"
"Reactome","A_standard_TMM","REACTOME_SIGNALING_BY_NOTCH1_HD_DOMAIN_MUTANTS_IN_CANCER",1.13780294687123,0.286778398510242,0.450366624525917,"up_in_high_altitude",14,0.429224053621791,0.107140237276725,"UBB;UBA52;NEURL1;UBC;MIB2;NOTCH1;JAG2"
"Reactome","A_standard_TMM","REACTOME_PERK_REGULATES_GENE_EXPRESSION",-1.10996114916008,0.287058823529412,0.450366624525917,"down_in_high_altitude",31,-0.315023178126916,0.122679189568808,"DCP2;DIS3;NFYB;EXOSC2;EIF2S3;CEBPG;EXOSC9;EXOSC8;EXOSC6;ASNS;HERPUD1;EIF2AK3;EXOSC1;EIF2S1"
"Reactome","A_standard_TMM","REACTOME_ROLE_OF_PHOSPHOLIPIDS_IN_PHAGOCYTOSIS",1.13309194694698,0.287769784172662,0.450911997674588,"up_in_high_altitude",24,0.371218225114723,0.104732821580651,"PIK3R2;SYK;PRKCD;FCGR3A;PLCG2"
"Reactome","A_standard_TMM","REACTOME_SIGNALING_BY_LTK",1.1650744575579,0.288888888888889,0.451943795332463,"up_in_high_altitude",10,0.474502613331631,0.106323255932708,"PIK3R2;TNK2;IRS1;SHC1;GRB2"
"Reactome","A_standard_TMM","REACTOME_SUMOYLATION_OF_SUMOYLATION_PROTEINS",-1.12538221770526,0.289156626506024,0.451943795332463,"down_in_high_altitude",35,-0.310446343489122,0.12384217120105,"NUP43;NUP107;NUP133;RANBP2;SUMO2;NUP42;NUP160;NUP54;NUP155;NDC1;NUP35;SEH1L;NUP37"
"Reactome","A_standard_TMM","REACTOME_ALPHA_PROTEIN_KINASE_1_SIGNALING_PATHWAY",1.17342341081062,0.29182156133829,0.453254765482876,"up_in_high_altitude",11,0.467173371692924,0.105920292736253,"UBB;UBA52;UBC;TAB2"
"Reactome","A_standard_TMM","REACTOME_REGULATION_OF_TP53_ACTIVITY_THROUGH_METHYLATION",-1.1293572571912,0.291390728476821,0.453254765482876,"down_in_high_altitude",19,-0.371514212609319,0.117249716749792,"ATM;MDM4;RPS27A;JMY;MDM2;SMYD2"
"Reactome","A_standard_TMM","REACTOME_INTERLEUKIN_7_SIGNALING",1.12754667283264,0.29136690647482,0.453254765482876,"up_in_high_altitude",24,0.369401508633728,0.103958471559957,"H3C10;PIK3R2;JAK1;IRS1;STAT3;HGF;STAT5A;SMARCA4"
"Reactome","A_standard_TMM","REACTOME_ER_QUALITY_CONTROL_COMPARTMENT_ERQC",1.12334504900984,0.291666666666667,0.453254765482876,"up_in_high_altitude",21,0.38124402794102,0.104343952581949,"UBB;UBA52;UBC;RNF5;AMFR;RNF185;SYVN1;OS9"
"Reactome","A_standard_TMM","REACTOME_NUCLEAR_RECEPTOR_TRANSCRIPTION_PATHWAY",1.11691884333895,0.291736930860034,0.453254765482876,"up_in_high_altitude",36,0.327685545483361,0.0999276973731092,"RXRA;NRBP1;NR1H2;NCOR2;VDR;RXRB;RARA;ESRRA"
"Reactome","A_standard_TMM","REACTOME_OTHER_INTERLEUKIN_SIGNALING",1.13013155092289,0.292196007259528,0.453269056261343,"up_in_high_altitude",20,0.388215971186289,0.104343952581949,"CSF1R;PRTN3;STXBP2;STX4;JAK1"
"Reactome","A_standard_TMM","REACTOME_NEGATIVE_REGULATION_OF_FLT3",1.13888221389936,0.293260473588342,0.454352369192426,"up_in_high_altitude",15,0.420776822479004,0.104343952581949,"UBB;UBA52;UBC;CSK"
"Reactome","A_standard_TMM","REACTOME_MUCOPOLYSACCHARIDOSES",1.16777891463694,0.29368029739777,0.454380465269757,"up_in_high_altitude",11,0.464926136564774,0.105520936843198,"GNS;GUSB;IDS;GLB1;ARSB;GALNS;NAGLU"
"Reactome","A_standard_TMM","REACTOME_NOTCH4_INTRACELLULAR_DOMAIN_REGULATES_TRANSCRIPTION",1.14801423349445,0.294010889292196,0.454380465269757,"up_in_high_altitude",18,0.402229025874507,0.103958471559957,"MAML3;KAT2B;NOTCH2;CREBBP;ACTA2;NOTCH4;NOTCH1"
"Reactome","A_standard_TMM","REACTOME_INSULIN_PROCESSING",-1.12521754184722,0.29490022172949,0.455188028813802,"down_in_high_altitude",18,-0.375920897585417,0.116739204791222,"ERO1B;EXOC1;EXOC5;EXOC8;SLC30A5;VAMP2;EXOC2;RAB27A;MYO5A;KIF5C;EXOC6"
"Reactome","A_standard_TMM","REACTOME_RECRUITMENT_OF_MITOTIC_CENTROSOME_PROTEINS_AND_COMPLEXES",1.08892383409949,0.295527156549521,0.455589069910503,"up_in_high_altitude",79,0.273430339152457,0.0959206777921745,"TUBB4B;PCNT;ACTR1A;CETN2;TUBA4A;TUBA1A;DYNLL1;DYNC1H1;PRKAR2B;MZT2A;SSNA1;DCTN1;TUBGCP2;TUBG1;NDE1;MZT2B;CEP131;DCTN2;CDK5RAP2;CSNK1D;DCTN3"
"Reactome","A_standard_TMM","REACTOME_DEGRADATION_OF_AXIN",1.10284494125889,0.298811544991511,0.460080803144498,"up_in_high_altitude",42,0.311615728544299,0.0988903007520636,"UBB;PSMD2;UBA52;UBC;PSMB6;PSMD3;PSMC3;PSMD14;PSMD13;PSMD8;PSMB3;ADRM1;PSMC4;AXIN1"
"Reactome","A_standard_TMM","REACTOME_GAP_FILLING_DNA_REPAIR_SYNTHESIS_AND_LIGATION_IN_GG_NER",1.12069751017216,0.299465240641711,0.460515940069843,"up_in_high_altitude",25,0.363536133651476,0.101713902282311,"UBB;UBA52;POLD4;UBC;RPA1;RFC2"
"Reactome","A_standard_TMM","REACTOME_DEFENSINS",1.14978527332473,0.3,0.460767326732673,"up_in_high_altitude",10,0.468275751325269,0.103958471559957,"DEFA4;DEFA1B;DEFA1;DEFA3"
"Reactome","A_standard_TMM","REACTOME_BLOOD_GROUP_SYSTEMS_BIOSYNTHESIS",1.15726479389601,0.301115241635688,0.461006890285794,"up_in_high_altitude",11,0.46074016482459,0.103958471559957,"RHCE;ST6GALNAC6;ST3GAL3;FUT7;RHD"
"Reactome","A_standard_TMM","REACTOME_A_TETRASACCHARIDE_LINKER_SEQUENCE_IS_REQUIRED_FOR_GAG_SYNTHESIS",1.12967200241709,0.301270417422868,0.461006890285794,"up_in_high_altitude",18,0.395802469893442,0.102449405629826,"B4GALT7;VCAN;SDC3;B3GAT1;XYLT1;SDC4;AGRN;GPC1;B3GAT3;GPC4;SDC1;XYLT2;HSPG2"
"Reactome","A_standard_TMM","REACTOME_TRANSCRIPTIONAL_REGULATION_BY_RUNX3",1.08642978115409,0.3008,0.461006890285794,"up_in_high_altitude",81,0.272732613707971,0.0949751525905595,"UBB;PSMD2;FOXO3;UBA52;MAML3;CDKN1A;SRC;KAT2B;UBC;PSMB6;CREBBP;PSMD3;ITGAL;PSMC3;PSMD14;PSMD13;PSMD8;TCF7L2;PSMB3;ADRM1;PSMC4;NOTCH1;TGFB1"
"Reactome","A_standard_TMM","REACTOME_NUCLEAR_EVENTS_STIMULATED_BY_ALK_SIGNALING_IN_CANCER",1.10795950066224,0.303904923599321,0.464465529786647,"up_in_high_altitude",34,0.329927219468952,0.0978773277424561,"SKP1;MAPK1;PTPN6;PRF1;AGO2;MAPK3;RBX1;STAT3;NOTCH1;STAT5A;MOV10;MIR21;CCNB1;AGO1"
"Reactome","A_standard_TMM","REACTOME_PYROPTOSIS",1.11383066446322,0.306595365418895,0.4680010436468,"up_in_high_altitude",25,0.361308640044371,0.10027910675413,"CHMP4B;CHMP2A;ELANE;IRF2;CHMP3;CYCS;CASP5;BAX;CASP1;CHMP6;GSDMD"
"Reactome","A_standard_TMM","REACTOME_SIGNALING_BY_ALK",1.10588938543655,0.307553956834532,0.468887543527831,"up_in_high_altitude",24,0.362306250557244,0.100633389423036,"PIK3R2;SRC;PTPN6;IRS1;MDK;SHC1;STAT3;HDAC3"
"Reactome","A_standard_TMM","REACTOME_CILIUM_ASSEMBLY",1.06788905944218,0.309623430962343,0.471463408373335,"up_in_high_altitude",181,0.238399051510469,0.0855356947987884,"TUBB2B;TUBB1;TUBB2A;HDAC6;TUBB4B;PCNT;KIF3C;EXOC3;ACTR1A;IFT52;KIF24;DYNLRB1;ASAP1;EXOC7;CETN2;TUBA1B;TUBA4A;TUBA1A;TUBA8;DYNLL2;DYNLL1;DYNC1H1;PRKAR2B;B9D2;IFT122;SSNA1;DCTN1;TUBG1;NDE1;CCT3;CEP131;DCTN2;TUBA1C;RAB11A;CDK5RAP2;CSNK1D;GBF1;DCTN3;CC2D2A;ARF4;MKS1;IFT56;PRKACA;PAFAH1B1"
"Reactome","A_standard_TMM","REACTOME_CITRIC_ACID_CYCLE_TCA_CYCLE",1.10393039299377,0.310696095076401,0.472516977928693,"up_in_high_altitude",34,0.328727435280808,0.0965629554309422,"ACO2;OGDH;SDHB;ISCA1;ISCU;SDHA;SDHAF2;IDH3G"
"Reactome","A_standard_TMM","REACTOME_RND2_GTPASE_CYCLE",-1.08869249395401,0.311881188118812,0.473738744743507,"down_in_high_altitude",37,-0.299330482365093,0.120433371642259,"ARHGAP5;ANKRD26;FRS2;LEMD3;KTN1;PIK3R1;RBMX;KIF14;TNFAIP1"
"Reactome","A_standard_TMM","REACTOME_GLYCOSPHINGOLIPID_METABOLISM",1.08940969337995,0.312393887945671,0.473937426577723,"up_in_high_altitude",42,0.307819515314913,0.096240602328129,"CTSA;GBA2;PSAP;ST3GAL2;ST6GALNAC6;ST3GAL3;GBA1;B4GALT5;ARSA;GLB1;GLA"
"Reactome","A_standard_TMM","REACTOME_SIGNALING_BY_NTRK2_TRKB",-1.08015038215718,0.313333333333333,0.474782254782255,"down_in_high_altitude",21,-0.342224692838164,0.112843355675562,"FRS2;SOS1;PIK3R1;PIK3CA;NRAS;CDK5R1;DOCK3;KRAS;PLCG1;TIAM1;GAB1"
"Reactome","A_standard_TMM","REACTOME_COLLAGEN_CHAIN_TRIMERIZATION",1.12075284198653,0.317604355716878,0.480667079810544,"up_in_high_altitude",18,0.392677469255879,0.0992333343771191,"COL6A3;COL9A3;COL18A1;COL9A2;COL7A1"
"Reactome","A_standard_TMM","REACTOME_REPRESSION_OF_WNT_TARGET_GENES",-1.11471339677549,0.320430107526882,0.484141142813022,"down_in_high_altitude",14,-0.4031351844339,0.109250039480711,"LEF1;TCF7;AXIN2"
"Reactome","A_standard_TMM","REACTOME_INTRA_GOLGI_TRAFFIC",1.08632858505014,0.32088285229202,0.484141142813022,"up_in_high_altitude",42,0.306948928906072,0.0946646223153342,"NAPA;STX5;ARF1;MAN2A2;COG1;CUX1;MAN1A1;CYTH4;CYTH2;YKT6;COG4"
"Reactome","A_standard_TMM","REACTOME_POTASSIUM_CHANNELS",1.07243480248175,0.321070234113712,0.484141142813022,"up_in_high_altitude",52,0.289390964914387,0.0937465422491719,"GNB2;GNB1;KCNH2;KCNG2;KCNC3;GNG11;GNG5;KCND1;KCNH3;KCNK7;KCND3;GNGT2;GNG8;KCNQ4;KCNMA1;GABBR1;KCNN4;KCNN3"
"Reactome","A_standard_TMM","REACTOME_P38MAPK_EVENTS",1.11591399402707,0.326530612244898,0.491777293441648,"up_in_high_altitude",12,0.436399621245152,0.0988903007520636,"SRC;MAPKAPK2;RALGDS;MAPKAPK3;RALB"
"Reactome","A_standard_TMM","REACTOME_SIGNALING_BY_PTK6",1.07855051965562,0.3276740237691,0.491814005957472,"up_in_high_altitude",47,0.296785787099539,0.0934449219410994,"UBB;ARAP1;UBA52;EGF;UBC;DOK1;AKT1;ELMO1;RHOA;STAT3;PXN;ELMO2;ERBB2;PTK6;HBEGF;DOCK1;RAC1;EPAS1;CBL;HRAS;STAP2"
"Reactome","A_standard_TMM","REACTOME_FORMATION_OF_RNA_POL_II_ELONGATION_COMPLEX",1.07485064071833,0.327361563517915,0.491814005957472,"up_in_high_altitude",57,0.285206137813224,0.0911073131586733,"ERCC2;POLR2A;SUPT5H;ELOB;CTDP1;ELL;NELFE;SUPT6H;POLR2E;POLR2J;CCNK;POLR2L;SUPT4H1;POLR2G;MLLT1;IWS1;NELFCD;POLR2I;POLR2C;PAF1"
"Reactome","A_standard_TMM","REACTOME_SARS_COV_2_ACTIVATES_MODULATES_INNATE_AND_ADAPTIVE_IMMUNE_RESPONSES",1.06224505860065,0.327743902439024,0.491814005957472,"up_in_high_altitude",108,0.252927769021224,0.0873098257637931,"UBB;UBA52;NUP98;BECN1;IKBKG;IRAK1;PTPN6;UBE2V1;UBC;IRF3;RNF135;CREBBP;JAK1;HSP90AB1;NLRP3;IL17F;SEC13;TAB2;SEC24C;NUP188;AAAS;IL17RA;TYK2;TKFC;NOD2;NUP210;SEC24D"
"Reactome","A_standard_TMM","REACTOME_TRANSPORT_OF_MATURE_MRNAS_DERIVED_FROM_INTRONLESS_TRANSCRIPTS",-1.08298206022477,0.32843137254902,0.49225040257649,"down_in_high_altitude",43,-0.286039390091903,0.116234148779716,"NUP43;NUP107;NUP133;NCBP1;CPSF2;RANBP2;NUP42;NUP160;NUP54;NUP155;NCBP2;NDC1;EIF4E;NUP35;SEH1L;NUP37"
"Reactome","A_standard_TMM","REACTOME_KIDNEY_DEVELOPMENT",-1.12154495985974,0.330453563714903,0.494087798277343,"down_in_high_altitude",10,-0.449409673824211,0.107554375265169,"GATA3;PLAC8;DLL1;ITGB1;PAX8;CTNNB1;JAG1;HOXB4"
"Reactome","A_standard_TMM","REACTOME_SIGNALLING_TO_RAS",1.11047824282054,0.330308529945554,0.494087798277343,"up_in_high_altitude",18,0.38907756439999,0.096887770327544,"SRC;MAPKAPK2;RALGDS;MAPKAPK3;SHC1;RALB;GRB2"
"Reactome","A_standard_TMM","REACTOME_MET_PROMOTES_CELL_MOTILITY",1.09478764277273,0.331588132635253,0.495187572322923,"up_in_high_altitude",28,0.345017703139512,0.0943563635421779,"TNS3;LAMB2;SRC;LAMB3;PTK2;GRB2;HGF"
"Reactome","A_standard_TMM","REACTOME_EPIGENETIC_REGULATION_OF_GENE_EXPRESSION",1.05409688931371,0.33289124668435,0.496536102326056,"up_in_high_altitude",278,0.226291566704942,0.0789209638180035,"H3C10;H2AC6;H2BC21;H2BC8;RXRA;H2BC11;PNPLA2;H2BC12;ERCC2;H2AJ;H2BC9;H2BC17;NCOA4;H2BC4;H2AC8;H2AC18;MED16;NCOR2;GPS2;H2AC19;ASH2L;POLR1D;H2BC12L;AKAP8L;H4C8;MED12;KAT2B;TADA3;KMT2B;CEBPA;H2BC5;MGLL;MYO1C;H3-3B;CHD4;SAP18;CREBBP;LPL;POLR2E;H4C3;H4C12;POLR2L;H4C15;DPF3;CDK8;KAT8;NCOA6;H3-3A;PLIN2;MYBBP1A;SPOCD1;SUDS3;POLR1A;PLIN4"
"Reactome","A_standard_TMM","REACTOME_GABA_RECEPTOR_ACTIVATION",1.09144460277431,0.333333333333333,0.496598639455782,"up_in_high_altitude",28,0.343964158199201,0.0940503465727813,"GNB2;GNB1;GNG11;GNG5;GNGT2;GNG8;ADCY9;ADCY4;GABBR1"
"Reactome","A_standard_TMM","REACTOME_ZINC_TRANSPORTERS",-1.12938329089756,0.336206896551724,0.500279087075167,"down_in_high_altitude",11,-0.437008251755501,0.106323255932708,"SLC39A10;SLC30A5;SLC39A8;SLC39A6"
"Reactome","A_standard_TMM","REACTOME_DIFFERENTIATION_OF_KERATINOCYTES_IN_INTERFOLLICULAR_EPIDERMIS_IN_MAMMALIAN_SKIN",1.11018298336474,0.341772151898734,0.506936197824881,"up_in_high_altitude",17,0.395018641137125,0.0946646223153342,"KRT1;ABCG2;EGF"
"Reactome","A_standard_TMM","REACTOME_TNFR2_NON_CANONICAL_NF_KB_PATHWAY",1.0647614397709,0.341576506955178,0.506936197824881,"up_in_high_altitude",83,0.264428797686956,0.0857844408075645,"UBB;PSMD2;UBA52;UBE2M;TNFRSF8;SKP1;UBC;TNFSF13;PSMB6;PSMD3;PSMC3;TNFRSF6B;TNF;PSMD14;TNFRSF12A;PSMD13;PSMD8;TNFRSF1B;PSMB3;ADRM1;RELB;PSMC4;TNFSF14"
"Reactome","A_standard_TMM","REACTOME_MITOCHONDRIAL_PROTEIN_DEGRADATION",1.0575659743001,0.341906202723147,0.506936197824881,"up_in_high_altitude",97,0.255523074782024,0.0845557442441281,"FECH;APP;ARG2;ACO2;OGDH;ATP5F1B;ECH1;NDUFA2;LONP1;NDUFV3;HTRA2;STAR;HSD17B10;PCCB;ALDH2;LDHD;SMDT1;TIMM22;PRELID1;PRKACA;PMPCA"
"Reactome","A_standard_TMM","REACTOME_REGULATION_OF_MITF_M_DEPENDENT_GENES_INVOLVED_IN_CELL_CYCLE_AND_PROLIFERATION",-1.08562382467052,0.344226579520697,0.509767524087333,"down_in_high_altitude",16,-0.375395112293876,0.105520936843198,"LEF1;TCF7;HINT1;CDKN2A"
"Reactome","A_standard_TMM","REACTOME_M_DECAY_DEGRADATION_OF_MATERNAL_MRNAS_BY_MATERNALLY_STORED_FACTORS",-1.06600796773395,0.344827586206897,0.510048908799474,"down_in_high_altitude",29,-0.307892752557786,0.108820126769161,"EIF4A2;CNOT7;CNOT6L;CNOT9;CNOT8;ZFP36L2;CNOT4;EIF4B;EIF4E;CNOT2;POLR2D;CNOT11;DICER1"
"Reactome","A_standard_TMM","REACTOME_REGULATION_OF_INNATE_IMMUNE_RESPONSES_TO_CYTOSOLIC_DNA",1.09261765938758,0.346368715083799,0.51171854216547,"up_in_high_altitude",14,0.41217838476399,0.0956031492204301,"UBB;UBA52;UBC;IRF3;TREX1;DDX41;ZBP1;TRIM21"
"Reactome","A_standard_TMM","REACTOME_TP53_REGULATES_TRANSCRIPTION_OF_CASPASE_ACTIVATORS_AND_CASPASES",-1.11593499760777,0.349892008639309,0.51630913522162,"down_in_high_altitude",12,-0.419350384778856,0.103958471559957,"ATM;CASP2;CASP6"
"Reactome","A_standard_TMM","REACTOME_SYNTHESIS_OF_PROSTAGLANDINS_PG_AND_THROMBOXANES_TX",1.09985209972105,0.352504638218924,0.517090137150927,"up_in_high_altitude",12,0.430118308680611,0.0943563635421779,"PTGS1;PTGDS;PTGES;TBXAS1"
"Reactome","A_standard_TMM","REACTOME_SIGNAL_REGULATORY_PROTEIN_FAMILY_INTERACTIONS",1.0969261667902,0.351503759398496,0.517090137150927,"up_in_high_altitude",13,0.420482001130963,0.0952879846194844,"PTK2B;SRC;PTPN6;PTK2;GRB2;SIRPB1"
"Reactome","A_standard_TMM","REACTOME_SUMOYLATION_OF_UBIQUITINYLATION_PROTEINS",-1.06729198358406,0.351807228915663,0.517090137150927,"down_in_high_altitude",39,-0.285852273550126,0.110564716336619,"NUP43;MDM2;NUP107;NUP133;RANBP2;NUP42;NUP160;NUP54;NUP155;NDC1;NUP35;PIAS2;SEH1L;NUP37"
"Reactome","A_standard_TMM","REACTOME_SIGNALING_BY_FGFR1_IN_DISEASE",-1.05775851484351,0.351724137931034,0.517090137150927,"down_in_high_altitude",29,-0.305510081100902,0.107554375265169,"BAG4;FRS2;ZMYM2;CPSF6;SOS1;CEP43;PIK3R1;PIK3CA;NRAS;ERLIN2;KRAS;CNTRL;PLCG1;FGF17"
"Reactome","A_standard_TMM","REACTOME_MITF_M_REGULATED_MELANOCYTE_DEVELOPMENT",1.04477710463537,0.352092352092352,0.517090137150927,"up_in_high_altitude",127,0.240892810746721,0.080419996876154,"ATP6V0C;GMPR;MARK3;AKT2;TFE3;DIAPH1;YWHAH;CDKN1A;MAPK1;AIMP2;MCM2;ATP6V1E1;ATP6V1D;SERPINE1;CREBBP;TFEB;ATP6V0E1;AGO2;ATP6V0D1;MAPK3;ATP6V0B;DPF3;MCM5;TCF7L2;RPS6KA1;PXN;ACTB;MARS1;CDH1;MITF;SMARCA4;MOV10;DPF2;CCNB1;ATP6V1B2;KARS1;AGO1"
"Reactome","A_standard_TMM","REACTOME_RND1_GTPASE_CYCLE",-1.06625604507711,0.36144578313253,0.529579949076115,"down_in_high_altitude",35,-0.294135881311799,0.108820126769161,"ARHGAP5;ANKRD26;FRS2;LEMD3;CCDC88A;PIK3R1;RBMX;KIF14;RASAL2;EPHA2;FAM135A;PTPN13;RRAS2"
"Reactome","A_standard_TMM","REACTOME_FRS_MEDIATED_FGFR4_SIGNALING",-1.09441389069553,0.362850971922246,0.530386403010021,"down_in_high_altitude",10,-0.438538094547426,0.101713902282311,"FRS2;SOS1;NRAS;KRAS;FGF17"
"Reactome","A_standard_TMM","REACTOME_SEMA3A_PAK_DEPENDENT_AXON_REPULSION",1.08151101567125,0.36247723132969,0.530386403010021,"up_in_high_altitude",15,0.399580187570129,0.0916795246008379,"PLXNA2;PAK1;HSP90AB1;FES;LIMK1;RAC1;CFL1"
"Reactome","A_standard_TMM","REACTOME_PHOSPHORYLATED_BMAL1_CLOCK_ARNTL_CLOCK_ACTIVATES_EXPRESSION_OF_CORE_CLOCK_GENES",-1.0412395062085,0.364238410596026,0.531788079470199,"down_in_high_altitude",22,-0.324768817181015,0.102821842840815,"RORA;KMT2A;CLOCK;PER3;NR1D1;CRY2;NPAS2;CIPC;CRY1;SIK1;RORC;CREB1;BMAL1;CREM;PER2"
"Reactome","A_standard_TMM","REACTOME_CARDIAC_CONDUCTION",1.04165587399746,0.365814696485623,0.533461854687025,"up_in_high_altitude",79,0.261561286462989,0.0838361057159929,"ATP1B2;FKBP1B;KCNH2;SCN1B;KAT2B;CLIC2;STIM1;KCND1;SLC8A3;KCNK7;KCND3;CORIN;ATP1A3;PRKACA;RYR2;KCNE1;CASQ1;ATP1A1;ATP2A3;DMPK;ITPR2;CACNA2D2;ATP2A1;SLC8A1;KCNIP2;RANGRF;KCNE5"
"Reactome","A_standard_TMM","REACTOME_TRANSLESION_SYNTHESIS_BY_POLK",1.07777427922663,0.367088607594937,0.534691269982766,"up_in_high_altitude",17,0.383487170684525,0.0905428948469474,"UBB;UBA52;UBC;RPA1;RFC2"
"Reactome","A_standard_TMM","REACTOME_APOPTOTIC_CLEAVAGE_OF_CELLULAR_PROTEINS",1.06848791063051,0.367972742759796,0.535350731260148,"up_in_high_altitude",33,0.321047735935823,0.0870515867946735,"ADD1;GSN;PRKCD;PLEC;LMNA;TJP2;VIM;SPTAN1;PTK2;STK24;CDH1"
"Reactome","A_standard_TMM","REACTOME_FRS_MEDIATED_FGFR2_SIGNALING",-1.08287251102213,0.369330453563715,0.535444735628373,"down_in_high_altitude",10,-0.433913395707754,0.100633389423036,"FRS2;SOS1;NRAS;KRAS;FGF17"
"Reactome","A_standard_TMM","REACTOME_NUCLEAR_SIGNALING_BY_ERBB4",1.06801415391705,0.36976320582878,0.535444735628373,"up_in_high_altitude",23,0.353355143930373,0.0905428948469474,"SPARC;MXD4;SRC"
"Reactome","A_standard_TMM","REACTOME_SIGNALING_BY_ERYTHROPOIETIN",1.05985811661098,0.368705035971223,0.535444735628373,"up_in_high_altitude",24,0.347225703952663,0.0899860794997137,"EPOR;VAV1;PLCG2;PIK3CD;PIK3R5;SHC1;LYN;GRB2;STAT5A;RAPGEF1;IRS2;STAT5B"
"Reactome","A_standard_TMM","REACTOME_KSRP_KHSRP_BINDS_AND_DESTABILIZES_MRNA",-1.05949219051619,0.369710467706013,0.535444735628373,"down_in_high_altitude",17,-0.360666370898093,0.102449405629826,"DCP2;DIS3;EXOSC2;EXOSC9;EXOSC8;EXOSC6"
"Reactome","A_standard_TMM","REACTOME_S_PHASE",1.02734042680663,0.375358166189112,0.542913151795673,"up_in_high_altitude",149,0.233727097523335,0.0766746872490091,"UBB;FZR1;PSMD2;AKT2;UBA52;E2F4;TFDP1;SKP1;CDKN1A;E2F1;MCM2;POLD4;ANAPC2;UBE2S;UBC;PSMB6;PSMD3;PSMC3;PSMD14;AKT1;RPA1;PSMD13;MCM5;RFC2;PSMD8;RBX1;CDC16;PSMB3;ADRM1;MCM3;CDC25A"
"Reactome","A_standard_TMM","REACTOME_ATF6_ATF6_ALPHA_ACTIVATES_CHAPERONES",1.08504042588647,0.376623376623377,0.544108976006531,"up_in_high_altitude",12,0.424325918867404,0.0905428948469474,"HSPA5;CALR;ATF4;NFYC"
"Reactome","A_standard_TMM","REACTOME_DEFECTIVE_EXT2_CAUSES_EXOSTOSES_2",1.06894481519091,0.377323420074349,0.544486470130544,"up_in_high_altitude",11,0.425577458968049,0.0905428948469474,"SDC3;EXT1;SDC4;AGRN;GPC1;EXT2;GPC4;SDC1;HSPG2"
"Reactome","A_standard_TMM","REACTOME_SIGNALING_BY_ERBB2",1.04353495882831,0.379426644182125,0.546885557990728,"up_in_high_altitude",44,0.291329893310603,0.0847985102819124,"UBB;AKT2;UBA52;EGF;DIAPH1;PRKCD;SRC;UBC;AKT1;RHOA;SHC1;PTPN18;GRB2"
"Reactome","A_standard_TMM","REACTOME_FATTY_ACYL_COA_BIOSYNTHESIS",1.05238789524157,0.380305602716469,0.547516534769301,"up_in_high_altitude",34,0.313379154989241,0.0850427463764322,"HACD1;ACLY;SLC27A3;ELOVL7;ACSL6;FASN;PPT2;ACSF3;ELOVL6;ELOVL1;SCD"
"Reactome","A_standard_TMM","REACTOME_MATURATION_OF_SARS_COV_1_NUCLEOPROTEIN",1.06682193563156,0.381040892193309,0.547939452157469,"up_in_high_altitude",11,0.424732279988068,0.0899860794997137,"GSK3A;PARP4"
"Reactome","A_standard_TMM","REACTOME_TRANSLESION_SYNTHESIS_BY_Y_FAMILY_DNA_POLYMERASES_BYPASSES_LESIONS_ON_DNA_TEMPLATE",1.05524785174693,0.383838383838384,0.550686051264086,"up_in_high_altitude",38,0.305157644796237,0.0840745577910723,"UBB;UBA52;VCP;POLD4;UBC;RPA1;RFC2;NPLOC4;UFD1;UBE2L6;UBA7"
"Reactome","A_standard_TMM","REACTOME_CIRCADIAN_CLOCK",1.02793520991431,0.383561643835616,0.550686051264086,"up_in_high_altitude",107,0.245134172425149,0.0787113806986485,"UBB;RXRA;CARM1;PSMD2;UBA52;SKP1;CRTC2;UBC;SERPINE1;PSMB6;CREBBP;PSMD3;TFEB;PSMC3;PSMD14;PSMD13;CPT1A;NCOA6;PSMD8;RBX1;CSNK1D;PSMB3;ADRM1;PSMC4;HELZ2;HDAC3;PSMD6;BHLHE40;TBL1X;CSNK2A1;RAI1;SMARCD3"
"Reactome","A_standard_TMM","REACTOME_HS_GAG_DEGRADATION",1.0605774841794,0.386569872958258,0.553325504430447,"up_in_high_altitude",20,0.364323177866138,0.0878312634480124,"GUSB;IDS;GLB1;HPSE;SDC3"
"Reactome","A_standard_TMM","REACTOME_FORMATION_OF_ATP_BY_CHEMIOSMOTIC_COUPLING",1.06029123703662,0.386569872958258,0.553325504430447,"up_in_high_altitude",20,0.36422484797486,0.0878312634480124,"ATP5F1E;ATP5F1B"
"Reactome","A_standard_TMM","REACTOME_CYTOSOLIC_SULFONATION_OF_SMALL_MOLECULES",1.06756534098927,0.388384754990926,0.555192408542875,"up_in_high_altitude",18,0.374042197940726,0.0875697115548511,"TPST2;PAPSS2;SULT1A1;TPST1;SULT1A2;PAPSS1"
"Reactome","A_standard_TMM","REACTOME_FRS_MEDIATED_FGFR1_SIGNALING",-1.06020020328902,0.388768898488121,0.555192408542875,"down_in_high_altitude",10,-0.424828468408496,0.09754492162472,"FRS2;SOS1;NRAS;KRAS;FGF17"
"Reactome","A_standard_TMM","REACTOME_PROTEIN_METHYLATION",-1.03258220070937,0.389755011135857,0.555960883700689,"down_in_high_altitude",17,-0.351505823560973,0.0992333343771191,"KIN;METTL21A;PRMT3;VCPKMT;EEF1A1"
"Reactome","A_standard_TMM","REACTOME_TRP_CHANNELS",1.04916906066948,0.390596745027125,0.556521883557591,"up_in_high_altitude",17,0.373309033626766,0.0870515867946735,"MCOLN1;TRPM2;TRPV2;RIPK3;TRPM6"
"Reactome","A_standard_TMM","REACTOME_MATURATION_OF_SARS_COV_2_NUCLEOPROTEIN",1.05590175052785,0.391621129326047,0.55734153841012,"up_in_high_altitude",15,0.390118467050175,0.0873098257637931,"GSK3A;PARP4;PARP6;PRMT1;PARP10;PARP9;SRPK1"
"Reactome","A_standard_TMM","REACTOME_EXPORT_OF_VIRAL_RIBONUCLEOPROTEINS_FROM_NUCLEUS",-1.04420941919434,0.392771084337349,0.558337818628466,"down_in_high_altitude",33,-0.292491717268299,0.103576326612592,"NUP43;NUP107;NUP133;RANBP2;NUP42;NUP160;NUP54;NUP155;NDC1;XPO1;NUP35;SEH1L;NUP37"
"Reactome","A_standard_TMM","REACTOME_CONVERSION_FROM_APC_C_CDC20_TO_APC_C_CDH1_IN_LATE_ANAPHASE",1.04086906040171,0.397459165154265,0.56435563381744,"up_in_high_altitude",20,0.357553059050186,0.0862865626267245,"FZR1;ANAPC2;UBE2S;CDC20;CDC16;UBE2C;ANAPC11;CDC27;CDC26"
"Reactome","A_standard_TMM","REACTOME_RUNX1_INTERACTS_WITH_CO_FACTORS_WHOSE_PRECISE_EFFECT_ON_RUNX1_TARGETS_IS_NOT_KNOWN",-1.03188103817699,0.398533007334963,0.565233670974502,"down_in_high_altitude",36,-0.28227805794888,0.103576326612592,"PHC3;PBRM1;BMI1;CBFB;YAF2;ARID2;RNF2;CBX6;RUNX1;AUTS2;SMARCE1"
"Reactome","A_standard_TMM","REACTOME_BMAL1_CLOCK_NPAS2_ACTIVATES_CIRCADIAN_EXPRESSION",1.04133259585473,0.400728597449909,0.567698846387371,"up_in_high_altitude",23,0.344527483964614,0.0860347242455604,"RXRA;CARM1;SERPINE1;CREBBP;NCOA6;HELZ2;BHLHE40;TBL1X;SMARCD3"
"Reactome","A_standard_TMM","REACTOME_TP53_REGULATES_TRANSCRIPTION_OF_DEATH_RECEPTORS_AND_LIGANDS",-1.06574404027325,0.401727861771058,0.567768847786463,"down_in_high_altitude",12,-0.400489432021063,0.0956031492204301,"TNFRSF10A;TNFRSF10B;IGFBP3;PPP1R13B;FAS;TP63;TP73"
"Reactome","A_standard_TMM","REACTOME_HDR_THROUGH_MMEJ_ALT_NHEJ",-1.06353496735423,0.401727861771058,0.567768847786463,"down_in_high_altitude",12,-0.39965929802528,0.0956031492204301,"MRE11;NBN"
"Reactome","A_standard_TMM","REACTOME_EARLY_PHASE_OF_HIV_LIFE_CYCLE",-1.0540075323069,0.402150537634409,0.567768847786463,"down_in_high_altitude",14,-0.381180958406335,0.0952879846194844,"PSIP1;LIG4;HMGA1;XRCC4"
"Reactome","A_standard_TMM","REACTOME_HYALURONAN_METABOLISM",1.04290287680661,0.406998158379374,0.573400031225078,"up_in_high_altitude",16,0.380352661529856,0.0857844408075645,"HYAL3;CHP1;GUSB"
"Reactome","A_standard_TMM","REACTOME_RECEPTOR_MEDIATED_MITOPHAGY",1.03764089927604,0.407063197026022,0.573400031225078,"up_in_high_altitude",11,0.413114476032472,0.0862865626267245,"MAP1LC3B;ULK1;SRC"
"Reactome","A_standard_TMM","REACTOME_RAS_ACTIVATION_UPON_CA2_INFLUX_THROUGH_NMDA_RECEPTOR",-1.02388013175234,0.408388520971302,0.573963934909837,"down_in_high_altitude",15,-0.361762479048821,0.0959206777921745,"CAMK2D;RASGRF2;DLG1;NRAS"
"Reactome","A_standard_TMM","REACTOME_SPHINGOLIPID_METABOLISM",1.01852651137785,0.408194233687405,0.573963934909837,"up_in_high_altitude",87,0.250550529509076,0.0753093764172773,"MFSD2B;ORMDL3;CTSA;ABCG2;ALDH3B1;GBA2;PSAP;ST3GAL2;ST6GALNAC6;ST3GAL3;DEGS2;GBA1;B4GALT5;PRKD2;ARSA;GLB1;VAPA;GLA"
"Reactome","A_standard_TMM","REACTOME_SYNTHESIS_OF_PE",-1.05344091176007,0.40948275862069,0.574850795755968,"down_in_high_altitude",11,-0.407622792798823,0.0943563635421779,"ETNK1;SELENOI;LPIN1;CEPT1"
"Reactome","A_standard_TMM","REACTOME_REGULATION_OF_GENE_EXPRESSION_IN_LATE_STAGE_BRANCHING_MORPHOGENESIS_PANCREATIC_BUD_PRECURSOR_CELLS",1.04478710119646,0.411873840445269,0.577451248072419,"up_in_high_altitude",12,0.408584082361542,0.0855356947987884,"MAML3;KAT2B;CREBBP"
"Reactome","A_standard_TMM","REACTOME_NOD1_2_SIGNALING_PATHWAY",1.02433526935661,0.412265758091993,0.577451248072419,"up_in_high_altitude",35,0.303279848745639,0.0808589150280032,"UBB;UBA52;IKBKG;IRAK1;UBE2V1;UBC;CARD9;AAMP"
"Reactome","A_standard_TMM","REACTOME_COHESIN_LOADING_ONTO_CHROMATIN",-1.03452276442533,0.414686825053996,0.58018754215559,"down_in_high_altitude",10,-0.414539367358266,0.0937465422491719,"STAG2;SMC3;PDS5A;PDS5B;WAPL"
"Reactome","A_standard_TMM","REACTOME_ACTIVATION_OF_BAD_AND_TRANSLOCATION_TO_MITOCHONDRIA",1.02922819593698,0.415300546448087,0.580391867277113,"up_in_high_altitude",15,0.380263529104891,0.0840745577910723,"AKT2;YWHAH;SFN;AKT1;BID;BAD"
"Reactome","A_standard_TMM","REACTOME_SIGNALING_BY_SCF_KIT",1.02940886762659,0.417376490630324,0.58263692336584,"up_in_high_altitude",39,0.296070112996724,0.0802023444698144,"PIK3R2;VAV1;SRC;PTPN6;GRAP2;FES;GRB10;LYN;STAT3;GAB2;GRB2;STAT5A;SH2B2;SH2B3;MMP9;STAT5B;RAC1;CBL;HRAS"
"Reactome","A_standard_TMM","REACTOME_ESTROGEN_DEPENDENT_NUCLEAR_EVENTS_DOWNSTREAM_OF_ESR_MEMBRANE_SIGNALING",1.02257737782498,0.418478260869565,0.583518563751832,"up_in_high_altitude",21,0.347045209970874,0.0833634065110386,"AKT2;FOXO3;EGF;MAPK1;AKT1;MAPK3;PTK2"
"Reactome","A_standard_TMM","REACTOME_FORMATION_OF_NEURONAL_PROGENITOR_AND_NEURONAL_BAF_NPBAF_AND_NBAF",-1.00977795145606,0.419426048565121,0.583528841109098,"down_in_high_altitude",23,-0.3103385482648,0.0943563635421779,"BCL11B;BCL7A;BCL11A;PHF10;BCL7C;BCL7B;SS18;SMARCE1"
"Reactome","A_standard_TMM","REACTOME_MAPK6_MAPK4_SIGNALING",1.0019397465708,0.4192,0.583528841109098,"up_in_high_altitude",70,0.255794265623182,0.0766746872490091,"UBB;PSMD2;FOXO3;UBA52;UBC;HSPB1;PAK1;PSMB6;PSMD3;PSMC3;AGO2;PSMD14;PSMD13;PSMD8;PSMB3;ADRM1;CDC42;CCND3;PSMC4;PRKACA;MOV10;CDC14B;PSMD6"
"Reactome","A_standard_TMM","REACTOME_SUMOYLATION_OF_TRANSCRIPTION_FACTORS",-1.01914046342923,0.420479302832244,0.584339098336859,"down_in_high_altitude",16,-0.352405999222022,0.0934449219410994,"SP3;MDM2;CDKN2A;SUMO2;PIAS2"
"Reactome","A_standard_TMM","REACTOME_NUCLEOTIDE_CATABOLISM",1.02737489902919,0.424083769633508,0.587392426850258,"up_in_high_altitude",28,0.323772861583007,0.0806388495950661,"ENTPD5;NT5M;PNP;DPYD;NUDT16"
"Reactome","A_standard_TMM","REACTOME_RND3_GTPASE_CYCLE",-1.01275901814704,0.424096385542169,0.587392426850258,"down_in_high_altitude",35,-0.279378267288143,0.0988903007520636,"ARHGAP5;ANKRD26;LEMD3;KTN1;CCDC88A;PIK3R1;RBMX;TNFAIP1;ROCK1;TMOD3;SEMA4F;RASAL2;EPHA2"
"Reactome","A_standard_TMM","REACTOME_SLC_TRANSPORTER_DISORDERS",1.00937260949278,0.423263327948304,0.587392426850258,"up_in_high_altitude",71,0.2575967813894,0.0766746872490091,"SLC4A1;BSG;RHAG;SLC2A1;SLC6A19;HK1;NUP98"
"Reactome","A_standard_TMM","REACTOME_PROLACTIN_RECEPTOR_SIGNALING",1.01991582584674,0.427777777777778,0.591830794004707,"up_in_high_altitude",10,0.415383516137652,0.0833634065110386,"SKP1;RBX1;STAT5A;STAT5B"
"Reactome","A_standard_TMM","REACTOME_DISSOLUTION_OF_FIBRIN_CLOT",1.0223690000961,0.429368029739777,0.592885515675982,"up_in_high_altitude",11,0.407034296818119,0.0833634065110386,"SERPINE1;ANXA2;SERPINF2;SERPINE2;PLAU;SERPINB6;PLAUR"
"Reactome","A_standard_TMM","REACTOME_GLUTAMATE_AND_GLUTAMINE_METABOLISM",1.01955609437963,0.430451127819549,0.592885515675982,"up_in_high_altitude",13,0.390823922164681,0.0838361057159929,"GLUL;PYCR2;PYCR1"
"Reactome","A_standard_TMM","REACTOME_PKA_ACTIVATION_IN_GLUCAGON_SIGNALLING",1.01899325225968,0.430451127819549,0.592885515675982,"up_in_high_altitude",13,0.390608169283509,0.0838361057159929,"GNAS;PRKAR2B;PRKACA;ADCY9;ADCY4;PRKAR1B"
"Reactome","A_standard_TMM","REACTOME_DISEASES_ASSOCIATED_WITH_N_GLYCOSYLATION_OF_PROTEINS",-1.01045478394358,0.430155210643016,0.592885515675982,"down_in_high_altitude",20,-0.325749892325568,0.0931454575337804,"ALG13;ALG6;ALG9;ALG2"
"Reactome","A_standard_TMM","REACTOME_FOXO_MEDIATED_TRANSCRIPTION_OF_OXIDATIVE_STRESS_METABOLIC_AND_NEURONAL_GENES",1.01477782793166,0.431159420289855,0.593202705742472,"up_in_high_altitude",21,0.344398176612711,0.0817515582532145,"FOXO4;FOXO3;SOD2;CAT"
"Reactome","A_standard_TMM","REACTOME_REGULATION_OF_T_CELL_ACTIVATION_BY_CD28_FAMILY",1.00324670621575,0.434571890145396,0.597235565526507,"up_in_high_altitude",71,0.256033421186809,0.0753093764172773,"PPP2R5B;PRR5;PIK3R2;AKT2;VAV1;SRC;PTPN6;GRAP2;PAK1;CSK;PIK3CD;AKT1;MLST8;PIK3R5;LYN;GRB2;CDC42;MAPKAP1"
"Reactome","A_standard_TMM","REACTOME_RUNX3_REGULATES_NOTCH_SIGNALING",1.01910748128304,0.435754189944134,0.59819795323083,"up_in_high_altitude",14,0.384447452342647,0.0826646449123753,"MAML3;KAT2B;CREBBP"
"Reactome","A_standard_TMM","REACTOME_RUNX3_REGULATES_P14_ARF",-1.01522265551355,0.436285097192225,0.598264978580719,"down_in_high_altitude",10,-0.406805699996503,0.0908241419007155,"CBFB;CDKN2A;RUNX1;KRAS;CCND1;BRD2;HDAC4;RUNX3"
"Reactome","A_standard_TMM","REACTOME_GLYCOSPHINGOLIPID_CATABOLISM",1.01074972475347,0.439579684763573,0.60074555669411,"up_in_high_altitude",30,0.31305044043776,0.0789209638180035,"CTSA;GBA2;PSAP;GBA1;ARSA;GLB1;GLA"
"Reactome","A_standard_TMM","REACTOME_BILE_ACID_AND_BILE_SALT_METABOLISM",1.0106321920434,0.440285204991087,0.60074555669411,"up_in_high_altitude",26,0.323821829581429,0.0797705918628453,"ABCC3;RXRA;FABP6;OSBPL2;OSBPL6;CYP27A1;AKR1C1;NCOA1;HSD17B4"
"Reactome","A_standard_TMM","REACTOME_MICRORNA_MIRNA_BIOGENESIS",1.01039738013234,0.438848920863309,0.60074555669411,"up_in_high_altitude",24,0.331021611374,0.080419996876154,"POLR2A;POLR2E;POLR2J;AGO2;POLR2L;POLR2G;POLR2I;AGO1;POLR2C"
"Reactome","A_standard_TMM","REACTOME_INHIBITION_OF_THE_PROTEOLYTIC_ACTIVITY_OF_APC_C_REQUIRED_FOR_THE_ONSET_OF_ANAPHASE_BY_MITOTIC_SPINDLE_CHECKPOINT_COMPONENTS",1.00694475595094,0.440217391304348,0.60074555669411,"up_in_high_altitude",21,0.341739766433475,0.0806388495950661,"ANAPC2;UBE2S;CDC20;CDC16;UBE2C;ANAPC11;CDC27;CDC26"
"Reactome","A_standard_TMM","REACTOME_TP53_REGULATES_TRANSCRIPTION_OF_DNA_REPAIR_GENES",1.00152561778035,0.440514469453376,0.60074555669411,"up_in_high_altitude",61,0.26336183616048,0.0743625384422526,"ERCC2;POLR2A;SUPT5H;ELOB;CTDP1;ELL;NELFE;CDK12;POLR2E;POLR2J;CCNK;POLR2L;SUPT4H1;POLR2G"
"Reactome","A_standard_TMM","REACTOME_RHOF_GTPASE_CYCLE",1.01073449309176,0.4419795221843,0.60142169630561,"up_in_high_altitude",40,0.289146616950353,0.077274697304471,"PIK3R2;STEAP3;SRGAP2;ACTN1;DIAPH1;MCAM;VAMP3;BASP1;MYO9B;RAB7A"
"Reactome","A_standard_TMM","REACTOME_NETRIN_1_SIGNALING",1.01033282051001,0.441941074523397,0.60142169630561,"up_in_high_altitude",31,0.309886067281031,0.0780892306943345,"ABLIM3;UNC5A;SIAH2;SRC;PTK2;AGAP2;CDC42;PITPNA;UNC5B;SLIT1;DOCK1;MYO10;RAC1"
"Reactome","A_standard_TMM","REACTOME_DOWNREGULATION_OF_ERBB2_SIGNALING",1.00558695277723,0.444244604316547,0.603841789656993,"up_in_high_altitude",24,0.329445641913077,0.0797705918628453,"UBB;AKT2;UBA52;EGF;UBC"
"Reactome","A_standard_TMM","REACTOME_ORGANELLE_BIOGENESIS_AND_MAINTENANCE",1.00041674544997,0.446666666666667,0.605632105653193,"up_in_high_altitude",273,0.215680091724633,0.0643583367917361,"RXRA;CARM1;ATP5F1E;TUBB2B;TUBB1;TUBB2A;HDAC6;TUBB4B;PCNT;KIF3C;TMEM11;ATP5F1B;EXOC3;ACTR1A;IFT52;KIF24;DYNLRB1;ASAP1;EXOC7;CETN2;TUBA1B;TUBA4A;TUBA1A;CRTC2;TUBA8;DYNLL2;DYNLL1;DYNC1H1;PRKAR2B;B9D2;IFT122;SSNA1;DCTN1;ESRRA;CREBBP;TUBG1;SOD2;NDE1;MTX1;CCT3;CEP131;DCTN2;TUBA1C;NCOA6;RAB11A;CHCHD3;CDK5RAP2;CSNK1D;GBF1;DCTN3"
"Reactome","A_standard_TMM","REACTOME_BIOSYNTHESIS_OF_THE_N_GLYCAN_PRECURSOR_DOLICHOL_LIPID_LINKED_OLIGOSACCHARIDE_LLO_AND_TRANSFER_TO_A_NASCENT_PROTEIN",0.998335752932431,0.446227929373997,0.605632105653193,"up_in_high_altitude",73,0.253465316799577,0.0736212741014394,"GFUS;GMPPB;ST6GALNAC4;HK1;DPM2;NPL;CTSA;CMAS;ST3GAL1;ST3GAL2;ST6GALNAC6;ST3GAL3"
"Reactome","A_standard_TMM","REACTOME_DISEASES_ASSOCIATED_WITH_GLYCOSYLATION_PRECURSOR_BIOSYNTHESIS",0.997831561344195,0.447513812154696,0.605632105653193,"up_in_high_altitude",16,0.363914894240083,0.0806388495950661,"DPM2;PGM1;GALK1;PMM2;GALE"
"Reactome","A_standard_TMM","REACTOME_ERYTHROPOIETIN_ACTIVATES_RAS",0.996080130944756,0.447368421052632,0.605632105653193,"up_in_high_altitude",13,0.381824939022126,0.0817515582532145,"EPOR;VAV1;SHC1;LYN;GRB2;RAPGEF1;IRS2;HRAS"
"Reactome","A_standard_TMM","REACTOME_AURKA_ACTIVATION_BY_TPX2",0.990223057836573,0.4496,0.607792592592593,"up_in_high_altitude",70,0.252803006118243,0.0730744399126987,"TUBB4B;PCNT;ACTR1A;CETN2;TUBA4A;TUBA1A;DYNLL1;DYNC1H1;PRKAR2B;SSNA1;DCTN1;TUBG1;NDE1;CEP131;DCTN2;CDK5RAP2;CSNK1D;DCTN3"
"Reactome","A_standard_TMM","REACTOME_PHOSPHORYLATION_OF_THE_APC_C",0.995290943033999,0.451730418943534,0.610008106538548,"up_in_high_altitude",19,0.345262332661798,0.0795564677235957,"ANAPC2;UBE2S;CDC16;UBE2C;CCNB1;ANAPC11;CDC27;CDC26"
"Reactome","A_standard_TMM","REACTOME_ABC_TRANSPORTERS_IN_LIPID_HOMEOSTASIS",-1.00221612728263,0.453563714902808,0.610701898736669,"down_in_high_altitude",12,-0.376616666300903,0.0886261133285098,"ABCA5;ABCD2;ABCD3;ABCA10"
"Reactome","A_standard_TMM","REACTOME_DEFECTS_IN_COBALAMIN_B12_METABOLISM",-0.9996318877405,0.453191489361702,0.610701898736669,"down_in_high_altitude",13,-0.367906143247047,0.0878312634480124,"MTRR;CUBN;MTR;LMBRD1"
"Reactome","A_standard_TMM","REACTOME_REGULATION_OF_BETA_CELL_DEVELOPMENT",0.997754353517475,0.453720508166969,0.610701898736669,"up_in_high_altitude",18,0.349582566111385,0.0791316651768349,"AKT2;MAML3;KAT2B;CREBBP;AKT1"
"Reactome","A_standard_TMM","REACTOME_TRANSCRIPTIONAL_REGULATION_BY_TP53",1.00744784700925,0.455006337135615,0.611769083841059,"up_in_high_altitude",343,0.212114420841794,0.0610363728309177,"UBB;PRR5;CARM1;BNIP3L;PIP4K2A;STK11;AKT2;ERCC2;STEAP3;POLR2A;UBA52;LAMTOR5;G6PD;PRDX2;E2F4;NLRC4;COX6B1;YWHAH;PRDX5;TFDP1;CDKN1A;SUPT5H;E2F1;TP53I3;DDIT4;TSC2;RRAGD;RRAGA;UBC;GADD45A;ELOB;CTDP1;LAMTOR1;ELL;NELFE;CNOT3;CHD4;PRDX1;CDK12;CREBBP;USP7;POLR2E;POLR2J;SFN;COX8A;AGO2;CCNK;NDRG1;POLR2L;AKT1;BRPF3;RPA1;PRMT5;RNF34;TOP3A;SUPT4H1;MLST8;RFFL;BBC3;SESN3;RFC2;KAT5;BID;TAF6;POLR2G"
"Reactome","A_standard_TMM","REACTOME_SHC1_EVENTS_IN_ERBB4_SIGNALING",-1.00156265244127,0.455723542116631,0.612070255158808,"down_in_high_altitude",10,-0.401332056277471,0.0883594442500905,"NRG4;SOS1;EREG;NRAS;KRAS"
"Reactome","A_standard_TMM","REACTOME_EICOSANOID_LIGAND_BINDING_RECEPTORS",0.989656378530731,0.460111317254174,0.616628665996145,"up_in_high_altitude",12,0.387024153353507,0.0795564677235957,"TBXA2R;PTGIR;LTB4R;LTB4R2;PTGDR2;PTGER3"
"Reactome","A_standard_TMM","REACTOME_TP53_REGULATES_TRANSCRIPTION_OF_GENES_INVOLVED_IN_G1_CELL_CYCLE_ARREST",0.988808305586166,0.460111317254174,0.616628665996145,"up_in_high_altitude",12,0.386692498124003,0.0795564677235957,"CDKN1A;E2F1"
"Reactome","A_standard_TMM","REACTOME_BIOSYNTHESIS_OF_SPECIALIZED_PRORESOLVING_MEDIATORS_SPMS",0.996303647024233,0.461824953445065,0.618257569822358,"up_in_high_altitude",14,0.375844948538627,0.0795564677235957,"ALOX5;ALOX12;ALOX5AP;GPX4;LTA4H;CYP2D6;LTC4S"
"Reactome","A_standard_TMM","REACTOME_RNA_POLYMERASE_III_CHAIN_ELONGATION",0.990854114890893,0.464609800362976,0.621315476562989,"up_in_high_altitude",18,0.347164933838113,0.0778840111977068,"POLR3H;POLR1D;POLR3C;POLR2E;POLR2L"
"Reactome","A_standard_TMM","REACTOME_REGULATED_NECROSIS",0.98074235082722,0.46742671009772,0.624409631034737,"up_in_high_altitude",57,0.260234982864556,0.072003313661988,"UBB;CHMP4B;UBA52;CHMP2A;ELANE;UBC;FLOT2;RIPK3;IRF2;CHMP3;FLOT1;CYCS;CASP5;BAX;CASP1;MLKL;CHMP6;CFLAR;FADD;GSDMD;TRADD;IL1B;TNFSF10;RIPK1;CDC37;UBE2L3;STUB1;BAK1"
"Reactome","A_standard_TMM","REACTOME_CD209_DC_SIGN_SIGNALING",0.987543235500423,0.47005444646098,0.627244696836641,"up_in_high_altitude",20,0.339234893446847,0.077274697304471,"PAK1;CREBBP;RAF1;RELA;LYN;RELB;PRKACA;ICAM2;ICAM3"
"Reactome","A_standard_TMM","REACTOME_RHOBTB_GTPASE_CYCLE",0.991077389986195,0.473594548551959,0.630731872599955,"up_in_high_altitude",35,0.293433029128273,0.0736212741014394,"RHOBTB1;ACTN1;GPS1;RHOBTB2;HSP90AB1;VIM;DBN1;PDE5A;TXNL1;SPEN;CCT7;ACTG1;RNF20"
"Reactome","A_standard_TMM","REACTOME_ABERRANT_REGULATION_OF_MITOTIC_EXIT_IN_CANCER_DUE_TO_RB1_DEFECTS",0.98468791576604,0.473684210526316,0.630731872599955,"up_in_high_altitude",20,0.338254051240623,0.0768736734126542,"FZR1;ANAPC2;UBE2S;CDC16;UBE2C;ANAPC11;CDC27;CDC26"
"Reactome","A_standard_TMM","REACTOME_CRISTAE_FORMATION",0.990008100108215,0.475298126064736,0.631674096956506,"up_in_high_altitude",33,0.297466967979369,0.0734381410838857,"ATP5F1E;TMEM11;ATP5F1B"
"Reactome","A_standard_TMM","REACTOME_AZATHIOPRINE_ADME",0.980814413558176,0.475409836065574,0.631674096956506,"up_in_high_altitude",19,0.340240484155436,0.0768736734126542,"GUK1;ABCC4;VAV1"
"Reactome","A_standard_TMM","REACTOME_NUCLEAR_EVENTS_KINASE_AND_TRANSCRIPTION_FACTOR_ACTIVATION",0.986326832939533,0.479201331114809,0.635240523340844,"up_in_high_altitude",51,0.266586062096684,0.0718276293603809,"LYL1;MAPK1;MAPKAPK2;MAPK7;VRK3;TRIB1;CHD4;DNM2;JUND;MAPK3;RPS6KA1;FOSL1"
"Reactome","A_standard_TMM","REACTOME_SERINE_METABOLISM",0.981505917620478,0.47962962962963,0.635240523340844,"up_in_high_altitude",10,0.399740222515549,0.077274697304471,"SERINC2;SDSL;SERINC3"
"Reactome","A_standard_TMM","REACTOME_VITAMIN_B5_PANTOTHENATE_METABOLISM",-0.976605024178951,0.479028697571744,0.635240523340844,"down_in_high_altitude",19,-0.321264723166977,0.086794975677172,"AASDHPPT;PANK3;SLC25A16;PPCS;ENPP3"
"Reactome","A_standard_TMM","REACTOME_CO_INHIBITION_BY_CTLA4",0.978597664011799,0.481884057971014,0.637545965823059,"up_in_high_altitude",21,0.332119249993921,0.0758886900606117,"PPP2R5B;AKT2;SRC;AKT1;LYN"
"Reactome","A_standard_TMM","REACTOME_MECHANICAL_LOAD_ACTIVATES_SIGNALING_BY_PIEZO1_AND_INTEGRINS_IN_OSTEOCYTES",0.974547496749611,0.484171322160149,0.639889894356491,"up_in_high_altitude",14,0.367637672368569,0.0770736734944102,"ITGB3;AKT1;PIEZO1;ITGA5"
"Reactome","A_standard_TMM","REACTOME_TRANSCRIPTIONAL_AND_POST_TRANSLATIONAL_REGULATION_OF_MITF_M_EXPRESSION_AND_ACTIVITY",0.980678791270841,0.485714285714286,0.641246200607903,"up_in_high_altitude",45,0.272329957320103,0.0716527366829457,"MARK3;TFE3;YWHAH;MAPK1;AIMP2;CREBBP;TFEB;MAPK3;RPS6KA1;MARS1;CDH1;MITF"
"Reactome","A_standard_TMM","REACTOME_CASPASE_ACTIVATION_VIA_EXTRINSIC_APOPTOTIC_SIGNALLING_PATHWAY",0.974028164690384,0.486631016042781,0.641773741667472,"up_in_high_altitude",25,0.315958971841376,0.0745500777420554,"UNC5A;DAPK3;DAPK1;DAPK2;TICAM1;CD14;UNC5B;CFLAR;FADD;TRADD;TNFSF10;RIPK1;CASP9"
"Reactome","A_standard_TMM","REACTOME_SIGNALING_BY_FGFR2_IIIA_TM",0.960553377283297,0.488245931283906,0.643219958305018,"up_in_high_altitude",17,0.341778333409623,0.0751181635276301,"POLR2A;POLR2E;POLR2J;POLR2L;POLR2G;POLR2I;POLR2C;POLR2F"
"Reactome","A_standard_TMM","REACTOME_BETA_CATENIN_PHOSPHORYLATION_CASCADE",0.953733909661998,0.49005424954792,0.644917628514283,"up_in_high_altitude",17,0.339351871399838,0.0749278818393739,"PPP2R5B;FRAT1;AXIN1;FRAT2;PPP2R1A;PPP2CA;PPP2R5A"
"Reactome","A_standard_TMM","REACTOME_SYNTHESIS_OF_VERY_LONG_CHAIN_FATTY_ACYL_COAS",0.971920475565079,0.491803278688525,0.645888668030229,"up_in_high_altitude",22,0.32586843564914,0.0751181635276301,"HACD1;SLC27A3;ELOVL7;ACSL6;ACSF3;ELOVL6;ELOVL1"
"Reactome","A_standard_TMM","REACTOME_CONSTITUTIVE_SIGNALING_BY_LIGAND_RESPONSIVE_EGFR_CANCER_VARIANTS",0.965507136299562,0.491833030852995,0.645888668030229,"up_in_high_altitude",18,0.338284128870548,0.0749278818393739,"UBB;UBA52;EGF;UBC"
"Reactome","A_standard_TMM","REACTOME_MRNA_SPLICING_MINOR_PATHWAY",-0.980251337610001,0.493734335839599,0.647016167663086,"down_in_high_altitude",50,-0.248146368735401,0.0922597260527354,"SRSF7;SNRPF;RNPC3;ZCRB1;SNRNP48;SF3B1;SRSF2;NCBP1;POLR2K;SRSF1;SNRPD2;SNRPG;GTF2F2;ZRSR2;PDCD7;NCBP2;SF3B6;SNRPD1;POLR2D;SRSF6"
"Reactome","A_standard_TMM","REACTOME_METABOLISM_OF_STEROIDS",0.974380728181081,0.493253373313343,0.647016167663086,"up_in_high_altitude",116,0.229051200787629,0.0652353056017703,"ABCC3;RXRA;CARM1;TM7SF2;FDFT1;VDR;FASN;CREBBP;DHCR7;FABP6;TSPO;LSS;STAR;SEC24C;NCOA6;PIAS4;OSBPL2;ELOVL6;NFYC;DHCR24;SCD;CYP21A2;SEC24D;OSBPL6;HELZ2;MVD;TSPOAP1;STARD3;MTF1;CYP17A1;TBL1X;SMARCD3;CYP27A1;SCAP;SREBF2;AKR1C1;STS"
"Reactome","A_standard_TMM","REACTOME_SIGNALING_BY_TGFBR3",-0.971146685275331,0.496332518337408,0.647685231605388,"down_in_high_altitude",36,-0.265663763709934,0.0905428948469474,"ACVR2A;TNRC6C;AGO3;TGFBR1;TNRC6A;SMAD3"
"Reactome","A_standard_TMM","REACTOME_PEROXISOMAL_LIPID_METABOLISM",0.969697303251735,0.49554367201426,0.647685231605388,"up_in_high_altitude",26,0.31070567250016,0.0736212741014394,"CRAT;ACOXL;ACAA1;ACOX1;ABCD1;DECR2"
"Reactome","A_standard_TMM","REACTOME_ACYL_CHAIN_REMODELLING_OF_PE",0.960465118036023,0.495446265938069,0.647685231605388,"up_in_high_altitude",19,0.333181397273177,0.0747385227439092,"PLAAT1;MBOAT2;ABHD4;LPCAT3;PLBD1;PLA2G4C;PLA2G4A;PLAAT2"
"Reactome","A_standard_TMM","REACTOME_RAP1_SIGNALLING",0.959140288060385,0.496240601503759,0.647685231605388,"up_in_high_altitude",13,0.367664880188873,0.0762797180809272,"RAP1GAP;SIPA1;RAF1;PRKACA;RASGRP2;RAP1GAP2"
"Reactome","A_standard_TMM","REACTOME_SIGNALING_BY_FLT3_FUSION_PROTEINS",0.957177320095769,0.497277676950998,0.648236971739694,"up_in_high_altitude",18,0.335365616399525,0.0743625384422526,"PIM1;CDKN1A;MYO18A;GAB2;GRB2;GOLGB1;STAT5A"
"Reactome","A_standard_TMM","REACTOME_DISEASES_OF_IMMUNE_SYSTEM",0.96711489037103,0.50087260034904,0.652238087128183,"up_in_high_altitude",28,0.304782174287934,0.072003313661988,"MYD88;IKBKG;BTK;UNC93B1;TICAM1;RELA;CD14;TLR5"
"Reactome","A_standard_TMM","REACTOME_CARGO_TRAFFICKING_TO_THE_PERICILIARY_MEMBRANE",-0.981408221760501,0.503667481662592,0.654782198017902,"down_in_high_altitude",44,-0.25598192954896,0.0897104652742981,"BBS10;EXOC1;EXOC5;EXOC8;NPHP3;BBIP1;PKD2;BBS7;EXOC2;MKKS;SSTR3;RAB11FIP3;BBS2;BBS12;CCT8;UNC119B;EXOC6;RP2;CCT2;ARL13B;BBS5;PDE6D;INPP5E"
"Reactome","A_standard_TMM","REACTOME_SIGNALING_BY_RETINOIC_ACID",0.977295725123849,0.504409171075838,0.654782198017902,"up_in_high_altitude",29,0.306789699344831,0.0721797965581253,"RXRA;PDK2;RXRB;RARA"
"Reactome","A_standard_TMM","REACTOME_RNA_POLYMERASE_III_TRANSCRIPTION",0.971999138988612,0.504288164665523,0.654782198017902,"up_in_high_altitude",41,0.27641944052338,0.0707899094502623,"NFIX;POLR3H;POLR1D;POLR3C;POLR2E;NFIB;POLR2L;GTF3C6;GTF3C1;SNAPC4"
"Reactome","A_standard_TMM","REACTOME_CD28_DEPENDENT_PI3K_AKT_SIGNALING",0.962156674041256,0.506172839506173,0.655699889172401,"up_in_high_altitude",27,0.305176732576181,0.072003313661988,"PRR5;PIK3R2;AKT2;PIK3CD;AKT1;MLST8;PIK3R5;MAPKAP1;CD86;MTOR;PIK3R6"
"Reactome","A_standard_TMM","REACTOME_FORMATION_OF_PARAXIAL_MESODERM",0.961895360689826,0.505823627287854,0.655699889172401,"up_in_high_altitude",51,0.259982683013036,0.069119845655101,"PSMD2;MAML3;KAT2B;PSMB6;CREBBP;PSMD3;PSMC3;PSMD14;PSMD13;PSMD8;PSMB3;ADRM1;PSMC4;NOTCH1;PSMD6"
"Reactome","A_standard_TMM","REACTOME_Z_DECAY_DEGRADATION_OF_MATERNAL_MRNAS_BY_ZYGOTICALLY_EXPRESSED_FACTORS",-0.956378288380386,0.50755939524838,0.656810437438206,"down_in_high_altitude",12,-0.359391545283736,0.0824344091527096,"EIF4A2;TUT4;PABPN1;EIF4B;EIF4E"
"Reactome","A_standard_TMM","REACTOME_STING_MEDIATED_INDUCTION_OF_HOST_IMMUNE_RESPONSES",0.945703859091569,0.510018214936248,0.659304796599879,"up_in_high_altitude",15,0.349404231603749,0.0732558655828455,"IRF3;STAT6;PRKDC;TREX1;DDX41;TRIM21;XRCC6;IFI16;STING1"
"Reactome","A_standard_TMM","REACTOME_UNBLOCKING_OF_NMDA_RECEPTORS_GLUTAMATE_BINDING_AND_ACTIVATION",-0.971494174491834,0.512931034482759,0.661732886732887,"down_in_high_altitude",11,-0.375913982619598,0.0817515582532145,"CAMK2D;DLG1"
"Reactome","A_standard_TMM","REACTOME_MET_ACTIVATES_RAS_SIGNALING",0.958810890249684,0.512962962962963,0.661732886732887,"up_in_high_altitude",10,0.390497165363951,0.0738052724171275,"RANBP10;SHC1;GRB2;HGF"
"Reactome","A_standard_TMM","REACTOME_ERBB2_REGULATES_CELL_MOTILITY",0.956669556343006,0.514814814814815,0.663432175685551,"up_in_high_altitude",10,0.389625059269664,0.0736212741014394,"EGF;DIAPH1;RHOA;ERBB2;HBEGF"
"Reactome","A_standard_TMM","REACTOME_SIGNALING_BY_FGFR4",0.965673111198901,0.518518518518518,0.667511910250499,"up_in_high_altitude",29,0.303141163758344,0.0707899094502623,"UBB;UBA52;MAPK1;SRC;UBC;MAPK3;SHC1;GRB2"
"Reactome","A_standard_TMM","REACTOME_G1_S_DNA_DAMAGE_CHECKPOINTS",0.962386157661742,0.519071310116086,0.667531083786594,"up_in_high_altitude",54,0.257057340340737,0.0676760401641789,"UBB;PSMD2;UBA52;CDKN1A;UBC;PSMB6;PSMD3;PSMC3;PSMD14;PSMD13;PSMD8;PSMB3;ADRM1;CDC25A;PSMC4"
"Reactome","A_standard_TMM","REACTOME_SUMOYLATION_OF_TRANSCRIPTION_COFACTORS",-0.956604573575583,0.522058823529412,0.670678053830228,"down_in_high_altitude",43,-0.252660315285273,0.0878312634480124,"PHC3;UHRF2;BMI1;DDX17;ZNF131;SUMO2;CASP8AP2;NRIP1;RNF2;NPM1;PIAS2;DDX5;NCOA2;CTBP1;CBX2;SCMH1"
"Reactome","A_standard_TMM","REACTOME_REGULATION_OF_TP53_EXPRESSION_AND_DEGRADATION",0.96140113759742,0.522920203735144,0.671089940884503,"up_in_high_altitude",34,0.286285197186553,0.0684714904492087,"UBB;PRR5;AKT2;UBA52;UBC;USP7;AKT1;RNF34;MLST8;RFFL"
"Reactome","A_standard_TMM","REACTOME_PEPTIDE_HORMONE_METABOLISM",0.966576054697582,0.524126455906822,0.671943111343353,"up_in_high_altitude",48,0.264136129076075,0.0673623868166279,"ACHE;CTSG;EXOC3;INHBB;GNB1;EXOC7;ANPEP;KLF4;P4HB;CTSD;TCF7L2"
"Reactome","A_standard_TMM","REACTOME_AEROBIC_RESPIRATION_AND_RESPIRATORY_ELECTRON_TRANSPORT",0.972594957102208,0.525101763907734,0.672408589247077,"up_in_high_altitude",250,0.21156345168468,0.0574877409561325,"UBB;HAGH;ATP5F1E;FAHD1;ECSIT;GID4;NDUFAF3;ACO2;UBA52;OGDH;PDK2;ATP5F1B;WDR26;COX6B1;GID8;NDUFB10;RMND5A;MPC2;SLC25A18;UCP2;SDHB;ISCA1;NDUFA2;UBC"
"Reactome","A_standard_TMM","REACTOME_SIGNALING_BY_FGFR3",0.954060099604982,0.525573192239859,0.672408589247077,"up_in_high_altitude",29,0.299495642506386,0.070113215764256,"UBB;UBA52;MAPK1;SRC;UBC;MAPK3;SHC1;GRB2"
"Reactome","A_standard_TMM","REACTOME_ANCHORING_OF_THE_BASAL_BODY_TO_THE_PLASMA_MEMBRANE",0.95356289311876,0.527355623100304,0.673572810652691,"up_in_high_altitude",94,0.232369792073503,0.0626618230932491,"TUBB4B;PCNT;ACTR1A;KIF24;CETN2;TUBA4A;TUBA1A;DYNLL1;DYNC1H1;PRKAR2B;B9D2;SSNA1;DCTN1;TUBG1;NDE1;CEP131;DCTN2;RAB11A;CDK5RAP2;CSNK1D;DCTN3;CC2D2A;MKS1;PRKACA;PAFAH1B1"
"Reactome","A_standard_TMM","REACTOME_OPIOID_SIGNALLING",0.950055096012059,0.528,0.673572810652691,"up_in_high_altitude",70,0.242548163617337,0.0650877566917313,"GNB2;PRKCD;GNB1;MAPK1;PRKAR2B;CAMKK2;GNG11;CAMKK1;GNG5;PDE4A;PLCB2;PLCB3;GNA15;GNGT2;GNG8;PRKACA;GNAQ;ADCY9;ADCY4;PPP3R1;ITPR2;PRKAR1B;PPP1CA;PPP2R1A;GNAL;PPP2CA;PLA2G4A"
"Reactome","A_standard_TMM","REACTOME_CELL_CELL_JUNCTION_ORGANIZATION",-0.945044152039796,0.52970297029703,0.673572810652691,"down_in_high_altitude",52,-0.237094774893758,0.0875697115548511,"PATJ;TNRC6C;AGO3;PRKCI;TNRC6A;PARD6B;PALS1;CLDN12"
"Reactome","A_standard_TMM","REACTOME_TNFR1_INDUCED_PROAPOPTOTIC_SIGNALING",0.943334869227585,0.528776978417266,0.673572810652691,"up_in_high_altitude",24,0.309050908699008,0.0707899094502623,"OPTN;SHARPIN;USP4;TNF;OTUD7B;RBCK1;MIB2;RNF31;FADD;TRADD;TNFRSF1A;RIPK1"
"Reactome","A_standard_TMM","REACTOME_TGFBR3_PTM_REGULATION",0.939666804816791,0.52962962962963,0.673572810652691,"up_in_high_altitude",10,0.382700308683398,0.0721797965581253,"TIMP2;TIMP1;NCSTN;PSEN1;PSEN2;APH1B;MMP14;APH1A;TGFBR3;PSENEN"
"Reactome","A_standard_TMM","REACTOME_ERYTHROPOIETIN_ACTIVATES_PHOSPHOINOSITIDE_3_KINASE_PI3K",0.933997303006462,0.529739776951673,0.673572810652691,"up_in_high_altitude",11,0.371851000395668,0.0723570851036907,"EPOR;PIK3CD;PIK3R5;LYN"
"Reactome","A_standard_TMM","REACTOME_FCERI_MEDIATED_CA_2_MOBILIZATION",0.945587744545144,0.538994800693241,0.683240600265896,"up_in_high_altitude",31,0.290027663634959,0.0679922591544058,"SYK;VAV1;PLCG2;BTK;GRAP2;FCER1G;SHC1;LYN;GRB2"
"Reactome","A_standard_TMM","REACTOME_CREB1_PHOSPHORYLATION_THROUGH_NMDA_RECEPTOR_MEDIATED_ACTIVATION_OF_RAS_SIGNALING",-0.944039222364185,0.538631346578366,0.683240600265896,"down_in_high_altitude",22,-0.294451468458122,0.080419996876154,"CAMK2D;RASGRF2;DLG1;RPS6KA3;PDPK1;NRAS"
"Reactome","A_standard_TMM","REACTOME_SIGNALING_BY_FGFR2",0.941886695743441,0.538971807628524,0.683240600265896,"up_in_high_altitude",56,0.251264126464765,0.0658311958368866,"UBB;POLR2A;UBA52;MAPK1;SRC;UBC;POLR2E;POLR2J;POLR2L;MAPK3;SHC1;POLR2G;GRB2"
"Reactome","A_standard_TMM","REACTOME_DAP12_INTERACTIONS",0.948639099008515,0.542087542087542,0.686459836459836,"up_in_high_altitude",38,0.274328417476358,0.0662842187012672,"PIK3R2;SYK;PLCG2;CLEC5A;BTK;GRAP2;SHC1;KIR2DS4;GRB2;SIRPB1;LCP2;SIGLEC14"
"Reactome","A_standard_TMM","REACTOME_PROCESSING_OF_SMDT1",0.925669369544263,0.5451197053407,0.689595875971262,"up_in_high_altitude",16,0.337596928949801,0.0704500850658419,"STOML2;MICU1;SMDT1;PARL;PHB1;PMPCA"
"Reactome","A_standard_TMM","REACTOME_TRANSCRIPTIONAL_REGULATION_BY_MECP2",-0.951240336268962,0.547911547911548,0.692421823786386,"down_in_high_altitude",45,-0.245869758645329,0.0852884689790502,"CAMK4;CAMK2D;TNRC6C;AGO3;TNRC6A"
"Reactome","A_standard_TMM","REACTOME_SIGNALING_BY_ACTIVIN",-0.928877467861951,0.550537634408602,0.694326427135239,"down_in_high_altitude",14,-0.335927773368675,0.0778840111977068,"ACVR2A;SMAD3;ACVR2B;ACVR1C"
"Reactome","A_standard_TMM","REACTOME_CHONDROITIN_SULFATE_BIOSYNTHESIS",0.91601550835945,0.550185873605948,0.694326427135239,"up_in_high_altitude",11,0.364691934403853,0.0704500850658419,"CHPF2;VCAN;CHST13;CHST15;CHST11"
"Reactome","A_standard_TMM","REACTOME_TP53_REGULATES_TRANSCRIPTION_OF_CELL_CYCLE_GENES",0.949861669518563,0.55160744500846,0.694603029611022,"up_in_high_altitude",46,0.263831337269416,0.0656813601934011,"CARM1;E2F4;TFDP1;CDKN1A;E2F1;GADD45A;CNOT3;SFN"
"Reactome","A_standard_TMM","REACTOME_SIGNALING_BY_ERBB2_ECD_MUTANTS",-0.921597636669113,0.551876379690949,0.694603029611022,"down_in_high_altitude",15,-0.325623513327042,0.0791316651768349,"SOS1;PIK3R1;ERBIN;PIK3CA;HSP90AA1;NRAS"
"Reactome","A_standard_TMM","REACTOME_SYNTHESIS_OF_PIPS_AT_THE_GOLGI_MEMBRANE",0.916740635799418,0.553734061930783,0.696235026196659,"up_in_high_altitude",15,0.338703341804185,0.069119845655101,"ARF1;PI4KA;PI4K2A;ARF3;PI4KB;FIG4"
"Reactome","A_standard_TMM","REACTOME_SYNTHESIS_OF_GLYCOSYLPHOSPHATIDYLINOSITOL_GPI",0.912521103030696,0.55535390199637,0.697564972042,"up_in_high_altitude",18,0.319719445676841,0.0687943095604775,"DPM2;PIGQ"
"Reactome","A_standard_TMM","REACTOME_COMPLEX_III_ASSEMBLY",-0.93594302711951,0.557823129251701,0.699958041861841,"down_in_high_altitude",26,-0.277843613078539,0.0799858801499946,"LYRM7;UQCC6;TTC19;UQCC1;HSCB;UQCRQ;UQCRB"
"Reactome","A_standard_TMM","REACTOME_NEF_MEDIATED_DOWNREGULATION_OF_MHC_CLASS_I_COMPLEX_CELL_SURFACE_EXPRESSION",0.914504563430597,0.559259259259259,0.701051253273475,"up_in_high_altitude",10,0.372452423479515,0.0694481442003175,"AP1B1;AP1M2;AP1M1;PACS1"
"Reactome","A_standard_TMM","REACTOME_REGULATION_OF_TP53_ACTIVITY_THROUGH_ACETYLATION",0.931845536024745,0.560420315236427,0.701090333879442,"up_in_high_altitude",30,0.288612154253772,0.0665892104103933,"PIP4K2A;AKT2;CHD4;AKT1;BRPF3;ING2;GATAD2A;PIP4K2C;PIN1"
"Reactome","A_standard_TMM","REACTOME_INSULIN_RECEPTOR_SIGNALLING_CASCADE",0.927504963798993,0.560271646859083,0.701090333879442,"up_in_high_altitude",34,0.276191623941983,0.0650877566917313,"PIK3R2;AKT2;MAPK1;IRS1;MAPK3;SHC1;GRB10;GAB2;GRB2;FLT3"
"Reactome","A_standard_TMM","REACTOME_CA2_PATHWAY",-0.938150841553359,0.561881188118812,0.70214777591662,"down_in_high_altitude",52,-0.235365365855537,0.0843144320642653,"LEF1;TCF7;TNRC6C;AXIN2;AGO3;TNRC6A;NLK;PRKCA"
"Reactome","A_standard_TMM","REACTOME_FGFR2_MUTANT_RECEPTOR_ACTIVATION",0.909212304337929,0.562613430127042,0.70214777591662,"up_in_high_altitude",18,0.318560143957249,0.0681513438679483,"POLR2A;POLR2E;POLR2J;POLR2L;POLR2G;POLR2I;POLR2C"
"Reactome","A_standard_TMM","REACTOME_DIGESTION_AND_ABSORPTION",0.907505458173989,0.562962962962963,0.70214777591662,"up_in_high_altitude",10,0.369601881427288,0.069119845655101,"RSC1A1;MGAM;GUCY2C;CHIT1"
"Reactome","A_standard_TMM","REACTOME_MRNA_CAPPING",0.933654694057349,0.564373897707231,0.702855378521722,"up_in_high_altitude",29,0.293090039706707,0.0665892104103933,"ERCC2;POLR2A;SUPT5H;POLR2E;POLR2J;POLR2L;POLR2G"
"Reactome","A_standard_TMM","REACTOME_RHOBTB1_GTPASE_CYCLE",0.926836860629849,0.564663023679417,0.702855378521722,"up_in_high_altitude",23,0.306646284683293,0.0681513438679483,"RHOBTB1;GPS1;VIM;DBN1;PDE5A;TXNL1;SPEN;CCT7;RNF20"
"Reactome","A_standard_TMM","REACTOME_RESOLUTION_OF_SISTER_CHROMATID_COHESION",0.93668291288885,0.56671664167916,0.703071301007009,"up_in_high_altitude",116,0.220189439044994,0.0585937568945671,"PPP2R5B;TUBB2B;TUBB1;TUBB2A;TUBB4B;NUP98;TUBA1B;TUBA4A;TUBA1A;TUBA8;DYNLL2;DYNLL1;DYNC1H1;B9D2"
"Reactome","A_standard_TMM","REACTOME_ASSOCIATION_OF_TRIC_CCT_WITH_TARGET_PROTEINS_DURING_BIOSYNTHESIS",0.936017982361734,0.567340067340067,0.703071301007009,"up_in_high_altitude",38,0.270678630154589,0.0640703750499722,"FBXW4;KIFC3;SKIC2;FBXW5;CCT3;GBA1;STAT3;KIF13A;FBXL5;CCT7;HDAC3"
"Reactome","A_standard_TMM","REACTOME_RNA_POLYMERASE_III_TRANSCRIPTION_INITIATION_FROM_TYPE_1_PROMOTER",0.92936159118058,0.567190226876091,0.703071301007009,"up_in_high_altitude",28,0.292884381452386,0.0658311958368866,"POLR3H;POLR1D;POLR3C;POLR2E;POLR2L;GTF3C6;GTF3C1"
"Reactome","A_standard_TMM","REACTOME_SIGNALING_BY_FGFR1",0.929145924890028,0.565587734241908,0.703071301007009,"up_in_high_altitude",35,0.275096683667125,0.0647943366000727,"UBB;UBA52;MAPK1;SRC;UBC;MAPK3;SHC1;GRB2"
"Reactome","A_standard_TMM","REACTOME_PROLONGED_ERK_ACTIVATION_EVENTS",0.908919854436911,0.567669172932331,0.703071301007009,"up_in_high_altitude",13,0.34841400527406,0.0694481442003175,"MAP2K2;MAPK1;MAPK3"
"Reactome","A_standard_TMM","REACTOME_REGULATION_OF_RAS_BY_GAPS",0.92621365759434,0.575907590759076,0.71256362924428,"up_in_high_altitude",55,0.246896737395877,0.0623861492893626,"UBB;PSMD2;UBA52;UBC;PSMB6;PSMD3;PSMC3;PSMD14;PSMD13;PSMD8;RBX1;PSMB3;ADRM1;PSMC4"
"Reactome","A_standard_TMM","REACTOME_MATURATION_OF_SARS_COV_2_SPIKE_PROTEIN",0.928549604286852,0.578498293515358,0.714422100490582,"up_in_high_altitude",40,0.265635514158473,0.0637845390312975,"ST6GALNAC4;ZDHHC3;OST4;MGAT4B;ST3GAL1;ST3GAL2;ST3GAL3;MGAT1;GANAB;ST6GALNAC2;ZDHHC2;RPN1;TMEM258"
"Reactome","A_standard_TMM","REACTOME_TGFBR3_EXPRESSION",-0.916244977320203,0.578713968957871,0.714422100490582,"down_in_high_altitude",20,-0.29537858343453,0.0768736734126542,"TNRC6C;AGO3;TNRC6A;SMAD3;TCF4;HELLS;SMAD4"
"Reactome","A_standard_TMM","REACTOME_CYTOSOLIC_TRNA_AMINOACYLATION",0.911685610603666,0.579136690647482,0.714422100490582,"up_in_high_altitude",24,0.298682128262236,0.0662842187012672,"AIMP2;VARS1;WARS1;SARS1;GARS1;CARS1;MARS1;AARS1;KARS1"
"Reactome","A_standard_TMM","REACTOME_HIV_TRANSCRIPTION_INITIATION",-0.936877032063169,0.57985257985258,0.714594887385354,"down_in_high_altitude",45,-0.242157235107608,0.0822054920415869,"TAF9B;TAF4B;GTF2E1;CCNH;GTF2A1;POLR2K;GTF2F2;TAF1;TAF2;GTF2E2;TAF9;MNAT1;TAF11;GTF2H3;TAF5;TBP;POLR2D"
"Reactome","A_standard_TMM","REACTOME_TERMINATION_OF_TRANSLESION_DNA_SYNTHESIS",0.922614038177353,0.580589254766031,0.714792921790322,"up_in_high_altitude",31,0.282981241532596,0.0643583367917361,"UBB;UBA52;POLD4;UBC;RPA1;RFC2;UBE2L6;UBA7;PCLAF;POLE;USP10"
"Reactome","A_standard_TMM","REACTOME_STABILIZATION_OF_P53",0.938858618633984,0.581787521079258,0.715558289057839,"up_in_high_altitude",44,0.262106773602952,0.0629394692018967,"UBB;PSMD2;UBA52;UBC;PSMB6;PSMD3;PSMC3;PSMD14;PSMD13;PSMD8;PSMB3;ADRM1;PSMC4"
"Reactome","A_standard_TMM","REACTOME_SIGNALING_BY_EGFR_IN_CANCER",0.914225130700021,0.588342440801457,0.722188891231067,"up_in_high_altitude",22,0.306524165980901,0.066132620475844,"UBB;UBA52;EGF;UBC"
"Reactome","A_standard_TMM","REACTOME_SIGNALING_BY_CYTOSOLIC_FGFR1_FUSION_MUTANTS",0.897156981626644,0.588021778584392,0.722188891231067,"up_in_high_altitude",18,0.31433632811134,0.065981614400873,"FGFR1OP2;MYO18A;CUX1;BCR;STAT3;GAB2;GRB2;STAT5A"
"Reactome","A_standard_TMM","REACTOME_TP53_REGULATES_TRANSCRIPTION_OF_GENES_INVOLVED_IN_CYTOCHROME_C_RELEASE",0.895822896490384,0.58983666061706,0.72330760457092,"up_in_high_altitude",18,0.313868905540142,0.0658311958368866,"BNIP3L;STEAP3;CREBBP;BBC3;BID;PRELID1"
"Reactome","A_standard_TMM","REACTOME_PI3K_EVENTS_IN_ERBB2_SIGNALING",-0.889160894163679,0.59051724137931,0.723427341117201,"down_in_high_altitude",11,-0.344055601866588,0.0743625384422526,"NRG4;PIK3R1;PIK3CA;EREG"
"Reactome","A_standard_TMM","REACTOME_ANTIGEN_PRESENTATION_FOLDING_ASSEMBLY_AND_PEPTIDE_LOADING_OF_CLASS_I_MHC",0.914928693291209,0.592592592592593,0.725253853458982,"up_in_high_altitude",29,0.287211630544273,0.0642140881844605,"BECN1;HSPA5;CALR;SEC13;SEC24C;SEC24D;HLA-G;SEC31A;PDIA3;BCAP31;HLA-B;TAP1;ATG14"
"Reactome","A_standard_TMM","REACTOME_DCC_MEDIATED_ATTRACTIVE_SIGNALING",0.889320545270792,0.597744360902256,0.730838179191822,"up_in_high_altitude",13,0.340901050447694,0.0668966276500666,"ABLIM3;SRC;PTK2;CDC42"
"Reactome","A_standard_TMM","REACTOME_TP53_REGULATES_TRANSCRIPTION_OF_CELL_DEATH_GENES",-0.91658279999222,0.601431980906921,0.734623118410915,"down_in_high_altitude",41,-0.242456834283886,0.0787113806986485,"ATM;TP53INP1;RABGGTB;CHM;CASP2;ZNF420;CASP6;TNFRSF10A;TNFRSF10B;PERP;IGFBP3"
"Reactome","A_standard_TMM","REACTOME_RORA_B_C_AND_NR1D1_REV_ERBA_REGULATE_GENE_EXPRESSION",0.900944680313656,0.602495543672014,0.735198593605673,"up_in_high_altitude",25,0.29225187237614,0.0639271933359996,"RXRA;CARM1;CREBBP;CPT1A;NCOA6;HELZ2;HDAC3;TBL1X;SMARCD3"
"Reactome","A_standard_TMM","REACTOME_INOSITOL_PHOSPHATE_METABOLISM",0.906697920236441,0.607204116638079,0.740216413308306,"up_in_high_altitude",41,0.257848923710215,0.0617054053637522,"ITPK1;INPP5D;IP6K1;NUDT4;PLCG2;INPP5A;INPPL1;IMPA2;PLCB2;PLCB3"
"Reactome","A_standard_TMM","REACTOME_EXTENSION_OF_TELOMERES",-0.915213333574033,0.609452736318408,0.742228504191506,"down_in_high_altitude",49,-0.232526707895688,0.0802023444698144,"TERF1;BLM;POT1;WRN;POLA2;PPP6R3;NHP2;SHQ1;PPP6C;POLD2;CCNA2;STN1;PRIM1;RFC1;CDK2;DNA2;RFC5"
"Reactome","A_standard_TMM","REACTOME_NEUROTRANSMITTER_RELEASE_CYCLE",0.907107564545136,0.610051993067591,0.742229924898902,"up_in_high_altitude",31,0.278225145290113,0.0619762736001998,"ALDH5A1;MAOA;SLC6A12;SLC1A7;SLC22A1;SYN3;DNAJC5;TSPOAP1;SLC1A3;UNC13B;SLC18A2;PPFIA4"
"Reactome","A_standard_TMM","REACTOME_CARDIOGENESIS",0.881951399371088,0.614525139664804,0.746939959181217,"up_in_high_altitude",14,0.332706780006532,0.0650877566917313,"FOXO4"
"Reactome","A_standard_TMM","REACTOME_COMPLEX_IV_ASSEMBLY",-0.909870213710263,0.615196078431373,0.74702380952381,"down_in_high_altitude",43,-0.240316742586167,0.0789209638180035,"COX20;COX6C;SCO1;COX18;COX11;COA5;COQ10A;SMIM20;TIMM21;COX19;COX7B;TMEM177;COQ10B;MT-CO2;CMC1;COX4I1;PET117;COX7A2L;COX15"
"Reactome","A_standard_TMM","REACTOME_METHYLATION",-0.875617430604205,0.616379310344828,0.747728958101594,"down_in_high_altitude",11,-0.338815037940645,0.0721797965581253,"MTRR;N6AMT1;MTR;AS3MT;TRMT112;TPMT;MAT2A"
"Reactome","A_standard_TMM","REACTOME_METABOLISM_OF_NUCLEOTIDES",0.91409653580135,0.619119878603945,0.749815629303834,"up_in_high_altitude",87,0.224861472439845,0.0550211117163117,"GMPR;GUK1;ENTPD5;NT5M;AK1;NME4;PNP;DPYD;NUDT16;AMPD2;TK1;AMPD3;IMPDH1;NUDT1;UCKL1;DTYMK;TXNRD1;ENTPD2;TXN;CDA;ENTPD8;UPP1"
"Reactome","A_standard_TMM","REACTOME_VOLTAGE_GATED_POTASSIUM_CHANNELS",0.882426425061895,0.619307832422586,0.749815629303834,"up_in_high_altitude",22,0.29586259981116,0.0636424081651019,"KCNH2;KCNG2;KCNC3;KCND1;KCNH3;KCND3;KCNQ4"
"Reactome","A_standard_TMM","REACTOME_DOWNREGULATION_OF_TGF_BETA_RECEPTOR_SIGNALING",0.891315306549206,0.623885918003565,0.753887462748222,"up_in_high_altitude",25,0.289128259379734,0.062249042949858,"UBB;NEDD4L;UBA52;UBC"
"Reactome","A_standard_TMM","REACTOME_GAB1_SIGNALOSOME",0.875010186327061,0.623836126629423,0.753887462748222,"up_in_high_altitude",14,0.330088281251539,0.0643583367917361,"EGF;SRC;CSK;PXN;GRB2"
"Reactome","A_standard_TMM","REACTOME_METABOLISM_OF_COFACTORS",0.883377502858296,0.633879781420765,0.764475032792196,"up_in_high_altitude",23,0.292267647879496,0.0625237414724762,"COQ5;AKT1;COQ6;COQ8A;COQ8B"
"Reactome","A_standard_TMM","REACTOME_FOLDING_OF_ACTIN_BY_CCT_TRIC",0.865405656718362,0.633333333333333,0.764475032792196,"up_in_high_altitude",10,0.352455796315002,0.0633597010643758,"CCT3;ACTB;CCT7"
"Reactome","A_standard_TMM","REACTOME_TRANSCRIPTIONAL_REGULATION_BY_VENTX",0.894273222143697,0.635434412265758,0.765605927788161,"up_in_high_altitude",39,0.257203509952734,0.059221919380382,"FZR1;CSF1R;ANAPC2;UBE2S;RELA;TCF7L2;CDC16;UBE2C;MOV10;ANAPC11;VENTX;AGO1;CDC27;CDC26;MIR24-2;EHMT1"
"Reactome","A_standard_TMM","REACTOME_TRANSCRIPTIONAL_REGULATION_OF_BROWN_AND_BEIGE_ADIPOCYTE_DIFFERENTIATION",0.878542427107361,0.63752276867031,0.766633484418463,"up_in_high_altitude",23,0.29066795102003,0.062249042949858,"RXRA;CHD4;HNRNPU;GATAD2A;SMAD1"
"Reactome","A_standard_TMM","REACTOME_DOPAMINE_NEUROTRANSMITTER_RELEASE_CYCLE",-0.860114993383488,0.636971046770601,0.766633484418463,"down_in_high_altitude",17,-0.292795507126411,0.0721797965581253,"LIN7C;CASK"
"Reactome","A_standard_TMM","REACTOME_TRANSCRIPTION_OF_E2F_TARGETS_UNDER_NEGATIVE_CONTROL_BY_P107_RBL1_AND_P130_RBL2_IN_COMPLEX_WITH_HDAC1",0.862423184101441,0.639344262295082,0.768079602621681,"up_in_high_altitude",15,0.318634958566925,0.0621124188949471,"E2F4;TFDP1;E2F1"
"Reactome","A_standard_TMM","REACTOME_CONSTITUTIVE_SIGNALING_BY_OVEREXPRESSED_ERBB2",-0.849410000454542,0.642241379310345,0.770813879810578,"down_in_high_altitude",11,-0.328674226291478,0.070113215764256,"SOS1;ERBIN;HSP90AA1;NRAS;KRAS"
"Reactome","A_standard_TMM","REACTOME_MITOCHONDRIAL_CALCIUM_ION_TRANSPORT",0.877496361007325,0.642987249544627,0.770963455734185,"up_in_high_altitude",23,0.290321857444413,0.0618406035753285,"STOML2;MICU1;SLC8A3;SMDT1;PARL;PHB1;PMPCA"
"Reactome","A_standard_TMM","REACTOME_IL_6_TYPE_CYTOKINE_RECEPTOR_LIGAND_INTERACTIONS",-0.843790504230591,0.644396551724138,0.771907452403142,"down_in_high_altitude",11,-0.326499795130358,0.0699458736501659,"IL6ST"
"Reactome","A_standard_TMM","REACTOME_LOSS_OF_FUNCTION_OF_MECP2_IN_RETT_SYNDROME",0.858514610735078,0.646616541353383,0.773819795390115,"up_in_high_altitude",13,0.329092287567882,0.0630790410571939,"NCOR2;GPS2;HDAC3;PRKACA;TBL1X"
"Reactome","A_standard_TMM","REACTOME_CYTOCHROME_P450_ARRANGED_BY_SUBSTRATE_TYPE",0.877800655392607,0.649913344887348,0.777015858386512,"up_in_high_altitude",31,0.269236223385295,0.0589694466690997,"RXRA;POR;CYP4F22;CYP4F12;CYP26B1;CYP21A2;TBXAS1"
"Reactome","A_standard_TMM","REACTOME_CHONDROITIN_SULFATE_DERMATAN_SULFATE_METABOLISM",0.881277485008595,0.65076660988075,0.777287163486054,"up_in_high_altitude",39,0.253465782910478,0.0580983576873206,"HYAL3;B4GALT7;CHPF2;IDS;VCAN;CHST13;CHST15;SDC3;CHST11;B3GAT1;ARSB;XYLT1;CHPF;SDC4"
"Reactome","A_standard_TMM","REACTOME_TELOMERE_C_STRAND_SYNTHESIS_INITIATION",-0.841017544985101,0.657446808510638,0.784511047463175,"down_in_high_altitude",13,-0.309529462968563,0.0683110858318647,"TERF1;POT1;POLA2;STN1;PRIM1"
"Reactome","A_standard_TMM","REACTOME_SUMOYLATION_OF_DNA_REPLICATION_PROTEINS",-0.901144336323987,0.659367396593674,0.786047011693323,"down_in_high_altitude",46,-0.230962237563155,0.0749278818393739,"NUP43;NUP107;NUP133;RANBP2;SUMO2;NUP42;NUP160;NUP54;NUP155;NDC1;NUP35;SEH1L;NUP37"
"Reactome","A_standard_TMM","REACTOME_GLYCOSPHINGOLIPID_BIOSYNTHESIS",0.84105942697159,0.660482374768089,0.786620563423415,"up_in_high_altitude",12,0.328912458612076,0.0614364107201271,"ST3GAL2;ST6GALNAC6;ST3GAL3;B4GALT5"
"Reactome","A_standard_TMM","REACTOME_FGFR1_MUTANT_RECEPTOR_ACTIVATION",-0.87837233609397,0.662251655629139,0.787971528893348,"down_in_high_altitude",22,-0.273969574662529,0.0697792517076235,"BAG4;ZMYM2;CPSF6;CEP43;PIK3R1"
"Reactome","A_standard_TMM","REACTOME_SIGNALING_BY_CTNNB1_PHOSPHO_SITE_MUTANTS",0.849921600998162,0.663023679417122,0.788134469498705,"up_in_high_altitude",15,0.314016064400385,0.0603786357920401,"PPP2R5B"
"Reactome","A_standard_TMM","REACTOME_IRS_MEDIATED_SIGNALLING",-0.875892397001009,0.666666666666667,0.78868763902129,"down_in_high_altitude",29,-0.252982087582655,0.0714786287425507,"FRS2;SOS1;PDE3B;PIK3R1;THEM4;PDPK1;PIK3CA;NRAS;PIK3C3;FLT3LG"
"Reactome","A_standard_TMM","REACTOME_FORMATION_OF_THE_DYSTROPHIN_GLYCOPROTEIN_COMPLEX_DGC",0.870346097415701,0.665467625899281,0.78868763902129,"up_in_high_altitude",24,0.285138672451707,0.0596037042575973,"LAMB2;LAMB3;ACTA2;ACTB;ACTG1;DAG1"
"Reactome","A_standard_TMM","REACTOME_SYNTHESIS_OF_BILE_ACIDS_AND_BILE_SALTS_VIA_7ALPHA_HYDROXYCHOLESTEROL",0.843589817346572,0.664804469273743,0.78868763902129,"up_in_high_altitude",14,0.318235281417795,0.0613026075396207,"RXRA"
"Reactome","A_standard_TMM","REACTOME_LYSOSPHINGOLIPID_AND_LPA_RECEPTORS",0.84261542312039,0.666666666666667,0.78868763902129,"up_in_high_altitude",10,0.343173964299439,0.0609039347452418,"LPAR2;PLPPR3;PLPPR2;S1PR3;S1PR4;S1PR5;S1PR2;LPAR5"
"Reactome","A_standard_TMM","REACTOME_DEGRADATION_OF_CYSTEINE_AND_HOMOCYSTEINE",0.835639404055502,0.664192949907236,0.78868763902129,"up_in_high_altitude",12,0.326792854448689,0.0611692626746689,"SQOR;MPST;TST"
"Reactome","A_standard_TMM","REACTOME_SIGNALING_BY_FGFR",0.887743045556663,0.669918699186992,0.790274815295681,"up_in_high_altitude",65,0.230189489681185,0.0545680646670941,"UBB;POLR2A;UBA52;MAPK1;SRC;UBC;POLR2E;POLR2J;POLR2L;MAPK3;SHC1;POLR2G;GRB2"
"Reactome","A_standard_TMM","REACTOME_RAF_INDEPENDENT_MAPK1_3_ACTIVATION",0.845188362238572,0.669691470054447,0.790274815295681,"up_in_high_altitude",20,0.290334006349836,0.0597317976364411,"MAP2K2;MAPK1;JAK1;MAPK3;TYK2;DUSP1"
"Reactome","A_standard_TMM","REACTOME_CO_STIMULATION_BY_ICOS",0.834793858906171,0.669144981412639,0.790274815295681,"up_in_high_altitude",11,0.332355276143953,0.0609039347452418,"PIK3R2;PIK3CD;PIK3R5"
"Reactome","A_standard_TMM","REACTOME_PHOSPHORYLATION_AND_NUCLEAR_TRANSLOCATION_OF_THE_CRY_PER_KINASE_COMPLEX",-0.847387781091567,0.670967741935484,0.790760653126245,"down_in_high_altitude",14,-0.306457095075341,0.0678338263479455,"PPP1CC;CSNK1E;PER3;PPP1CB;CRY2;CRY1"
"Reactome","A_standard_TMM","REACTOME_MITOCHONDRIAL_PROTEIN_IMPORT",-0.899679171922112,0.673575129533679,0.793080394450944,"down_in_high_altitude",64,-0.21551453499015,0.0770736734944102,"TOMM7;GRPEL2;TIMM10B;PMPCB;TOMM22;MTX2;TIMM8B;CMC4;TOMM20;TOMM5;SLC25A12;TOMM70;TIMM21;COX19;HSCB"
"Reactome","A_standard_TMM","REACTOME_RESPIRATORY_SYNCYTIAL_VIRUS_RSV_GENOME_REPLICATION_TRANSCRIPTION_AND_TRANSLATION",-0.842920969013915,0.677060133630289,0.796428081360369,"down_in_high_altitude",17,-0.286942414082388,0.069119845655101,"SEC11C;SEC11A;PPP1CC;HSP90AA1;XPO1;PPP1CB;SPCS1;SPCS3;HSPA8"
"Reactome","A_standard_TMM","REACTOME_TRANSCRIPTIONAL_REGULATION_BY_NPAS4",-0.86871290803243,0.67816091954023,0.796967520027865,"down_in_high_altitude",29,-0.250908451467915,0.070619624712259,"TNRC6C;AGO3;TNRC6A;MDM2;GEM;XPO1;NR3C1;CDK5R1"
"Reactome","A_standard_TMM","REACTOME_VISUAL_PHOTOTRANSDUCTION",0.876951990008515,0.682196339434276,0.800602797043405,"up_in_high_altitude",51,0.237024047056979,0.0547939500773363,"APOM;LRP10;MYO7A;GNB1;LRP1;LPL"
"Reactome","A_standard_TMM","REACTOME_SIGNALING_BY_FGFR2_IN_DISEASE",-0.854202837838138,0.682983682983683,0.800602797043405,"down_in_high_altitude",28,-0.2491596069397,0.0709609456938284,"FRS2;SOS1;PIK3R1;NCBP1;PIK3CA;POLR2K;NRAS;GTF2F2;NCBP2;KRAS;POLR2D;PLCG1;FGF17;GAB1"
"Reactome","A_standard_TMM","REACTOME_GRB2_EVENTS_IN_ERBB2_SIGNALING",-0.810492953276498,0.683189655172414,0.800602797043405,"down_in_high_altitude",11,-0.313615502749316,0.0670512579829467,"NRG4;SOS1;EREG;NRAS"
"Reactome","A_standard_TMM","REACTOME_CLEC7A_DECTIN_1_INDUCES_NFAT_ACTIVATION",0.824608299579803,0.684014869888476,0.800813635407168,"up_in_high_altitude",11,0.328300114086303,0.0598603117764473,"PPP3R1;ITPR2;CALM1;ITPR3;PPP3CA;NFATC1;AHCYL1;NFATC3;PPP3CB;ITPR1;NFATC2"
"Reactome","A_standard_TMM","REACTOME_INTERLEUKIN_6_SIGNALING",-0.842156123360391,0.684665226781857,0.800819553662851,"down_in_high_altitude",10,-0.337456920813755,0.0670512579829467,"IL6ST"
"Reactome","A_standard_TMM","REACTOME_MITOTIC_TELOPHASE_CYTOKINESIS",-0.816236635596346,0.68936170212766,0.805553552109629,"down_in_high_altitude",13,-0.300409056835883,0.065981614400873,"STAG2;SMC3;PDS5A;PDS5B;WAPL;PLK1;STAG1"
"Reactome","A_standard_TMM","REACTOME_REGULATION_OF_MITF_M_DEPENDENT_GENES_INVOLVED_IN_PIGMENTATION",-0.860537117665825,0.692493946731235,0.808087839051554,"down_in_high_altitude",34,-0.239104261217841,0.0721797965581253,"LEF1;MLANA;BCL7A;BCL7C;PMEL;BCL7B;SS18;SMARCE1;RAB27A;MYO5A;SYTL2;SS18L1;IRF4"
"Reactome","A_standard_TMM","REACTOME_SOMITOGENESIS",0.858903064636808,0.692832764505119,0.808087839051554,"up_in_high_altitude",40,0.245711328865747,0.0552495663125249,"PSMD2;PSMB6;PSMD3;PSMC3;PSMD14;PSMD13;PSMD8;PSMB3;ADRM1;PSMC4;NOTCH1;PSMD6"
"Reactome","A_standard_TMM","REACTOME_ERK_MAPK_TARGETS",0.835344858562404,0.693989071038251,0.808447988326037,"up_in_high_altitude",22,0.280076949844088,0.0582216241124161,"MAPK1;MAPK7;VRK3;MAPK3;RPS6KA1;MAPK14;DUSP6;PPP2R1A;PPP2CA"
"Reactome","A_standard_TMM","REACTOME_INTERLEUKIN_27_SIGNALING",0.825619592959767,0.694444444444444,0.808447988326037,"up_in_high_altitude",10,0.336252032594009,0.0589694466690997,"IL27;JAK1;STAT3;TYK2"
"Reactome","A_standard_TMM","REACTOME_SARS_COV_1_ACTIVATES_MODULATES_INNATE_IMMUNE_RESPONSES",0.855618505442379,0.703071672354949,0.814758676122604,"up_in_high_altitude",40,0.244771696167216,0.0545680646670941,"UBB;PCBP2;UBA52;UBC;IRF3;RIPK3;NLRP3;RELA;FKBP1A"
"Reactome","A_standard_TMM","REACTOME_EFFECTS_OF_PIP2_HYDROLYSIS",-0.853987291763744,0.704194260485651,0.814758676122604,"down_in_high_altitude",22,-0.266363733780759,0.0667426134241917,"DGKE;RASGRP1;DGKH"
"Reactome","A_standard_TMM","REACTOME_DARPP_32_EVENTS",-0.843580973065512,0.702222222222222,0.814758676122604,"down_in_high_altitude",21,-0.267272265195991,0.0672065093710464,"PDE4D;PRKACB;PPP2CB;PPP2R1B;PRKAR2A;PRKAR1A"
"Reactome","A_standard_TMM","REACTOME_SPHINGOLIPID_DE_NOVO_BIOSYNTHESIS",0.839868770767269,0.701188455008489,0.814758676122604,"up_in_high_altitude",34,0.250095394364531,0.0544555953940371,"MFSD2B;ORMDL3;ABCG2"
"Reactome","A_standard_TMM","REACTOME_RUNX2_REGULATES_OSTEOBLAST_DIFFERENTIATION",0.820443894539554,0.701657458563536,0.814758676122604,"up_in_high_altitude",16,0.29922059461526,0.0582216241124161,"HDAC6;MAPK1;SRC;MAPK3"
"Reactome","A_standard_TMM","REACTOME_NOTCH2_INTRACELLULAR_DOMAIN_REGULATES_TRANSCRIPTION",0.811370749310112,0.704460966542751,0.814758676122604,"up_in_high_altitude",11,0.323029867272176,0.0584693210386381,"MAML3;NOTCH2"
"Reactome","A_standard_TMM","REACTOME_GASTRIN_CREB_SIGNALLING_PATHWAY_VIA_PKC_AND_MAPK",0.810916318810246,0.70391061452514,0.814758676122604,"up_in_high_altitude",14,0.305909551794461,0.0585937568945671,"MAPK1;MAPK7;MAPK3;RPS6KA1;GRB2"
"Reactome","A_standard_TMM","REACTOME_DNA_STRAND_ELONGATION",0.838372639325761,0.705372616984402,0.815053461524807,"up_in_high_altitude",32,0.255074241286509,0.0551351763385257,"MCM2;POLD4;RPA1;MCM5;RFC2;MCM3;MCM7;POLD1;MCM4;GINS1;CDC45;POLA1;MCM6"
"Reactome","A_standard_TMM","REACTOME_DAG_AND_IP3_SIGNALING",-0.847337049504613,0.710588235294118,0.820316279069767,"down_in_high_altitude",32,-0.238533602283599,0.0694481442003175,"CAMK4;CAMK2D;PRKACB"
"Reactome","A_standard_TMM","REACTOME_DEFECTS_IN_VITAMIN_AND_COFACTOR_METABOLISM",-0.839192651379225,0.713333333333333,0.821226648966797,"down_in_high_altitude",21,-0.265881910606508,0.066436413766281,"MTRR;CUBN;MTR;MCCC2;LMBRD1"
"Reactome","A_standard_TMM","REACTOME_DOWNSTREAM_SIGNAL_TRANSDUCTION",0.83421202193778,0.712522045855379,0.821226648966797,"up_in_high_altitude",27,0.264595263951601,0.0554793308704233,"PIK3R2;SRC;PDGFRB;STAT6;NCK2;STAT3;GRB2;STAT5A"
"Reactome","A_standard_TMM","REACTOME_PURINE_RIBONUCLEOSIDE_MONOPHOSPHATE_BIOSYNTHESIS",-0.785209183565413,0.713362068965517,0.821226648966797,"down_in_high_altitude",11,-0.303832096098728,0.0649407684612899,"ADSL;PAICS;GMPS;PPAT"
"Reactome","A_standard_TMM","REACTOME_IRF3_MEDIATED_INDUCTION_OF_TYPE_I_IFN",0.798864425616548,0.714285714285714,0.821527869720641,"up_in_high_altitude",12,0.312411292116862,0.0577308549299813,"IRF3;PRKDC;TREX1;DDX41;XRCC6;IFI16;STING1"
"Reactome","A_standard_TMM","REACTOME_SIGNALING_BY_TYPE_1_INSULIN_LIKE_GROWTH_FACTOR_1_RECEPTOR_IGF1R",0.826372823848545,0.715502555366269,0.82216543630513,"up_in_high_altitude",33,0.248299603108203,0.0536769600638126,"PIK3R2;AKT2;IGF2;IRS1;SHC1;GAB2;GRB2;FLT3"
"Reactome","A_standard_TMM","REACTOME_NUCLEOTIDE_BIOSYNTHESIS",-0.81140818359299,0.718279569892473,0.823390291138333,"down_in_high_altitude",14,-0.29344510318989,0.0645031249656493,"DHODH;ADSL;PAICS;GMPS;PPAT;ADSS2;UMPS"
"Reactome","A_standard_TMM","REACTOME_PREGNENOLONE_BIOSYNTHESIS",-0.809877601316796,0.719222462203024,0.823390291138333,"down_in_high_altitude",10,-0.324522726838193,0.0646484568421928,"STARD4"
"Reactome","A_standard_TMM","REACTOME_RUNX1_AND_FOXP3_CONTROL_THE_DEVELOPMENT_OF_REGULATORY_T_LYMPHOCYTES_TREGS",-0.808446795625723,0.719222462203024,0.823390291138333,"down_in_high_altitude",10,-0.323949394567134,0.0646484568421928,"CBFB;RUNX1;FOXP3;NFATC2;TNFRSF18"
"Reactome","A_standard_TMM","REACTOME_RRNA_PROCESSING_IN_THE_MITOCHONDRION",-0.80598987503009,0.719222462203024,0.823390291138333,"down_in_high_altitude",10,-0.322964892007706,0.0646484568421928,"MTERF4;TRMT10C;NSUN4"
"Reactome","A_standard_TMM","REACTOME_CA_DEPENDENT_EVENTS",-0.823317069740535,0.72027972027972,0.823840675453579,"down_in_high_altitude",28,-0.240150639164896,0.0683110858318647,"CAMK4;CAMK2D;PRKACB"
"Reactome","A_standard_TMM","REACTOME_SIGNALING_BY_FGFR_IN_DISEASE",-0.867773984781298,0.721549636803874,0.824533240583433,"down_in_high_altitude",47,-0.222179718515095,0.070113215764256,"BAG4;FRS2;ZMYM2;CPSF6;SOS1;CEP43;PIK3R1;NCBP1;PIK3CA;POLR2K;NRAS;GTF2F2;NCBP2;ERLIN2;KRAS;POLR2D;CNTRL"
"Reactome","A_standard_TMM","REACTOME_TRANSCRIPTION_OF_E2F_TARGETS_UNDER_NEGATIVE_CONTROL_BY_DREAM_COMPLEX",0.81383160193605,0.723132969034608,0.825290226781857,"up_in_high_altitude",19,0.282314833913574,0.0562940749700968,"E2F4;TFDP1;E2F1"
"Reactome","A_standard_TMM","REACTOME_N_GLYCAN_ANTENNAE_ELONGATION",-0.799069030698168,0.72354211663067,0.825290226781857,"down_in_high_altitude",12,-0.300277261853492,0.0643583367917361,"MGAT4A;ST6GAL1;ST8SIA6"
"Reactome","A_standard_TMM","REACTOME_MITF_M_DEPENDENT_GENE_EXPRESSION",0.870131964250441,0.724770642201835,0.825932384731384,"up_in_high_altitude",91,0.21336441492946,0.0481183992657975,"ATP6V0C;GMPR;AKT2;DIAPH1;CDKN1A;MCM2;ATP6V1E1;ATP6V1D;SERPINE1;ATP6V0E1;AGO2;ATP6V0D1;ATP6V0B;DPF3;MCM5;TCF7L2;PXN;ACTB;CDH1;MITF;SMARCA4;MOV10;DPF2;CCNB1;ATP6V1B2"
"Reactome","A_standard_TMM","REACTOME_DAP12_SIGNALING",0.840628348646021,0.727748691099476,0.828565252893991,"up_in_high_altitude",28,0.264920474722621,0.0540088272801684,"PIK3R2;SYK;PLCG2;BTK;GRAP2"
"Reactome","A_standard_TMM","REACTOME_REGULATION_OF_KIT_SIGNALING",0.80399058724845,0.730418943533698,0.830843179583244,"up_in_high_altitude",15,0.297046174289738,0.055826471778749,"SRC;PTPN6;LYN;GRB2;SH2B2;SH2B3"
"Reactome","A_standard_TMM","REACTOME_CONSTITUTIVE_SIGNALING_BY_EGFRVIII",-0.80440699190084,0.731182795698925,0.830950411595573,"down_in_high_altitude",14,-0.290913127964476,0.0636424081651019,"SOS1;PIK3R1;PIK3CA;HSP90AA1;NRAS;KRAS;PLCG1;GAB1"
"Reactome","A_standard_TMM","REACTOME_ACTIVATION_OF_THE_PRE_REPLICATIVE_COMPLEX",-0.83962116568979,0.732530120481928,0.831695347327969,"down_in_high_altitude",33,-0.235184850943881,0.069119845655101,"CDC7;ORC2;DBF4;POLA2;POLE4;ORC5;PRIM1;CDK2;POLE2;GMNN;MCM8;ORC3;PRIM2"
"Reactome","A_standard_TMM","REACTOME_RNA_POLYMERASE_I_TRANSCRIPTION_TERMINATION",-0.832389952960506,0.733178654292343,0.831695347327969,"down_in_high_altitude",30,-0.238670888090497,0.0672065093710464,"TAF1D;CCNH;TAF1A;POLR1E;POLR1F;POLR2K;MNAT1;GTF2H3;TAF1B;TBP"
"Reactome","A_standard_TMM","REACTOME_SIGNALING_BY_WNT_IN_CANCER",0.827139993458821,0.735449735449735,0.833509700176367,"up_in_high_altitude",29,0.259653269103535,0.0540088272801684,"PPP2R5B;CTBP2;FZD5;TCF7L2;AXIN1;LRP5;PPP2R1A;PPP2CA;PPP2R5A"
"Reactome","A_standard_TMM","REACTOME_SARS_COV_2_INFECTION",0.897215130599839,0.738255033557047,0.834491499696418,"up_in_high_altitude",270,0.193901302518705,0.0413209506074822,"UBB;CHMP4B;GSK3A;FURIN;AKT2;ST6GALNAC4;ANO7;UBA52;VCP;NUP98;BECN1;CTSL;MAP1LC3B;ZDHHC3;CHMP2A;YWHAH;IKBKG;ANO6;OST4;IRAK1;PTPN6;VPS16;UBE2V1;UBC;IRF3;ISCU;MGAT4B;ST3GAL1;RNF135;CREBBP;RPS12;JAK1;HSP90AB1;SFN;VPS11;NLRP3;IL17F;ST3GAL2;AKT1;ST3GAL3;PARP4;SEC13;TAB2;SEC24C;NUP188;VPS18;AAAS;ANO10;IL17RA;TYK2;MGAT1;TKFC;NOD2;SDC3;NUP210;SEC24D"
"Reactome","A_standard_TMM","REACTOME_PKMTS_METHYLATE_HISTONE_LYSINES",0.850563938456304,0.738333333333333,0.834491499696418,"up_in_high_altitude",49,0.232306387176167,0.051218434854034,"H3C10;ASH2L;H4C8;KMT2B;H4C3;H4C12;H4C15;RELA;DOT1L;SETDB1;NFKB2;H4C14;NSD1;SETD2;SETD6;EHMT1"
"Reactome","A_standard_TMM","REACTOME_E2F_MEDIATED_REGULATION_OF_DNA_REPLICATION",-0.829966597074529,0.737777777777778,0.834491499696418,"down_in_high_altitude",21,-0.262958814292616,0.0647943366000727,"ORC2;POLA2;PPP2CB;RB1;PPP2R1B;ORC5;PRIM1;MCM8;ORC3;PRIM2"
"Reactome","A_standard_TMM","REACTOME_GAMMA_CARBOXYLATION_HYPUSINYLATION_HYDROXYLATION_AND_ARYLSULFATASE_ACTIVATION",0.850480985575418,0.739130434782609,0.834632274399652,"up_in_high_altitude",52,0.22949787948643,0.0513223330421143,"FURIN;DOHH;FN3K;TPST2;TPST1;EIF5A;PROS1;EEF2;ARSA;RCCD1;DHPS;U2AF2"
"Reactome","A_standard_TMM","REACTOME_POST_TRANSLATIONAL_MODIFICATION_SYNTHESIS_OF_GPI_ANCHORED_PROTEINS",0.844956683917897,0.747927031509121,0.842266285029782,"up_in_high_altitude",54,0.225691440116708,0.0503964322442957,"DPM2;PIGQ;TECTA;ALPL;LYPD2"
"Reactome","A_standard_TMM","REACTOME_INTERLEUKIN_35_SIGNALLING",-0.775450202982251,0.747300215982721,0.842266285029782,"down_in_high_altitude",12,-0.291401687100547,0.0628003977812234,"IL6ST"
"Reactome","A_standard_TMM","REACTOME_TRYPTOPHAN_CATABOLISM",0.774444904299437,0.747211895910781,0.842266285029782,"up_in_high_altitude",11,0.308328633806645,0.0557104226766671,"SLC7A5;SLC3A2"
"Reactome","A_standard_TMM","REACTOME_SUMOYLATION_OF_INTRACELLULAR_RECEPTORS",0.804850244506183,0.750445632798574,0.844336382867661,"up_in_high_altitude",25,0.261080392702287,0.0535669384770951,"RXRA;NR1H2;VDR;RARA"
"Reactome","A_standard_TMM","REACTOME_FANCONI_ANEMIA_PATHWAY",0.819399729016032,0.752981260647359,0.84642186998494,"up_in_high_altitude",39,0.235669011593615,0.0513223330421143,"UBB;UBA52;UBC;RPA1;SLX1A;EME2;ATRIP;EME1;SLX1B"
"Reactome","A_standard_TMM","REACTOME_G_PROTEIN_MEDIATED_EVENTS",0.832297923581029,0.756432246998285,0.849531600474997,"up_in_high_altitude",41,0.236690874669318,0.0514264916187015,"PRKCD;MAPK1;PRKAR2B;CAMKK2;CAMKK1;PLCB2;PLCB3;GNA15;PRKACA;GNAQ;ADCY9;ADCY4;ITPR2;PRKAR1B;GNAL;PLA2G4A"
"Reactome","A_standard_TMM","REACTOME_VXPX_CARGO_TARGETING_TO_CILIUM",0.78420336379599,0.763110307414105,0.855536537821519,"up_in_high_altitude",17,0.279030530807624,0.053457214108991,"EXOC3;ASAP1;EXOC7;RAB11A;GBF1;ARF4"
"Reactome","A_standard_TMM","REACTOME_CRMPS_IN_SEMA3A_SIGNALING",0.767487113900718,0.763157894736842,0.855536537821519,"up_in_high_altitude",13,0.29419894179343,0.0552495663125249,"PLXNA2;FES;DPYSL2"
"Reactome","A_standard_TMM","REACTOME_SYNTHESIS_SECRETION_AND_DEACYLATION_OF_GHRELIN",0.761681562001263,0.764378478664193,0.856131490994823,"up_in_high_altitude",12,0.29787021844508,0.0545680646670941,"ACHE"
"Reactome","A_standard_TMM","REACTOME_SIGNALING_BY_HIPPO",-0.782423444332892,0.766146993318486,0.857338520025465,"down_in_high_altitude",17,-0.266348187083516,0.0630790410571939,"LATS1;CASP3"
"Reactome","A_standard_TMM","REACTOME_TRANSCRIPTION_OF_THE_HIV_GENOME",0.840718953634225,0.768987341772152,0.85905749528837,"up_in_high_altitude",67,0.215464035244862,0.0469758727821845,"ERCC2;POLR2A;SUPT5H;ELOB;CTDP1;ELL;NELFE;POLR2E;POLR2J;GTF2A2;CCNK;POLR2L;SUPT4H1;TAF6;POLR2G"
"Reactome","A_standard_TMM","REACTOME_RHOD_GTPASE_CYCLE",-0.831764831660976,0.771144278606965,0.85905749528837,"down_in_high_altitude",49,-0.211325087774077,0.0681513438679483,"SLC4A7;ARHGAP5;ARHGAP12;ADD3;LEMD3;TOR1AIP1;PIK3R1;LMAN1;MOSPD2"
"Reactome","A_standard_TMM","REACTOME_TELOMERE_EXTENSION_BY_TELOMERASE",-0.801878532244763,0.771111111111111,0.85905749528837,"down_in_high_altitude",21,-0.254059655881369,0.0626618230932491,"TERF1;POT1;PPP6R3;NHP2;SHQ1;PPP6C;CCNA2;CDK2"
"Reactome","A_standard_TMM","REACTOME_CARGO_CONCENTRATION_IN_THE_ER",0.795731571146798,0.770577933450088,0.85905749528837,"up_in_high_altitude",30,0.246454797579583,0.051530912208539,"STX5;CD59;CNIH3;SEC24C;F5;COL7A1;SERPINA1;SEC24D;CTSZ"
"Reactome","A_standard_TMM","REACTOME_PIWI_INTERACTING_RNA_PIRNA_BIOGENESIS",0.783588460749395,0.770491803278688,0.85905749528837,"up_in_high_altitude",22,0.262723908299867,0.053347785067549,"POLR2A;POLR2E;POLR2J;POLR2L;POLR2G"
"Reactome","A_standard_TMM","REACTOME_CHEMOKINE_RECEPTORS_BIND_CHEMOKINES",0.805494624487868,0.77257525083612,0.85987971864361,"up_in_high_altitude",37,0.233343674204515,0.0492917662312669,"PF4;CCRL2;CXCL5;CXCL16;CCL20;CCL3;CCR10;CX3CR1;CXCR2;PPBP;CXCR1"
"Reactome","A_standard_TMM","REACTOME_CONSTITUTIVE_SIGNALING_BY_ABERRANT_PI3K_IN_CANCER",0.824772312076652,0.777777777777778,0.86489446435683,"up_in_high_altitude",54,0.220300110554606,0.0486034247259069,"PIK3R2;EGF;VAV1;SRC;PDGFRB;PIK3CD;IRS1;PIK3R5;GAB2;GRB2;HGF;FLT3;PIK3AP1;RHOG;RAC2;CD86;PIK3R6;ERBB2;IRS2;HBEGF;RAC1"
"Reactome","A_standard_TMM","REACTOME_TELOMERE_C_STRAND_LAGGING_STRAND_SYNTHESIS",-0.814201243568685,0.789346246973366,0.876200373647906,"down_in_high_altitude",34,-0.226229621976327,0.0656813601934011,"TERF1;BLM;POT1;WRN;POLA2;POLD2;STN1;PRIM1;RFC1;DNA2;RFC5"
"Reactome","A_standard_TMM","REACTOME_VEGFR2_MEDIATED_CELL_PROLIFERATION",-0.773374258822003,0.789356984478936,0.876200373647906,"down_in_high_altitude",18,-0.258374522910964,0.0614364107201271,"RASA1;PRKCA;PDPK1;NRAS"
"Reactome","A_standard_TMM","REACTOME_RETROGRADE_TRANSPORT_AT_THE_TRANS_GOLGI_NETWORK",0.816839098345544,0.797004991680532,0.882322207560696,"up_in_high_altitude",48,0.223217527960061,0.0476387259290825,"NAPA;RAB6B;IGF2R;COG1;VAMP3;RAB6A;PLIN3"
"Reactome","A_standard_TMM","REACTOME_REGULATION_OF_HOMOTYPIC_CELL_CELL_ADHESION",-0.804228270478354,0.796909492273731,0.882322207560696,"down_in_high_altitude",22,-0.250843598028529,0.0607719451853533,"TNRC6C;AGO3;TNRC6A"
"Reactome","A_standard_TMM","REACTOME_GLUTAMATE_NEUROTRANSMITTER_RELEASE_CYCLE",-0.782801855140014,0.796909492273731,0.882322207560696,"down_in_high_altitude",15,-0.276583489548526,0.0607719451853533,"SLC38A2;GLS;VAMP2;ARL6IP5"
"Reactome","A_standard_TMM","REACTOME_HEPARAN_SULFATE_HEPARIN_HS_GAG_METABOLISM",0.799474458898763,0.798634812286689,0.882551916338185,"up_in_high_altitude",40,0.228710246567004,0.048701086452153,"B4GALT7;GUSB;IDS;VCAN;GLB1;HPSE;SDC3;EXT1"
"Reactome","A_standard_TMM","REACTOME_APOPTOSIS_INDUCED_DNA_FRAGMENTATION",0.745823633877694,0.798148148148148,0.882551916338185,"up_in_high_altitude",10,0.303753344744383,0.0524827622635459,"H1-0;H1-2;KPNA1"
"Reactome","A_standard_TMM","REACTOME_MITOTIC_SPINDLE_CHECKPOINT",-0.858279198227575,0.802898550724638,0.88489973485726,"down_in_high_altitude",107,-0.188066776638944,0.0738052724171275,"NUP43;CLASP2;CENPC;MIS12;KNTC1;CENPQ;ANAPC4;DYNC1LI2;PPP1CC;TAOK1;NUP107;NUP133;NSL1;RANBP2;CENPK;PPP2R5E;SKA2;ZWILCH;ANAPC16;PPP2CB;NUP160;CENPH;XPO1;RPS27;PPP2R1B;SGO2;CENPL;SEH1L;NUP37;CENPE;BUB3;SPDL1;MAPRE1;PPP2R5C;ANAPC7;ERCC6L;ANAPC15;NUF2;CENPU;NDC80;ITGB3BP;CENPP;PLK1;ANAPC10;DYNC1I2;KIF2A"
"Reactome","A_standard_TMM","REACTOME_RUNX2_REGULATES_BONE_DEVELOPMENT",0.767721057484492,0.802536231884058,0.88489973485726,"up_in_high_altitude",21,0.260551349336978,0.051218434854034,"HDAC6;MAPK1;SRC;MAPK3;HDAC3;SMAD1"
"Reactome","A_standard_TMM","REACTOME_DEPOLYMERIZATION_OF_THE_NUCLEAR_LAMINA",0.7320087365148,0.802631578947368,0.88489973485726,"up_in_high_altitude",13,0.280599102923907,0.0529129848430583,"CTDNEP1;LMNA;LPIN2;EMD"
"Reactome","A_standard_TMM","REACTOME_MAPK_TARGETS_NUCLEAR_EVENTS_MEDIATED_BY_MAP_KINASES",-0.795571311016955,0.805104408352668,0.886543541052051,"down_in_high_altitude",30,-0.228113891409195,0.0626618230932491,"ATF2;RPS6KA5;ATF1;RPS6KA3;MEF2C;PPP2CB;MAPK8;MEF2A;PPP2R1B;MAPK9"
"Reactome","A_standard_TMM","REACTOME_MITOTIC_PROMETAPHASE",0.85217904946634,0.808391608391608,0.889374101076229,"up_in_high_altitude",192,0.18920437400357,0.0390355298112393,"PPP2R5B;TUBB2B;TUBB1;TUBB2A;TUBB4B;PCNT;NUP98;ACTR1A;CETN2;TUBA1B;TUBA4A;TUBA1A;TUBA8;DYNLL2;DYNLL1;DYNC1H1;PRKAR2B;B9D2;MZT2A;SSNA1;DCTN1;TUBGCP2;TUBG1;NDE1;MZT2B;SEC13;CEP131;DCTN2;TUBA1C;NDEL1;CDC20;CDK5RAP2;SPC24;CSNK1D;DCTN3"
"Reactome","A_standard_TMM","REACTOME_TRANSCRIPTIONAL_REGULATION_BY_THE_AP_2_TFAP2_FAMILY_OF_TRANSCRIPTION_FACTORS",-0.778417891360951,0.811494252873563,0.891996782830905,"down_in_high_altitude",27,-0.228632057998075,0.0618406035753285,"ESR1;DEK;ATAD2;YEATS4"
"Reactome","A_standard_TMM","REACTOME_TRANSCRIPTIONAL_ACTIVATION_OF_MITOCHONDRIAL_BIOGENESIS",0.813591793421778,0.813758389261745,0.892903767527697,"up_in_high_altitude",53,0.218844143458711,0.0470699590082662,"RXRA;CARM1;ATP5F1B;CRTC2;ESRRA;CREBBP;SOD2;NCOA6;HELZ2;HDAC3;CYCS;TBL1X;ALAS1;ACSS2;SMARCD3;HCFC1;PPRC1;NCOA1"
"Reactome","A_standard_TMM","REACTOME_INTERCONVERSION_OF_NUCLEOTIDE_DI_AND_TRIPHOSPHATES",0.776242976007674,0.81326352530541,0.892903767527697,"up_in_high_altitude",28,0.244629696387562,0.0488970772260102,"GUK1;AK1;NME4"
"Reactome","A_standard_TMM","REACTOME_CD28_DEPENDENT_VAV1_PATHWAY",0.722448012557654,0.816326530612245,0.894930410326675,"up_in_high_altitude",12,0.282527184654899,0.051530912208539,"VAV1;PAK1;GRB2;CDC42;CD86;RAC1"
"Reactome","A_standard_TMM","REACTOME_RHOV_GTPASE_CYCLE",0.778458587180021,0.817717206132879,0.895663771236454,"up_in_high_altitude",35,0.230481961948835,0.0475434194201301,"USP9X;PAK1;IQGAP1;NCK2;SPTAN1;MAP3K11;GIT2;TXNL1;CDC42;PAK4;TPM4;PAK6"
"Reactome","A_standard_TMM","REACTOME_RNA_POLYMERASE_I_TRANSCRIPTION_INITIATION",-0.803532755478319,0.820823244552058,0.898273056868699,"down_in_high_altitude",47,-0.205731774126446,0.0637845390312975,"TAF1D;CCNH;RRN3;TAF1A;POLR1E;POLR1F;POLR2K;RBBP4;MNAT1;GTF2H3;TAF1B;MTA3;TBP;GATAD2B"
"Reactome","A_standard_TMM","REACTOME_NGF_STIMULATED_TRANSCRIPTION",0.760056871427576,0.827160493827161,0.904410724968728,"up_in_high_altitude",29,0.238594739622635,0.0486034247259069,"LYL1;TRIB1;CHD4;DNM2;JUND"
"Reactome","A_standard_TMM","REACTOME_PKA_MEDIATED_PHOSPHORYLATION_OF_CREB",-0.75751948519525,0.830065359477124,0.906489271505902,"down_in_high_altitude",16,-0.261940743881495,0.0582216241124161,"PRKACB;PRKX;PRKAR2A;NBEA;PRKAR1A"
"Reactome","A_standard_TMM","REACTOME_SIGNALING_BY_KIT_IN_DISEASE",0.743474203256875,0.831215970961887,0.906489271505902,"up_in_high_altitude",20,0.255393772197245,0.0496901392724606,"PIK3R2;SRC;LYN;STAT3;GRB2;STAT5A"
"Reactome","A_standard_TMM","REACTOME_ACTIVATION_OF_RAC1",0.713963381709255,0.83271375464684,0.906489271505902,"up_in_high_altitude",11,0.284249212369111,0.0507027937029348,"PAK1;NCK2;PAK4;PAK6;RAC1"
"Reactome","A_standard_TMM","REACTOME_INHIBITION_OF_REPLICATION_INITIATION_OF_DAMAGED_DNA_BY_RB1_E2F1",0.701723087256003,0.832706766917293,0.906489271505902,"up_in_high_altitude",13,0.268989779715625,0.051218434854034,"TFDP1;E2F1"
"Reactome","A_standard_TMM","REACTOME_REGULATION_OF_GLYCOLYSIS_BY_FRUCTOSE_2_6_BISPHOSPHATE_METABOLISM",-0.696385184527048,0.831896551724138,0.906489271505902,"down_in_high_altitude",11,-0.269462169744639,0.057609110864425,"PRKACB;PPP2CB;PPP2R1B;PFKFB1"
"Reactome","A_standard_TMM","REACTOME_NICOTINATE_METABOLISM",-0.76661987673493,0.834080717488789,0.906774451699702,"down_in_high_altitude",24,-0.233994495310837,0.0593487680335629,"NMRK1;NT5E;RNLS;CD38;PARP16;NAXD;NAXE;NADK2"
"Reactome","A_standard_TMM","REACTOME_TRIGLYCERIDE_METABOLISM",-0.763595213466061,0.834437086092715,0.906774451699702,"down_in_high_altitude",23,-0.234678356432026,0.0585937568945671,"PRKACB;LPIN1;PPP1CC;GPAM"
"Reactome","A_standard_TMM","REACTOME_SARS_COV_1_TARGETS_HOST_INTRACELLULAR_SIGNALLING_AND_REGULATORY_PATHWAYS",0.74662406369476,0.83609576427256,0.90739030706136,"up_in_high_altitude",16,0.272298078856674,0.0500922874402106,"YWHAH;SERPINE1;SFN"
"Reactome","A_standard_TMM","REACTOME_ACTIVATION_OF_SMO",0.695663791875836,0.836466165413534,0.90739030706136,"up_in_high_altitude",13,0.266667084967307,0.051011413203915,"ARRB2;IQCE;ARRB1"
"Reactome","A_standard_TMM","REACTOME_IRAK4_DEFICIENCY_TLR2_4",0.706379867369972,0.837988826815642,0.908248152033373,"up_in_high_altitude",14,0.266474287927536,0.0504983044100709,"MYD88;BTK;CD14"
"Reactome","A_standard_TMM","REACTOME_PTK6_REGULATES_RHO_GTPASES_RAS_GTPASE_AND_MAP_KINASES",0.703115489227661,0.839851024208566,0.909472182410847,"up_in_high_altitude",14,0.265242836011675,0.0503964322442957,"ELMO1;RHOA;PXN;ELMO2;PTK6;DOCK1;RAC1;HRAS"
"Reactome","A_standard_TMM","REACTOME_INTERLEUKIN_6_FAMILY_SIGNALING",-0.735421421168875,0.841870824053452,0.910071160845239,"down_in_high_altitude",17,-0.250348022786717,0.0585937568945671,"IL6ST"
"Reactome","A_standard_TMM","REACTOME_REGULATION_OF_IFNG_SIGNALING",0.700362002119693,0.84171322160149,0.910071160845239,"up_in_high_altitude",14,0.264204112301803,0.0502948063662358,"PTPN6;JAK1;IFNGR2"
"Reactome","A_standard_TMM","REACTOME_METAL_ION_SLC_TRANSPORTERS",-0.732171109660487,0.849223946784922,0.917220990391722,"down_in_high_altitude",18,-0.244609073795485,0.0579754757571486,"SLC39A10;SLC30A5;SLC39A8;SLC39A6;SLC41A1;SLC30A1"
"Reactome","A_standard_TMM","REACTOME_MITOCHONDRIAL_RNA_DEGRADATION",0.695198322875939,0.85,0.917260869565217,"up_in_high_altitude",10,0.283135055316416,0.0495901956956338,"REXO2;FASTKD5;FASTK;TBRG4"
"Reactome","A_standard_TMM","REACTOME_POLYMERASE_SWITCHING",-0.693533034991084,0.853763440860215,0.920521659520006,"down_in_high_altitude",14,-0.25081565250843,0.0562940749700968,"POLA2;POLD2;PRIM1;RFC1;RFC5;PRIM2"
"Reactome","A_standard_TMM","REACTOME_GOLGI_CISTERNAE_PERICENTRIOLAR_STACK_REORGANIZATION",0.684435717346255,0.855263157894737,0.921338176169591,"up_in_high_altitude",13,0.262363054860285,0.0499913914024592,"MAPK1;RAB1B;MAPK3;CCNB1;GOLGA2"
"Reactome","A_standard_TMM","REACTOME_CHOLESTEROL_BIOSYNTHESIS",0.724792431965161,0.857142857142857,0.921762812577371,"up_in_high_altitude",27,0.229889572198288,0.0469758727821845,"TM7SF2;FDFT1;DHCR7;LSS;DHCR24;MVD"
"Reactome","A_standard_TMM","REACTOME_TRAF3_DEPENDENT_IRF_ACTIVATION_PATHWAY",0.686804027753308,0.856610800744879,0.921762812577371,"up_in_high_altitude",14,0.259089510751119,0.0494904866135495,"IRF3;RNF135;CREBBP"
"Reactome","A_standard_TMM","REACTOME_SHC1_EVENTS_IN_ERBB2_SIGNALING",-0.717040717387217,0.861915367483296,0.92609261562491,"down_in_high_altitude",17,-0.244090967013372,0.0574877409561325,"NRG4;SOS1;PRKCA;EREG;NRAS"
"Reactome","A_standard_TMM","REACTOME_METABOLISM_OF_WATER_SOLUBLE_VITAMINS_AND_COFACTORS",-0.839870390554468,0.864161849710983,0.927703162189731,"down_in_high_altitude",108,-0.18386978368317,0.0699458736501659,"SLC23A2;AASDHPPT;SLC19A2;PRSS1;NMRK1;LDLRAP1;PANK3;MTRR;SLC25A16;NT5E;MOCS2;RNLS;TPK1;CUBN;MTR;CD38;MCCC2;LMBRD1;PPCS;SLC25A32"
"Reactome","A_standard_TMM","REACTOME_TRAF6_MEDIATED_IRF7_ACTIVATION",-0.717235059301833,0.867102396514161,0.92889076101339,"down_in_high_altitude",16,-0.248010894297968,0.0561766586307176,"SIKE1;TBK1;TRAF6;MAVS"
"Reactome","A_standard_TMM","REACTOME_NPAS4_REGULATES_EXPRESSION_OF_TARGET_GENES",0.70778634438301,0.867513611615245,0.92889076101339,"up_in_high_altitude",18,0.247986656891771,0.0477342401407188,"MAPK1;CREBBP;MAPK3"
"Reactome","A_standard_TMM","REACTOME_TRANSPORT_OF_NUCLEOSIDES_AND_FREE_PURINE_AND_PYRIMIDINE_BASES_ACROSS_THE_PLASMA_MEMBRANE",-0.671442955237543,0.866090712742981,0.92889076101339,"down_in_high_altitude",10,-0.269051148464529,0.055826471778749,"SLC29A2;ARL2BP;ARL2;SLC29A4"
"Reactome","A_standard_TMM","REACTOME_SIGNALING_BY_NTRK3_TRKC",-0.718145837782883,0.869757174392936,0.930490218466925,"down_in_high_altitude",15,-0.253738900226817,0.0566484183613995,"SOS1;PIK3R1;PIK3CA;NRAS;PTPRS;KRAS;PLCG1"
"Reactome","A_standard_TMM","REACTOME_SIGNALING_BY_PDGFRA_TRANSMEMBRANE_JUXTAMEMBRANE_AND_KINASE_DOMAIN_MUTANTS",0.671596492468424,0.87360594795539,0.933802740234832,"up_in_high_altitude",11,0.26738174380454,0.048505983646947,"PIK3R2;STAT3;GRB2"
"Reactome","A_standard_TMM","REACTOME_RNA_POLYMERASE_II_PRE_TRANSCRIPTION_EVENTS",0.777687459435886,0.87620578778135,0.935775716554781,"up_in_high_altitude",78,0.19561439849663,0.0417397034728504,"ERCC2;POLR2A;SUPT5H;ELOB;CTDP1;ELL;NELFE;SUPT6H;POLR2E;POLR2J;GTF2A2;CCNK;POLR2L;SUPT4H1;TAF6;POLR2G"
"Reactome","A_standard_TMM","REACTOME_METABOLISM_OF_VITAMINS_AND_COFACTORS",0.814854337976571,0.880112834978843,0.938527209786536,"up_in_high_altitude",156,0.184122505655358,0.0354665010333725,"APOM;COQ5;SLC2A1;CYB5R3;LRP10;LRP1;NMNAT3;NADK;COASY;FASN;LPL;GSTO1;AKT1;PARP4;THTPA;ACP5;MOCS1;TCN2;MTHFS;PCCB;SLC52A2;PC;PLB1;SLC19A1;SDC3;NAPRT;CYB5A;MMADHC;COQ6;NUDT8;PDXK"
"Reactome","A_standard_TMM","REACTOME_TIE2_SIGNALING",0.699023031883793,0.880294659300184,0.938527209786536,"up_in_high_altitude",16,0.254937709503482,0.0477342401407188,"PIK3R2;DOK2;SHC1;GRB2"
"Reactome","A_standard_TMM","REACTOME_RESOLUTION_OF_AP_SITES_VIA_THE_MULTIPLE_NUCLEOTIDE_PATCH_REPLACEMENT_PATHWAY",0.719810972813648,0.884135472370767,0.940923386137992,"up_in_high_altitude",25,0.233495029337919,0.0460457683018055,"POLD4;ADPRS;RPA1;RFC2;POLE;PARP2;POLD1;PARP1"
"Reactome","A_standard_TMM","REACTOME_RNA_POLYMERASE_III_TRANSCRIPTION_INITIATION_FROM_TYPE_3_PROMOTER",0.712173148908511,0.884816753926702,0.940923386137992,"up_in_high_altitude",28,0.22443836089686,0.0450442767152794,"POLR3H;POLR1D;POLR3C;POLR2E;POLR2L;SNAPC4"
"Reactome","A_standard_TMM","REACTOME_N_GLYCAN_ANTENNAE_ELONGATION_IN_THE_MEDIAL_TRANS_GOLGI",0.705129584360763,0.883847549909256,0.940923386137992,"up_in_high_altitude",20,0.242221860084566,0.0468819856878333,"MAN2A2;B4GALT3;MGAT4B;B4GALT5"
"Reactome","A_standard_TMM","REACTOME_EGR2_AND_SOX10_MEDIATED_INITIATION_OF_SCHWANN_CELL_MYELINATION",-0.7114404998201,0.88962472406181,0.942378724072813,"down_in_high_altitude",22,-0.221902538506811,0.0555947097758869,"NAB1;MPZ;HMGCR;SCD5;CYP51A1;HDAC2;ADGRG6;NAB2;LAMA2;PMP22;SOX10;WWTR1"
"Reactome","A_standard_TMM","REACTOME_PROCESSIVE_SYNTHESIS_ON_THE_C_STRAND_OF_THE_TELOMERE",-0.703558353067761,0.887417218543046,0.942378724072813,"down_in_high_altitude",19,-0.23144308490544,0.0557104226766671,"TERF1;BLM;POT1;WRN;POLD2;DNA2"
"Reactome","A_standard_TMM","REACTOME_SENSORY_PERCEPTION_OF_TASTE",0.698979729017709,0.891500904159132,0.942378724072813,"up_in_high_altitude",17,0.248706768952752,0.0463227785794633,"GNB1;SCN1B;PLCB2"
"Reactome","A_standard_TMM","REACTOME_G1_S_SPECIFIC_TRANSCRIPTION",0.696280641825085,0.888888888888889,0.942378724072813,"up_in_high_altitude",27,0.220846206196055,0.0453152441270267,"E2F4;TFDP1;E2F1"
"Reactome","A_standard_TMM","REACTOME_ENDOGENOUS_STEROLS",0.683163435269359,0.89134438305709,0.942378724072813,"up_in_high_altitude",16,0.249153623643483,0.0471642455670861,"RXRA"
"Reactome","A_standard_TMM","REACTOME_NF_KB_ACTIVATION_THROUGH_FADD_RIP_1_PATHWAY_MEDIATED_BY_CASPASE_8_AND_10",0.638458184484089,0.889097744360902,0.942378724072813,"up_in_high_altitude",13,0.244738600626032,0.0482149710025564,"IKBKG;RNF135;CASP10;FADD;RIPK1;RIGI;IFIH1;IKBKB"
"Reactome","A_standard_TMM","REACTOME_REGULATION_BY_C_FLIP",-0.633210545185219,0.890086206896552,0.942378724072813,"down_in_high_altitude",11,-0.24501711294544,0.0544555953940371,"TNFRSF10A;TNFRSF10B;CASP8;FAS;FASLG;TRAF2;RIPK1;TNFSF10;TRADD;FADD;CFLAR"
"Reactome","A_standard_TMM","REACTOME_CONDENSATION_OF_PROMETAPHASE_CHROMOSOMES",0.63710610200457,0.892592592592593,0.942729708431836,"up_in_high_altitude",10,0.259475699951712,0.0473534245254193,"NCAPD2;CCNB1;CSNK2A1;NCAPH"
"Reactome","A_standard_TMM","REACTOME_PHASE_II_CONJUGATION_OF_COMPOUNDS",0.770727889909203,0.895253682487725,0.943948888301687,"up_in_high_altitude",63,0.201805609671011,0.0415717899246479,"COMT;TPST2;CNDP2;GCLC;PAPSS2;GSTO1;SULT1A1;TPST1;GSS;OPLAH;GGT5;SULT1A2;AKR1A1"
"Reactome","A_standard_TMM","REACTOME_VIRAL_MESSENGER_RNA_SYNTHESIS",0.72737797370199,0.897133220910624,0.943948888301687,"up_in_high_altitude",44,0.203066457603887,0.042845050912155,"POLR2A;NUP98;POLR2E;POLR2J;POLR2L;SEC13;NUP188;POLR2G;AAAS"
"Reactome","A_standard_TMM","REACTOME_ADHERENS_JUNCTIONS_INTERACTIONS",0.720575057901629,0.896081771720613,0.943948888301687,"up_in_high_altitude",35,0.213344108230843,0.0433636987883266,"CTNNA1;AGO2;ACTB;CDH1;MOV10;ACTG1;ANG;AGO1;JUP;NECTIN1"
"Reactome","A_standard_TMM","REACTOME_WNT_LIGAND_BIOGENESIS_AND_TRAFFICKING",-0.689646361544151,0.895424836601307,0.943948888301687,"down_in_high_altitude",16,-0.238471068386419,0.0546808488785442,"TMED5;WNT7A;VPS29;WNT10A;VPS35;WNT16;WNT1;VPS26A;WNT10B;WNT8B"
"Reactome","A_standard_TMM","REACTOME_FORMATION_OF_THE_NON_CANONICAL_BAF_NCBAF_COMPLEX",-0.681943679737729,0.897550111358575,0.943948888301687,"down_in_high_altitude",17,-0.232143430909168,0.0555947097758869,"BCL7A;BCL7C;BCL7B;SS18"
"Reactome","A_standard_TMM","REACTOME_G0_AND_EARLY_G1",0.699000744022418,0.898395721925134,0.944038180278654,"up_in_high_altitude",25,0.226744527934553,0.0453152441270267,"E2F4;TFDP1;E2F1"
"Reactome","A_standard_TMM","REACTOME_ACTIVATION_OF_ATR_IN_RESPONSE_TO_REPLICATION_STRESS",-0.727966000722868,0.900990099009901,0.945420181978712,"down_in_high_altitude",37,-0.200150561661693,0.0603786357920401,"CDC7;ORC2;DBF4;RAD17;RAD1;ATR;HUS1;ORC5;CDK2;RAD9B;RFC5;MCM8"
"Reactome","A_standard_TMM","REACTOME_INTERLEUKIN_37_SIGNALING",0.68100447773452,0.901996370235935,0.945420181978712,"up_in_high_altitude",18,0.238603111096931,0.0459538081039063,"PTPN6;PTPN23;PTPN18;STAT3;PTPN9;CASP1;PTPN12;SIGIRR"
"Reactome","A_standard_TMM","REACTOME_SIGNALING_BY_PDGFR_IN_DISEASE",0.679082908157552,0.901996370235935,0.945420181978712,"up_in_high_altitude",18,0.237929851971266,0.0459538081039063,"PIK3R2;BIN2;STAT3;GRB2"
"Reactome","A_standard_TMM","REACTOME_RIPK1_MEDIATED_REGULATED_NECROSIS",0.712309036802591,0.902946273830156,0.945617152593438,"up_in_high_altitude",32,0.216719485585868,0.0438002031299891,"UBB;UBA52;UBC;FLOT2;RIPK3"
"Reactome","A_standard_TMM","REACTOME_MYOGENESIS",0.68157281890986,0.90562613430127,0.947623973581683,"up_in_high_altitude",20,0.234129782157831,0.04577044581081,"CTNNA1;TCF3"
"Reactome","A_standard_TMM","REACTOME_TP53_REGULATES_TRANSCRIPTION_OF_SEVERAL_ADDITIONAL_CELL_DEATH_GENES_WHOSE_SPECIFIC_ROLES_IN_P53_DEPENDENT_APOPTOSIS_REMAIN_UNCERTAIN",-0.660893268596261,0.908510638297872,0.949841366577641,"down_in_high_altitude",13,-0.24323623178606,0.0529129848430583,"RABGGTB;CHM"
"Reactome","A_standard_TMM","REACTOME_GASTRULATION",0.764636529457311,0.909822866344606,0.950412607014861,"up_in_high_altitude",72,0.194287214994415,0.0400845633477088,"PSMD2;MAML3;KAT2B;POU5F1;PSMB6;CREBBP;PSMD3;PSMC3;PSMD14;PSMD13;PSMD8;TCF7L2;PSMB3;ADRM1;PSMC4;CDH1;NOTCH1"
"Reactome","A_standard_TMM","REACTOME_MITOCHONDRIAL_BIOGENESIS",0.761659446220634,0.914241960183767,0.953577933905803,"up_in_high_altitude",92,0.186470460589756,0.037536290520292,"RXRA;CARM1;ATP5F1E;TMEM11;ATP5F1B;CRTC2;ESRRA;CREBBP;SOD2;MTX1;NCOA6;CHCHD3;HELZ2;HDAC3;PRKAG3;CYCS;TBL1X;ALAS1;ACSS2;SMARCD3;HCFC1;PRKAB1;MAPK14;PPRC1"
"Reactome","A_standard_TMM","REACTOME_SYNTHESIS_OF_BILE_ACIDS_AND_BILE_SALTS",0.675007502035925,0.914389799635701,0.953577933905803,"up_in_high_altitude",22,0.226318556167873,0.0454967810085007,"RXRA;OSBPL2;OSBPL6;CYP27A1;AKR1C1;NCOA1;HSD17B4"
"Reactome","A_standard_TMM","REACTOME_STRAND_ASYNCHRONOUS_MITOCHONDRIAL_DNA_REPLICATION",-0.624474973184014,0.915766738660907,0.954025910032185,"down_in_high_altitude",10,-0.250230801309211,0.0532386494755899,"EXOG;POLG2;SSBP1;RNASEH1"
"Reactome","A_standard_TMM","REACTOME_FORMATION_OF_APOPTOSOME",0.622527413328796,0.91635687732342,0.954025910032185,"up_in_high_altitude",11,0.247845942033131,0.0463227785794633,"MAPK1;MAPK3;UACA;CYCS"
"Reactome","A_standard_TMM","REACTOME_EXPRESSION_OF_BMAL_ARNTL_CLOCK_AND_NPAS2",0.692096918885737,0.925297113752122,0.956105670782394,"up_in_high_altitude",34,0.206092020434427,0.0417397034728504,"RXRA;CARM1;CRTC2;CREBBP;NCOA6;HELZ2;HDAC3;TBL1X;RAI1;SMARCD3"
"Reactome","A_standard_TMM","REACTOME_NCAM1_INTERACTIONS",-0.678638718094122,0.920529801324503,0.956105670782394,"down_in_high_altitude",22,-0.21167146699151,0.0540088272801684,"CACNB2;PRNP;CACNA1I"
"Reactome","A_standard_TMM","REACTOME_METABOLISM_OF_STEROID_HORMONES",-0.665130020612984,0.926829268292683,0.956105670782394,"down_in_high_altitude",20,-0.214424273149149,0.0538979025357319,"STARD4"
"Reactome","A_standard_TMM","REACTOME_LAMININ_INTERACTIONS",0.661990017910292,0.921675774134791,0.956105670782394,"up_in_high_altitude",22,0.221954014731866,0.0451344222209097,"LAMB2;LAMB3;COL18A1;COL7A1;NID1"
"Reactome","A_standard_TMM","REACTOME_ANTIGEN_PROCESSING_UB_ATP_INDEPENDENT_PROTEASOMAL_DEGRADATION",0.65849167231938,0.921675774134791,0.956105670782394,"up_in_high_altitude",19,0.228428051530647,0.0451344222209097,"PSMB6;PSME1;PSMB3;PSME2;PSMB7;PSMB8;PSMB9;PSMA7;PSMB10"
"Reactome","A_standard_TMM","REACTOME_POLO_LIKE_KINASE_MEDIATED_EVENTS",0.654784057631648,0.926335174953959,0.956105670782394,"up_in_high_altitude",16,0.238803501827618,0.0454059226590179,"PKMYT1;CDC25A;CCNB1;CDC25C;MYBL2;CENPF;EP300;LIN37"
"Reactome","A_standard_TMM","REACTOME_TRIGLYCERIDE_CATABOLISM",0.622968642980996,0.925318761384335,0.956105670782394,"up_in_high_altitude",15,0.230164948489366,0.0449543067640062,"MGLL;FABP6;PLIN3;PRKACA"
"Reactome","A_standard_TMM","REACTOME_SHC1_EVENTS_IN_EGFR_SIGNALING",0.608357248781344,0.921933085501859,0.956105670782394,"up_in_high_altitude",11,0.242204394840457,0.0460457683018055,"EGF;SHC1;GRB2;HBEGF;HRAS"
"Reactome","A_standard_TMM","REACTOME_PHASE_2_PLATEAU_PHASE",-0.605504543476653,0.922413793103448,0.956105670782394,"down_in_high_altitude",11,-0.234296437805849,0.052805004567129,"CACNB2"
"Reactome","A_standard_TMM","REACTOME_ACYL_CHAIN_REMODELLING_OF_PS",0.596435589266874,0.925788497217069,0.956105670782394,"up_in_high_altitude",12,0.233247603889155,0.04577044581081,"OSBPL5;LPCAT3"
"Reactome","A_standard_TMM","REACTOME_AFLATOXIN_ACTIVATION_AND_DETOXIFICATION",0.596197162239139,0.925788497217069,0.956105670782394,"up_in_high_altitude",12,0.233154362416107,0.04577044581081,"GGT5;MGST2;MGST3;GGT1;AKR7A2;DPEP2;MGST1;ACY1;GGT7;ACY3;AKR7A3;CYP3A5"
"Reactome","A_standard_TMM","REACTOME_RESOLUTION_OF_ABASIC_SITES_AP_SITES",0.686755519427281,0.934343434343434,0.959073781654427,"up_in_high_altitude",38,0.198596658133263,0.0409055783172035,"POLD4;ADPRS;RPA1;RFC2;SMUG1;NEIL1;POLE;NEIL2;PARP2"
"Reactome","A_standard_TMM","REACTOME_APOPTOTIC_FACTOR_MEDIATED_RESPONSE",-0.658637894720622,0.931263858093126,0.959073781654427,"down_in_high_altitude",20,-0.21233134495087,0.0536769600638126,"CASP3;APIP;CDKN2A;CARD8"
"Reactome","A_standard_TMM","REACTOME_FGFR2_ALTERNATIVE_SPLICING",0.655584654496949,0.934046345811052,0.959073781654427,"up_in_high_altitude",26,0.210059232167815,0.0435378240914002,"POLR2A;POLR2E;POLR2J;POLR2L;POLR2G;POLR2I;PTBP1;POLR2C"
"Reactome","A_standard_TMM","REACTOME_RHOBTB2_GTPASE_CYCLE",0.650859340261981,0.932604735883424,0.959073781654427,"up_in_high_altitude",23,0.215338434432922,0.0445961615888961,"ACTN1;RHOBTB2;HSP90AB1;DBN1;TXNL1;CCT7;ACTG1"
"Reactome","A_standard_TMM","REACTOME_CYTOCHROME_C_MEDIATED_APOPTOTIC_RESPONSE",-0.641818054878754,0.934042553191489,0.959073781654427,"down_in_high_altitude",13,-0.236215759153595,0.05163559644842,"CASP3;APIP;CARD8"
"Reactome","A_standard_TMM","REACTOME_MECP2_REGULATES_NEURONAL_RECEPTORS_AND_CHANNELS",0.592593207026985,0.931354359925789,0.959073781654427,"up_in_high_altitude",12,0.231744966442953,0.0454967810085007,"GPRIN1;NOTCH1;HDAC1;SLC2A3;FKBP5;SIN3A;MECP2;PTPN1;CREB1;HDAC2;PTPN4;OPRM1"
"Reactome","A_standard_TMM","REACTOME_FORMATION_OF_THE_CANONICAL_BAF_CBAF_COMPLEX",-0.630060288090038,0.939866369710468,0.963945590752637,"down_in_high_altitude",17,-0.214481578615249,0.053457214108991,"BCL7A;BCL7C;BCL7B;SS18;SMARCE1;SS18L1"
"Reactome","A_standard_TMM","REACTOME_COMPLEX_I_BIOGENESIS",-0.727033980654515,0.943850267379679,0.964174723756906,"down_in_high_altitude",68,-0.173327620831384,0.0618406035753285,"NDUFB5;TMEM126B;DMAC1;NDUFAF6;NDUFAF7;NDUFA10;NDUFAF2;NDUFA5;NDUFS5;NDUFAF4;HSCB;NUBPL;NDUFV2;NDUFB3"
"Reactome","A_standard_TMM","REACTOME_SURFACTANT_METABOLISM",0.636472541602293,0.942133815551537,0.964174723756906,"up_in_high_altitude",17,0.226465836958545,0.0438002031299891,"ADRA2A;ZDHHC2;PGA5;CSF2RA;PGA4;ABCA3;ADORA2B;PGA3;NAPSA;CTSH;CSF2RB;CKAP4"
"Reactome","A_standard_TMM","REACTOME_METABOLISM_OF_FOLATE_AND_PTERINES",0.629887213280013,0.94475138121547,0.964174723756906,"up_in_high_altitude",16,0.22972347987789,0.0445070537769277,"MTHFS;SLC19A1;MTHFD2L;MTHFR;SHMT1;ALDH1L2"
"Reactome","A_standard_TMM","REACTOME_INITIATION_OF_NUCLEAR_ENVELOPE_NE_REFORMATION",0.617456020391368,0.943738656987296,0.964174723756906,"up_in_high_altitude",18,0.21633767801501,0.0438879842863647,"LMNA;SIRT2;EMD;CCNB1;LMNB1;PPP2R1A;PPP2CA"
"Reactome","A_standard_TMM","REACTOME_REGULATION_OF_TP53_ACTIVITY_THROUGH_ASSOCIATION_WITH_CO_FACTORS",0.584227718157013,0.943609022556391,0.964174723756906,"up_in_high_altitude",13,0.223950569768678,0.0454967810085007,"AKT2;AKT1"
"Reactome","A_standard_TMM","REACTOME_ENDOSOMAL_VACUOLAR_PATHWAY",0.580836066237171,0.944444444444444,0.964174723756906,"up_in_high_altitude",10,0.23655847019812,0.044774889329693,"CTSL"
"Reactome","A_standard_TMM","REACTOME_POLYMERASE_SWITCHING_ON_THE_C_STRAND_OF_THE_TELOMERE",-0.637201566227967,0.947845804988662,0.966537916179893,"down_in_high_altitude",26,-0.189159361510448,0.0538979025357319,"TERF1;POT1;POLA2;POLD2;STN1;PRIM1;RFC1;RFC5"
"Reactome","A_standard_TMM","REACTOME_MISMATCH_REPAIR",0.565137429803514,0.961748633879781,0.979909732877511,"up_in_high_altitude",15,0.208798354276246,0.0431901998334182,"POLD4;RPA1"
"Reactome","A_standard_TMM","REACTOME_TRNA_AMINOACYLATION",-0.675842944590127,0.966101694915254,0.981122916030958,"down_in_high_altitude",42,-0.178674636689468,0.0560595875032335,"DARS1;AIMP1;NARS1;WARS2;NARS2;EEF1E1"
"Reactome","A_standard_TMM","REACTOME_INTERLEUKIN_20_FAMILY_SIGNALING",0.587906113006272,0.963833634719711,0.981122916030958,"up_in_high_altitude",17,0.209185222036185,0.0427591434738678,"JAK1;STAT3;TYK2;STAT5A;IFNL1;STAT5B"
"Reactome","A_standard_TMM","REACTOME_REGULATED_PROTEOLYSIS_OF_P75NTR",0.557961927615731,0.964684014869889,0.981122916030958,"up_in_high_altitude",11,0.222140578242301,0.0439759278026345,"RELA;NGFR;NCSTN;PSEN1;NFKB1;PSEN2"
"Reactome","A_standard_TMM","REACTOME_RIBAVIRIN_ADME",-0.547363478495479,0.965442764578834,0.981122916030958,"down_in_high_altitude",10,-0.219331771028334,0.0508054139066364,"NME2;NME1"
"Reactome","A_standard_TMM","REACTOME_TNFS_BIND_THEIR_PHYSIOLOGICAL_RECEPTORS",0.583912072832217,0.967625899280576,0.981791847713635,"up_in_high_altitude",24,0.19129851190265,0.042331839351853,"TNFRSF8;TNFSF13;TNFRSF6B;TNFRSF1B;TNFSF14;LTA;CD70"
"Reactome","A_standard_TMM","REACTOME_PURINE_CATABOLISM",0.550917822134524,0.968342644320298,0.981791847713635,"up_in_high_altitude",14,0.207827885733039,0.0438879842863647,"PNP;NUDT16"
"Reactome","A_standard_TMM","REACTOME_CYCLIN_A_B1_B2_ASSOCIATED_EVENTS_DURING_G2_M_TRANSITION",0.623330248795853,0.970227670753065,0.982098319253306,"up_in_high_altitude",30,0.193058483366211,0.0409883873374721,"FZR1;PKMYT1;PPME1;CDC25A;CCNB1;HJURP;SGO1;CDC25C;PPP2R1A;PPP2CA"
"Reactome","A_standard_TMM","REACTOME_NICOTINAMIDE_SALVAGE",-0.581104394186048,0.970212765957447,0.982098319253306,"down_in_high_altitude",13,-0.213870604880504,0.0498907356726307,"RNLS;PARP16;NAXD;NAXE"
"Reactome","A_standard_TMM","REACTOME_LAGGING_STRAND_SYNTHESIS",0.561327935129294,0.97459165154265,0.984908989873313,"up_in_high_altitude",20,0.192823985236283,0.0424170054438747,"POLD4;RPA1;RFC2"
"Reactome","A_standard_TMM","REACTOME_PROCESSIVE_SYNTHESIS_ON_THE_LAGGING_STRAND",0.545435306033986,0.974499089253188,0.984908989873313,"up_in_high_altitude",15,0.20151911421555,0.0425877779273254,"POLD4;RPA1"
"Reactome","A_standard_TMM","REACTOME_MET_ACTIVATES_RAP1_AND_RAC1",0.526572502999139,0.977777777777778,0.987324835005876,"up_in_high_altitude",10,0.21445842122863,0.0431901998334182,"GRB2;HGF;RAPGEF1;RAC1;CRKL;DOCK7"
"Reactome","A_standard_TMM","REACTOME_CASPASE_ACTIVATION_VIA_DEATH_RECEPTORS_IN_THE_PRESENCE_OF_LIGAND",0.549660781820744,0.98158379373849,0.99036218538981,"up_in_high_altitude",16,0.200464440125299,0.0427591434738678,"TICAM1;CD14;CFLAR;FADD;TRADD;TNFSF10;RIPK1"
"Reactome","A_standard_TMM","REACTOME_RESPIRATORY_ELECTRON_TRANSPORT",-0.743279165643066,0.986798679867987,0.991783935102268,"down_in_high_altitude",154,-0.154218263488175,0.0699458736501659,"LYRM7;COX20;NDUFB5;TMEM126B;UQCC6;COX6C;DMAC1;NDUFAF6;SCO1;NDUFAF7;NDUFA10;NDUFAF2;COX18;NDUFA5;TTC19;UQCC1;NDUFS5;COX11;COA5;SLC25A12;NDUFAF4;COQ10A;SMIM20;TIMM21;COX19;HSCB;NUBPL;ETFDH;COX7B;NDUFV2;NDUFB3"
"Reactome","A_standard_TMM","REACTOME_HS_GAG_BIOSYNTHESIS",-0.547816771971094,0.98669623059867,0.991783935102268,"down_in_high_altitude",20,-0.176604888530755,0.051011413203915,"HS2ST1;GLCE;HS3ST3B1;GPC2;HS3ST3A1;HS3ST1;HS6ST1;NDST2;SDC2;HSPG2;SDC1;GPC4;EXT2;SLC35D2;GPC1;AGRN;SDC4;NDST1;EXT1;SDC3"
"Reactome","A_standard_TMM","REACTOME_SPHINGOLIPID_CATABOLISM",0.503700742192645,0.985130111524164,0.991783935102268,"up_in_high_altitude",11,0.200537650677863,0.0430173196927508,"ALDH3B1"
"Reactome","A_standard_TMM","REACTOME_STAT3_NUCLEAR_EVENTS_DOWNSTREAM_OF_ALK_SIGNALING",0.502653710005514,0.985130111524164,0.991783935102268,"up_in_high_altitude",11,0.200120797261929,0.0430173196927508,"STAT3;HDAC3;DNMT1;EP300;HDAC1;SIN3A;IL2RG;PRDM1;HDAC2;HIF1A;CD274"
"Reactome","A_standard_TMM","REACTOME_BIOTIN_TRANSPORT_AND_METABOLISM",0.49935046190865,0.986988847583643,0.991783935102268,"up_in_high_altitude",11,0.198805679856964,0.0429311093452583,"PCCB;PC"
"Reactome","A_standard_TMM","REACTOME_MITOCHONDRIAL_TRNA_AMINOACYLATION",-0.542738149282207,0.991111111111111,0.994315997484955,"down_in_high_altitude",21,-0.171956053062461,0.0509082865515105,"WARS2;NARS2;YARS2;RARS2;EARS2;MARS2"
"Reactome","A_standard_TMM","REACTOME_PCNA_DEPENDENT_LONG_PATCH_BASE_EXCISION_REPAIR",0.517438709320123,0.990942028985507,0.994315997484955,"up_in_high_altitude",21,0.175609816349561,0.0415717899246479,"POLD4;RPA1;RFC2"
"Reactome","A_standard_TMM","REACTOME_FERTILIZATION",0.452553804497585,0.996289424860853,0.99867707618394,"up_in_high_altitude",12,0.176979865771812,0.0424170054438747,"CD9;IZUMO4;CATSPER1;ZP3;CATSPER3;CATSPERB;CATSPERG;CATSPER2;B4GALT1;ADAM20;HVCN1;OVGP1"
"Reactome","A_standard_TMM","REACTOME_RA_BIOSYNTHESIS_PATHWAY",-0.443880958847368,0.997872340425532,0.99867707618394,"down_in_high_altitude",13,-0.163366668903953,0.0486034247259069,"RDH14;RDH13;RDH5;DHRS3;RDH10;ALDH1A1;ALDH8A1;AKR1C3;RDH16;DHRS4;RDH11;DHRS9;CYP26B1"
"Reactome","A_standard_TMM","REACTOME_NOTCH4_ACTIVATION_AND_TRANSMISSION_OF_SIGNAL_TO_THE_NUCLEUS",-0.426573514695741,0.997840172786177,0.99867707618394,"down_in_high_altitude",10,-0.170930520810717,0.0492917662312669,"ADAM10"
"Reactome","A_standard_TMM","REACTOME_REGULATION_OF_TLR_BY_ENDOGENOUS_LIGAND",-0.399748176579059,1,1,"down_in_high_altitude",13,-0.147123968051547,0.048505983646947,"HMGB1;LY96;S100A8;TLR1;GSDME;TLR6;S100A9;CD36;TLR7;TLR4;GSDMD;TLR2;CD14"
