"dataset","method","ROC_AUC","balanced_accuracy","sensitivity","specificity","TP","TN","FP","FN","permutation_id","swap_code"
"GSE103940","LASSO",0.413223140495868,0.454545454545455,0.909090909090909,0,10,0,11,1,"paired_perm_0001",3
"GSE103940","ElasticNet",0.334710743801653,0.409090909090909,0.818181818181818,0,9,0,11,2,"paired_perm_0001",3
"GSE103940","RF",0.694214876033058,0.772727272727273,0.909090909090909,0.636363636363636,10,7,4,1,"paired_perm_0001",3
"GSE103940","SVM",0.347107438016529,0.318181818181818,0.363636363636364,0.272727272727273,4,3,8,7,"paired_perm_0001",3
"GSE103940","Ensemble",0.553719008264463,0.636363636363636,0.727272727272727,0.545454545454545,8,6,5,3,"paired_perm_0001",3
"GSE103940","LASSO",0.5,0.5,1,0,11,0,11,0,"paired_perm_0002",249
"GSE103940","ElasticNet",0.5,0.5,1,0,11,0,11,0,"paired_perm_0002",249
"GSE103940","RF",0.289256198347107,0.409090909090909,0.272727272727273,0.545454545454545,3,6,5,8,"paired_perm_0002",249
"GSE103940","SVM",0.71900826446281,0.590909090909091,0.636363636363636,0.545454545454545,7,6,5,4,"paired_perm_0002",249
"GSE103940","Ensemble",0.495867768595041,0.454545454545455,0.545454545454545,0.363636363636364,6,4,7,5,"paired_perm_0002",249
"GSE103940","LASSO",0.5,0.5,1,0,11,0,11,0,"paired_perm_0003",357
"GSE103940","ElasticNet",0.413223140495868,0.454545454545455,0.909090909090909,0,10,0,11,1,"paired_perm_0003",357
"GSE103940","RF",0.276859504132231,0.363636363636364,0.363636363636364,0.363636363636364,4,4,7,7,"paired_perm_0003",357
"GSE103940","SVM",0.487603305785124,0.454545454545455,0.454545454545455,0.454545454545455,5,5,6,6,"paired_perm_0003",357
"GSE103940","Ensemble",0.239669421487603,0.272727272727273,0.363636363636364,0.181818181818182,4,2,9,7,"paired_perm_0003",357
"GSE103940","LASSO",0.413223140495868,0.454545454545455,0.909090909090909,0,10,0,11,1,"paired_perm_0004",769
"GSE103940","ElasticNet",0.512396694214876,0.545454545454545,0.727272727272727,0.363636363636364,8,4,7,3,"paired_perm_0004",769
"GSE103940","RF",0.661157024793388,0.772727272727273,0.727272727272727,0.818181818181818,8,9,2,3,"paired_perm_0004",769
"GSE103940","SVM",0.462809917355372,0.409090909090909,0.545454545454545,0.272727272727273,6,3,8,5,"paired_perm_0004",769
"GSE103940","Ensemble",0.578512396694215,0.636363636363636,0.636363636363636,0.636363636363636,7,7,4,4,"paired_perm_0004",769
"GSE103940","LASSO",0.417355371900826,0.454545454545455,0.909090909090909,0,10,0,11,1,"paired_perm_0005",1092
"GSE103940","ElasticNet",0.495867768595041,0.5,1,0,11,0,11,0,"paired_perm_0005",1092
"GSE103940","RF",0.56198347107438,0.5,0.454545454545455,0.545454545454545,5,6,5,6,"paired_perm_0005",1092
"GSE103940","SVM",0.553719008264463,0.454545454545455,0.363636363636364,0.545454545454545,4,6,5,7,"paired_perm_0005",1092
"GSE103940","Ensemble",0.611570247933884,0.590909090909091,0.545454545454545,0.636363636363636,6,7,4,5,"paired_perm_0005",1092
"GSE103940","LASSO",0.5,0.5,1,0,11,0,11,0,"paired_perm_0006",1478
"GSE103940","ElasticNet",0.5,0.5,1,0,11,0,11,0,"paired_perm_0006",1478
"GSE103940","RF",0.305785123966942,0.318181818181818,0.272727272727273,0.363636363636364,3,4,7,8,"paired_perm_0006",1478
"GSE103940","SVM",0.305785123966942,0.409090909090909,0.363636363636364,0.454545454545455,4,5,6,7,"paired_perm_0006",1478
"GSE103940","Ensemble",0.223140495867769,0.227272727272727,0.0909090909090909,0.363636363636364,1,4,7,10,"paired_perm_0006",1478
"GSE103940","LASSO",0.5,0.5,1,0,11,0,11,0,"paired_perm_0007",275
"GSE103940","ElasticNet",0.413223140495868,0.454545454545455,0.909090909090909,0,10,0,11,1,"paired_perm_0007",275
"GSE103940","RF",0.330578512396694,0.454545454545455,0.545454545454545,0.363636363636364,6,4,7,5,"paired_perm_0007",275
"GSE103940","SVM",0.528925619834711,0.545454545454545,0.363636363636364,0.727272727272727,4,8,3,7,"paired_perm_0007",275
"GSE103940","Ensemble",0.347107438016529,0.5,0.545454545454545,0.454545454545455,6,5,6,5,"paired_perm_0007",275
"GSE103940","LASSO",0.400826446280992,0.454545454545455,0.636363636363636,0.272727272727273,7,3,8,4,"paired_perm_0008",1483
"GSE103940","ElasticNet",0.512396694214876,0.5,0.545454545454545,0.454545454545455,6,5,6,5,"paired_perm_0008",1483
"GSE103940","RF",0.628099173553719,0.590909090909091,0.545454545454545,0.636363636363636,6,7,4,5,"paired_perm_0008",1483
"GSE103940","SVM",0.677685950413223,0.636363636363636,0.727272727272727,0.545454545454545,8,6,5,3,"paired_perm_0008",1483
"GSE103940","Ensemble",0.636363636363636,0.636363636363636,0.636363636363636,0.636363636363636,7,7,4,4,"paired_perm_0008",1483
"GSE103940","LASSO",0.5,0.5,1,0,11,0,11,0,"paired_perm_0009",712
"GSE103940","ElasticNet",0.5,0.5,1,0,11,0,11,0,"paired_perm_0009",712
"GSE103940","RF",0.553719008264463,0.545454545454545,0.363636363636364,0.727272727272727,4,8,3,7,"paired_perm_0009",712
"GSE103940","SVM",0.512396694214876,0.5,0.545454545454545,0.454545454545455,6,5,6,5,"paired_perm_0009",712
"GSE103940","Ensemble",0.528925619834711,0.5,0.363636363636364,0.636363636363636,4,7,4,7,"paired_perm_0009",712
"GSE103940","LASSO",0.56198347107438,0.545454545454545,0.909090909090909,0.181818181818182,10,2,9,1,"paired_perm_0010",1453
"GSE103940","ElasticNet",0.471074380165289,0.454545454545455,0.727272727272727,0.181818181818182,8,2,9,3,"paired_perm_0010",1453
"GSE103940","RF",0.648760330578512,0.681818181818182,0.636363636363636,0.727272727272727,7,8,3,4,"paired_perm_0010",1453
"GSE103940","SVM",0.669421487603306,0.636363636363636,0.727272727272727,0.545454545454545,8,6,5,3,"paired_perm_0010",1453
"GSE103940","Ensemble",0.685950413223141,0.636363636363636,0.636363636363636,0.636363636363636,7,7,4,4,"paired_perm_0010",1453
"GSE103940","LASSO",0.5,0.5,1,0,11,0,11,0,"paired_perm_0011",1108
"GSE103940","ElasticNet",0.495867768595041,0.5,1,0,11,0,11,0,"paired_perm_0011",1108
"GSE103940","RF",0.334710743801653,0.409090909090909,0.545454545454545,0.272727272727273,6,3,8,5,"paired_perm_0011",1108
"GSE103940","SVM",0.264462809917355,0.318181818181818,0.363636363636364,0.272727272727273,4,3,8,7,"paired_perm_0011",1108
"GSE103940","Ensemble",0.214876033057851,0.363636363636364,0.545454545454545,0.181818181818182,6,2,9,5,"paired_perm_0011",1108
"GSE103940","LASSO",0.5,0.5,1,0,11,0,11,0,"paired_perm_0012",1111
"GSE103940","ElasticNet",0.5,0.5,1,0,11,0,11,0,"paired_perm_0012",1111
"GSE103940","RF",0.289256198347107,0.318181818181818,0.454545454545455,0.181818181818182,5,2,9,6,"paired_perm_0012",1111
"GSE103940","SVM",0.454545454545455,0.545454545454545,0.545454545454545,0.545454545454545,6,6,5,5,"paired_perm_0012",1111
"GSE103940","Ensemble",0.31404958677686,0.363636363636364,0.454545454545455,0.272727272727273,5,3,8,6,"paired_perm_0012",1111
"GSE103940","LASSO",0.504132231404959,0.5,0.909090909090909,0.0909090909090909,10,1,10,1,"paired_perm_0013",1195
"GSE103940","ElasticNet",0.495867768595041,0.5,0.909090909090909,0.0909090909090909,10,1,10,1,"paired_perm_0013",1195
"GSE103940","RF",0.520661157024793,0.545454545454545,0.636363636363636,0.454545454545455,7,5,6,4,"paired_perm_0013",1195
"GSE103940","SVM",0.487603305785124,0.5,0.545454545454545,0.454545454545455,6,5,6,5,"paired_perm_0013",1195
"GSE103940","Ensemble",0.454545454545455,0.5,0.454545454545455,0.545454545454545,5,6,5,6,"paired_perm_0013",1195
"GSE103940","LASSO",0.5,0.5,1,0,11,0,11,0,"paired_perm_0014",937
"GSE103940","ElasticNet",0.5,0.5,1,0,11,0,11,0,"paired_perm_0014",937
"GSE103940","RF",0.289256198347107,0.409090909090909,0.363636363636364,0.454545454545455,4,5,6,7,"paired_perm_0014",937
"GSE103940","SVM",0.347107438016529,0.5,0.363636363636364,0.636363636363636,4,7,4,7,"paired_perm_0014",937
"GSE103940","Ensemble",0.322314049586777,0.409090909090909,0.363636363636364,0.454545454545455,4,5,6,7,"paired_perm_0014",937
"GSE103940","LASSO",0.5,0.5,1,0,11,0,11,0,"paired_perm_0015",1644
"GSE103940","ElasticNet",0.413223140495868,0.454545454545455,0.909090909090909,0,10,0,11,1,"paired_perm_0015",1644
"GSE103940","RF",0.396694214876033,0.409090909090909,0.363636363636364,0.454545454545455,4,5,6,7,"paired_perm_0015",1644
"GSE103940","SVM",0.396694214876033,0.454545454545455,0.363636363636364,0.545454545454545,4,6,5,7,"paired_perm_0015",1644
"GSE103940","Ensemble",0.40495867768595,0.5,0.363636363636364,0.636363636363636,4,7,4,7,"paired_perm_0015",1644
"GSE103940","LASSO",0.615702479338843,0.590909090909091,0.909090909090909,0.272727272727273,10,3,8,1,"paired_perm_0016",501
"GSE103940","ElasticNet",0.545454545454545,0.545454545454545,0.909090909090909,0.181818181818182,10,2,9,1,"paired_perm_0016",501
"GSE103940","RF",0.475206611570248,0.454545454545455,0.454545454545455,0.454545454545455,5,5,6,6,"paired_perm_0016",501
"GSE103940","SVM",0.363636363636364,0.409090909090909,0.363636363636364,0.454545454545455,4,5,6,7,"paired_perm_0016",501
"GSE103940","Ensemble",0.512396694214876,0.545454545454545,0.545454545454545,0.545454545454545,6,6,5,5,"paired_perm_0016",501
"GSE103940","LASSO",0.5,0.5,1,0,11,0,11,0,"paired_perm_0017",381
"GSE103940","ElasticNet",0.413223140495868,0.454545454545455,0.909090909090909,0,10,0,11,1,"paired_perm_0017",381
"GSE103940","RF",0.537190082644628,0.590909090909091,0.454545454545455,0.727272727272727,5,8,3,6,"paired_perm_0017",381
"GSE103940","SVM",0.330578512396694,0.318181818181818,0.363636363636364,0.272727272727273,4,3,8,7,"paired_perm_0017",381
"GSE103940","Ensemble",0.396694214876033,0.409090909090909,0.363636363636364,0.454545454545455,4,5,6,7,"paired_perm_0017",381
"GSE103940","LASSO",0.5,0.5,1,0,11,0,11,0,"paired_perm_0018",1646
"GSE103940","ElasticNet",0.413223140495868,0.454545454545455,0.909090909090909,0,10,0,11,1,"paired_perm_0018",1646
"GSE103940","RF",0.322314049586777,0.363636363636364,0.272727272727273,0.454545454545455,3,5,6,8,"paired_perm_0018",1646
"GSE103940","SVM",0.603305785123967,0.636363636363636,0.727272727272727,0.545454545454545,8,6,5,3,"paired_perm_0018",1646
"GSE103940","Ensemble",0.421487603305785,0.363636363636364,0.363636363636364,0.363636363636364,4,4,7,7,"paired_perm_0018",1646
"GSE103940","LASSO",0.495867768595041,0.5,0.909090909090909,0.0909090909090909,10,1,10,1,"paired_perm_0019",1325
"GSE103940","ElasticNet",0.475206611570248,0.5,0.909090909090909,0.0909090909090909,10,1,10,1,"paired_perm_0019",1325
"GSE103940","RF",0.429752066115702,0.545454545454545,0.454545454545455,0.636363636363636,5,7,4,6,"paired_perm_0019",1325
"GSE103940","SVM",0.661157024793388,0.545454545454545,0.818181818181818,0.272727272727273,9,3,8,2,"paired_perm_0019",1325
"GSE103940","Ensemble",0.603305785123967,0.590909090909091,0.727272727272727,0.454545454545455,8,5,6,3,"paired_perm_0019",1325
"GSE103940","LASSO",0.479338842975207,0.5,0.909090909090909,0.0909090909090909,10,1,10,1,"paired_perm_0020",1835
"GSE103940","ElasticNet",0.458677685950413,0.5,0.818181818181818,0.181818181818182,9,2,9,2,"paired_perm_0020",1835
"GSE103940","RF",0.56198347107438,0.590909090909091,0.545454545454545,0.636363636363636,6,7,4,5,"paired_perm_0020",1835
"GSE103940","SVM",0.570247933884298,0.590909090909091,0.727272727272727,0.454545454545455,8,5,6,3,"paired_perm_0020",1835
"GSE103940","Ensemble",0.454545454545455,0.545454545454545,0.636363636363636,0.454545454545455,7,5,6,4,"paired_perm_0020",1835
"GSE103940","LASSO",0.5,0.5,1,0,11,0,11,0,"paired_perm_0021",1486
"GSE103940","ElasticNet",0.413223140495868,0.454545454545455,0.909090909090909,0,10,0,11,1,"paired_perm_0021",1486
"GSE103940","RF",0.537190082644628,0.590909090909091,0.545454545454545,0.636363636363636,6,7,4,5,"paired_perm_0021",1486
"GSE103940","SVM",0.297520661157025,0.5,0.636363636363636,0.363636363636364,7,4,7,4,"paired_perm_0021",1486
"GSE103940","Ensemble",0.347107438016529,0.454545454545455,0.454545454545455,0.454545454545455,5,5,6,6,"paired_perm_0021",1486
"GSE103940","LASSO",0.413223140495868,0.454545454545455,0.909090909090909,0,10,0,11,1,"paired_perm_0022",1278
"GSE103940","ElasticNet",0.512396694214876,0.545454545454545,0.909090909090909,0.181818181818182,10,2,9,1,"paired_perm_0022",1278
"GSE103940","RF",0.661157024793388,0.727272727272727,0.727272727272727,0.727272727272727,8,8,3,3,"paired_perm_0022",1278
"GSE103940","SVM",0.462809917355372,0.409090909090909,0.272727272727273,0.545454545454545,3,6,5,8,"paired_perm_0022",1278
"GSE103940","Ensemble",0.56198347107438,0.636363636363636,0.545454545454545,0.727272727272727,6,8,3,5,"paired_perm_0022",1278
"GSE103940","LASSO",0.611570247933884,0.545454545454545,0.727272727272727,0.363636363636364,8,4,7,3,"paired_perm_0023",1341
"GSE103940","ElasticNet",0.611570247933884,0.545454545454545,0.727272727272727,0.363636363636364,8,4,7,3,"paired_perm_0023",1341
"GSE103940","RF",0.578512396694215,0.454545454545455,0.545454545454545,0.363636363636364,6,4,7,5,"paired_perm_0023",1341
"GSE103940","SVM",0.198347107438017,0.272727272727273,0.0909090909090909,0.454545454545455,1,5,6,10,"paired_perm_0023",1341
"GSE103940","Ensemble",0.570247933884298,0.5,0.545454545454545,0.454545454545455,6,5,6,5,"paired_perm_0023",1341
"GSE103940","LASSO",0.413223140495868,0.454545454545455,0.909090909090909,0,10,0,11,1,"paired_perm_0024",60
"GSE103940","ElasticNet",0.409090909090909,0.454545454545455,0.818181818181818,0.0909090909090909,9,1,10,2,"paired_perm_0024",60
"GSE103940","RF",0.289256198347107,0.363636363636364,0.363636363636364,0.363636363636364,4,4,7,7,"paired_perm_0024",60
"GSE103940","SVM",0.413223140495868,0.409090909090909,0.545454545454545,0.272727272727273,6,3,8,5,"paired_perm_0024",60
"GSE103940","Ensemble",0.256198347107438,0.181818181818182,0.272727272727273,0.0909090909090909,3,1,10,8,"paired_perm_0024",60
"GSE103940","LASSO",0.495867768595041,0.5,0.909090909090909,0.0909090909090909,10,1,10,1,"paired_perm_0025",303
"GSE103940","ElasticNet",0.495867768595041,0.5,0.909090909090909,0.0909090909090909,10,1,10,1,"paired_perm_0025",303
"GSE103940","RF",0.260330578512397,0.318181818181818,0.272727272727273,0.363636363636364,3,4,7,8,"paired_perm_0025",303
"GSE103940","SVM",0.322314049586777,0.318181818181818,0.454545454545455,0.181818181818182,5,2,9,6,"paired_perm_0025",303
"GSE103940","Ensemble",0.256198347107438,0.318181818181818,0.454545454545455,0.181818181818182,5,2,9,6,"paired_perm_0025",303
"GSE103940","LASSO",0.5,0.5,1,0,11,0,11,0,"paired_perm_0026",1228
"GSE103940","ElasticNet",0.334710743801653,0.409090909090909,0.818181818181818,0,9,0,11,2,"paired_perm_0026",1228
"GSE103940","RF",0.429752066115702,0.454545454545455,0.454545454545455,0.454545454545455,5,5,6,6,"paired_perm_0026",1228
"GSE103940","SVM",0.454545454545455,0.5,0.363636363636364,0.636363636363636,4,7,4,7,"paired_perm_0026",1228
"GSE103940","Ensemble",0.363636363636364,0.454545454545455,0.454545454545455,0.454545454545455,5,5,6,6,"paired_perm_0026",1228
"GSE103940","LASSO",0.409090909090909,0.454545454545455,0.818181818181818,0.0909090909090909,9,1,10,2,"paired_perm_0027",313
"GSE103940","ElasticNet",0.338842975206612,0.409090909090909,0.727272727272727,0.0909090909090909,8,1,10,3,"paired_perm_0027",313
"GSE103940","RF",0.148760330578512,0.227272727272727,0.0909090909090909,0.363636363636364,1,4,7,10,"paired_perm_0027",313
"GSE103940","SVM",0.247933884297521,0.227272727272727,0.181818181818182,0.272727272727273,2,3,8,9,"paired_perm_0027",313
"GSE103940","Ensemble",0.165289256198347,0.227272727272727,0.181818181818182,0.272727272727273,2,3,8,9,"paired_perm_0027",313
"GSE103940","LASSO",0.5,0.5,1,0,11,0,11,0,"paired_perm_0028",199
"GSE103940","ElasticNet",0.5,0.5,1,0,11,0,11,0,"paired_perm_0028",199
"GSE103940","RF",0.194214876033058,0.272727272727273,0.272727272727273,0.272727272727273,3,3,8,8,"paired_perm_0028",199
"GSE103940","SVM",0.363636363636364,0.409090909090909,0.454545454545455,0.363636363636364,5,4,7,6,"paired_perm_0028",199
"GSE103940","Ensemble",0.239669421487603,0.272727272727273,0.272727272727273,0.272727272727273,3,3,8,8,"paired_perm_0028",199
"GSE103940","LASSO",0.5,0.5,1,0,11,0,11,0,"paired_perm_0029",429
"GSE103940","ElasticNet",0.5,0.5,1,0,11,0,11,0,"paired_perm_0029",429
"GSE103940","RF",0.619834710743802,0.636363636363636,0.636363636363636,0.636363636363636,7,7,4,4,"paired_perm_0029",429
"GSE103940","SVM",0.338842975206612,0.318181818181818,0.272727272727273,0.363636363636364,3,4,7,8,"paired_perm_0029",429
"GSE103940","Ensemble",0.43801652892562,0.5,0.454545454545455,0.545454545454545,5,6,5,6,"paired_perm_0029",429
"GSE103940","LASSO",0.495867768595041,0.5,1,0,11,0,11,0,"paired_perm_0030",1689
"GSE103940","ElasticNet",0.495867768595041,0.5,1,0,11,0,11,0,"paired_perm_0030",1689
"GSE103940","RF",0.0867768595041322,0.227272727272727,0.272727272727273,0.181818181818182,3,2,9,8,"paired_perm_0030",1689
"GSE103940","SVM",0.487603305785124,0.5,0.272727272727273,0.727272727272727,3,8,3,8,"paired_perm_0030",1689
"GSE103940","Ensemble",0.181818181818182,0.227272727272727,0.181818181818182,0.272727272727273,2,3,8,9,"paired_perm_0030",1689
"GSE103940","LASSO",0.5,0.5,1,0,11,0,11,0,"paired_perm_0031",143
"GSE103940","ElasticNet",0.5,0.5,1,0,11,0,11,0,"paired_perm_0031",143
"GSE103940","RF",0.355371900826446,0.318181818181818,0.272727272727273,0.363636363636364,3,4,7,8,"paired_perm_0031",143
"GSE103940","SVM",0.512396694214876,0.454545454545455,0.636363636363636,0.272727272727273,7,3,8,4,"paired_perm_0031",143
"GSE103940","Ensemble",0.479338842975207,0.454545454545455,0.454545454545455,0.454545454545455,5,5,6,6,"paired_perm_0031",143
"GSE103940","LASSO",0.417355371900826,0.454545454545455,0.818181818181818,0.0909090909090909,9,1,10,2,"paired_perm_0032",955
"GSE103940","ElasticNet",0.495867768595041,0.5,0.909090909090909,0.0909090909090909,10,1,10,1,"paired_perm_0032",955
"GSE103940","RF",0.578512396694215,0.681818181818182,0.636363636363636,0.727272727272727,7,8,3,4,"paired_perm_0032",955
"GSE103940","SVM",0.553719008264463,0.454545454545455,0.545454545454545,0.363636363636364,6,4,7,5,"paired_perm_0032",955
"GSE103940","Ensemble",0.644628099173554,0.727272727272727,0.727272727272727,0.727272727272727,8,8,3,3,"paired_perm_0032",955
"GSE103940","LASSO",0.5,0.5,1,0,11,0,11,0,"paired_perm_0033",1837
"GSE103940","ElasticNet",0.409090909090909,0.454545454545455,0.818181818181818,0.0909090909090909,9,1,10,2,"paired_perm_0033",1837
"GSE103940","RF",0.582644628099174,0.545454545454545,0.545454545454545,0.545454545454545,6,6,5,5,"paired_perm_0033",1837
"GSE103940","SVM",0.223140495867769,0.272727272727273,0.272727272727273,0.272727272727273,3,3,8,8,"paired_perm_0033",1837
"GSE103940","Ensemble",0.330578512396694,0.454545454545455,0.545454545454545,0.363636363636364,6,4,7,5,"paired_perm_0033",1837
"GSE103940","LASSO",0.5,0.5,0.909090909090909,0.0909090909090909,10,1,10,1,"paired_perm_0034",636
"GSE103940","ElasticNet",0.549586776859504,0.545454545454545,0.727272727272727,0.363636363636364,8,4,7,3,"paired_perm_0034",636
"GSE103940","RF",0.677685950413223,0.681818181818182,0.727272727272727,0.636363636363636,8,7,4,3,"paired_perm_0034",636
"GSE103940","SVM",0.454545454545455,0.454545454545455,0.636363636363636,0.272727272727273,7,3,8,4,"paired_perm_0034",636
"GSE103940","Ensemble",0.56198347107438,0.5,0.545454545454545,0.454545454545455,6,5,6,5,"paired_perm_0034",636
"GSE103940","LASSO",0.491735537190083,0.5,0.909090909090909,0.0909090909090909,10,1,10,1,"paired_perm_0035",738
"GSE103940","ElasticNet",0.413223140495868,0.454545454545455,0.818181818181818,0.0909090909090909,9,1,10,2,"paired_perm_0035",738
"GSE103940","RF",0.487603305785124,0.5,0.454545454545455,0.545454545454545,5,6,5,6,"paired_perm_0035",738
"GSE103940","SVM",0.603305785123967,0.590909090909091,0.727272727272727,0.454545454545455,8,5,6,3,"paired_perm_0035",738
"GSE103940","Ensemble",0.520661157024793,0.545454545454545,0.454545454545455,0.636363636363636,5,7,4,6,"paired_perm_0035",738
"GSE103940","LASSO",0.442148760330578,0.454545454545455,0.818181818181818,0.0909090909090909,9,1,10,2,"paired_perm_0036",1843
"GSE103940","ElasticNet",0.442148760330578,0.454545454545455,0.727272727272727,0.181818181818182,8,2,9,3,"paired_perm_0036",1843
"GSE103940","RF",0.491735537190083,0.5,0.545454545454545,0.454545454545455,6,5,6,5,"paired_perm_0036",1843
"GSE103940","SVM",0.355371900826446,0.272727272727273,0.363636363636364,0.181818181818182,4,2,9,7,"paired_perm_0036",1843
"GSE103940","Ensemble",0.429752066115702,0.454545454545455,0.545454545454545,0.363636363636364,6,4,7,5,"paired_perm_0036",1843
"GSE103940","LASSO",0.413223140495868,0.454545454545455,0.909090909090909,0,10,0,11,1,"paired_perm_0037",1164
"GSE103940","ElasticNet",0.619834710743802,0.590909090909091,0.818181818181818,0.363636363636364,9,4,7,2,"paired_perm_0037",1164
"GSE103940","RF",0.533057851239669,0.454545454545455,0.545454545454545,0.363636363636364,6,4,7,5,"paired_perm_0037",1164
"GSE103940","SVM",0.677685950413223,0.681818181818182,0.727272727272727,0.636363636363636,8,7,4,3,"paired_perm_0037",1164
"GSE103940","Ensemble",0.661157024793388,0.681818181818182,0.727272727272727,0.636363636363636,8,7,4,3,"paired_perm_0037",1164
"GSE103940","LASSO",0.5,0.5,1,0,11,0,11,0,"paired_perm_0038",391
"GSE103940","ElasticNet",0.5,0.5,1,0,11,0,11,0,"paired_perm_0038",391
"GSE103940","RF",0.285123966942149,0.363636363636364,0.363636363636364,0.363636363636364,4,4,7,7,"paired_perm_0038",391
"GSE103940","SVM",0.231404958677686,0.318181818181818,0.272727272727273,0.363636363636364,3,4,7,8,"paired_perm_0038",391
"GSE103940","Ensemble",0.173553719008264,0.318181818181818,0.272727272727273,0.363636363636364,3,4,7,8,"paired_perm_0038",391
"GSE103940","LASSO",0.413223140495868,0.454545454545455,0.909090909090909,0,10,0,11,1,"paired_perm_0039",1367
"GSE103940","ElasticNet",0.413223140495868,0.454545454545455,0.909090909090909,0,10,0,11,1,"paired_perm_0039",1367
"GSE103940","RF",0.462809917355372,0.454545454545455,0.545454545454545,0.363636363636364,6,4,7,5,"paired_perm_0039",1367
"GSE103940","SVM",0.40495867768595,0.409090909090909,0.363636363636364,0.454545454545455,4,5,6,7,"paired_perm_0039",1367
"GSE103940","Ensemble",0.40495867768595,0.5,0.454545454545455,0.545454545454545,5,6,5,6,"paired_perm_0039",1367
"GSE103940","LASSO",0.669421487603306,0.636363636363636,0.909090909090909,0.363636363636364,10,4,7,1,"paired_perm_0040",1437
"GSE103940","ElasticNet",0.731404958677686,0.727272727272727,0.818181818181818,0.636363636363636,9,7,4,2,"paired_perm_0040",1437
"GSE103940","RF",0.723140495867769,0.636363636363636,0.636363636363636,0.636363636363636,7,7,4,4,"paired_perm_0040",1437
"GSE103940","SVM",0.735537190082645,0.590909090909091,0.545454545454545,0.636363636363636,6,7,4,5,"paired_perm_0040",1437
"GSE103940","Ensemble",0.768595041322314,0.727272727272727,0.727272727272727,0.727272727272727,8,8,3,3,"paired_perm_0040",1437
"GSE103940","LASSO",0.504132231404959,0.5,0.818181818181818,0.181818181818182,9,2,9,2,"paired_perm_0041",465
"GSE103940","ElasticNet",0.504132231404959,0.5,0.818181818181818,0.181818181818182,9,2,9,2,"paired_perm_0041",465
"GSE103940","RF",0.15702479338843,0.363636363636364,0.454545454545455,0.272727272727273,5,3,8,6,"paired_perm_0041",465
"GSE103940","SVM",0.305785123966942,0.318181818181818,0.272727272727273,0.363636363636364,3,4,7,8,"paired_perm_0041",465
"GSE103940","Ensemble",0.214876033057851,0.363636363636364,0.363636363636364,0.363636363636364,4,4,7,7,"paired_perm_0041",465
"GSE103940","LASSO",0.425619834710744,0.454545454545455,0.909090909090909,0,10,0,11,1,"paired_perm_0042",1214
"GSE103940","ElasticNet",0.429752066115702,0.454545454545455,0.818181818181818,0.0909090909090909,9,1,10,2,"paired_perm_0042",1214
"GSE103940","RF",0.586776859504132,0.545454545454545,0.545454545454545,0.545454545454545,6,6,5,5,"paired_perm_0042",1214
"GSE103940","SVM",0.611570247933884,0.636363636363636,0.545454545454545,0.727272727272727,6,8,3,5,"paired_perm_0042",1214
"GSE103940","Ensemble",0.652892561983471,0.545454545454545,0.363636363636364,0.727272727272727,4,8,3,7,"paired_perm_0042",1214
"GSE103940","LASSO",0.5,0.5,1,0,11,0,11,0,"paired_perm_0043",1306
"GSE103940","ElasticNet",0.5,0.5,1,0,11,0,11,0,"paired_perm_0043",1306
"GSE103940","RF",0.65702479338843,0.590909090909091,0.727272727272727,0.454545454545455,8,5,6,3,"paired_perm_0043",1306
"GSE103940","SVM",0.925619834710744,0.818181818181818,0.818181818181818,0.818181818181818,9,9,2,2,"paired_perm_0043",1306
"GSE103940","Ensemble",0.942148760330578,0.863636363636364,0.818181818181818,0.909090909090909,9,10,1,2,"paired_perm_0043",1306
"GSE103940","LASSO",0.5,0.5,1,0,11,0,11,0,"paired_perm_0044",142
"GSE103940","ElasticNet",0.413223140495868,0.454545454545455,0.909090909090909,0,10,0,11,1,"paired_perm_0044",142
"GSE103940","RF",0.685950413223141,0.727272727272727,0.727272727272727,0.727272727272727,8,8,3,3,"paired_perm_0044",142
"GSE103940","SVM",0.56198347107438,0.545454545454545,0.636363636363636,0.454545454545455,7,5,6,4,"paired_perm_0044",142
"GSE103940","Ensemble",0.553719008264463,0.590909090909091,0.636363636363636,0.545454545454545,7,6,5,4,"paired_perm_0044",142
"GSE103940","LASSO",0.5,0.5,1,0,11,0,11,0,"paired_perm_0045",404
"GSE103940","ElasticNet",0.5,0.5,1,0,11,0,11,0,"paired_perm_0045",404
"GSE103940","RF",0.59504132231405,0.590909090909091,0.545454545454545,0.636363636363636,6,7,4,5,"paired_perm_0045",404
"GSE103940","SVM",0.388429752066116,0.409090909090909,0.363636363636364,0.454545454545455,4,5,6,7,"paired_perm_0045",404
"GSE103940","Ensemble",0.421487603305785,0.409090909090909,0.363636363636364,0.454545454545455,4,5,6,7,"paired_perm_0045",404
"GSE103940","LASSO",0.5,0.5,0.727272727272727,0.272727272727273,8,3,8,3,"paired_perm_0046",183
"GSE103940","ElasticNet",0.491735537190083,0.5,0.727272727272727,0.272727272727273,8,3,8,3,"paired_perm_0046",183
"GSE103940","RF",0.301652892561983,0.318181818181818,0.363636363636364,0.272727272727273,4,3,8,7,"paired_perm_0046",183
"GSE103940","SVM",0.545454545454545,0.5,0.363636363636364,0.636363636363636,4,7,4,7,"paired_perm_0046",183
"GSE103940","Ensemble",0.388429752066116,0.409090909090909,0.454545454545455,0.363636363636364,5,4,7,6,"paired_perm_0046",183
"GSE103940","LASSO",0.495867768595041,0.5,1,0,11,0,11,0,"paired_perm_0047",1062
"GSE103940","ElasticNet",0.495867768595041,0.5,1,0,11,0,11,0,"paired_perm_0047",1062
"GSE103940","RF",0.454545454545455,0.409090909090909,0.454545454545455,0.363636363636364,5,4,7,6,"paired_perm_0047",1062
"GSE103940","SVM",0.479338842975207,0.5,0.454545454545455,0.545454545454545,5,6,5,6,"paired_perm_0047",1062
"GSE103940","Ensemble",0.380165289256198,0.454545454545455,0.363636363636364,0.545454545454545,4,6,5,7,"paired_perm_0047",1062
"GSE103940","LASSO",0.5,0.5,1,0,11,0,11,0,"paired_perm_0048",1084
"GSE103940","ElasticNet",0.5,0.5,1,0,11,0,11,0,"paired_perm_0048",1084
"GSE103940","RF",0.152892561983471,0.272727272727273,0.272727272727273,0.272727272727273,3,3,8,8,"paired_perm_0048",1084
"GSE103940","SVM",0.256198347107438,0.318181818181818,0.363636363636364,0.272727272727273,4,3,8,7,"paired_perm_0048",1084
"GSE103940","Ensemble",0.206611570247934,0.181818181818182,0.181818181818182,0.181818181818182,2,2,9,9,"paired_perm_0048",1084
"GSE103940","LASSO",0.5,0.5,1,0,11,0,11,0,"paired_perm_0049",1548
"GSE103940","ElasticNet",0.5,0.5,1,0,11,0,11,0,"paired_perm_0049",1548
"GSE103940","RF",0.152892561983471,0.227272727272727,0.272727272727273,0.181818181818182,3,2,9,8,"paired_perm_0049",1548
"GSE103940","SVM",0.462809917355372,0.5,0.545454545454545,0.454545454545455,6,5,6,5,"paired_perm_0049",1548
"GSE103940","Ensemble",0.380165289256198,0.454545454545455,0.454545454545455,0.454545454545455,5,5,6,6,"paired_perm_0049",1548
"GSE103940","LASSO",0.5,0.5,1,0,11,0,11,0,"paired_perm_0050",495
"GSE103940","ElasticNet",0.5,0.5,1,0,11,0,11,0,"paired_perm_0050",495
"GSE103940","RF",0.516528925619835,0.590909090909091,0.545454545454545,0.636363636363636,6,7,4,5,"paired_perm_0050",495
"GSE103940","SVM",0.752066115702479,0.636363636363636,0.636363636363636,0.636363636363636,7,7,4,4,"paired_perm_0050",495
"GSE103940","Ensemble",0.677685950413223,0.681818181818182,0.636363636363636,0.727272727272727,7,8,3,4,"paired_perm_0050",495
"GSE103940","LASSO",0.5,0.5,1,0,11,0,11,0,"paired_perm_0051",1675
"GSE103940","ElasticNet",0.5,0.5,1,0,11,0,11,0,"paired_perm_0051",1675
"GSE103940","RF",0.165289256198347,0.227272727272727,0.272727272727273,0.181818181818182,3,2,9,8,"paired_perm_0051",1675
"GSE103940","SVM",0.330578512396694,0.363636363636364,0.272727272727273,0.454545454545455,3,5,6,8,"paired_perm_0051",1675
"GSE103940","Ensemble",0.231404958677686,0.272727272727273,0.181818181818182,0.363636363636364,2,4,7,9,"paired_perm_0051",1675
"GSE103940","LASSO",0.5,0.5,1,0,11,0,11,0,"paired_perm_0052",631
"GSE103940","ElasticNet",0.5,0.5,1,0,11,0,11,0,"paired_perm_0052",631
"GSE103940","RF",0.56198347107438,0.545454545454545,0.636363636363636,0.454545454545455,7,5,6,4,"paired_perm_0052",631
"GSE103940","SVM",0.479338842975207,0.5,0.636363636363636,0.363636363636364,7,4,7,4,"paired_perm_0052",631
"GSE103940","Ensemble",0.479338842975207,0.5,0.545454545454545,0.454545454545455,6,5,6,5,"paired_perm_0052",631
"GSE103940","LASSO",0.5,0.5,1,0,11,0,11,0,"paired_perm_0053",982
"GSE103940","ElasticNet",0.5,0.5,1,0,11,0,11,0,"paired_perm_0053",982
"GSE103940","RF",0.508264462809917,0.454545454545455,0.454545454545455,0.454545454545455,5,5,6,6,"paired_perm_0053",982
"GSE103940","SVM",0.471074380165289,0.5,0.545454545454545,0.454545454545455,6,5,6,5,"paired_perm_0053",982
"GSE103940","Ensemble",0.388429752066116,0.363636363636364,0.363636363636364,0.363636363636364,4,4,7,7,"paired_perm_0053",982
"GSE103940","LASSO",0.5,0.5,1,0,11,0,11,0,"paired_perm_0054",111
"GSE103940","ElasticNet",0.5,0.5,1,0,11,0,11,0,"paired_perm_0054",111
"GSE103940","RF",0.417355371900826,0.454545454545455,0.545454545454545,0.363636363636364,6,4,7,5,"paired_perm_0054",111
"GSE103940","SVM",0.15702479338843,0.318181818181818,0.181818181818182,0.454545454545455,2,5,6,9,"paired_perm_0054",111
"GSE103940","Ensemble",0.297520661157025,0.363636363636364,0.454545454545455,0.272727272727273,5,3,8,6,"paired_perm_0054",111
"GSE103940","LASSO",0.942148760330578,0.909090909090909,0.818181818181818,1,9,11,0,2,"paired_perm_0055",2047
"GSE103940","ElasticNet",0.991735537190083,0.954545454545455,0.909090909090909,1,10,11,0,1,"paired_perm_0055",2047
"GSE103940","RF",0.979338842975207,0.954545454545455,0.909090909090909,1,10,11,0,1,"paired_perm_0055",2047
"GSE103940","SVM",1,0.954545454545455,0.909090909090909,1,10,11,0,1,"paired_perm_0055",2047
"GSE103940","Ensemble",1,0.909090909090909,0.818181818181818,1,9,11,0,2,"paired_perm_0055",2047
"GSE103940","LASSO",0.867768595041322,0.727272727272727,0.636363636363636,0.818181818181818,7,9,2,4,"paired_perm_0056",1959
"GSE103940","ElasticNet",0.867768595041322,0.727272727272727,0.636363636363636,0.818181818181818,7,9,2,4,"paired_perm_0056",1959
"GSE103940","RF",0.599173553719008,0.545454545454545,0.636363636363636,0.454545454545455,7,5,6,4,"paired_perm_0056",1959
"GSE103940","SVM",0.528925619834711,0.5,0.454545454545455,0.545454545454545,5,6,5,6,"paired_perm_0056",1959
"GSE103940","Ensemble",0.826446280991736,0.818181818181818,0.818181818181818,0.818181818181818,9,9,2,2,"paired_perm_0056",1959
"GSE103940","LASSO",0.5,0.5,1,0,11,0,11,0,"paired_perm_0057",1770
"GSE103940","ElasticNet",0.5,0.5,1,0,11,0,11,0,"paired_perm_0057",1770
"GSE103940","RF",0.165289256198347,0.181818181818182,0.181818181818182,0.181818181818182,2,2,9,9,"paired_perm_0057",1770
"GSE103940","SVM",0.305785123966942,0.272727272727273,0.272727272727273,0.272727272727273,3,3,8,8,"paired_perm_0057",1770
"GSE103940","Ensemble",0.239669421487603,0.272727272727273,0.272727272727273,0.272727272727273,3,3,8,8,"paired_perm_0057",1770
"GSE103940","LASSO",0.5,0.5,1,0,11,0,11,0,"paired_perm_0058",997
"GSE103940","ElasticNet",0.5,0.5,1,0,11,0,11,0,"paired_perm_0058",997
"GSE103940","RF",0.557851239669422,0.545454545454545,0.545454545454545,0.545454545454545,6,6,5,5,"paired_perm_0058",997
"GSE103940","SVM",0.578512396694215,0.590909090909091,0.636363636363636,0.545454545454545,7,6,5,4,"paired_perm_0058",997
"GSE103940","Ensemble",0.578512396694215,0.590909090909091,0.545454545454545,0.636363636363636,6,7,4,5,"paired_perm_0058",997
"GSE103940","LASSO",0.5,0.5,1,0,11,0,11,0,"paired_perm_0059",870
"GSE103940","ElasticNet",0.5,0.5,1,0,11,0,11,0,"paired_perm_0059",870
"GSE103940","RF",0.190082644628099,0.227272727272727,0.0909090909090909,0.363636363636364,1,4,7,10,"paired_perm_0059",870
"GSE103940","SVM",0.181818181818182,0.181818181818182,0.0909090909090909,0.272727272727273,1,3,8,10,"paired_perm_0059",870
"GSE103940","Ensemble",0.132231404958678,0.181818181818182,0.0909090909090909,0.272727272727273,1,3,8,10,"paired_perm_0059",870
"GSE103940","LASSO",0.5,0.5,1,0,11,0,11,0,"paired_perm_0060",732
"GSE103940","ElasticNet",0.5,0.5,1,0,11,0,11,0,"paired_perm_0060",732
"GSE103940","RF",0.417355371900826,0.363636363636364,0.363636363636364,0.363636363636364,4,4,7,7,"paired_perm_0060",732
"GSE103940","SVM",0.537190082644628,0.5,0.636363636363636,0.363636363636364,7,4,7,4,"paired_perm_0060",732
"GSE103940","Ensemble",0.446280991735537,0.363636363636364,0.454545454545455,0.272727272727273,5,3,8,6,"paired_perm_0060",732
"GSE103940","LASSO",0.5,0.5,1,0,11,0,11,0,"paired_perm_0061",1090
"GSE103940","ElasticNet",0.5,0.5,1,0,11,0,11,0,"paired_perm_0061",1090
"GSE103940","RF",0.553719008264463,0.590909090909091,0.636363636363636,0.545454545454545,7,6,5,4,"paired_perm_0061",1090
"GSE103940","SVM",0.504132231404959,0.590909090909091,0.636363636363636,0.545454545454545,7,6,5,4,"paired_perm_0061",1090
"GSE103940","Ensemble",0.512396694214876,0.5,0.454545454545455,0.545454545454545,5,6,5,6,"paired_perm_0061",1090
"GSE103940","LASSO",0.5,0.5,1,0,11,0,11,0,"paired_perm_0062",565
"GSE103940","ElasticNet",0.5,0.5,1,0,11,0,11,0,"paired_perm_0062",565
"GSE103940","RF",0.305785123966942,0.363636363636364,0.363636363636364,0.363636363636364,4,4,7,7,"paired_perm_0062",565
"GSE103940","SVM",0.43801652892562,0.5,0.545454545454545,0.454545454545455,6,5,6,5,"paired_perm_0062",565
"GSE103940","Ensemble",0.347107438016529,0.363636363636364,0.363636363636364,0.363636363636364,4,4,7,7,"paired_perm_0062",565
"GSE103940","LASSO",0.5,0.5,1,0,11,0,11,0,"paired_perm_0063",1656
"GSE103940","ElasticNet",0.5,0.5,1,0,11,0,11,0,"paired_perm_0063",1656
"GSE103940","RF",0.28099173553719,0.318181818181818,0.272727272727273,0.363636363636364,3,4,7,8,"paired_perm_0063",1656
"GSE103940","SVM",0.231404958677686,0.318181818181818,0.363636363636364,0.272727272727273,4,3,8,7,"paired_perm_0063",1656
"GSE103940","Ensemble",0.181818181818182,0.272727272727273,0.272727272727273,0.272727272727273,3,3,8,8,"paired_perm_0063",1656
"GSE103940","LASSO",0.508264462809917,0.5,0.909090909090909,0.0909090909090909,10,1,10,1,"paired_perm_0064",2039
"GSE103940","ElasticNet",0.570247933884298,0.545454545454545,0.727272727272727,0.363636363636364,8,4,7,3,"paired_perm_0064",2039
"GSE103940","RF",0.801652892561983,0.863636363636364,0.818181818181818,0.909090909090909,9,10,1,2,"paired_perm_0064",2039
"GSE103940","SVM",0.685950413223141,0.727272727272727,0.727272727272727,0.727272727272727,8,8,3,3,"paired_perm_0064",2039
"GSE103940","Ensemble",0.760330578512397,0.818181818181818,0.818181818181818,0.818181818181818,9,9,2,2,"paired_perm_0064",2039
"GSE103940","LASSO",0.495867768595041,0.5,1,0,11,0,11,0,"paired_perm_0065",1247
"GSE103940","ElasticNet",0.338842975206612,0.409090909090909,0.818181818181818,0,9,0,11,2,"paired_perm_0065",1247
"GSE103940","RF",0.652892561983471,0.727272727272727,0.727272727272727,0.727272727272727,8,8,3,3,"paired_perm_0065",1247
"GSE103940","SVM",0.59504132231405,0.454545454545455,0.363636363636364,0.545454545454545,4,6,5,7,"paired_perm_0065",1247
"GSE103940","Ensemble",0.677685950413223,0.681818181818182,0.636363636363636,0.727272727272727,7,8,3,4,"paired_perm_0065",1247
"GSE103940","LASSO",0.5,0.5,1,0,11,0,11,0,"paired_perm_0066",919
"GSE103940","ElasticNet",0.5,0.5,1,0,11,0,11,0,"paired_perm_0066",919
"GSE103940","RF",0.194214876033058,0.227272727272727,0.181818181818182,0.272727272727273,2,3,8,9,"paired_perm_0066",919
"GSE103940","SVM",0.471074380165289,0.545454545454545,0.636363636363636,0.454545454545455,7,5,6,4,"paired_perm_0066",919
"GSE103940","Ensemble",0.173553719008264,0.272727272727273,0.363636363636364,0.181818181818182,4,2,9,7,"paired_perm_0066",919
"GSE103940","LASSO",0.413223140495868,0.454545454545455,0.909090909090909,0,10,0,11,1,"paired_perm_0067",559
"GSE103940","ElasticNet",0.409090909090909,0.454545454545455,0.909090909090909,0,10,0,11,1,"paired_perm_0067",559
"GSE103940","RF",0.355371900826446,0.409090909090909,0.363636363636364,0.454545454545455,4,5,6,7,"paired_perm_0067",559
"GSE103940","SVM",0.545454545454545,0.636363636363636,0.727272727272727,0.545454545454545,8,6,5,3,"paired_perm_0067",559
"GSE103940","Ensemble",0.429752066115702,0.363636363636364,0.454545454545455,0.272727272727273,5,3,8,6,"paired_perm_0067",559
"GSE103940","LASSO",0.5,0.5,1,0,11,0,11,0,"paired_perm_0068",1553
"GSE103940","ElasticNet",0.5,0.5,1,0,11,0,11,0,"paired_perm_0068",1553
"GSE103940","RF",0.363636363636364,0.318181818181818,0.363636363636364,0.272727272727273,4,3,8,7,"paired_perm_0068",1553
"GSE103940","SVM",0.578512396694215,0.636363636363636,0.727272727272727,0.545454545454545,8,6,5,3,"paired_perm_0068",1553
"GSE103940","Ensemble",0.471074380165289,0.454545454545455,0.545454545454545,0.363636363636364,6,4,7,5,"paired_perm_0068",1553
"GSE103940","LASSO",0.5,0.5,1,0,11,0,11,0,"paired_perm_0069",399
"GSE103940","ElasticNet",0.5,0.5,1,0,11,0,11,0,"paired_perm_0069",399
"GSE103940","RF",0.392561983471074,0.454545454545455,0.545454545454545,0.363636363636364,6,4,7,5,"paired_perm_0069",399
"GSE103940","SVM",0.272727272727273,0.363636363636364,0.363636363636364,0.363636363636364,4,4,7,7,"paired_perm_0069",399
"GSE103940","Ensemble",0.289256198347107,0.227272727272727,0.181818181818182,0.272727272727273,2,3,8,9,"paired_perm_0069",399
"GSE103940","LASSO",0.5,0.5,1,0,11,0,11,0,"paired_perm_0070",1876
"GSE103940","ElasticNet",0.5,0.5,1,0,11,0,11,0,"paired_perm_0070",1876
"GSE103940","RF",0.235537190082645,0.318181818181818,0.363636363636364,0.272727272727273,4,3,8,7,"paired_perm_0070",1876
"GSE103940","SVM",0.347107438016529,0.5,0.454545454545455,0.545454545454545,5,6,5,6,"paired_perm_0070",1876
"GSE103940","Ensemble",0.223140495867769,0.318181818181818,0.272727272727273,0.363636363636364,3,4,7,8,"paired_perm_0070",1876
"GSE103940","LASSO",0.417355371900826,0.454545454545455,0.909090909090909,0,10,0,11,1,"paired_perm_0071",637
"GSE103940","ElasticNet",0.632231404958678,0.636363636363636,0.727272727272727,0.545454545454545,8,6,5,3,"paired_perm_0071",637
"GSE103940","RF",0.859504132231405,0.727272727272727,0.727272727272727,0.727272727272727,8,8,3,3,"paired_perm_0071",637
"GSE103940","SVM",0.355371900826446,0.363636363636364,0.363636363636364,0.363636363636364,4,4,7,7,"paired_perm_0071",637
"GSE103940","Ensemble",0.677685950413223,0.681818181818182,0.636363636363636,0.727272727272727,7,8,3,4,"paired_perm_0071",637
"GSE103940","LASSO",0.5,0.5,1,0,11,0,11,0,"paired_perm_0072",455
"GSE103940","ElasticNet",0.5,0.5,1,0,11,0,11,0,"paired_perm_0072",455
"GSE103940","RF",0.206611570247934,0.318181818181818,0.454545454545455,0.181818181818182,5,2,9,6,"paired_perm_0072",455
"GSE103940","SVM",0.685950413223141,0.681818181818182,0.727272727272727,0.636363636363636,8,7,4,3,"paired_perm_0072",455
"GSE103940","Ensemble",0.471074380165289,0.454545454545455,0.454545454545455,0.454545454545455,5,5,6,6,"paired_perm_0072",455
"GSE103940","LASSO",0.413223140495868,0.454545454545455,0.909090909090909,0,10,0,11,1,"paired_perm_0073",1276
"GSE103940","ElasticNet",0.433884297520661,0.454545454545455,0.818181818181818,0.0909090909090909,9,1,10,2,"paired_perm_0073",1276
"GSE103940","RF",0.611570247933884,0.5,0.363636363636364,0.636363636363636,4,7,4,7,"paired_perm_0073",1276
"GSE103940","SVM",0.611570247933884,0.545454545454545,0.545454545454545,0.545454545454545,6,6,5,5,"paired_perm_0073",1276
"GSE103940","Ensemble",0.578512396694215,0.545454545454545,0.545454545454545,0.545454545454545,6,6,5,5,"paired_perm_0073",1276
"GSE103940","LASSO",0.5,0.5,1,0,11,0,11,0,"paired_perm_0074",599
"GSE103940","ElasticNet",0.5,0.5,1,0,11,0,11,0,"paired_perm_0074",599
"GSE103940","RF",0.524793388429752,0.545454545454545,0.363636363636364,0.727272727272727,4,8,3,7,"paired_perm_0074",599
"GSE103940","SVM",0.190082644628099,0.272727272727273,0.181818181818182,0.363636363636364,2,4,7,9,"paired_perm_0074",599
"GSE103940","Ensemble",0.297520661157025,0.454545454545455,0.272727272727273,0.636363636363636,3,7,4,8,"paired_perm_0074",599
"GSE103940","LASSO",0.425619834710744,0.454545454545455,0.818181818181818,0.0909090909090909,9,1,10,2,"paired_perm_0075",1424
"GSE103940","ElasticNet",0.417355371900826,0.454545454545455,0.818181818181818,0.0909090909090909,9,1,10,2,"paired_perm_0075",1424
"GSE103940","RF",0.752066115702479,0.636363636363636,0.636363636363636,0.636363636363636,7,7,4,4,"paired_perm_0075",1424
"GSE103940","SVM",0.40495867768595,0.363636363636364,0.363636363636364,0.363636363636364,4,4,7,7,"paired_perm_0075",1424
"GSE103940","Ensemble",0.487603305785124,0.5,0.363636363636364,0.636363636363636,4,7,4,7,"paired_perm_0075",1424
"GSE103940","LASSO",0.5,0.5,1,0,11,0,11,0,"paired_perm_0076",203
"GSE103940","ElasticNet",0.5,0.5,1,0,11,0,11,0,"paired_perm_0076",203
"GSE103940","RF",0.289256198347107,0.318181818181818,0.181818181818182,0.454545454545455,2,5,6,9,"paired_perm_0076",203
"GSE103940","SVM",0.347107438016529,0.409090909090909,0.636363636363636,0.181818181818182,7,2,9,4,"paired_perm_0076",203
"GSE103940","Ensemble",0.256198347107438,0.318181818181818,0.454545454545455,0.181818181818182,5,2,9,6,"paired_perm_0076",203
"GSE103940","LASSO",0.652892561983471,0.636363636363636,0.727272727272727,0.545454545454545,8,6,5,3,"paired_perm_0077",1533
"GSE103940","ElasticNet",0.851239669421488,0.818181818181818,0.818181818181818,0.818181818181818,9,9,2,2,"paired_perm_0077",1533
"GSE103940","RF",0.785123966942149,0.818181818181818,0.727272727272727,0.909090909090909,8,10,1,3,"paired_perm_0077",1533
"GSE103940","SVM",0.867768595041322,0.863636363636364,0.818181818181818,0.909090909090909,9,10,1,2,"paired_perm_0077",1533
"GSE103940","Ensemble",0.818181818181818,0.863636363636364,0.818181818181818,0.909090909090909,9,10,1,2,"paired_perm_0077",1533
"GSE103940","LASSO",0.495867768595041,0.5,0.909090909090909,0.0909090909090909,10,1,10,1,"paired_perm_0078",801
"GSE103940","ElasticNet",0.545454545454545,0.545454545454545,0.727272727272727,0.363636363636364,8,4,7,3,"paired_perm_0078",801
"GSE103940","RF",0.59504132231405,0.545454545454545,0.545454545454545,0.545454545454545,6,6,5,5,"paired_perm_0078",801
"GSE103940","SVM",0.801652892561983,0.727272727272727,0.818181818181818,0.636363636363636,9,7,4,2,"paired_perm_0078",801
"GSE103940","Ensemble",0.760330578512397,0.681818181818182,0.636363636363636,0.727272727272727,7,8,3,4,"paired_perm_0078",801
"GSE103940","LASSO",0.413223140495868,0.454545454545455,0.909090909090909,0,10,0,11,1,"paired_perm_0079",254
"GSE103940","ElasticNet",0.334710743801653,0.409090909090909,0.818181818181818,0,9,0,11,2,"paired_perm_0079",254
"GSE103940","RF",0.396694214876033,0.363636363636364,0.181818181818182,0.545454545454545,2,6,5,9,"paired_perm_0079",254
"GSE103940","SVM",0.636363636363636,0.636363636363636,0.545454545454545,0.727272727272727,6,8,3,5,"paired_perm_0079",254
"GSE103940","Ensemble",0.504132231404959,0.5,0.454545454545455,0.545454545454545,5,6,5,6,"paired_perm_0079",254
"GSE103940","LASSO",0.5,0.5,1,0,11,0,11,0,"paired_perm_0080",661
"GSE103940","ElasticNet",0.413223140495868,0.454545454545455,0.909090909090909,0,10,0,11,1,"paired_perm_0080",661
"GSE103940","RF",0.388429752066116,0.409090909090909,0.363636363636364,0.454545454545455,4,5,6,7,"paired_perm_0080",661
"GSE103940","SVM",0.388429752066116,0.454545454545455,0.636363636363636,0.272727272727273,7,3,8,4,"paired_perm_0080",661
"GSE103940","Ensemble",0.355371900826446,0.409090909090909,0.545454545454545,0.272727272727273,6,3,8,5,"paired_perm_0080",661
"GSE103940","LASSO",0.495867768595041,0.5,1,0,11,0,11,0,"paired_perm_0081",1868
"GSE103940","ElasticNet",0.409090909090909,0.454545454545455,0.909090909090909,0,10,0,11,1,"paired_perm_0081",1868
"GSE103940","RF",0.446280991735537,0.454545454545455,0.545454545454545,0.363636363636364,6,4,7,5,"paired_perm_0081",1868
"GSE103940","SVM",0.520661157024793,0.545454545454545,0.545454545454545,0.545454545454545,6,6,5,5,"paired_perm_0081",1868
"GSE103940","Ensemble",0.421487603305785,0.454545454545455,0.454545454545455,0.454545454545455,5,5,6,6,"paired_perm_0081",1868
"GSE103940","LASSO",0.5,0.5,1,0,11,0,11,0,"paired_perm_0082",1797
"GSE103940","ElasticNet",0.5,0.5,1,0,11,0,11,0,"paired_perm_0082",1797
"GSE103940","RF",0.0909090909090909,0.181818181818182,0.181818181818182,0.181818181818182,2,2,9,9,"paired_perm_0082",1797
"GSE103940","SVM",0.462809917355372,0.590909090909091,0.636363636363636,0.545454545454545,7,6,5,4,"paired_perm_0082",1797
"GSE103940","Ensemble",0.148760330578512,0.227272727272727,0.272727272727273,0.181818181818182,3,2,9,8,"paired_perm_0082",1797
"GSE103940","LASSO",0.793388429752066,0.681818181818182,0.909090909090909,0.454545454545455,10,5,6,1,"paired_perm_0083",1661
"GSE103940","ElasticNet",0.710743801652893,0.681818181818182,0.727272727272727,0.636363636363636,8,7,4,3,"paired_perm_0083",1661
"GSE103940","RF",0.84297520661157,0.772727272727273,0.727272727272727,0.818181818181818,8,9,2,3,"paired_perm_0083",1661
"GSE103940","SVM",0.669421487603306,0.590909090909091,0.545454545454545,0.636363636363636,6,7,4,5,"paired_perm_0083",1661
"GSE103940","Ensemble",0.785123966942149,0.772727272727273,0.727272727272727,0.818181818181818,8,9,2,3,"paired_perm_0083",1661
"GSE103940","LASSO",0.495867768595041,0.5,0.909090909090909,0.0909090909090909,10,1,10,1,"paired_perm_0084",1583
"GSE103940","ElasticNet",0.495867768595041,0.5,0.818181818181818,0.181818181818182,9,2,9,2,"paired_perm_0084",1583
"GSE103940","RF",0.429752066115702,0.409090909090909,0.454545454545455,0.363636363636364,5,4,7,6,"paired_perm_0084",1583
"GSE103940","SVM",0.512396694214876,0.5,0.545454545454545,0.454545454545455,6,5,6,5,"paired_perm_0084",1583
"GSE103940","Ensemble",0.454545454545455,0.454545454545455,0.454545454545455,0.454545454545455,5,5,6,6,"paired_perm_0084",1583
"GSE103940","LASSO",0.413223140495868,0.454545454545455,0.909090909090909,0,10,0,11,1,"paired_perm_0085",218
"GSE103940","ElasticNet",0.413223140495868,0.454545454545455,0.909090909090909,0,10,0,11,1,"paired_perm_0085",218
"GSE103940","RF",0.276859504132231,0.318181818181818,0.272727272727273,0.363636363636364,3,4,7,8,"paired_perm_0085",218
"GSE103940","SVM",0.43801652892562,0.5,0.363636363636364,0.636363636363636,4,7,4,7,"paired_perm_0085",218
"GSE103940","Ensemble",0.231404958677686,0.318181818181818,0.0909090909090909,0.545454545454545,1,6,5,10,"paired_perm_0085",218
"GSE103940","LASSO",0.5,0.5,1,0,11,0,11,0,"paired_perm_0086",1704
"GSE103940","ElasticNet",0.5,0.5,1,0,11,0,11,0,"paired_perm_0086",1704
"GSE103940","RF",0.206611570247934,0.272727272727273,0.272727272727273,0.272727272727273,3,3,8,8,"paired_perm_0086",1704
"GSE103940","SVM",0.380165289256198,0.454545454545455,0.363636363636364,0.545454545454545,4,6,5,7,"paired_perm_0086",1704
"GSE103940","Ensemble",0.272727272727273,0.363636363636364,0.272727272727273,0.454545454545455,3,5,6,8,"paired_perm_0086",1704
"GSE103940","LASSO",0.5,0.5,1,0,11,0,11,0,"paired_perm_0087",155
"GSE103940","ElasticNet",0.5,0.5,1,0,11,0,11,0,"paired_perm_0087",155
"GSE103940","RF",0.338842975206612,0.409090909090909,0.363636363636364,0.454545454545455,4,5,6,7,"paired_perm_0087",155
"GSE103940","SVM",0.520661157024793,0.545454545454545,0.636363636363636,0.454545454545455,7,5,6,4,"paired_perm_0087",155
"GSE103940","Ensemble",0.347107438016529,0.409090909090909,0.545454545454545,0.272727272727273,6,3,8,5,"paired_perm_0087",155
"GSE103940","LASSO",0.5,0.5,1,0,11,0,11,0,"paired_perm_0088",1250
"GSE103940","ElasticNet",0.5,0.5,1,0,11,0,11,0,"paired_perm_0088",1250
"GSE103940","RF",0.495867768595041,0.454545454545455,0.636363636363636,0.272727272727273,7,3,8,4,"paired_perm_0088",1250
"GSE103940","SVM",0.462809917355372,0.545454545454545,0.545454545454545,0.545454545454545,6,6,5,5,"paired_perm_0088",1250
"GSE103940","Ensemble",0.495867768595041,0.545454545454545,0.636363636363636,0.454545454545455,7,5,6,4,"paired_perm_0088",1250
"GSE103940","LASSO",0.615702479338843,0.545454545454545,0.818181818181818,0.272727272727273,9,3,8,2,"paired_perm_0089",1469
"GSE103940","ElasticNet",0.590909090909091,0.545454545454545,0.727272727272727,0.363636363636364,8,4,7,3,"paired_perm_0089",1469
"GSE103940","RF",0.760330578512397,0.681818181818182,0.636363636363636,0.727272727272727,7,8,3,4,"paired_perm_0089",1469
"GSE103940","SVM",0.504132231404959,0.590909090909091,0.454545454545455,0.727272727272727,5,8,3,6,"paired_perm_0089",1469
"GSE103940","Ensemble",0.644628099173554,0.636363636363636,0.636363636363636,0.636363636363636,7,7,4,4,"paired_perm_0089",1469
"GSE103940","LASSO",0.504132231404959,0.5,0.636363636363636,0.363636363636364,7,4,7,4,"paired_perm_0090",679
"GSE103940","ElasticNet",0.549586776859504,0.545454545454545,0.636363636363636,0.454545454545455,7,5,6,4,"paired_perm_0090",679
"GSE103940","RF",0.59504132231405,0.636363636363636,0.727272727272727,0.545454545454545,8,6,5,3,"paired_perm_0090",679
"GSE103940","SVM",0.743801652892562,0.590909090909091,0.545454545454545,0.636363636363636,6,7,4,5,"paired_perm_0090",679
"GSE103940","Ensemble",0.710743801652893,0.636363636363636,0.545454545454545,0.727272727272727,6,8,3,5,"paired_perm_0090",679
"GSE103940","LASSO",0.413223140495868,0.454545454545455,0.909090909090909,0,10,0,11,1,"paired_perm_0091",328
"GSE103940","ElasticNet",0.413223140495868,0.454545454545455,0.909090909090909,0,10,0,11,1,"paired_perm_0091",328
"GSE103940","RF",0.553719008264463,0.5,0.363636363636364,0.636363636363636,4,7,4,7,"paired_perm_0091",328
"GSE103940","SVM",0.31404958677686,0.409090909090909,0.545454545454545,0.272727272727273,6,3,8,5,"paired_perm_0091",328
"GSE103940","Ensemble",0.338842975206612,0.454545454545455,0.454545454545455,0.454545454545455,5,5,6,6,"paired_perm_0091",328
"GSE103940","LASSO",0.495867768595041,0.5,0.909090909090909,0.0909090909090909,10,1,10,1,"paired_perm_0092",510
"GSE103940","ElasticNet",0.495867768595041,0.5,0.909090909090909,0.0909090909090909,10,1,10,1,"paired_perm_0092",510
"GSE103940","RF",0.702479338842975,0.727272727272727,0.727272727272727,0.727272727272727,8,8,3,3,"paired_perm_0092",510
"GSE103940","SVM",0.694214876033058,0.636363636363636,0.545454545454545,0.727272727272727,6,8,3,5,"paired_perm_0092",510
"GSE103940","Ensemble",0.735537190082645,0.636363636363636,0.636363636363636,0.636363636363636,7,7,4,4,"paired_perm_0092",510
"GSE103940","LASSO",0.5,0.5,1,0,11,0,11,0,"paired_perm_0093",219
"GSE103940","ElasticNet",0.5,0.5,1,0,11,0,11,0,"paired_perm_0093",219
"GSE103940","RF",0.239669421487603,0.272727272727273,0.0909090909090909,0.454545454545455,1,5,6,10,"paired_perm_0093",219
"GSE103940","SVM",0.429752066115702,0.5,0.363636363636364,0.636363636363636,4,7,4,7,"paired_perm_0093",219
"GSE103940","Ensemble",0.289256198347107,0.363636363636364,0.272727272727273,0.454545454545455,3,5,6,8,"paired_perm_0093",219
"GSE103940","LASSO",0.504132231404959,0.5,0.909090909090909,0.0909090909090909,10,1,10,1,"paired_perm_0094",148
"GSE103940","ElasticNet",0.413223140495868,0.454545454545455,0.727272727272727,0.181818181818182,8,2,9,3,"paired_perm_0094",148
"GSE103940","RF",0.661157024793388,0.681818181818182,0.727272727272727,0.636363636363636,8,7,4,3,"paired_perm_0094",148
"GSE103940","SVM",0.396694214876033,0.454545454545455,0.545454545454545,0.363636363636364,6,4,7,5,"paired_perm_0094",148
"GSE103940","Ensemble",0.603305785123967,0.636363636363636,0.636363636363636,0.636363636363636,7,7,4,4,"paired_perm_0094",148
"GSE103940","LASSO",0.495867768595041,0.5,0.909090909090909,0.0909090909090909,10,1,10,1,"paired_perm_0095",336
"GSE103940","ElasticNet",0.62396694214876,0.590909090909091,0.818181818181818,0.363636363636364,9,4,7,2,"paired_perm_0095",336
"GSE103940","RF",0.545454545454545,0.5,0.454545454545455,0.545454545454545,5,6,5,6,"paired_perm_0095",336
"GSE103940","SVM",0.727272727272727,0.636363636363636,0.454545454545455,0.818181818181818,5,9,2,6,"paired_perm_0095",336
"GSE103940","Ensemble",0.586776859504132,0.454545454545455,0.363636363636364,0.545454545454545,4,6,5,7,"paired_perm_0095",336
"GSE103940","LASSO",0.5,0.5,1,0,11,0,11,0,"paired_perm_0096",617
"GSE103940","ElasticNet",0.421487603305785,0.454545454545455,0.818181818181818,0.0909090909090909,9,1,10,2,"paired_perm_0096",617
"GSE103940","RF",0.917355371900826,0.727272727272727,0.818181818181818,0.636363636363636,9,7,4,2,"paired_perm_0096",617
"GSE103940","SVM",0.504132231404959,0.545454545454545,0.636363636363636,0.454545454545455,7,5,6,4,"paired_perm_0096",617
"GSE103940","Ensemble",0.752066115702479,0.681818181818182,0.727272727272727,0.636363636363636,8,7,4,3,"paired_perm_0096",617
"GSE103940","LASSO",0.5,0.5,1,0,11,0,11,0,"paired_perm_0097",251
"GSE103940","ElasticNet",0.413223140495868,0.454545454545455,0.909090909090909,0,10,0,11,1,"paired_perm_0097",251
"GSE103940","RF",0.293388429752066,0.454545454545455,0.363636363636364,0.545454545454545,4,6,5,7,"paired_perm_0097",251
"GSE103940","SVM",0.421487603305785,0.454545454545455,0.272727272727273,0.636363636363636,3,7,4,8,"paired_perm_0097",251
"GSE103940","Ensemble",0.330578512396694,0.409090909090909,0.181818181818182,0.636363636363636,2,7,4,9,"paired_perm_0097",251
"GSE103940","LASSO",0.5,0.5,1,0,11,0,11,0,"paired_perm_0098",788
"GSE103940","ElasticNet",0.5,0.5,1,0,11,0,11,0,"paired_perm_0098",788
"GSE103940","RF",0.425619834710744,0.454545454545455,0.454545454545455,0.454545454545455,5,5,6,6,"paired_perm_0098",788
"GSE103940","SVM",0.652892561983471,0.590909090909091,0.545454545454545,0.636363636363636,6,7,4,5,"paired_perm_0098",788
"GSE103940","Ensemble",0.570247933884298,0.545454545454545,0.636363636363636,0.454545454545455,7,5,6,4,"paired_perm_0098",788
"GSE103940","LASSO",0.413223140495868,0.454545454545455,0.909090909090909,0,10,0,11,1,"paired_perm_0099",903
"GSE103940","ElasticNet",0.409090909090909,0.454545454545455,0.818181818181818,0.0909090909090909,9,1,10,2,"paired_perm_0099",903
"GSE103940","RF",0.0743801652892562,0.0909090909090909,0.181818181818182,0,2,0,11,9,"paired_perm_0099",903
"GSE103940","SVM",0.247933884297521,0.318181818181818,0.454545454545455,0.181818181818182,5,2,9,6,"paired_perm_0099",903
"GSE103940","Ensemble",0.165289256198347,0.181818181818182,0.272727272727273,0.0909090909090909,3,1,10,8,"paired_perm_0099",903
"GSE103940","LASSO",0.5,0.5,1,0,11,0,11,0,"paired_perm_0100",1221
"GSE103940","ElasticNet",0.5,0.5,1,0,11,0,11,0,"paired_perm_0100",1221
"GSE103940","RF",0.504132231404959,0.590909090909091,0.727272727272727,0.454545454545455,8,5,6,3,"paired_perm_0100",1221
"GSE103940","SVM",0.421487603305785,0.409090909090909,0.545454545454545,0.272727272727273,6,3,8,5,"paired_perm_0100",1221
"GSE103940","Ensemble",0.454545454545455,0.545454545454545,0.636363636363636,0.454545454545455,7,5,6,4,"paired_perm_0100",1221
"GSE103940","LASSO",0.5,0.5,1,0,11,0,11,0,"paired_perm_0101",323
"GSE103940","ElasticNet",0.5,0.5,1,0,11,0,11,0,"paired_perm_0101",323
"GSE103940","RF",0.165289256198347,0.181818181818182,0.181818181818182,0.181818181818182,2,2,9,9,"paired_perm_0101",323
"GSE103940","SVM",0.487603305785124,0.545454545454545,0.454545454545455,0.636363636363636,5,7,4,6,"paired_perm_0101",323
"GSE103940","Ensemble",0.322314049586777,0.363636363636364,0.454545454545455,0.272727272727273,5,3,8,6,"paired_perm_0101",323
"GSE103940","LASSO",0.5,0.5,1,0,11,0,11,0,"paired_perm_0102",1771
"GSE103940","ElasticNet",0.413223140495868,0.454545454545455,0.909090909090909,0,10,0,11,1,"paired_perm_0102",1771
"GSE103940","RF",0.487603305785124,0.5,0.454545454545455,0.545454545454545,5,6,5,6,"paired_perm_0102",1771
"GSE103940","SVM",0.380165289256198,0.409090909090909,0.363636363636364,0.454545454545455,4,5,6,7,"paired_perm_0102",1771
"GSE103940","Ensemble",0.421487603305785,0.318181818181818,0.272727272727273,0.363636363636364,3,4,7,8,"paired_perm_0102",1771
"GSE103940","LASSO",0.495867768595041,0.5,0.818181818181818,0.181818181818182,9,2,9,2,"paired_perm_0103",722
"GSE103940","ElasticNet",0.475206611570248,0.5,0.727272727272727,0.272727272727273,8,3,8,3,"paired_perm_0103",722
"GSE103940","RF",0.495867768595041,0.5,0.545454545454545,0.454545454545455,6,5,6,5,"paired_perm_0103",722
"GSE103940","SVM",0.661157024793388,0.545454545454545,0.272727272727273,0.818181818181818,3,9,2,8,"paired_perm_0103",722
"GSE103940","Ensemble",0.586776859504132,0.590909090909091,0.454545454545455,0.727272727272727,5,8,3,6,"paired_perm_0103",722
"GSE103940","LASSO",0.413223140495868,0.454545454545455,0.909090909090909,0,10,0,11,1,"paired_perm_0104",792
"GSE103940","ElasticNet",0.413223140495868,0.454545454545455,0.909090909090909,0,10,0,11,1,"paired_perm_0104",792
"GSE103940","RF",0.400826446280992,0.318181818181818,0.181818181818182,0.454545454545455,2,5,6,9,"paired_perm_0104",792
"GSE103940","SVM",0.471074380165289,0.545454545454545,0.454545454545455,0.636363636363636,5,7,4,6,"paired_perm_0104",792
"GSE103940","Ensemble",0.396694214876033,0.5,0.454545454545455,0.545454545454545,5,6,5,6,"paired_perm_0104",792
"GSE103940","LASSO",0.338842975206612,0.409090909090909,0.727272727272727,0.0909090909090909,8,1,10,3,"paired_perm_0105",2018
"GSE103940","ElasticNet",0.338842975206612,0.409090909090909,0.636363636363636,0.181818181818182,7,2,9,4,"paired_perm_0105",2018
"GSE103940","RF",0.446280991735537,0.363636363636364,0.454545454545455,0.272727272727273,5,3,8,6,"paired_perm_0105",2018
"GSE103940","SVM",0.355371900826446,0.409090909090909,0.272727272727273,0.545454545454545,3,6,5,8,"paired_perm_0105",2018
"GSE103940","Ensemble",0.371900826446281,0.454545454545455,0.363636363636364,0.545454545454545,4,6,5,7,"paired_perm_0105",2018
"GSE103940","LASSO",0.495867768595041,0.5,0.818181818181818,0.181818181818182,9,2,9,2,"paired_perm_0106",464
"GSE103940","ElasticNet",0.495867768595041,0.5,0.909090909090909,0.0909090909090909,10,1,10,1,"paired_perm_0106",464
"GSE103940","RF",0.462809917355372,0.545454545454545,0.454545454545455,0.636363636363636,5,7,4,6,"paired_perm_0106",464
"GSE103940","SVM",0.512396694214876,0.5,0.454545454545455,0.545454545454545,5,6,5,6,"paired_perm_0106",464
"GSE103940","Ensemble",0.462809917355372,0.5,0.454545454545455,0.545454545454545,5,6,5,6,"paired_perm_0106",464
"GSE103940","LASSO",0.433884297520661,0.454545454545455,0.727272727272727,0.181818181818182,8,2,9,3,"paired_perm_0107",1538
"GSE103940","ElasticNet",0.433884297520661,0.454545454545455,0.727272727272727,0.181818181818182,8,2,9,3,"paired_perm_0107",1538
"GSE103940","RF",0.628099173553719,0.590909090909091,0.636363636363636,0.545454545454545,7,6,5,4,"paired_perm_0107",1538
"GSE103940","SVM",0.347107438016529,0.409090909090909,0.454545454545455,0.363636363636364,5,4,7,6,"paired_perm_0107",1538
"GSE103940","Ensemble",0.570247933884298,0.590909090909091,0.636363636363636,0.545454545454545,7,6,5,4,"paired_perm_0107",1538
"GSE103940","LASSO",0.5,0.5,1,0,11,0,11,0,"paired_perm_0108",1074
"GSE103940","ElasticNet",0.413223140495868,0.454545454545455,0.909090909090909,0,10,0,11,1,"paired_perm_0108",1074
"GSE103940","RF",0.739669421487603,0.681818181818182,0.818181818181818,0.545454545454545,9,6,5,2,"paired_perm_0108",1074
"GSE103940","SVM",0.413223140495868,0.409090909090909,0.272727272727273,0.545454545454545,3,6,5,8,"paired_perm_0108",1074
"GSE103940","Ensemble",0.59504132231405,0.727272727272727,0.727272727272727,0.727272727272727,8,8,3,3,"paired_perm_0108",1074
"GSE103940","LASSO",0.5,0.5,1,0,11,0,11,0,"paired_perm_0109",1138
"GSE103940","ElasticNet",0.5,0.5,1,0,11,0,11,0,"paired_perm_0109",1138
"GSE103940","RF",0.508264462809917,0.5,0.636363636363636,0.363636363636364,7,4,7,4,"paired_perm_0109",1138
"GSE103940","SVM",0.545454545454545,0.545454545454545,0.545454545454545,0.545454545454545,6,6,5,5,"paired_perm_0109",1138
"GSE103940","Ensemble",0.504132231404959,0.363636363636364,0.363636363636364,0.363636363636364,4,4,7,7,"paired_perm_0109",1138
"GSE103940","LASSO",0.413223140495868,0.454545454545455,0.909090909090909,0,10,0,11,1,"paired_perm_0110",841
"GSE103940","ElasticNet",0.417355371900826,0.454545454545455,0.909090909090909,0,10,0,11,1,"paired_perm_0110",841
"GSE103940","RF",0.574380165289256,0.590909090909091,0.636363636363636,0.545454545454545,7,6,5,4,"paired_perm_0110",841
"GSE103940","SVM",0.479338842975207,0.545454545454545,0.636363636363636,0.454545454545455,7,5,6,4,"paired_perm_0110",841
"GSE103940","Ensemble",0.504132231404959,0.5,0.545454545454545,0.454545454545455,6,5,6,5,"paired_perm_0110",841
"GSE103940","LASSO",0.504132231404959,0.5,0.909090909090909,0.0909090909090909,10,1,10,1,"paired_perm_0111",1803
"GSE103940","ElasticNet",0.487603305785124,0.5,0.909090909090909,0.0909090909090909,10,1,10,1,"paired_perm_0111",1803
"GSE103940","RF",0.425619834710744,0.454545454545455,0.454545454545455,0.454545454545455,5,5,6,6,"paired_perm_0111",1803
"GSE103940","SVM",0.446280991735537,0.363636363636364,0.181818181818182,0.545454545454545,2,6,5,9,"paired_perm_0111",1803
"GSE103940","Ensemble",0.355371900826446,0.318181818181818,0.272727272727273,0.363636363636364,3,4,7,8,"paired_perm_0111",1803
"GSE103940","LASSO",0.413223140495868,0.454545454545455,0.909090909090909,0,10,0,11,1,"paired_perm_0112",1927
"GSE103940","ElasticNet",0.417355371900826,0.454545454545455,0.818181818181818,0.0909090909090909,9,1,10,2,"paired_perm_0112",1927
"GSE103940","RF",0.421487603305785,0.5,0.636363636363636,0.363636363636364,7,4,7,4,"paired_perm_0112",1927
"GSE103940","SVM",0.338842975206612,0.363636363636364,0.363636363636364,0.363636363636364,4,4,7,7,"paired_perm_0112",1927
"GSE103940","Ensemble",0.429752066115702,0.5,0.363636363636364,0.636363636363636,4,7,4,7,"paired_perm_0112",1927
"GSE103940","LASSO",0.5,0.5,1,0,11,0,11,0,"paired_perm_0113",1120
"GSE103940","ElasticNet",0.5,0.5,1,0,11,0,11,0,"paired_perm_0113",1120
"GSE103940","RF",0.504132231404959,0.636363636363636,0.727272727272727,0.545454545454545,8,6,5,3,"paired_perm_0113",1120
"GSE103940","SVM",0.214876033057851,0.181818181818182,0.363636363636364,0,4,0,11,7,"paired_perm_0113",1120
"GSE103940","Ensemble",0.446280991735537,0.636363636363636,0.727272727272727,0.545454545454545,8,6,5,3,"paired_perm_0113",1120
"GSE103940","LASSO",0.495867768595041,0.5,1,0,11,0,11,0,"paired_perm_0114",1545
"GSE103940","ElasticNet",0.495867768595041,0.5,1,0,11,0,11,0,"paired_perm_0114",1545
"GSE103940","RF",0.487603305785124,0.590909090909091,0.545454545454545,0.636363636363636,6,7,4,5,"paired_perm_0114",1545
"GSE103940","SVM",0.512396694214876,0.5,0.363636363636364,0.636363636363636,4,7,4,7,"paired_perm_0114",1545
"GSE103940","Ensemble",0.537190082644628,0.5,0.363636363636364,0.636363636363636,4,7,4,7,"paired_perm_0114",1545
"GSE103940","LASSO",0.5,0.5,1,0,11,0,11,0,"paired_perm_0115",1302
"GSE103940","ElasticNet",0.5,0.5,1,0,11,0,11,0,"paired_perm_0115",1302
"GSE103940","RF",0.607438016528926,0.545454545454545,0.636363636363636,0.454545454545455,7,5,6,4,"paired_perm_0115",1302
"GSE103940","SVM",0.371900826446281,0.454545454545455,0.181818181818182,0.727272727272727,2,8,3,9,"paired_perm_0115",1302
"GSE103940","Ensemble",0.421487603305785,0.5,0.454545454545455,0.545454545454545,5,6,5,6,"paired_perm_0115",1302
"GSE103940","LASSO",0.5,0.5,1,0,11,0,11,0,"paired_perm_0116",1559
"GSE103940","ElasticNet",0.5,0.5,1,0,11,0,11,0,"paired_perm_0116",1559
"GSE103940","RF",0.326446280991736,0.363636363636364,0.454545454545455,0.272727272727273,5,3,8,6,"paired_perm_0116",1559
"GSE103940","SVM",0.43801652892562,0.5,0.454545454545455,0.545454545454545,5,6,5,6,"paired_perm_0116",1559
"GSE103940","Ensemble",0.31404958677686,0.318181818181818,0.272727272727273,0.363636363636364,3,4,7,8,"paired_perm_0116",1559
"GSE103940","LASSO",0.409090909090909,0.454545454545455,0.909090909090909,0,10,0,11,1,"paired_perm_0117",674
"GSE103940","ElasticNet",0.628099173553719,0.590909090909091,0.636363636363636,0.545454545454545,7,6,5,4,"paired_perm_0117",674
"GSE103940","RF",0.669421487603306,0.545454545454545,0.545454545454545,0.545454545454545,6,6,5,5,"paired_perm_0117",674
"GSE103940","SVM",0.760330578512397,0.681818181818182,0.636363636363636,0.727272727272727,7,8,3,4,"paired_perm_0117",674
"GSE103940","Ensemble",0.71900826446281,0.681818181818182,0.727272727272727,0.636363636363636,8,7,4,3,"paired_perm_0117",674
"GSE103940","LASSO",0.495867768595041,0.5,0.909090909090909,0.0909090909090909,10,1,10,1,"paired_perm_0118",800
"GSE103940","ElasticNet",0.338842975206612,0.409090909090909,0.727272727272727,0.0909090909090909,8,1,10,3,"paired_perm_0118",800
"GSE103940","RF",0.628099173553719,0.636363636363636,0.727272727272727,0.545454545454545,8,6,5,3,"paired_perm_0118",800
"GSE103940","SVM",0.59504132231405,0.454545454545455,0.545454545454545,0.363636363636364,6,4,7,5,"paired_perm_0118",800
"GSE103940","Ensemble",0.652892561983471,0.636363636363636,0.727272727272727,0.545454545454545,8,6,5,3,"paired_perm_0118",800
"GSE103940","LASSO",0.413223140495868,0.454545454545455,0.909090909090909,0,10,0,11,1,"paired_perm_0119",37
"GSE103940","ElasticNet",0.409090909090909,0.454545454545455,0.818181818181818,0.0909090909090909,9,1,10,2,"paired_perm_0119",37
"GSE103940","RF",0.471074380165289,0.5,0.454545454545455,0.545454545454545,5,6,5,6,"paired_perm_0119",37
"GSE103940","SVM",0.272727272727273,0.363636363636364,0.363636363636364,0.363636363636364,4,4,7,7,"paired_perm_0119",37
"GSE103940","Ensemble",0.371900826446281,0.409090909090909,0.454545454545455,0.363636363636364,5,4,7,6,"paired_perm_0119",37
"GSE103940","LASSO",0.5,0.5,1,0,11,0,11,0,"paired_perm_0120",949
"GSE103940","ElasticNet",0.5,0.5,1,0,11,0,11,0,"paired_perm_0120",949
"GSE103940","RF",0.256198347107438,0.318181818181818,0.272727272727273,0.363636363636364,3,4,7,8,"paired_perm_0120",949
"GSE103940","SVM",0.636363636363636,0.772727272727273,0.818181818181818,0.727272727272727,9,8,3,2,"paired_perm_0120",949
"GSE103940","Ensemble",0.429752066115702,0.5,0.545454545454545,0.454545454545455,6,5,6,5,"paired_perm_0120",949
"GSE103940","LASSO",0.495867768595041,0.5,0.909090909090909,0.0909090909090909,10,1,10,1,"paired_perm_0121",167
"GSE103940","ElasticNet",0.495867768595041,0.5,0.909090909090909,0.0909090909090909,10,1,10,1,"paired_perm_0121",167
"GSE103940","RF",0.264462809917355,0.363636363636364,0.363636363636364,0.363636363636364,4,4,7,7,"paired_perm_0121",167
"GSE103940","SVM",0.578512396694215,0.590909090909091,0.727272727272727,0.454545454545455,8,5,6,3,"paired_perm_0121",167
"GSE103940","Ensemble",0.43801652892562,0.454545454545455,0.545454545454545,0.363636363636364,6,4,7,5,"paired_perm_0121",167
"GSE103940","LASSO",0.5,0.5,1,0,11,0,11,0,"paired_perm_0122",1126
"GSE103940","ElasticNet",0.5,0.5,1,0,11,0,11,0,"paired_perm_0122",1126
"GSE103940","RF",0.12396694214876,0.272727272727273,0.363636363636364,0.181818181818182,4,2,9,7,"paired_perm_0122",1126
"GSE103940","SVM",0.40495867768595,0.454545454545455,0.545454545454545,0.363636363636364,6,4,7,5,"paired_perm_0122",1126
"GSE103940","Ensemble",0.107438016528926,0.181818181818182,0.181818181818182,0.181818181818182,2,2,9,9,"paired_perm_0122",1126
"GSE103940","LASSO",0.5,0.5,1,0,11,0,11,0,"paired_perm_0123",1476
"GSE103940","ElasticNet",0.5,0.5,1,0,11,0,11,0,"paired_perm_0123",1476
"GSE103940","RF",0.454545454545455,0.545454545454545,0.545454545454545,0.545454545454545,6,6,5,5,"paired_perm_0123",1476
"GSE103940","SVM",0.553719008264463,0.681818181818182,0.818181818181818,0.545454545454545,9,6,5,2,"paired_perm_0123",1476
"GSE103940","Ensemble",0.504132231404959,0.590909090909091,0.727272727272727,0.454545454545455,8,5,6,3,"paired_perm_0123",1476
"GSE103940","LASSO",0.413223140495868,0.454545454545455,0.909090909090909,0,10,0,11,1,"paired_perm_0124",1007
"GSE103940","ElasticNet",0.413223140495868,0.454545454545455,0.909090909090909,0,10,0,11,1,"paired_perm_0124",1007
"GSE103940","RF",0.752066115702479,0.727272727272727,0.727272727272727,0.727272727272727,8,8,3,3,"paired_perm_0124",1007
"GSE103940","SVM",0.487603305785124,0.454545454545455,0.454545454545455,0.454545454545455,5,5,6,6,"paired_perm_0124",1007
"GSE103940","Ensemble",0.586776859504132,0.681818181818182,0.636363636363636,0.727272727272727,7,8,3,4,"paired_perm_0124",1007
"GSE103940","LASSO",0.347107438016529,0.409090909090909,0.727272727272727,0.0909090909090909,8,1,10,3,"paired_perm_0125",1755
"GSE103940","ElasticNet",0.297520661157025,0.363636363636364,0.636363636363636,0.0909090909090909,7,1,10,4,"paired_perm_0125",1755
"GSE103940","RF",0.520661157024793,0.545454545454545,0.545454545454545,0.545454545454545,6,6,5,5,"paired_perm_0125",1755
"GSE103940","SVM",0.421487603305785,0.454545454545455,0.454545454545455,0.454545454545455,5,5,6,6,"paired_perm_0125",1755
"GSE103940","Ensemble",0.454545454545455,0.409090909090909,0.363636363636364,0.454545454545455,4,5,6,7,"paired_perm_0125",1755
"GSE103940","LASSO",0.413223140495868,0.454545454545455,0.909090909090909,0,10,0,11,1,"paired_perm_0126",1443
"GSE103940","ElasticNet",0.491735537190083,0.5,0.818181818181818,0.181818181818182,9,2,9,2,"paired_perm_0126",1443
"GSE103940","RF",0.636363636363636,0.727272727272727,0.727272727272727,0.727272727272727,8,8,3,3,"paired_perm_0126",1443
"GSE103940","SVM",0.586776859504132,0.545454545454545,0.363636363636364,0.727272727272727,4,8,3,7,"paired_perm_0126",1443
"GSE103940","Ensemble",0.570247933884298,0.636363636363636,0.636363636363636,0.636363636363636,7,7,4,4,"paired_perm_0126",1443
"GSE103940","LASSO",0.56198347107438,0.545454545454545,0.818181818181818,0.272727272727273,9,3,8,2,"paired_perm_0127",178
"GSE103940","ElasticNet",0.752066115702479,0.727272727272727,0.727272727272727,0.727272727272727,8,8,3,3,"paired_perm_0127",178
"GSE103940","RF",0.752066115702479,0.636363636363636,0.636363636363636,0.636363636363636,7,7,4,4,"paired_perm_0127",178
"GSE103940","SVM",0.553719008264463,0.590909090909091,0.363636363636364,0.818181818181818,4,9,2,7,"paired_perm_0127",178
"GSE103940","Ensemble",0.710743801652893,0.681818181818182,0.636363636363636,0.727272727272727,7,8,3,4,"paired_perm_0127",178
"GSE103940","LASSO",0.491735537190083,0.5,1,0,11,0,11,0,"paired_perm_0128",603
"GSE103940","ElasticNet",0.483471074380165,0.5,1,0,11,0,11,0,"paired_perm_0128",603
"GSE103940","RF",0.40495867768595,0.454545454545455,0.454545454545455,0.454545454545455,5,5,6,6,"paired_perm_0128",603
"GSE103940","SVM",0.495867768595041,0.454545454545455,0.454545454545455,0.454545454545455,5,5,6,6,"paired_perm_0128",603
"GSE103940","Ensemble",0.43801652892562,0.409090909090909,0.454545454545455,0.363636363636364,5,4,7,6,"paired_perm_0128",603
"GSE103940","LASSO",0.504132231404959,0.5,1,0,11,0,11,0,"paired_perm_0129",1669
"GSE103940","ElasticNet",0.5,0.5,1,0,11,0,11,0,"paired_perm_0129",1669
"GSE103940","RF",0.322314049586777,0.454545454545455,0.636363636363636,0.272727272727273,7,3,8,4,"paired_perm_0129",1669
"GSE103940","SVM",0.454545454545455,0.590909090909091,0.818181818181818,0.363636363636364,9,4,7,2,"paired_perm_0129",1669
"GSE103940","Ensemble",0.330578512396694,0.454545454545455,0.636363636363636,0.272727272727273,7,3,8,4,"paired_perm_0129",1669
"GSE103940","LASSO",0.5,0.5,1,0,11,0,11,0,"paired_perm_0130",1238
"GSE103940","ElasticNet",0.5,0.5,1,0,11,0,11,0,"paired_perm_0130",1238
"GSE103940","RF",0.475206611570248,0.5,0.545454545454545,0.454545454545455,6,5,6,5,"paired_perm_0130",1238
"GSE103940","SVM",0.413223140495868,0.409090909090909,0.272727272727273,0.545454545454545,3,6,5,8,"paired_perm_0130",1238
"GSE103940","Ensemble",0.446280991735537,0.409090909090909,0.454545454545455,0.363636363636364,5,4,7,6,"paired_perm_0130",1238
"GSE103940","LASSO",0.413223140495868,0.454545454545455,0.909090909090909,0,10,0,11,1,"paired_perm_0131",1124
"GSE103940","ElasticNet",0.413223140495868,0.454545454545455,0.909090909090909,0,10,0,11,1,"paired_perm_0131",1124
"GSE103940","RF",0.173553719008264,0.318181818181818,0.363636363636364,0.272727272727273,4,3,8,7,"paired_perm_0131",1124
"GSE103940","SVM",0.545454545454545,0.5,0.545454545454545,0.454545454545455,6,5,6,5,"paired_perm_0131",1124
"GSE103940","Ensemble",0.28099173553719,0.318181818181818,0.363636363636364,0.272727272727273,4,3,8,7,"paired_perm_0131",1124
"GSE103940","LASSO",0.495867768595041,0.5,1,0,11,0,11,0,"paired_perm_0132",1230
"GSE103940","ElasticNet",0.495867768595041,0.5,1,0,11,0,11,0,"paired_perm_0132",1230
"GSE103940","RF",0.330578512396694,0.363636363636364,0.454545454545455,0.272727272727273,5,3,8,6,"paired_perm_0132",1230
"GSE103940","SVM",0.454545454545455,0.5,0.545454545454545,0.454545454545455,6,5,6,5,"paired_perm_0132",1230
"GSE103940","Ensemble",0.43801652892562,0.5,0.545454545454545,0.454545454545455,6,5,6,5,"paired_perm_0132",1230
"GSE103940","LASSO",0.5,0.5,1,0,11,0,11,0,"paired_perm_0133",1611
"GSE103940","ElasticNet",0.5,0.5,1,0,11,0,11,0,"paired_perm_0133",1611
"GSE103940","RF",0.454545454545455,0.409090909090909,0.363636363636364,0.454545454545455,4,5,6,7,"paired_perm_0133",1611
"GSE103940","SVM",0.330578512396694,0.454545454545455,0.454545454545455,0.454545454545455,5,5,6,6,"paired_perm_0133",1611
"GSE103940","Ensemble",0.363636363636364,0.5,0.545454545454545,0.454545454545455,6,5,6,5,"paired_perm_0133",1611
"GSE103940","LASSO",0.5,0.5,1,0,11,0,11,0,"paired_perm_0134",953
"GSE103940","ElasticNet",0.5,0.5,1,0,11,0,11,0,"paired_perm_0134",953
"GSE103940","RF",0.243801652892562,0.272727272727273,0.272727272727273,0.272727272727273,3,3,8,8,"paired_perm_0134",953
"GSE103940","SVM",0.487603305785124,0.409090909090909,0.454545454545455,0.363636363636364,5,4,7,6,"paired_perm_0134",953
"GSE103940","Ensemble",0.297520661157025,0.272727272727273,0.272727272727273,0.272727272727273,3,3,8,8,"paired_perm_0134",953
"GSE103940","LASSO",0.5,0.5,1,0,11,0,11,0,"paired_perm_0135",1655
"GSE103940","ElasticNet",0.5,0.5,1,0,11,0,11,0,"paired_perm_0135",1655
"GSE103940","RF",0.65702479338843,0.545454545454545,0.636363636363636,0.454545454545455,7,5,6,4,"paired_perm_0135",1655
"GSE103940","SVM",0.247933884297521,0.318181818181818,0.454545454545455,0.181818181818182,5,2,9,6,"paired_perm_0135",1655
"GSE103940","Ensemble",0.495867768595041,0.454545454545455,0.454545454545455,0.454545454545455,5,5,6,6,"paired_perm_0135",1655
"GSE103940","LASSO",0.495867768595041,0.5,0.909090909090909,0.0909090909090909,10,1,10,1,"paired_perm_0136",943
"GSE103940","ElasticNet",0.495867768595041,0.5,0.909090909090909,0.0909090909090909,10,1,10,1,"paired_perm_0136",943
"GSE103940","RF",0.537190082644628,0.590909090909091,0.454545454545455,0.727272727272727,5,8,3,6,"paired_perm_0136",943
"GSE103940","SVM",0.537190082644628,0.454545454545455,0.454545454545455,0.454545454545455,5,5,6,6,"paired_perm_0136",943
"GSE103940","Ensemble",0.56198347107438,0.590909090909091,0.545454545454545,0.636363636363636,6,7,4,5,"paired_perm_0136",943
"GSE103940","LASSO",0.789256198347107,0.727272727272727,0.727272727272727,0.727272727272727,8,8,3,3,"paired_perm_0137",1363
"GSE103940","ElasticNet",0.801652892561983,0.772727272727273,0.727272727272727,0.818181818181818,8,9,2,3,"paired_perm_0137",1363
"GSE103940","RF",0.396694214876033,0.454545454545455,0.454545454545455,0.454545454545455,5,5,6,6,"paired_perm_0137",1363
"GSE103940","SVM",0.644628099173554,0.636363636363636,0.545454545454545,0.727272727272727,6,8,3,5,"paired_perm_0137",1363
"GSE103940","Ensemble",0.636363636363636,0.636363636363636,0.545454545454545,0.727272727272727,6,8,3,5,"paired_perm_0137",1363
"GSE103940","LASSO",0.5,0.5,1,0,11,0,11,0,"paired_perm_0138",1464
"GSE103940","ElasticNet",0.5,0.5,1,0,11,0,11,0,"paired_perm_0138",1464
"GSE103940","RF",0.330578512396694,0.409090909090909,0.454545454545455,0.363636363636364,5,4,7,6,"paired_perm_0138",1464
"GSE103940","SVM",0.570247933884298,0.590909090909091,0.454545454545455,0.727272727272727,5,8,3,6,"paired_perm_0138",1464
"GSE103940","Ensemble",0.40495867768595,0.409090909090909,0.363636363636364,0.454545454545455,4,5,6,7,"paired_perm_0138",1464
"GSE103940","LASSO",0.413223140495868,0.454545454545455,0.909090909090909,0,10,0,11,1,"paired_perm_0139",959
"GSE103940","ElasticNet",0.495867768595041,0.5,0.909090909090909,0.0909090909090909,10,1,10,1,"paired_perm_0139",959
"GSE103940","RF",0.727272727272727,0.727272727272727,0.727272727272727,0.727272727272727,8,8,3,3,"paired_perm_0139",959
"GSE103940","SVM",0.305785123966942,0.318181818181818,0.454545454545455,0.181818181818182,5,2,9,6,"paired_perm_0139",959
"GSE103940","Ensemble",0.636363636363636,0.681818181818182,0.818181818181818,0.545454545454545,9,6,5,2,"paired_perm_0139",959
"GSE103940","LASSO",0.495867768595041,0.5,1,0,11,0,11,0,"paired_perm_0140",790
"GSE103940","ElasticNet",0.495867768595041,0.5,1,0,11,0,11,0,"paired_perm_0140",790
"GSE103940","RF",0.669421487603306,0.636363636363636,0.636363636363636,0.636363636363636,7,7,4,4,"paired_perm_0140",790
"GSE103940","SVM",0.462809917355372,0.545454545454545,0.545454545454545,0.545454545454545,6,6,5,5,"paired_perm_0140",790
"GSE103940","Ensemble",0.570247933884298,0.5,0.636363636363636,0.363636363636364,7,4,7,4,"paired_perm_0140",790
"GSE103940","LASSO",0.491735537190083,0.5,0.909090909090909,0.0909090909090909,10,1,10,1,"paired_perm_0141",1357
"GSE103940","ElasticNet",0.289256198347107,0.363636363636364,0.636363636363636,0.0909090909090909,7,1,10,4,"paired_perm_0141",1357
"GSE103940","RF",0.694214876033058,0.636363636363636,0.636363636363636,0.636363636363636,7,7,4,4,"paired_perm_0141",1357
"GSE103940","SVM",0.487603305785124,0.409090909090909,0.545454545454545,0.272727272727273,6,3,8,5,"paired_perm_0141",1357
"GSE103940","Ensemble",0.56198347107438,0.590909090909091,0.636363636363636,0.545454545454545,7,6,5,4,"paired_perm_0141",1357
"GSE103940","LASSO",0.5,0.5,1,0,11,0,11,0,"paired_perm_0142",1674
"GSE103940","ElasticNet",0.5,0.5,1,0,11,0,11,0,"paired_perm_0142",1674
"GSE103940","RF",0.285123966942149,0.318181818181818,0.272727272727273,0.363636363636364,3,4,7,8,"paired_perm_0142",1674
"GSE103940","SVM",0.239669421487603,0.318181818181818,0.363636363636364,0.272727272727273,4,3,8,7,"paired_perm_0142",1674
"GSE103940","Ensemble",0.198347107438017,0.272727272727273,0.272727272727273,0.272727272727273,3,3,8,8,"paired_perm_0142",1674
"GSE103940","LASSO",0.5,0.5,1,0,11,0,11,0,"paired_perm_0143",861
"GSE103940","ElasticNet",0.409090909090909,0.454545454545455,0.818181818181818,0.0909090909090909,9,1,10,2,"paired_perm_0143",861
"GSE103940","RF",0.747933884297521,0.681818181818182,0.545454545454545,0.818181818181818,6,9,2,5,"paired_perm_0143",861
"GSE103940","SVM",0.677685950413223,0.590909090909091,0.727272727272727,0.454545454545455,8,5,6,3,"paired_perm_0143",861
"GSE103940","Ensemble",0.669421487603306,0.636363636363636,0.636363636363636,0.636363636363636,7,7,4,4,"paired_perm_0143",861
"GSE103940","LASSO",0.413223140495868,0.454545454545455,0.818181818181818,0.0909090909090909,9,1,10,2,"paired_perm_0144",582
"GSE103940","ElasticNet",0.425619834710744,0.454545454545455,0.727272727272727,0.181818181818182,8,2,9,3,"paired_perm_0144",582
"GSE103940","RF",0.5,0.5,0.363636363636364,0.636363636363636,4,7,4,7,"paired_perm_0144",582
"GSE103940","SVM",0.338842975206612,0.363636363636364,0.636363636363636,0.0909090909090909,7,1,10,4,"paired_perm_0144",582
"GSE103940","Ensemble",0.421487603305785,0.5,0.545454545454545,0.454545454545455,6,5,6,5,"paired_perm_0144",582
"GSE103940","LASSO",0.557851239669422,0.545454545454545,0.909090909090909,0.181818181818182,10,2,9,1,"paired_perm_0145",523
"GSE103940","ElasticNet",0.508264462809917,0.5,0.909090909090909,0.0909090909090909,10,1,10,1,"paired_perm_0145",523
"GSE103940","RF",0.549586776859504,0.5,0.454545454545455,0.545454545454545,5,6,5,6,"paired_perm_0145",523
"GSE103940","SVM",0.578512396694215,0.636363636363636,0.727272727272727,0.545454545454545,8,6,5,3,"paired_perm_0145",523
"GSE103940","Ensemble",0.59504132231405,0.636363636363636,0.727272727272727,0.545454545454545,8,6,5,3,"paired_perm_0145",523
"GSE103940","LASSO",0.413223140495868,0.454545454545455,0.909090909090909,0,10,0,11,1,"paired_perm_0146",1339
"GSE103940","ElasticNet",0.487603305785124,0.5,0.909090909090909,0.0909090909090909,10,1,10,1,"paired_perm_0146",1339
"GSE103940","RF",0.789256198347107,0.681818181818182,0.818181818181818,0.545454545454545,9,6,5,2,"paired_perm_0146",1339
"GSE103940","SVM",0.735537190082645,0.636363636363636,0.545454545454545,0.727272727272727,6,8,3,5,"paired_perm_0146",1339
"GSE103940","Ensemble",0.71900826446281,0.636363636363636,0.818181818181818,0.454545454545455,9,5,6,2,"paired_perm_0146",1339
"GSE103940","LASSO",0.5,0.5,1,0,11,0,11,0,"paired_perm_0147",452
"GSE103940","ElasticNet",0.5,0.5,1,0,11,0,11,0,"paired_perm_0147",452
"GSE103940","RF",0.462809917355372,0.5,0.454545454545455,0.545454545454545,5,6,5,6,"paired_perm_0147",452
"GSE103940","SVM",0.272727272727273,0.363636363636364,0.454545454545455,0.272727272727273,5,3,8,6,"paired_perm_0147",452
"GSE103940","Ensemble",0.355371900826446,0.454545454545455,0.363636363636364,0.545454545454545,4,6,5,7,"paired_perm_0147",452
"GSE103940","LASSO",0.413223140495868,0.454545454545455,0.909090909090909,0,10,0,11,1,"paired_perm_0148",595
"GSE103940","ElasticNet",0.413223140495868,0.454545454545455,0.909090909090909,0,10,0,11,1,"paired_perm_0148",595
"GSE103940","RF",0.504132231404959,0.454545454545455,0.363636363636364,0.545454545454545,4,6,5,7,"paired_perm_0148",595
"GSE103940","SVM",0.669421487603306,0.636363636363636,0.454545454545455,0.818181818181818,5,9,2,6,"paired_perm_0148",595
"GSE103940","Ensemble",0.570247933884298,0.409090909090909,0.272727272727273,0.545454545454545,3,6,5,8,"paired_perm_0148",595
"GSE103940","LASSO",0.5,0.5,1,0,11,0,11,0,"paired_perm_0149",401
"GSE103940","ElasticNet",0.413223140495868,0.454545454545455,0.909090909090909,0,10,0,11,1,"paired_perm_0149",401
"GSE103940","RF",0.314049586776859,0.363636363636364,0.454545454545455,0.272727272727273,5,3,8,6,"paired_perm_0149",401
"GSE103940","SVM",0.603305785123967,0.636363636363636,0.545454545454545,0.727272727272727,6,8,3,5,"paired_perm_0149",401
"GSE103940","Ensemble",0.413223140495868,0.363636363636364,0.363636363636364,0.363636363636364,4,4,7,7,"paired_perm_0149",401
"GSE103940","LASSO",0.5,0.5,1,0,11,0,11,0,"paired_perm_0150",725
"GSE103940","ElasticNet",0.5,0.5,1,0,11,0,11,0,"paired_perm_0150",725
"GSE103940","RF",0.524793388429752,0.5,0.363636363636364,0.636363636363636,4,7,4,7,"paired_perm_0150",725
"GSE103940","SVM",0.512396694214876,0.545454545454545,0.636363636363636,0.454545454545455,7,5,6,4,"paired_perm_0150",725
"GSE103940","Ensemble",0.56198347107438,0.636363636363636,0.727272727272727,0.545454545454545,8,6,5,3,"paired_perm_0150",725
"GSE103940","LASSO",0.574380165289256,0.545454545454545,1,0.0909090909090909,11,1,10,0,"paired_perm_0151",1360
"GSE103940","ElasticNet",0.706611570247934,0.636363636363636,1,0.272727272727273,11,3,8,0,"paired_perm_0151",1360
"GSE103940","RF",0.533057851239669,0.590909090909091,0.727272727272727,0.454545454545455,8,5,6,3,"paired_perm_0151",1360
"GSE103940","SVM",0.71900826446281,0.772727272727273,0.727272727272727,0.818181818181818,8,9,2,3,"paired_perm_0151",1360
"GSE103940","Ensemble",0.677685950413223,0.727272727272727,0.727272727272727,0.727272727272727,8,8,3,3,"paired_perm_0151",1360
"GSE103940","LASSO",0.425619834710744,0.454545454545455,0.909090909090909,0,10,0,11,1,"paired_perm_0152",4
"GSE103940","ElasticNet",0.735537190082645,0.772727272727273,0.818181818181818,0.727272727272727,9,8,3,2,"paired_perm_0152",4
"GSE103940","RF",0.87603305785124,0.772727272727273,0.727272727272727,0.818181818181818,8,9,2,3,"paired_perm_0152",4
"GSE103940","SVM",0.760330578512397,0.681818181818182,0.636363636363636,0.727272727272727,7,8,3,4,"paired_perm_0152",4
"GSE103940","Ensemble",0.801652892561983,0.818181818181818,0.818181818181818,0.818181818181818,9,9,2,2,"paired_perm_0152",4
"GSE103940","LASSO",0.442148760330578,0.454545454545455,0.727272727272727,0.181818181818182,8,2,9,3,"paired_perm_0153",1485
"GSE103940","ElasticNet",0.512396694214876,0.5,0.727272727272727,0.272727272727273,8,3,8,3,"paired_perm_0153",1485
"GSE103940","RF",0.818181818181818,0.681818181818182,0.636363636363636,0.727272727272727,7,8,3,4,"paired_perm_0153",1485
"GSE103940","SVM",0.512396694214876,0.590909090909091,0.636363636363636,0.545454545454545,7,6,5,4,"paired_perm_0153",1485
"GSE103940","Ensemble",0.553719008264463,0.590909090909091,0.636363636363636,0.545454545454545,7,6,5,4,"paired_perm_0153",1485
"GSE103940","LASSO",0.5,0.5,1,0,11,0,11,0,"paired_perm_0154",1712
"GSE103940","ElasticNet",0.5,0.5,1,0,11,0,11,0,"paired_perm_0154",1712
"GSE103940","RF",0.446280991735537,0.5,0.545454545454545,0.454545454545455,6,5,6,5,"paired_perm_0154",1712
"GSE103940","SVM",0.512396694214876,0.5,0.363636363636364,0.636363636363636,4,7,4,7,"paired_perm_0154",1712
"GSE103940","Ensemble",0.471074380165289,0.5,0.454545454545455,0.545454545454545,5,6,5,6,"paired_perm_0154",1712
"GSE103940","LASSO",0.417355371900826,0.454545454545455,0.818181818181818,0.0909090909090909,9,1,10,2,"paired_perm_0155",1410
"GSE103940","ElasticNet",0.632231404958678,0.636363636363636,0.818181818181818,0.454545454545455,9,5,6,2,"paired_perm_0155",1410
"GSE103940","RF",0.818181818181818,0.772727272727273,0.818181818181818,0.727272727272727,9,8,3,2,"paired_perm_0155",1410
"GSE103940","SVM",0.355371900826446,0.363636363636364,0.363636363636364,0.363636363636364,4,4,7,7,"paired_perm_0155",1410
"GSE103940","Ensemble",0.661157024793388,0.681818181818182,0.727272727272727,0.636363636363636,8,7,4,3,"paired_perm_0155",1410
"GSE103940","LASSO",0.479338842975207,0.5,0.909090909090909,0.0909090909090909,10,1,10,1,"paired_perm_0156",1518
"GSE103940","ElasticNet",0.65702479338843,0.636363636363636,0.818181818181818,0.454545454545455,9,5,6,2,"paired_perm_0156",1518
"GSE103940","RF",0.56198347107438,0.590909090909091,0.545454545454545,0.636363636363636,6,7,4,5,"paired_perm_0156",1518
"GSE103940","SVM",0.611570247933884,0.545454545454545,0.454545454545455,0.636363636363636,5,7,4,6,"paired_perm_0156",1518
"GSE103940","Ensemble",0.553719008264463,0.545454545454545,0.454545454545455,0.636363636363636,5,7,4,6,"paired_perm_0156",1518
"GSE103940","LASSO",0.648760330578512,0.590909090909091,0.727272727272727,0.454545454545455,8,5,6,3,"paired_perm_0157",257
"GSE103940","ElasticNet",0.454545454545455,0.454545454545455,0.636363636363636,0.272727272727273,7,3,8,4,"paired_perm_0157",257
"GSE103940","RF",0.636363636363636,0.636363636363636,0.636363636363636,0.636363636363636,7,7,4,4,"paired_perm_0157",257
"GSE103940","SVM",0.661157024793388,0.590909090909091,0.545454545454545,0.636363636363636,6,7,4,5,"paired_perm_0157",257
"GSE103940","Ensemble",0.669421487603306,0.681818181818182,0.727272727272727,0.636363636363636,8,7,4,3,"paired_perm_0157",257
"GSE103940","LASSO",0.413223140495868,0.454545454545455,0.909090909090909,0,10,0,11,1,"paired_perm_0158",740
"GSE103940","ElasticNet",0.483471074380165,0.5,0.818181818181818,0.181818181818182,9,2,9,2,"paired_perm_0158",740
"GSE103940","RF",0.483471074380165,0.5,0.363636363636364,0.636363636363636,4,7,4,7,"paired_perm_0158",740
"GSE103940","SVM",0.570247933884298,0.454545454545455,0.545454545454545,0.363636363636364,6,4,7,5,"paired_perm_0158",740
"GSE103940","Ensemble",0.545454545454545,0.636363636363636,0.545454545454545,0.727272727272727,6,8,3,5,"paired_perm_0158",740
"GSE103940","LASSO",0.5,0.5,1,0,11,0,11,0,"paired_perm_0159",1134
"GSE103940","ElasticNet",0.5,0.5,1,0,11,0,11,0,"paired_perm_0159",1134
"GSE103940","RF",0.119834710743802,0.181818181818182,0.181818181818182,0.181818181818182,2,2,9,9,"paired_perm_0159",1134
"GSE103940","SVM",0.479338842975207,0.5,0.454545454545455,0.545454545454545,5,6,5,6,"paired_perm_0159",1134
"GSE103940","Ensemble",0.305785123966942,0.318181818181818,0.272727272727273,0.363636363636364,3,4,7,8,"paired_perm_0159",1134
"GSE103940","LASSO",0.5,0.5,1,0,11,0,11,0,"paired_perm_0160",134
"GSE103940","ElasticNet",0.409090909090909,0.454545454545455,0.909090909090909,0,10,0,11,1,"paired_perm_0160",134
"GSE103940","RF",0.776859504132231,0.818181818181818,0.909090909090909,0.727272727272727,10,8,3,1,"paired_perm_0160",134
"GSE103940","SVM",0.661157024793388,0.590909090909091,0.727272727272727,0.454545454545455,8,5,6,3,"paired_perm_0160",134
"GSE103940","Ensemble",0.694214876033058,0.727272727272727,0.909090909090909,0.545454545454545,10,6,5,1,"paired_perm_0160",134
"GSE103940","LASSO",0.5,0.5,1,0,11,0,11,0,"paired_perm_0161",372
"GSE103940","ElasticNet",0.5,0.5,1,0,11,0,11,0,"paired_perm_0161",372
"GSE103940","RF",0.198347107438017,0.363636363636364,0.454545454545455,0.272727272727273,5,3,8,6,"paired_perm_0161",372
"GSE103940","SVM",0.330578512396694,0.363636363636364,0.454545454545455,0.272727272727273,5,3,8,6,"paired_perm_0161",372
"GSE103940","Ensemble",0.231404958677686,0.363636363636364,0.363636363636364,0.363636363636364,4,4,7,7,"paired_perm_0161",372
"GSE103940","LASSO",0.5,0.5,1,0,11,0,11,0,"paired_perm_0162",724
"GSE103940","ElasticNet",0.413223140495868,0.454545454545455,0.909090909090909,0,10,0,11,1,"paired_perm_0162",724
"GSE103940","RF",0.462809917355372,0.363636363636364,0.272727272727273,0.454545454545455,3,5,6,8,"paired_perm_0162",724
"GSE103940","SVM",0.471074380165289,0.454545454545455,0.545454545454545,0.363636363636364,6,4,7,5,"paired_perm_0162",724
"GSE103940","Ensemble",0.43801652892562,0.409090909090909,0.363636363636364,0.454545454545455,4,5,6,7,"paired_perm_0162",724
"GSE103940","LASSO",0.5,0.5,1,0,11,0,11,0,"paired_perm_0163",1921
"GSE103940","ElasticNet",0.413223140495868,0.454545454545455,0.909090909090909,0,10,0,11,1,"paired_perm_0163",1921
"GSE103940","RF",0.396694214876033,0.318181818181818,0.454545454545455,0.181818181818182,5,2,9,6,"paired_perm_0163",1921
"GSE103940","SVM",0.512396694214876,0.454545454545455,0.363636363636364,0.545454545454545,4,6,5,7,"paired_perm_0163",1921
"GSE103940","Ensemble",0.380165289256198,0.363636363636364,0.363636363636364,0.363636363636364,4,4,7,7,"paired_perm_0163",1921
"GSE103940","LASSO",0.5,0.5,1,0,11,0,11,0,"paired_perm_0164",785
"GSE103940","ElasticNet",0.334710743801653,0.409090909090909,0.818181818181818,0,9,0,11,2,"paired_perm_0164",785
"GSE103940","RF",0.297520661157025,0.318181818181818,0.272727272727273,0.363636363636364,3,4,7,8,"paired_perm_0164",785
"GSE103940","SVM",0.520661157024793,0.545454545454545,0.636363636363636,0.454545454545455,7,5,6,4,"paired_perm_0164",785
"GSE103940","Ensemble",0.322314049586777,0.409090909090909,0.545454545454545,0.272727272727273,6,3,8,5,"paired_perm_0164",785
"GSE103940","LASSO",0.640495867768595,0.636363636363636,0.636363636363636,0.636363636363636,7,7,4,4,"paired_perm_0165",864
"GSE103940","ElasticNet",0.690082644628099,0.727272727272727,0.636363636363636,0.818181818181818,7,9,2,4,"paired_perm_0165",864
"GSE103940","RF",0.586776859504132,0.545454545454545,0.545454545454545,0.545454545454545,6,6,5,5,"paired_perm_0165",864
"GSE103940","SVM",0.619834710743802,0.590909090909091,0.636363636363636,0.545454545454545,7,6,5,4,"paired_perm_0165",864
"GSE103940","Ensemble",0.644628099173554,0.545454545454545,0.454545454545455,0.636363636363636,5,7,4,6,"paired_perm_0165",864
"GSE103940","LASSO",0.491735537190083,0.5,0.818181818181818,0.181818181818182,9,2,9,2,"paired_perm_0166",579
"GSE103940","ElasticNet",0.462809917355372,0.5,0.727272727272727,0.272727272727273,8,3,8,3,"paired_perm_0166",579
"GSE103940","RF",0.644628099173554,0.681818181818182,0.636363636363636,0.727272727272727,7,8,3,4,"paired_perm_0166",579
"GSE103940","SVM",0.256198347107438,0.272727272727273,0.363636363636364,0.181818181818182,4,2,9,7,"paired_perm_0166",579
"GSE103940","Ensemble",0.520661157024793,0.454545454545455,0.545454545454545,0.363636363636364,6,4,7,5,"paired_perm_0166",579
"GSE103940","LASSO",0.5,0.5,1,0,11,0,11,0,"paired_perm_0167",741
"GSE103940","ElasticNet",0.5,0.5,1,0,11,0,11,0,"paired_perm_0167",741
"GSE103940","RF",0.599173553719008,0.590909090909091,0.454545454545455,0.727272727272727,5,8,3,6,"paired_perm_0167",741
"GSE103940","SVM",0.925619834710744,0.818181818181818,0.818181818181818,0.818181818181818,9,9,2,2,"paired_perm_0167",741
"GSE103940","Ensemble",0.933884297520661,0.863636363636364,0.909090909090909,0.818181818181818,10,9,2,1,"paired_perm_0167",741
"GSE103940","LASSO",0.5,0.5,1,0,11,0,11,0,"paired_perm_0168",778
"GSE103940","ElasticNet",0.495867768595041,0.5,1,0,11,0,11,0,"paired_perm_0168",778
"GSE103940","RF",0.56198347107438,0.545454545454545,0.545454545454545,0.545454545454545,6,6,5,5,"paired_perm_0168",778
"GSE103940","SVM",0.363636363636364,0.363636363636364,0.545454545454545,0.181818181818182,6,2,9,5,"paired_perm_0168",778
"GSE103940","Ensemble",0.578512396694215,0.545454545454545,0.545454545454545,0.545454545454545,6,6,5,5,"paired_perm_0168",778
"GSE103940","LASSO",0.5,0.5,1,0,11,0,11,0,"paired_perm_0169",1973
"GSE103940","ElasticNet",0.413223140495868,0.454545454545455,0.909090909090909,0,10,0,11,1,"paired_perm_0169",1973
"GSE103940","RF",0.553719008264463,0.590909090909091,0.454545454545455,0.727272727272727,5,8,3,6,"paired_perm_0169",1973
"GSE103940","SVM",0.148760330578512,0.181818181818182,0.181818181818182,0.181818181818182,2,2,9,9,"paired_perm_0169",1973
"GSE103940","Ensemble",0.396694214876033,0.5,0.454545454545455,0.545454545454545,5,6,5,6,"paired_perm_0169",1973
"GSE103940","LASSO",0.5,0.5,1,0,11,0,11,0,"paired_perm_0170",409
"GSE103940","ElasticNet",0.5,0.5,1,0,11,0,11,0,"paired_perm_0170",409
"GSE103940","RF",0.148760330578512,0.227272727272727,0.181818181818182,0.272727272727273,2,3,8,9,"paired_perm_0170",409
"GSE103940","SVM",0.611570247933884,0.545454545454545,0.363636363636364,0.727272727272727,4,8,3,7,"paired_perm_0170",409
"GSE103940","Ensemble",0.413223140495868,0.363636363636364,0.272727272727273,0.454545454545455,3,5,6,8,"paired_perm_0170",409
"GSE103940","LASSO",0.5,0.5,1,0,11,0,11,0,"paired_perm_0171",1110
"GSE103940","ElasticNet",0.5,0.5,1,0,11,0,11,0,"paired_perm_0171",1110
"GSE103940","RF",0.28099173553719,0.318181818181818,0.363636363636364,0.272727272727273,4,3,8,7,"paired_perm_0171",1110
"GSE103940","SVM",0.347107438016529,0.5,0.636363636363636,0.363636363636364,7,4,7,4,"paired_perm_0171",1110
"GSE103940","Ensemble",0.322314049586777,0.363636363636364,0.454545454545455,0.272727272727273,5,3,8,6,"paired_perm_0171",1110
"GSE103940","LASSO",0.413223140495868,0.454545454545455,0.909090909090909,0,10,0,11,1,"paired_perm_0172",728
"GSE103940","ElasticNet",0.413223140495868,0.454545454545455,0.909090909090909,0,10,0,11,1,"paired_perm_0172",728
"GSE103940","RF",0.334710743801653,0.409090909090909,0.272727272727273,0.545454545454545,3,6,5,8,"paired_perm_0172",728
"GSE103940","SVM",0.322314049586777,0.409090909090909,0.363636363636364,0.454545454545455,4,5,6,7,"paired_perm_0172",728
"GSE103940","Ensemble",0.214876033057851,0.272727272727273,0.272727272727273,0.272727272727273,3,3,8,8,"paired_perm_0172",728
"GSE103940","LASSO",0.5,0.5,1,0,11,0,11,0,"paired_perm_0173",1222
"GSE103940","ElasticNet",0.5,0.5,1,0,11,0,11,0,"paired_perm_0173",1222
"GSE103940","RF",0.355371900826446,0.409090909090909,0.454545454545455,0.363636363636364,5,4,7,6,"paired_perm_0173",1222
"GSE103940","SVM",0.429752066115702,0.454545454545455,0.454545454545455,0.454545454545455,5,5,6,6,"paired_perm_0173",1222
"GSE103940","Ensemble",0.363636363636364,0.454545454545455,0.454545454545455,0.454545454545455,5,5,6,6,"paired_perm_0173",1222
"GSE103940","LASSO",0.495867768595041,0.5,0.909090909090909,0.0909090909090909,10,1,10,1,"paired_perm_0174",1359
"GSE103940","ElasticNet",0.425619834710744,0.454545454545455,0.727272727272727,0.181818181818182,8,2,9,3,"paired_perm_0174",1359
"GSE103940","RF",0.768595041322314,0.772727272727273,0.818181818181818,0.727272727272727,9,8,3,2,"paired_perm_0174",1359
"GSE103940","SVM",0.545454545454545,0.409090909090909,0.727272727272727,0.0909090909090909,8,1,10,3,"paired_perm_0174",1359
"GSE103940","Ensemble",0.636363636363636,0.681818181818182,0.727272727272727,0.636363636363636,8,7,4,3,"paired_perm_0174",1359
"GSE103940","LASSO",0.632231404958678,0.590909090909091,0.727272727272727,0.454545454545455,8,5,6,3,"paired_perm_0175",935
"GSE103940","ElasticNet",0.644628099173554,0.590909090909091,0.727272727272727,0.454545454545455,8,5,6,3,"paired_perm_0175",935
"GSE103940","RF",0.429752066115702,0.363636363636364,0.454545454545455,0.272727272727273,5,3,8,6,"paired_perm_0175",935
"GSE103940","SVM",0.743801652892562,0.681818181818182,0.636363636363636,0.727272727272727,7,8,3,4,"paired_perm_0175",935
"GSE103940","Ensemble",0.619834710743802,0.590909090909091,0.545454545454545,0.636363636363636,6,7,4,5,"paired_perm_0175",935
"GSE103940","LASSO",0.5,0.5,1,0,11,0,11,0,"paired_perm_0176",1350
"GSE103940","ElasticNet",0.5,0.5,1,0,11,0,11,0,"paired_perm_0176",1350
"GSE103940","RF",0.111570247933884,0.181818181818182,0.272727272727273,0.0909090909090909,3,1,10,8,"paired_perm_0176",1350
"GSE103940","SVM",0.619834710743802,0.636363636363636,0.636363636363636,0.636363636363636,7,7,4,4,"paired_perm_0176",1350
"GSE103940","Ensemble",0.247933884297521,0.363636363636364,0.272727272727273,0.454545454545455,3,5,6,8,"paired_perm_0176",1350
"GSE103940","LASSO",0.5,0.5,1,0,11,0,11,0,"paired_perm_0177",659
"GSE103940","ElasticNet",0.5,0.5,1,0,11,0,11,0,"paired_perm_0177",659
"GSE103940","RF",0.326446280991736,0.409090909090909,0.363636363636364,0.454545454545455,4,5,6,7,"paired_perm_0177",659
"GSE103940","SVM",0.429752066115702,0.363636363636364,0.272727272727273,0.454545454545455,3,5,6,8,"paired_perm_0177",659
"GSE103940","Ensemble",0.338842975206612,0.318181818181818,0.272727272727273,0.363636363636364,3,4,7,8,"paired_perm_0177",659
"GSE103940","LASSO",0.495867768595041,0.5,1,0,11,0,11,0,"paired_perm_0178",1171
"GSE103940","ElasticNet",0.491735537190083,0.5,0.909090909090909,0.0909090909090909,10,1,10,1,"paired_perm_0178",1171
"GSE103940","RF",0.479338842975207,0.5,0.454545454545455,0.545454545454545,5,6,5,6,"paired_perm_0178",1171
"GSE103940","SVM",0.495867768595041,0.545454545454545,0.454545454545455,0.636363636363636,5,7,4,6,"paired_perm_0178",1171
"GSE103940","Ensemble",0.504132231404959,0.545454545454545,0.454545454545455,0.636363636363636,5,7,4,6,"paired_perm_0178",1171
"GSE103940","LASSO",0.330578512396694,0.409090909090909,0.727272727272727,0.0909090909090909,8,1,10,3,"paired_perm_0179",590
"GSE103940","ElasticNet",0.330578512396694,0.409090909090909,0.727272727272727,0.0909090909090909,8,1,10,3,"paired_perm_0179",590
"GSE103940","RF",0.545454545454545,0.590909090909091,0.363636363636364,0.818181818181818,4,9,2,7,"paired_perm_0179",590
"GSE103940","SVM",0.371900826446281,0.409090909090909,0.363636363636364,0.454545454545455,4,5,6,7,"paired_perm_0179",590
"GSE103940","Ensemble",0.355371900826446,0.409090909090909,0.272727272727273,0.545454545454545,3,6,5,8,"paired_perm_0179",590
"GSE103940","LASSO",0.495867768595041,0.5,1,0,11,0,11,0,"paired_perm_0180",109
"GSE103940","ElasticNet",0.495867768595041,0.5,1,0,11,0,11,0,"paired_perm_0180",109
"GSE103940","RF",0.603305785123967,0.590909090909091,0.636363636363636,0.545454545454545,7,6,5,4,"paired_perm_0180",109
"GSE103940","SVM",0.446280991735537,0.454545454545455,0.454545454545455,0.454545454545455,5,5,6,6,"paired_perm_0180",109
"GSE103940","Ensemble",0.553719008264463,0.590909090909091,0.636363636363636,0.545454545454545,7,6,5,4,"paired_perm_0180",109
"GSE103940","LASSO",0.640495867768595,0.590909090909091,0.818181818181818,0.363636363636364,9,4,7,2,"paired_perm_0181",1441
"GSE103940","ElasticNet",0.607438016528926,0.545454545454545,0.727272727272727,0.363636363636364,8,4,7,3,"paired_perm_0181",1441
"GSE103940","RF",0.685950413223141,0.636363636363636,0.727272727272727,0.545454545454545,8,6,5,3,"paired_perm_0181",1441
"GSE103940","SVM",0.826446280991736,0.772727272727273,0.727272727272727,0.818181818181818,8,9,2,3,"paired_perm_0181",1441
"GSE103940","Ensemble",0.801652892561983,0.727272727272727,0.727272727272727,0.727272727272727,8,8,3,3,"paired_perm_0181",1441
"GSE103940","LASSO",0.5,0.5,1,0,11,0,11,0,"paired_perm_0182",1168
"GSE103940","ElasticNet",0.334710743801653,0.409090909090909,0.818181818181818,0,9,0,11,2,"paired_perm_0182",1168
"GSE103940","RF",0.652892561983471,0.545454545454545,0.545454545454545,0.545454545454545,6,6,5,5,"paired_perm_0182",1168
"GSE103940","SVM",0.603305785123967,0.636363636363636,0.727272727272727,0.545454545454545,8,6,5,3,"paired_perm_0182",1168
"GSE103940","Ensemble",0.586776859504132,0.636363636363636,0.727272727272727,0.545454545454545,8,6,5,3,"paired_perm_0182",1168
"GSE103940","LASSO",0.756198347107438,0.727272727272727,0.727272727272727,0.727272727272727,8,8,3,3,"paired_perm_0183",18
"GSE103940","ElasticNet",0.677685950413223,0.681818181818182,0.636363636363636,0.727272727272727,7,8,3,4,"paired_perm_0183",18
"GSE103940","RF",0.867768595041322,0.863636363636364,0.909090909090909,0.818181818181818,10,9,2,1,"paired_perm_0183",18
"GSE103940","SVM",0.636363636363636,0.590909090909091,0.727272727272727,0.454545454545455,8,5,6,3,"paired_perm_0183",18
"GSE103940","Ensemble",0.785123966942149,0.818181818181818,0.909090909090909,0.727272727272727,10,8,3,1,"paired_perm_0183",18
"GSE103940","LASSO",0.334710743801653,0.409090909090909,0.818181818181818,0,9,0,11,2,"paired_perm_0184",686
"GSE103940","ElasticNet",0.409090909090909,0.454545454545455,0.818181818181818,0.0909090909090909,9,1,10,2,"paired_perm_0184",686
"GSE103940","RF",0.31404958677686,0.409090909090909,0.454545454545455,0.363636363636364,5,4,7,6,"paired_perm_0184",686
"GSE103940","SVM",0.710743801652893,0.636363636363636,0.727272727272727,0.545454545454545,8,6,5,3,"paired_perm_0184",686
"GSE103940","Ensemble",0.644628099173554,0.545454545454545,0.454545454545455,0.636363636363636,5,7,4,6,"paired_perm_0184",686
"GSE103940","LASSO",0.5,0.5,1,0,11,0,11,0,"paired_perm_0185",59
"GSE103940","ElasticNet",0.5,0.5,1,0,11,0,11,0,"paired_perm_0185",59
"GSE103940","RF",0.305785123966942,0.409090909090909,0.272727272727273,0.545454545454545,3,6,5,8,"paired_perm_0185",59
"GSE103940","SVM",0.462809917355372,0.545454545454545,0.636363636363636,0.454545454545455,7,5,6,4,"paired_perm_0185",59
"GSE103940","Ensemble",0.223140495867769,0.318181818181818,0.181818181818182,0.454545454545455,2,5,6,9,"paired_perm_0185",59
"GSE103940","LASSO",0.413223140495868,0.454545454545455,0.909090909090909,0,10,0,11,1,"paired_perm_0186",1543
"GSE103940","ElasticNet",0.413223140495868,0.454545454545455,0.909090909090909,0,10,0,11,1,"paired_perm_0186",1543
"GSE103940","RF",0.0826446280991736,0.136363636363636,0.181818181818182,0.0909090909090909,2,1,10,9,"paired_perm_0186",1543
"GSE103940","SVM",0.371900826446281,0.409090909090909,0.454545454545455,0.363636363636364,5,4,7,6,"paired_perm_0186",1543
"GSE103940","Ensemble",0.173553719008264,0.272727272727273,0.272727272727273,0.272727272727273,3,3,8,8,"paired_perm_0186",1543
"GSE103940","LASSO",0.413223140495868,0.454545454545455,0.909090909090909,0,10,0,11,1,"paired_perm_0187",1375
"GSE103940","ElasticNet",0.409090909090909,0.454545454545455,0.818181818181818,0.0909090909090909,9,1,10,2,"paired_perm_0187",1375
"GSE103940","RF",0.768595041322314,0.681818181818182,0.636363636363636,0.727272727272727,7,8,3,4,"paired_perm_0187",1375
"GSE103940","SVM",0.520661157024793,0.5,0.727272727272727,0.272727272727273,8,3,8,3,"paired_perm_0187",1375
"GSE103940","Ensemble",0.677685950413223,0.590909090909091,0.636363636363636,0.545454545454545,7,6,5,4,"paired_perm_0187",1375
"GSE103940","LASSO",0.417355371900826,0.454545454545455,0.909090909090909,0,10,0,11,1,"paired_perm_0188",518
"GSE103940","ElasticNet",0.400826446280992,0.454545454545455,0.636363636363636,0.272727272727273,7,3,8,4,"paired_perm_0188",518
"GSE103940","RF",0.702479338842975,0.636363636363636,0.727272727272727,0.545454545454545,8,6,5,3,"paired_perm_0188",518
"GSE103940","SVM",0.570247933884298,0.545454545454545,0.454545454545455,0.636363636363636,5,7,4,6,"paired_perm_0188",518
"GSE103940","Ensemble",0.570247933884298,0.590909090909091,0.636363636363636,0.545454545454545,7,6,5,4,"paired_perm_0188",518
"GSE103940","LASSO",0.5,0.5,1,0,11,0,11,0,"paired_perm_0189",1071
"GSE103940","ElasticNet",0.5,0.5,1,0,11,0,11,0,"paired_perm_0189",1071
"GSE103940","RF",0.462809917355372,0.5,0.545454545454545,0.454545454545455,6,5,6,5,"paired_perm_0189",1071
"GSE103940","SVM",0.338842975206612,0.363636363636364,0.272727272727273,0.454545454545455,3,5,6,8,"paired_perm_0189",1071
"GSE103940","Ensemble",0.355371900826446,0.409090909090909,0.454545454545455,0.363636363636364,5,4,7,6,"paired_perm_0189",1071
"GSE103940","LASSO",0.5,0.5,1,0,11,0,11,0,"paired_perm_0190",1804
"GSE103940","ElasticNet",0.5,0.5,1,0,11,0,11,0,"paired_perm_0190",1804
"GSE103940","RF",0.0826446280991736,0.136363636363636,0.0909090909090909,0.181818181818182,1,2,9,10,"paired_perm_0190",1804
"GSE103940","SVM",0.537190082644628,0.545454545454545,0.545454545454545,0.545454545454545,6,6,5,5,"paired_perm_0190",1804
"GSE103940","Ensemble",0.363636363636364,0.363636363636364,0.363636363636364,0.363636363636364,4,4,7,7,"paired_perm_0190",1804
"GSE103940","LASSO",0.5,0.5,1,0,11,0,11,0,"paired_perm_0191",828
"GSE103940","ElasticNet",0.5,0.5,1,0,11,0,11,0,"paired_perm_0191",828
"GSE103940","RF",0.322314049586777,0.454545454545455,0.454545454545455,0.454545454545455,5,5,6,6,"paired_perm_0191",828
"GSE103940","SVM",0.43801652892562,0.454545454545455,0.545454545454545,0.363636363636364,6,4,7,5,"paired_perm_0191",828
"GSE103940","Ensemble",0.396694214876033,0.454545454545455,0.454545454545455,0.454545454545455,5,5,6,6,"paired_perm_0191",828
"GSE103940","LASSO",0.413223140495868,0.454545454545455,0.909090909090909,0,10,0,11,1,"paired_perm_0192",717
"GSE103940","ElasticNet",0.413223140495868,0.454545454545455,0.909090909090909,0,10,0,11,1,"paired_perm_0192",717
"GSE103940","RF",0.743801652892562,0.727272727272727,0.636363636363636,0.818181818181818,7,9,2,4,"paired_perm_0192",717
"GSE103940","SVM",0.619834710743802,0.590909090909091,0.727272727272727,0.454545454545455,8,5,6,3,"paired_perm_0192",717
"GSE103940","Ensemble",0.669421487603306,0.681818181818182,0.636363636363636,0.727272727272727,7,8,3,4,"paired_perm_0192",717
"GSE103940","LASSO",0.491735537190083,0.5,0.909090909090909,0.0909090909090909,10,1,10,1,"paired_perm_0193",645
"GSE103940","ElasticNet",0.566115702479339,0.545454545454545,0.818181818181818,0.272727272727273,9,3,8,2,"paired_perm_0193",645
"GSE103940","RF",0.578512396694215,0.545454545454545,0.545454545454545,0.545454545454545,6,6,5,5,"paired_perm_0193",645
"GSE103940","SVM",0.652892561983471,0.590909090909091,0.636363636363636,0.545454545454545,7,6,5,4,"paired_perm_0193",645
"GSE103940","Ensemble",0.611570247933884,0.5,0.454545454545455,0.545454545454545,5,6,5,6,"paired_perm_0193",645
"GSE103940","LASSO",0.413223140495868,0.454545454545455,0.909090909090909,0,10,0,11,1,"paired_perm_0194",890
"GSE103940","ElasticNet",0.413223140495868,0.454545454545455,0.909090909090909,0,10,0,11,1,"paired_perm_0194",890
"GSE103940","RF",0.528925619834711,0.590909090909091,0.545454545454545,0.636363636363636,6,7,4,5,"paired_perm_0194",890
"GSE103940","SVM",0.388429752066116,0.409090909090909,0.454545454545455,0.363636363636364,5,4,7,6,"paired_perm_0194",890
"GSE103940","Ensemble",0.380165289256198,0.454545454545455,0.454545454545455,0.454545454545455,5,5,6,6,"paired_perm_0194",890
"GSE103940","LASSO",0.764462809917355,0.772727272727273,0.909090909090909,0.636363636363636,10,7,4,1,"paired_perm_0195",2
"GSE103940","ElasticNet",0.776859504132231,0.863636363636364,0.909090909090909,0.818181818181818,10,9,2,1,"paired_perm_0195",2
"GSE103940","RF",0.921487603305785,0.909090909090909,1,0.818181818181818,11,9,2,0,"paired_perm_0195",2
"GSE103940","SVM",0.87603305785124,0.863636363636364,0.909090909090909,0.818181818181818,10,9,2,1,"paired_perm_0195",2
"GSE103940","Ensemble",0.84297520661157,0.818181818181818,0.909090909090909,0.727272727272727,10,8,3,1,"paired_perm_0195",2
"GSE103940","LASSO",0.413223140495868,0.454545454545455,0.909090909090909,0,10,0,11,1,"paired_perm_0196",1510
"GSE103940","ElasticNet",0.334710743801653,0.409090909090909,0.818181818181818,0,9,0,11,2,"paired_perm_0196",1510
"GSE103940","RF",0.371900826446281,0.454545454545455,0.545454545454545,0.363636363636364,6,4,7,5,"paired_perm_0196",1510
"GSE103940","SVM",0.512396694214876,0.545454545454545,0.545454545454545,0.545454545454545,6,6,5,5,"paired_perm_0196",1510
"GSE103940","Ensemble",0.454545454545455,0.409090909090909,0.545454545454545,0.272727272727273,6,3,8,5,"paired_perm_0196",1510
"GSE103940","LASSO",0.495867768595041,0.5,1,0,11,0,11,0,"paired_perm_0197",1068
"GSE103940","ElasticNet",0.495867768595041,0.5,1,0,11,0,11,0,"paired_perm_0197",1068
"GSE103940","RF",0.256198347107438,0.409090909090909,0.454545454545455,0.363636363636364,5,4,7,6,"paired_perm_0197",1068
"GSE103940","SVM",0.537190082644628,0.636363636363636,0.636363636363636,0.636363636363636,7,7,4,4,"paired_perm_0197",1068
"GSE103940","Ensemble",0.363636363636364,0.409090909090909,0.454545454545455,0.363636363636364,5,4,7,6,"paired_perm_0197",1068
"GSE103940","LASSO",0.5,0.5,1,0,11,0,11,0,"paired_perm_0198",321
"GSE103940","ElasticNet",0.5,0.5,1,0,11,0,11,0,"paired_perm_0198",321
"GSE103940","RF",0.425619834710744,0.454545454545455,0.454545454545455,0.454545454545455,5,5,6,6,"paired_perm_0198",321
"GSE103940","SVM",0.471074380165289,0.409090909090909,0.545454545454545,0.272727272727273,6,3,8,5,"paired_perm_0198",321
"GSE103940","Ensemble",0.421487603305785,0.454545454545455,0.545454545454545,0.363636363636364,6,4,7,5,"paired_perm_0198",321
"GSE103940","LASSO",0.5,0.5,1,0,11,0,11,0,"paired_perm_0199",1094
"GSE103940","ElasticNet",0.5,0.5,1,0,11,0,11,0,"paired_perm_0199",1094
"GSE103940","RF",0.223140495867769,0.318181818181818,0.363636363636364,0.272727272727273,4,3,8,7,"paired_perm_0199",1094
"GSE103940","SVM",0.487603305785124,0.409090909090909,0.363636363636364,0.454545454545455,4,5,6,7,"paired_perm_0199",1094
"GSE103940","Ensemble",0.239669421487603,0.272727272727273,0.181818181818182,0.363636363636364,2,4,7,9,"paired_perm_0199",1094
"GSE103940","LASSO",0.5,0.5,1,0,11,0,11,0,"paired_perm_0200",1082
"GSE103940","ElasticNet",0.5,0.5,1,0,11,0,11,0,"paired_perm_0200",1082
"GSE103940","RF",0.524793388429752,0.545454545454545,0.727272727272727,0.363636363636364,8,4,7,3,"paired_perm_0200",1082
"GSE103940","SVM",0.429752066115702,0.545454545454545,0.545454545454545,0.545454545454545,6,6,5,5,"paired_perm_0200",1082
"GSE103940","Ensemble",0.413223140495868,0.5,0.454545454545455,0.545454545454545,5,6,5,6,"paired_perm_0200",1082
"GSE103940","LASSO",0.413223140495868,0.454545454545455,0.909090909090909,0,10,0,11,1,"paired_perm_0201",1965
"GSE103940","ElasticNet",0.264462809917355,0.363636363636364,0.727272727272727,0,8,0,11,3,"paired_perm_0201",1965
"GSE103940","RF",0.586776859504132,0.590909090909091,0.636363636363636,0.545454545454545,7,6,5,4,"paired_perm_0201",1965
"GSE103940","SVM",0.454545454545455,0.409090909090909,0.545454545454545,0.272727272727273,6,3,8,5,"paired_perm_0201",1965
"GSE103940","Ensemble",0.553719008264463,0.5,0.636363636363636,0.363636363636364,7,4,7,4,"paired_perm_0201",1965
"GSE103940","LASSO",0.5,0.5,1,0,11,0,11,0,"paired_perm_0202",1581
"GSE103940","ElasticNet",0.495867768595041,0.5,0.909090909090909,0.0909090909090909,10,1,10,1,"paired_perm_0202",1581
"GSE103940","RF",0.466942148760331,0.5,0.454545454545455,0.545454545454545,5,6,5,6,"paired_perm_0202",1581
"GSE103940","SVM",0.479338842975207,0.409090909090909,0.454545454545455,0.363636363636364,5,4,7,6,"paired_perm_0202",1581
"GSE103940","Ensemble",0.479338842975207,0.5,0.545454545454545,0.454545454545455,6,5,6,5,"paired_perm_0202",1581
"GSE103940","LASSO",0.5,0.5,1,0,11,0,11,0,"paired_perm_0203",880
"GSE103940","ElasticNet",0.413223140495868,0.454545454545455,0.909090909090909,0,10,0,11,1,"paired_perm_0203",880
"GSE103940","RF",0.553719008264463,0.590909090909091,0.636363636363636,0.545454545454545,7,6,5,4,"paired_perm_0203",880
"GSE103940","SVM",0.619834710743802,0.590909090909091,0.363636363636364,0.818181818181818,4,9,2,7,"paired_perm_0203",880
"GSE103940","Ensemble",0.628099173553719,0.590909090909091,0.454545454545455,0.727272727272727,5,8,3,6,"paired_perm_0203",880
"GSE103940","LASSO",0.425619834710744,0.454545454545455,0.818181818181818,0.0909090909090909,9,1,10,2,"paired_perm_0204",1873
"GSE103940","ElasticNet",0.495867768595041,0.5,1,0,11,0,11,0,"paired_perm_0204",1873
"GSE103940","RF",0.471074380165289,0.590909090909091,0.636363636363636,0.545454545454545,7,6,5,4,"paired_perm_0204",1873
"GSE103940","SVM",0.661157024793388,0.681818181818182,0.636363636363636,0.727272727272727,7,8,3,4,"paired_perm_0204",1873
"GSE103940","Ensemble",0.603305785123967,0.590909090909091,0.636363636363636,0.545454545454545,7,6,5,4,"paired_perm_0204",1873
"GSE103940","LASSO",0.5,0.5,1,0,11,0,11,0,"paired_perm_0205",775
"GSE103940","ElasticNet",0.413223140495868,0.454545454545455,0.909090909090909,0,10,0,11,1,"paired_perm_0205",775
"GSE103940","RF",0.0909090909090909,0.227272727272727,0.272727272727273,0.181818181818182,3,2,9,8,"paired_perm_0205",775
"GSE103940","SVM",0.380165289256198,0.409090909090909,0.545454545454545,0.272727272727273,6,3,8,5,"paired_perm_0205",775
"GSE103940","Ensemble",0.256198347107438,0.318181818181818,0.363636363636364,0.272727272727273,4,3,8,7,"paired_perm_0205",775
"GSE103940","LASSO",0.413223140495868,0.454545454545455,0.909090909090909,0,10,0,11,1,"paired_perm_0206",716
"GSE103940","ElasticNet",0.413223140495868,0.454545454545455,0.909090909090909,0,10,0,11,1,"paired_perm_0206",716
"GSE103940","RF",0.611570247933884,0.681818181818182,0.545454545454545,0.818181818181818,6,9,2,5,"paired_perm_0206",716
"GSE103940","SVM",0.512396694214876,0.5,0.454545454545455,0.545454545454545,5,6,5,6,"paired_perm_0206",716
"GSE103940","Ensemble",0.56198347107438,0.545454545454545,0.454545454545455,0.636363636363636,5,7,4,6,"paired_perm_0206",716
"GSE103940","LASSO",0.5,0.5,1,0,11,0,11,0,"paired_perm_0207",1683
"GSE103940","ElasticNet",0.508264462809917,0.5,0.818181818181818,0.181818181818182,9,2,9,2,"paired_perm_0207",1683
"GSE103940","RF",0.198347107438017,0.272727272727273,0.272727272727273,0.272727272727273,3,3,8,8,"paired_perm_0207",1683
"GSE103940","SVM",0.479338842975207,0.5,0.636363636363636,0.363636363636364,7,4,7,4,"paired_perm_0207",1683
"GSE103940","Ensemble",0.305785123966942,0.363636363636364,0.363636363636364,0.363636363636364,4,4,7,7,"paired_perm_0207",1683
"GSE103940","LASSO",0.495867768595041,0.5,0.909090909090909,0.0909090909090909,10,1,10,1,"paired_perm_0208",40
"GSE103940","ElasticNet",0.413223140495868,0.454545454545455,0.909090909090909,0,10,0,11,1,"paired_perm_0208",40
"GSE103940","RF",0.768595041322314,0.772727272727273,0.818181818181818,0.727272727272727,9,8,3,2,"paired_perm_0208",40
"GSE103940","SVM",0.446280991735537,0.545454545454545,0.636363636363636,0.454545454545455,7,5,6,4,"paired_perm_0208",40
"GSE103940","Ensemble",0.685950413223141,0.772727272727273,0.818181818181818,0.727272727272727,9,8,3,2,"paired_perm_0208",40
"GSE103940","LASSO",0.5,0.5,1,0,11,0,11,0,"paired_perm_0209",755
"GSE103940","ElasticNet",0.5,0.5,1,0,11,0,11,0,"paired_perm_0209",755
"GSE103940","RF",0.256198347107438,0.181818181818182,0.181818181818182,0.181818181818182,2,2,9,9,"paired_perm_0209",755
"GSE103940","SVM",0.371900826446281,0.363636363636364,0.181818181818182,0.545454545454545,2,6,5,9,"paired_perm_0209",755
"GSE103940","Ensemble",0.347107438016529,0.363636363636364,0.181818181818182,0.545454545454545,2,6,5,9,"paired_perm_0209",755
"GSE103940","LASSO",0.5,0.5,1,0,11,0,11,0,"paired_perm_0210",345
"GSE103940","ElasticNet",0.433884297520661,0.454545454545455,0.727272727272727,0.181818181818182,8,2,9,3,"paired_perm_0210",345
"GSE103940","RF",0.355371900826446,0.363636363636364,0.272727272727273,0.454545454545455,3,5,6,8,"paired_perm_0210",345
"GSE103940","SVM",0.71900826446281,0.772727272727273,0.818181818181818,0.727272727272727,9,8,3,2,"paired_perm_0210",345
"GSE103940","Ensemble",0.586776859504132,0.636363636363636,0.545454545454545,0.727272727272727,6,8,3,5,"paired_perm_0210",345
"GSE103940","LASSO",0.5,0.5,1,0,11,0,11,0,"paired_perm_0211",1808
"GSE103940","ElasticNet",0.5,0.5,1,0,11,0,11,0,"paired_perm_0211",1808
"GSE103940","RF",0.479338842975207,0.545454545454545,0.545454545454545,0.545454545454545,6,6,5,5,"paired_perm_0211",1808
"GSE103940","SVM",0.504132231404959,0.545454545454545,0.636363636363636,0.454545454545455,7,5,6,4,"paired_perm_0211",1808
"GSE103940","Ensemble",0.479338842975207,0.409090909090909,0.454545454545455,0.363636363636364,5,4,7,6,"paired_perm_0211",1808
"GSE103940","LASSO",0.5,0.5,1,0,11,0,11,0,"paired_perm_0212",1237
"GSE103940","ElasticNet",0.5,0.5,1,0,11,0,11,0,"paired_perm_0212",1237
"GSE103940","RF",0.442148760330578,0.454545454545455,0.454545454545455,0.454545454545455,5,5,6,6,"paired_perm_0212",1237
"GSE103940","SVM",0.504132231404959,0.5,0.636363636363636,0.363636363636364,7,4,7,4,"paired_perm_0212",1237
"GSE103940","Ensemble",0.479338842975207,0.5,0.636363636363636,0.363636363636364,7,4,7,4,"paired_perm_0212",1237
"GSE103940","LASSO",0.413223140495868,0.454545454545455,0.909090909090909,0,10,0,11,1,"paired_perm_0213",1255
"GSE103940","ElasticNet",0.413223140495868,0.454545454545455,0.909090909090909,0,10,0,11,1,"paired_perm_0213",1255
"GSE103940","RF",0.40495867768595,0.363636363636364,0.454545454545455,0.272727272727273,5,3,8,6,"paired_perm_0213",1255
"GSE103940","SVM",0.471074380165289,0.545454545454545,0.636363636363636,0.454545454545455,7,5,6,4,"paired_perm_0213",1255
"GSE103940","Ensemble",0.40495867768595,0.454545454545455,0.545454545454545,0.363636363636364,6,4,7,5,"paired_perm_0213",1255
"GSE103940","LASSO",0.5,0.5,1,0,11,0,11,0,"paired_perm_0214",781
"GSE103940","ElasticNet",0.5,0.5,1,0,11,0,11,0,"paired_perm_0214",781
"GSE103940","RF",0.442148760330578,0.454545454545455,0.363636363636364,0.545454545454545,4,6,5,7,"paired_perm_0214",781
"GSE103940","SVM",0.537190082644628,0.590909090909091,0.636363636363636,0.545454545454545,7,6,5,4,"paired_perm_0214",781
"GSE103940","Ensemble",0.512396694214876,0.5,0.545454545454545,0.454545454545455,6,5,6,5,"paired_perm_0214",781
"GSE103940","LASSO",0.504132231404959,0.5,1,0,11,0,11,0,"paired_perm_0215",226
"GSE103940","ElasticNet",0.421487603305785,0.454545454545455,0.909090909090909,0,10,0,11,1,"paired_perm_0215",226
"GSE103940","RF",0.462809917355372,0.545454545454545,0.545454545454545,0.545454545454545,6,6,5,5,"paired_perm_0215",226
"GSE103940","SVM",0.289256198347107,0.318181818181818,0.363636363636364,0.272727272727273,4,3,8,7,"paired_perm_0215",226
"GSE103940","Ensemble",0.31404958677686,0.318181818181818,0.272727272727273,0.363636363636364,3,4,7,8,"paired_perm_0215",226
"GSE103940","LASSO",0.652892561983471,0.636363636363636,0.727272727272727,0.545454545454545,8,6,5,3,"paired_perm_0216",514
"GSE103940","ElasticNet",0.851239669421488,0.818181818181818,0.818181818181818,0.818181818181818,9,9,2,2,"paired_perm_0216",514
"GSE103940","RF",0.805785123966942,0.818181818181818,0.909090909090909,0.727272727272727,10,8,3,1,"paired_perm_0216",514
"GSE103940","SVM",0.867768595041322,0.863636363636364,0.909090909090909,0.818181818181818,10,9,2,1,"paired_perm_0216",514
"GSE103940","Ensemble",0.818181818181818,0.818181818181818,0.909090909090909,0.727272727272727,10,8,3,1,"paired_perm_0216",514
"GSE103940","LASSO",0.5,0.5,1,0,11,0,11,0,"paired_perm_0217",1123
"GSE103940","ElasticNet",0.5,0.5,1,0,11,0,11,0,"paired_perm_0217",1123
"GSE103940","RF",0.247933884297521,0.181818181818182,0.272727272727273,0.0909090909090909,3,1,10,8,"paired_perm_0217",1123
"GSE103940","SVM",0.462809917355372,0.545454545454545,0.545454545454545,0.545454545454545,6,6,5,5,"paired_perm_0217",1123
"GSE103940","Ensemble",0.396694214876033,0.409090909090909,0.454545454545455,0.363636363636364,5,4,7,6,"paired_perm_0217",1123
"GSE103940","LASSO",0.5,0.5,1,0,11,0,11,0,"paired_perm_0218",1817
"GSE103940","ElasticNet",0.413223140495868,0.454545454545455,0.909090909090909,0,10,0,11,1,"paired_perm_0218",1817
"GSE103940","RF",0.202479338842975,0.318181818181818,0.363636363636364,0.272727272727273,4,3,8,7,"paired_perm_0218",1817
"GSE103940","SVM",0.504132231404959,0.545454545454545,0.363636363636364,0.727272727272727,4,8,3,7,"paired_perm_0218",1817
"GSE103940","Ensemble",0.31404958677686,0.409090909090909,0.363636363636364,0.454545454545455,4,5,6,7,"paired_perm_0218",1817
"GSE103940","LASSO",0.5,0.5,1,0,11,0,11,0,"paired_perm_0219",1684
"GSE103940","ElasticNet",0.5,0.5,1,0,11,0,11,0,"paired_perm_0219",1684
"GSE103940","RF",0.285123966942149,0.363636363636364,0.454545454545455,0.272727272727273,5,3,8,6,"paired_perm_0219",1684
"GSE103940","SVM",0.528925619834711,0.5,0.545454545454545,0.454545454545455,6,5,6,5,"paired_perm_0219",1684
"GSE103940","Ensemble",0.429752066115702,0.454545454545455,0.454545454545455,0.454545454545455,5,5,6,6,"paired_perm_0219",1684
"GSE103940","LASSO",0.504132231404959,0.5,0.909090909090909,0.0909090909090909,10,1,10,1,"paired_perm_0220",1582
"GSE103940","ElasticNet",0.504132231404959,0.5,0.909090909090909,0.0909090909090909,10,1,10,1,"paired_perm_0220",1582
"GSE103940","RF",0.190082644628099,0.318181818181818,0.363636363636364,0.272727272727273,4,3,8,7,"paired_perm_0220",1582
"GSE103940","SVM",0.305785123966942,0.318181818181818,0.363636363636364,0.272727272727273,4,3,8,7,"paired_perm_0220",1582
"GSE103940","Ensemble",0.223140495867769,0.363636363636364,0.363636363636364,0.363636363636364,4,4,7,7,"paired_perm_0220",1582
"GSE103940","LASSO",0.413223140495868,0.454545454545455,0.909090909090909,0,10,0,11,1,"paired_perm_0221",624
"GSE103940","ElasticNet",0.475206611570248,0.5,0.727272727272727,0.272727272727273,8,3,8,3,"paired_perm_0221",624
"GSE103940","RF",0.677685950413223,0.590909090909091,0.454545454545455,0.727272727272727,5,8,3,6,"paired_perm_0221",624
"GSE103940","SVM",0.586776859504132,0.636363636363636,0.636363636363636,0.636363636363636,7,7,4,4,"paired_perm_0221",624
"GSE103940","Ensemble",0.586776859504132,0.636363636363636,0.454545454545455,0.818181818181818,5,9,2,6,"paired_perm_0221",624
"GSE103940","LASSO",0.5,0.5,1,0,11,0,11,0,"paired_perm_0222",913
"GSE103940","ElasticNet",0.5,0.5,1,0,11,0,11,0,"paired_perm_0222",913
"GSE103940","RF",0.148760330578512,0.181818181818182,0.181818181818182,0.181818181818182,2,2,9,9,"paired_perm_0222",913
"GSE103940","SVM",0.479338842975207,0.5,0.545454545454545,0.454545454545455,6,5,6,5,"paired_perm_0222",913
"GSE103940","Ensemble",0.322314049586777,0.363636363636364,0.454545454545455,0.272727272727273,5,3,8,6,"paired_perm_0222",913
"GSE103940","LASSO",0.495867768595041,0.5,0.909090909090909,0.0909090909090909,10,1,10,1,"paired_perm_0223",1321
"GSE103940","ElasticNet",0.495867768595041,0.5,0.909090909090909,0.0909090909090909,10,1,10,1,"paired_perm_0223",1321
"GSE103940","RF",0.619834710743802,0.5,0.636363636363636,0.363636363636364,7,4,7,4,"paired_perm_0223",1321
"GSE103940","SVM",0.388429752066116,0.454545454545455,0.363636363636364,0.545454545454545,4,6,5,7,"paired_perm_0223",1321
"GSE103940","Ensemble",0.487603305785124,0.5,0.636363636363636,0.363636363636364,7,4,7,4,"paired_perm_0223",1321
"GSE103940","LASSO",0.5,0.5,1,0,11,0,11,0,"paired_perm_0224",1586
"GSE103940","ElasticNet",0.5,0.5,1,0,11,0,11,0,"paired_perm_0224",1586
"GSE103940","RF",0.71900826446281,0.681818181818182,0.727272727272727,0.636363636363636,8,7,4,3,"paired_perm_0224",1586
"GSE103940","SVM",0.388429752066116,0.5,0.545454545454545,0.454545454545455,6,5,6,5,"paired_perm_0224",1586
"GSE103940","Ensemble",0.611570247933884,0.545454545454545,0.454545454545455,0.636363636363636,5,7,4,6,"paired_perm_0224",1586
"GSE103940","LASSO",0.5,0.5,1,0,11,0,11,0,"paired_perm_0225",797
"GSE103940","ElasticNet",0.5,0.5,1,0,11,0,11,0,"paired_perm_0225",797
"GSE103940","RF",0.417355371900826,0.409090909090909,0.363636363636364,0.454545454545455,4,5,6,7,"paired_perm_0225",797
"GSE103940","SVM",0.462809917355372,0.545454545454545,0.545454545454545,0.545454545454545,6,6,5,5,"paired_perm_0225",797
"GSE103940","Ensemble",0.462809917355372,0.5,0.454545454545455,0.545454545454545,5,6,5,6,"paired_perm_0225",797
"GSE103940","LASSO",0.5,0.5,1,0,11,0,11,0,"paired_perm_0226",974
"GSE103940","ElasticNet",0.5,0.5,1,0,11,0,11,0,"paired_perm_0226",974
"GSE103940","RF",0.458677685950413,0.545454545454545,0.363636363636364,0.727272727272727,4,8,3,7,"paired_perm_0226",974
"GSE103940","SVM",0.388429752066116,0.454545454545455,0.454545454545455,0.454545454545455,5,5,6,6,"paired_perm_0226",974
"GSE103940","Ensemble",0.338842975206612,0.409090909090909,0.363636363636364,0.454545454545455,4,5,6,7,"paired_perm_0226",974
"GSE103940","LASSO",0.574380165289256,0.545454545454545,0.818181818181818,0.272727272727273,9,3,8,2,"paired_perm_0227",895
"GSE103940","ElasticNet",0.727272727272727,0.681818181818182,0.727272727272727,0.636363636363636,8,7,4,3,"paired_perm_0227",895
"GSE103940","RF",0.84297520661157,0.727272727272727,0.727272727272727,0.727272727272727,8,8,3,3,"paired_perm_0227",895
"GSE103940","SVM",0.87603305785124,0.772727272727273,0.818181818181818,0.727272727272727,9,8,3,2,"paired_perm_0227",895
"GSE103940","Ensemble",0.834710743801653,0.681818181818182,0.636363636363636,0.727272727272727,7,8,3,4,"paired_perm_0227",895
"GSE103940","LASSO",0.5,0.5,1,0,11,0,11,0,"paired_perm_0228",1101
"GSE103940","ElasticNet",0.409090909090909,0.454545454545455,0.818181818181818,0.0909090909090909,9,1,10,2,"paired_perm_0228",1101
"GSE103940","RF",0.545454545454545,0.545454545454545,0.454545454545455,0.636363636363636,5,7,4,6,"paired_perm_0228",1101
"GSE103940","SVM",0.528925619834711,0.5,0.454545454545455,0.545454545454545,5,6,5,6,"paired_perm_0228",1101
"GSE103940","Ensemble",0.545454545454545,0.545454545454545,0.545454545454545,0.545454545454545,6,6,5,5,"paired_perm_0228",1101
"GSE103940","LASSO",0.413223140495868,0.454545454545455,0.909090909090909,0,10,0,11,1,"paired_perm_0229",13
"GSE103940","ElasticNet",0.355371900826446,0.409090909090909,0.818181818181818,0,9,0,11,2,"paired_perm_0229",13
"GSE103940","RF",0.549586776859504,0.363636363636364,0.363636363636364,0.363636363636364,4,4,7,7,"paired_perm_0229",13
"GSE103940","SVM",0.446280991735537,0.409090909090909,0.454545454545455,0.363636363636364,5,4,7,6,"paired_perm_0229",13
"GSE103940","Ensemble",0.471074380165289,0.454545454545455,0.545454545454545,0.363636363636364,6,4,7,5,"paired_perm_0229",13
"GSE103940","LASSO",0.5,0.5,1,0,11,0,11,0,"paired_perm_0230",453
"GSE103940","ElasticNet",0.5,0.5,1,0,11,0,11,0,"paired_perm_0230",453
"GSE103940","RF",0.516528925619835,0.5,0.545454545454545,0.454545454545455,6,5,6,5,"paired_perm_0230",453
"GSE103940","SVM",0.56198347107438,0.5,0.454545454545455,0.545454545454545,5,6,5,6,"paired_perm_0230",453
"GSE103940","Ensemble",0.528925619834711,0.5,0.545454545454545,0.454545454545455,6,5,6,5,"paired_perm_0230",453
"GSE103940","LASSO",0.495867768595041,0.5,1,0,11,0,11,0,"paired_perm_0231",822
"GSE103940","ElasticNet",0.483471074380165,0.5,1,0,11,0,11,0,"paired_perm_0231",822
"GSE103940","RF",0.590909090909091,0.636363636363636,0.636363636363636,0.636363636363636,7,7,4,4,"paired_perm_0231",822
"GSE103940","SVM",0.710743801652893,0.727272727272727,0.727272727272727,0.727272727272727,8,8,3,3,"paired_perm_0231",822
"GSE103940","Ensemble",0.694214876033058,0.590909090909091,0.727272727272727,0.454545454545455,8,5,6,3,"paired_perm_0231",822
"GSE103940","LASSO",0.5,0.5,1,0,11,0,11,0,"paired_perm_0232",844
"GSE103940","ElasticNet",0.5,0.5,1,0,11,0,11,0,"paired_perm_0232",844
"GSE103940","RF",0.56198347107438,0.636363636363636,0.636363636363636,0.636363636363636,7,7,4,4,"paired_perm_0232",844
"GSE103940","SVM",0.371900826446281,0.409090909090909,0.454545454545455,0.363636363636364,5,4,7,6,"paired_perm_0232",844
"GSE103940","Ensemble",0.371900826446281,0.5,0.363636363636364,0.636363636363636,4,7,4,7,"paired_perm_0232",844
"GSE103940","LASSO",0.566115702479339,0.545454545454545,0.909090909090909,0.181818181818182,10,2,9,1,"paired_perm_0233",152
"GSE103940","ElasticNet",0.566115702479339,0.545454545454545,0.818181818181818,0.272727272727273,9,3,8,2,"paired_perm_0233",152
"GSE103940","RF",0.504132231404959,0.636363636363636,0.636363636363636,0.636363636363636,7,7,4,4,"paired_perm_0233",152
"GSE103940","SVM",0.347107438016529,0.318181818181818,0.272727272727273,0.363636363636364,3,4,7,8,"paired_perm_0233",152
"GSE103940","Ensemble",0.504132231404959,0.590909090909091,0.545454545454545,0.636363636363636,6,7,4,5,"paired_perm_0233",152
"GSE103940","LASSO",0.702479338842975,0.590909090909091,0.727272727272727,0.454545454545455,8,5,6,3,"paired_perm_0234",1253
"GSE103940","ElasticNet",0.702479338842975,0.590909090909091,0.727272727272727,0.454545454545455,8,5,6,3,"paired_perm_0234",1253
"GSE103940","RF",0.504132231404959,0.5,0.545454545454545,0.454545454545455,6,5,6,5,"paired_perm_0234",1253
"GSE103940","SVM",0.264462809917355,0.318181818181818,0.363636363636364,0.272727272727273,4,3,8,7,"paired_perm_0234",1253
"GSE103940","Ensemble",0.504132231404959,0.545454545454545,0.636363636363636,0.454545454545455,7,5,6,4,"paired_perm_0234",1253
"GSE103940","LASSO",0.5,0.5,1,0,11,0,11,0,"paired_perm_0235",230
"GSE103940","ElasticNet",0.413223140495868,0.454545454545455,0.909090909090909,0,10,0,11,1,"paired_perm_0235",230
"GSE103940","RF",0.181818181818182,0.272727272727273,0.272727272727273,0.272727272727273,3,3,8,8,"paired_perm_0235",230
"GSE103940","SVM",0.504132231404959,0.545454545454545,0.727272727272727,0.363636363636364,8,4,7,3,"paired_perm_0235",230
"GSE103940","Ensemble",0.264462809917355,0.318181818181818,0.363636363636364,0.272727272727273,4,3,8,7,"paired_perm_0235",230
"GSE103940","LASSO",0.5,0.5,1,0,11,0,11,0,"paired_perm_0236",1747
"GSE103940","ElasticNet",0.417355371900826,0.454545454545455,0.818181818181818,0.0909090909090909,9,1,10,2,"paired_perm_0236",1747
"GSE103940","RF",0.227272727272727,0.227272727272727,0.181818181818182,0.272727272727273,2,3,8,9,"paired_perm_0236",1747
"GSE103940","SVM",0.578512396694215,0.636363636363636,0.727272727272727,0.545454545454545,8,6,5,3,"paired_perm_0236",1747
"GSE103940","Ensemble",0.338842975206612,0.454545454545455,0.363636363636364,0.545454545454545,4,6,5,7,"paired_perm_0236",1747
"GSE103940","LASSO",0.504132231404959,0.5,0.909090909090909,0.0909090909090909,10,1,10,1,"paired_perm_0237",166
"GSE103940","ElasticNet",0.566115702479339,0.545454545454545,0.727272727272727,0.363636363636364,8,4,7,3,"paired_perm_0237",166
"GSE103940","RF",0.611570247933884,0.590909090909091,0.545454545454545,0.636363636363636,6,7,4,5,"paired_perm_0237",166
"GSE103940","SVM",0.487603305785124,0.409090909090909,0.454545454545455,0.363636363636364,5,4,7,6,"paired_perm_0237",166
"GSE103940","Ensemble",0.669421487603306,0.636363636363636,0.636363636363636,0.636363636363636,7,7,4,4,"paired_perm_0237",166
"GSE103940","LASSO",0.5,0.5,1,0,11,0,11,0,"paired_perm_0238",925
"GSE103940","ElasticNet",0.5,0.5,1,0,11,0,11,0,"paired_perm_0238",925
"GSE103940","RF",0.363636363636364,0.409090909090909,0.454545454545455,0.363636363636364,5,4,7,6,"paired_perm_0238",925
"GSE103940","SVM",0.297520661157025,0.318181818181818,0.272727272727273,0.363636363636364,3,4,7,8,"paired_perm_0238",925
"GSE103940","Ensemble",0.363636363636364,0.318181818181818,0.363636363636364,0.272727272727273,4,3,8,7,"paired_perm_0238",925
"GSE103940","LASSO",0.330578512396694,0.409090909090909,0.818181818181818,0,9,0,11,2,"paired_perm_0239",433
"GSE103940","ElasticNet",0.351239669421488,0.409090909090909,0.727272727272727,0.0909090909090909,8,1,10,3,"paired_perm_0239",433
"GSE103940","RF",0.326446280991736,0.318181818181818,0.363636363636364,0.272727272727273,4,3,8,7,"paired_perm_0239",433
"GSE103940","SVM",0.413223140495868,0.409090909090909,0.181818181818182,0.636363636363636,2,7,4,9,"paired_perm_0239",433
"GSE103940","Ensemble",0.256198347107438,0.409090909090909,0.272727272727273,0.545454545454545,3,6,5,8,"paired_perm_0239",433
"GSE103940","LASSO",0.413223140495868,0.454545454545455,0.909090909090909,0,10,0,11,1,"paired_perm_0240",525
"GSE103940","ElasticNet",0.334710743801653,0.409090909090909,0.818181818181818,0,9,0,11,2,"paired_perm_0240",525
"GSE103940","RF",0.59504132231405,0.590909090909091,0.454545454545455,0.727272727272727,5,8,3,6,"paired_perm_0240",525
"GSE103940","SVM",0.380165289256198,0.454545454545455,0.545454545454545,0.363636363636364,6,4,7,5,"paired_perm_0240",525
"GSE103940","Ensemble",0.380165289256198,0.363636363636364,0.363636363636364,0.363636363636364,4,4,7,7,"paired_perm_0240",525
"GSE103940","LASSO",0.5,0.5,1,0,11,0,11,0,"paired_perm_0241",1512
"GSE103940","ElasticNet",0.5,0.5,1,0,11,0,11,0,"paired_perm_0241",1512
"GSE103940","RF",0.483471074380165,0.5,0.727272727272727,0.272727272727273,8,3,8,3,"paired_perm_0241",1512
"GSE103940","SVM",0.462809917355372,0.5,0.545454545454545,0.454545454545455,6,5,6,5,"paired_perm_0241",1512
"GSE103940","Ensemble",0.487603305785124,0.5,0.545454545454545,0.454545454545455,6,5,6,5,"paired_perm_0241",1512
"GSE103940","LASSO",0.5,0.5,1,0,11,0,11,0,"paired_perm_0242",1909
"GSE103940","ElasticNet",0.413223140495868,0.454545454545455,0.909090909090909,0,10,0,11,1,"paired_perm_0242",1909
"GSE103940","RF",0.71900826446281,0.727272727272727,0.727272727272727,0.727272727272727,8,8,3,3,"paired_perm_0242",1909
"GSE103940","SVM",0.578512396694215,0.681818181818182,0.636363636363636,0.727272727272727,7,8,3,4,"paired_perm_0242",1909
"GSE103940","Ensemble",0.652892561983471,0.681818181818182,0.636363636363636,0.727272727272727,7,8,3,4,"paired_perm_0242",1909
"GSE103940","LASSO",0.5,0.5,1,0,11,0,11,0,"paired_perm_0243",1315
"GSE103940","ElasticNet",0.5,0.5,1,0,11,0,11,0,"paired_perm_0243",1315
"GSE103940","RF",0.487603305785124,0.409090909090909,0.363636363636364,0.454545454545455,4,5,6,7,"paired_perm_0243",1315
"GSE103940","SVM",0.537190082644628,0.5,0.363636363636364,0.636363636363636,4,7,4,7,"paired_perm_0243",1315
"GSE103940","Ensemble",0.495867768595041,0.409090909090909,0.363636363636364,0.454545454545455,4,5,6,7,"paired_perm_0243",1315
"GSE103940","LASSO",0.5,0.5,1,0,11,0,11,0,"paired_perm_0244",553
"GSE103940","ElasticNet",0.413223140495868,0.454545454545455,0.909090909090909,0,10,0,11,1,"paired_perm_0244",553
"GSE103940","RF",0.603305785123967,0.545454545454545,0.545454545454545,0.545454545454545,6,6,5,5,"paired_perm_0244",553
"GSE103940","SVM",0.330578512396694,0.363636363636364,0.636363636363636,0.0909090909090909,7,1,10,4,"paired_perm_0244",553
"GSE103940","Ensemble",0.504132231404959,0.454545454545455,0.636363636363636,0.272727272727273,7,3,8,4,"paired_perm_0244",553
"GSE103940","LASSO",0.5,0.5,1,0,11,0,11,0,"paired_perm_0245",1081
"GSE103940","ElasticNet",0.495867768595041,0.5,0.909090909090909,0.0909090909090909,10,1,10,1,"paired_perm_0245",1081
"GSE103940","RF",0.198347107438017,0.272727272727273,0.363636363636364,0.181818181818182,4,2,9,7,"paired_perm_0245",1081
"GSE103940","SVM",0.355371900826446,0.5,0.545454545454545,0.454545454545455,6,5,6,5,"paired_perm_0245",1081
"GSE103940","Ensemble",0.239669421487603,0.409090909090909,0.454545454545455,0.363636363636364,5,4,7,6,"paired_perm_0245",1081
"GSE103940","LASSO",0.495867768595041,0.5,0.909090909090909,0.0909090909090909,10,1,10,1,"paired_perm_0246",1345
"GSE103940","ElasticNet",0.5,0.5,0.909090909090909,0.0909090909090909,10,1,10,1,"paired_perm_0246",1345
"GSE103940","RF",0.446280991735537,0.409090909090909,0.454545454545455,0.363636363636364,5,4,7,6,"paired_perm_0246",1345
"GSE103940","SVM",0.611570247933884,0.590909090909091,0.727272727272727,0.454545454545455,8,5,6,3,"paired_perm_0246",1345
"GSE103940","Ensemble",0.619834710743802,0.545454545454545,0.727272727272727,0.363636363636364,8,4,7,3,"paired_perm_0246",1345
"GSE103940","LASSO",0.5,0.5,1,0,11,0,11,0,"paired_perm_0247",1392
"GSE103940","ElasticNet",0.5,0.5,1,0,11,0,11,0,"paired_perm_0247",1392
"GSE103940","RF",0.40495867768595,0.454545454545455,0.454545454545455,0.454545454545455,5,5,6,6,"paired_perm_0247",1392
"GSE103940","SVM",0.355371900826446,0.409090909090909,0.363636363636364,0.454545454545455,4,5,6,7,"paired_perm_0247",1392
"GSE103940","Ensemble",0.363636363636364,0.454545454545455,0.454545454545455,0.454545454545455,5,5,6,6,"paired_perm_0247",1392
"GSE103940","LASSO",0.5,0.5,1,0,11,0,11,0,"paired_perm_0248",222
"GSE103940","ElasticNet",0.413223140495868,0.454545454545455,0.909090909090909,0,10,0,11,1,"paired_perm_0248",222
"GSE103940","RF",0.371900826446281,0.454545454545455,0.363636363636364,0.545454545454545,4,6,5,7,"paired_perm_0248",222
"GSE103940","SVM",0.56198347107438,0.590909090909091,0.545454545454545,0.636363636363636,6,7,4,5,"paired_perm_0248",222
"GSE103940","Ensemble",0.495867768595041,0.454545454545455,0.363636363636364,0.545454545454545,4,6,5,7,"paired_perm_0248",222
"GSE103940","LASSO",0.5,0.5,1,0,11,0,11,0,"paired_perm_0249",17
"GSE103940","ElasticNet",0.413223140495868,0.454545454545455,0.909090909090909,0,10,0,11,1,"paired_perm_0249",17
"GSE103940","RF",0.570247933884298,0.545454545454545,0.454545454545455,0.636363636363636,5,7,4,6,"paired_perm_0249",17
"GSE103940","SVM",0.388429752066116,0.454545454545455,0.545454545454545,0.363636363636364,6,4,7,5,"paired_perm_0249",17
"GSE103940","Ensemble",0.586776859504132,0.590909090909091,0.727272727272727,0.454545454545455,8,5,6,3,"paired_perm_0249",17
"GSE103940","LASSO",0.5,0.5,1,0,11,0,11,0,"paired_perm_0250",782
"GSE103940","ElasticNet",0.413223140495868,0.454545454545455,0.909090909090909,0,10,0,11,1,"paired_perm_0250",782
"GSE103940","RF",0.252066115702479,0.318181818181818,0.272727272727273,0.363636363636364,3,4,7,8,"paired_perm_0250",782
"GSE103940","SVM",0.289256198347107,0.272727272727273,0.272727272727273,0.272727272727273,3,3,8,8,"paired_perm_0250",782
"GSE103940","Ensemble",0.181818181818182,0.227272727272727,0.181818181818182,0.272727272727273,2,3,8,9,"paired_perm_0250",782
"GSE103940","LASSO",0.504132231404959,0.5,0.818181818181818,0.181818181818182,9,2,9,2,"paired_perm_0251",1185
"GSE103940","ElasticNet",0.504132231404959,0.5,0.818181818181818,0.181818181818182,9,2,9,2,"paired_perm_0251",1185
"GSE103940","RF",0.628099173553719,0.636363636363636,0.818181818181818,0.454545454545455,9,5,6,2,"paired_perm_0251",1185
"GSE103940","SVM",0.504132231404959,0.5,0.272727272727273,0.727272727272727,3,8,3,8,"paired_perm_0251",1185
"GSE103940","Ensemble",0.570247933884298,0.590909090909091,0.545454545454545,0.636363636363636,6,7,4,5,"paired_perm_0251",1185
"GSE103940","LASSO",0.5,0.5,1,0,11,0,11,0,"paired_perm_0252",957
"GSE103940","ElasticNet",0.5,0.5,1,0,11,0,11,0,"paired_perm_0252",957
"GSE103940","RF",0.541322314049587,0.590909090909091,0.545454545454545,0.636363636363636,6,7,4,5,"paired_perm_0252",957
"GSE103940","SVM",0.504132231404959,0.590909090909091,0.545454545454545,0.636363636363636,6,7,4,5,"paired_perm_0252",957
"GSE103940","Ensemble",0.520661157024793,0.545454545454545,0.545454545454545,0.545454545454545,6,6,5,5,"paired_perm_0252",957
"GSE103940","LASSO",0.409090909090909,0.454545454545455,0.909090909090909,0,10,0,11,1,"paired_perm_0253",730
"GSE103940","ElasticNet",0.413223140495868,0.454545454545455,0.909090909090909,0,10,0,11,1,"paired_perm_0253",730
"GSE103940","RF",0.347107438016529,0.454545454545455,0.363636363636364,0.545454545454545,4,6,5,7,"paired_perm_0253",730
"GSE103940","SVM",0.347107438016529,0.363636363636364,0.454545454545455,0.272727272727273,5,3,8,6,"paired_perm_0253",730
"GSE103940","Ensemble",0.338842975206612,0.454545454545455,0.272727272727273,0.636363636363636,3,7,4,8,"paired_perm_0253",730
"GSE103940","LASSO",0.5,0.5,0.909090909090909,0.0909090909090909,10,1,10,1,"paired_perm_0254",1922
"GSE103940","ElasticNet",0.429752066115702,0.454545454545455,0.818181818181818,0.0909090909090909,9,1,10,2,"paired_perm_0254",1922
"GSE103940","RF",0.603305785123967,0.636363636363636,0.727272727272727,0.545454545454545,8,6,5,3,"paired_perm_0254",1922
"GSE103940","SVM",0.528925619834711,0.590909090909091,0.545454545454545,0.636363636363636,6,7,4,5,"paired_perm_0254",1922
"GSE103940","Ensemble",0.611570247933884,0.5,0.454545454545455,0.545454545454545,5,6,5,6,"paired_perm_0254",1922
"GSE103940","LASSO",0.5,0.5,1,0,11,0,11,0,"paired_perm_0255",1456
"GSE103940","ElasticNet",0.413223140495868,0.454545454545455,0.909090909090909,0,10,0,11,1,"paired_perm_0255",1456
"GSE103940","RF",0.677685950413223,0.590909090909091,0.545454545454545,0.636363636363636,6,7,4,5,"paired_perm_0255",1456
"GSE103940","SVM",0.628099173553719,0.590909090909091,0.636363636363636,0.545454545454545,7,6,5,4,"paired_perm_0255",1456
"GSE103940","Ensemble",0.661157024793388,0.545454545454545,0.636363636363636,0.454545454545455,7,5,6,4,"paired_perm_0255",1456
"GSE103940","LASSO",0.495867768595041,0.5,0.909090909090909,0.0909090909090909,10,1,10,1,"paired_perm_0256",1549
"GSE103940","ElasticNet",0.5,0.5,1,0,11,0,11,0,"paired_perm_0256",1549
"GSE103940","RF",0.355371900826446,0.363636363636364,0.454545454545455,0.272727272727273,5,3,8,6,"paired_perm_0256",1549
"GSE103940","SVM",0.644628099173554,0.636363636363636,0.545454545454545,0.727272727272727,6,8,3,5,"paired_perm_0256",1549
"GSE103940","Ensemble",0.553719008264463,0.545454545454545,0.454545454545455,0.636363636363636,5,7,4,6,"paired_perm_0256",1549
"GSE103940","LASSO",0.814049586776859,0.818181818181818,0.909090909090909,0.727272727272727,10,8,3,1,"paired_perm_0257",16
"GSE103940","ElasticNet",0.776859504132231,0.818181818181818,0.818181818181818,0.818181818181818,9,9,2,2,"paired_perm_0257",16
"GSE103940","RF",0.87603305785124,0.863636363636364,0.909090909090909,0.818181818181818,10,9,2,1,"paired_perm_0257",16
"GSE103940","SVM",0.884297520661157,0.772727272727273,0.818181818181818,0.727272727272727,9,8,3,2,"paired_perm_0257",16
"GSE103940","Ensemble",0.826446280991736,0.863636363636364,0.909090909090909,0.818181818181818,10,9,2,1,"paired_perm_0257",16
"GSE103940","LASSO",0.5,0.5,1,0,11,0,11,0,"paired_perm_0258",1059
"GSE103940","ElasticNet",0.5,0.5,1,0,11,0,11,0,"paired_perm_0258",1059
"GSE103940","RF",0.528925619834711,0.5,0.545454545454545,0.454545454545455,6,5,6,5,"paired_perm_0258",1059
"GSE103940","SVM",0.487603305785124,0.454545454545455,0.272727272727273,0.636363636363636,3,7,4,8,"paired_perm_0258",1059
"GSE103940","Ensemble",0.462809917355372,0.454545454545455,0.454545454545455,0.454545454545455,5,5,6,6,"paired_perm_0258",1059
"GSE103940","LASSO",0.417355371900826,0.454545454545455,0.818181818181818,0.0909090909090909,9,1,10,2,"paired_perm_0259",370
"GSE103940","ElasticNet",0.334710743801653,0.409090909090909,0.818181818181818,0,9,0,11,2,"paired_perm_0259",370
"GSE103940","RF",0.367768595041322,0.5,0.454545454545455,0.545454545454545,5,6,5,6,"paired_perm_0259",370
"GSE103940","SVM",0.330578512396694,0.318181818181818,0.454545454545455,0.181818181818182,5,2,9,6,"paired_perm_0259",370
"GSE103940","Ensemble",0.297520661157025,0.363636363636364,0.363636363636364,0.363636363636364,4,4,7,7,"paired_perm_0259",370
"GSE103940","LASSO",0.413223140495868,0.454545454545455,0.909090909090909,0,10,0,11,1,"paired_perm_0260",263
"GSE103940","ElasticNet",0.413223140495868,0.454545454545455,0.909090909090909,0,10,0,11,1,"paired_perm_0260",263
"GSE103940","RF",0.181818181818182,0.272727272727273,0.272727272727273,0.272727272727273,3,3,8,8,"paired_perm_0260",263
"GSE103940","SVM",0.545454545454545,0.454545454545455,0.454545454545455,0.454545454545455,5,5,6,6,"paired_perm_0260",263
"GSE103940","Ensemble",0.165289256198347,0.181818181818182,0.181818181818182,0.181818181818182,2,2,9,9,"paired_perm_0260",263
"GSE103940","LASSO",0.417355371900826,0.454545454545455,0.909090909090909,0,10,0,11,1,"paired_perm_0261",1677
"GSE103940","ElasticNet",0.334710743801653,0.409090909090909,0.818181818181818,0,9,0,11,2,"paired_perm_0261",1677
"GSE103940","RF",0.318181818181818,0.363636363636364,0.454545454545455,0.272727272727273,5,3,8,6,"paired_perm_0261",1677
"GSE103940","SVM",0.330578512396694,0.318181818181818,0.181818181818182,0.454545454545455,2,5,6,9,"paired_perm_0261",1677
"GSE103940","Ensemble",0.305785123966942,0.363636363636364,0.363636363636364,0.363636363636364,4,4,7,7,"paired_perm_0261",1677
"GSE103940","LASSO",0.491735537190083,0.5,1,0,11,0,11,0,"paired_perm_0262",1291
"GSE103940","ElasticNet",0.409090909090909,0.454545454545455,0.909090909090909,0,10,0,11,1,"paired_perm_0262",1291
"GSE103940","RF",0.355371900826446,0.454545454545455,0.636363636363636,0.272727272727273,7,3,8,4,"paired_perm_0262",1291
"GSE103940","SVM",0.495867768595041,0.5,0.272727272727273,0.727272727272727,3,8,3,8,"paired_perm_0262",1291
"GSE103940","Ensemble",0.388429752066116,0.409090909090909,0.363636363636364,0.454545454545455,4,5,6,7,"paired_perm_0262",1291
"GSE103940","LASSO",0.433884297520661,0.454545454545455,0.727272727272727,0.181818181818182,8,2,9,3,"paired_perm_0263",656
"GSE103940","ElasticNet",0.491735537190083,0.5,0.636363636363636,0.363636363636364,7,4,7,4,"paired_perm_0263",656
"GSE103940","RF",0.644628099173554,0.590909090909091,0.545454545454545,0.636363636363636,6,7,4,5,"paired_perm_0263",656
"GSE103940","SVM",0.388429752066116,0.454545454545455,0.454545454545455,0.454545454545455,5,5,6,6,"paired_perm_0263",656
"GSE103940","Ensemble",0.603305785123967,0.590909090909091,0.545454545454545,0.636363636363636,6,7,4,5,"paired_perm_0263",656
"GSE103940","LASSO",0.5,0.5,1,0,11,0,11,0,"paired_perm_0264",1218
"GSE103940","ElasticNet",0.5,0.5,1,0,11,0,11,0,"paired_perm_0264",1218
"GSE103940","RF",0.504132231404959,0.590909090909091,0.636363636363636,0.545454545454545,7,6,5,4,"paired_perm_0264",1218
"GSE103940","SVM",0.28099173553719,0.318181818181818,0.363636363636364,0.272727272727273,4,3,8,7,"paired_perm_0264",1218
"GSE103940","Ensemble",0.347107438016529,0.454545454545455,0.545454545454545,0.363636363636364,6,4,7,5,"paired_perm_0264",1218
"GSE103940","LASSO",0.495867768595041,0.5,1,0,11,0,11,0,"paired_perm_0265",874
"GSE103940","ElasticNet",0.5,0.5,1,0,11,0,11,0,"paired_perm_0265",874
"GSE103940","RF",0.508264462809917,0.545454545454545,0.454545454545455,0.636363636363636,5,7,4,6,"paired_perm_0265",874
"GSE103940","SVM",0.388429752066116,0.409090909090909,0.454545454545455,0.363636363636364,5,4,7,6,"paired_perm_0265",874
"GSE103940","Ensemble",0.421487603305785,0.454545454545455,0.454545454545455,0.454545454545455,5,5,6,6,"paired_perm_0265",874
"GSE103940","LASSO",0.5,0.5,1,0,11,0,11,0,"paired_perm_0266",963
"GSE103940","ElasticNet",0.5,0.5,1,0,11,0,11,0,"paired_perm_0266",963
"GSE103940","RF",0.119834710743802,0.272727272727273,0.272727272727273,0.272727272727273,3,3,8,8,"paired_perm_0266",963
"GSE103940","SVM",0.256198347107438,0.318181818181818,0.272727272727273,0.363636363636364,3,4,7,8,"paired_perm_0266",963
"GSE103940","Ensemble",0.190082644628099,0.181818181818182,0.181818181818182,0.181818181818182,2,2,9,9,"paired_perm_0266",963
"GSE103940","LASSO",0.491735537190083,0.5,1,0,11,0,11,0,"paired_perm_0267",225
"GSE103940","ElasticNet",0.5,0.5,0.909090909090909,0.0909090909090909,10,1,10,1,"paired_perm_0267",225
"GSE103940","RF",0.537190082644628,0.5,0.545454545454545,0.454545454545455,6,5,6,5,"paired_perm_0267",225
"GSE103940","SVM",0.495867768595041,0.5,0.545454545454545,0.454545454545455,6,5,6,5,"paired_perm_0267",225
"GSE103940","Ensemble",0.570247933884298,0.545454545454545,0.727272727272727,0.363636363636364,8,4,7,3,"paired_perm_0267",225
"GSE103940","LASSO",0.5,0.5,0.818181818181818,0.181818181818182,9,2,9,2,"paired_perm_0268",1165
"GSE103940","ElasticNet",0.586776859504132,0.590909090909091,0.636363636363636,0.545454545454545,7,6,5,4,"paired_perm_0268",1165
"GSE103940","RF",0.462809917355372,0.5,0.545454545454545,0.454545454545455,6,5,6,5,"paired_perm_0268",1165
"GSE103940","SVM",0.826446280991736,0.772727272727273,0.818181818181818,0.727272727272727,9,8,3,2,"paired_perm_0268",1165
"GSE103940","Ensemble",0.727272727272727,0.727272727272727,0.818181818181818,0.636363636363636,9,7,4,2,"paired_perm_0268",1165
"GSE103940","LASSO",0.5,0.5,1,0,11,0,11,0,"paired_perm_0269",838
"GSE103940","ElasticNet",0.5,0.5,1,0,11,0,11,0,"paired_perm_0269",838
"GSE103940","RF",0.272727272727273,0.227272727272727,0.0909090909090909,0.363636363636364,1,4,7,10,"paired_perm_0269",838
"GSE103940","SVM",0.363636363636364,0.5,0.272727272727273,0.727272727272727,3,8,3,8,"paired_perm_0269",838
"GSE103940","Ensemble",0.190082644628099,0.227272727272727,0.0909090909090909,0.363636363636364,1,4,7,10,"paired_perm_0269",838
"GSE103940","LASSO",0.413223140495868,0.454545454545455,0.909090909090909,0,10,0,11,1,"paired_perm_0270",563
"GSE103940","ElasticNet",0.413223140495868,0.454545454545455,0.909090909090909,0,10,0,11,1,"paired_perm_0270",563
"GSE103940","RF",0.545454545454545,0.590909090909091,0.545454545454545,0.636363636363636,6,7,4,5,"paired_perm_0270",563
"GSE103940","SVM",0.31404958677686,0.363636363636364,0.272727272727273,0.454545454545455,3,5,6,8,"paired_perm_0270",563
"GSE103940","Ensemble",0.40495867768595,0.409090909090909,0.363636363636364,0.454545454545455,4,5,6,7,"paired_perm_0270",563
"GSE103940","LASSO",0.409090909090909,0.454545454545455,0.909090909090909,0,10,0,11,1,"paired_perm_0271",1308
"GSE103940","ElasticNet",0.409090909090909,0.454545454545455,0.909090909090909,0,10,0,11,1,"paired_perm_0271",1308
"GSE103940","RF",0.520661157024793,0.454545454545455,0.545454545454545,0.363636363636364,6,4,7,5,"paired_perm_0271",1308
"GSE103940","SVM",0.355371900826446,0.409090909090909,0.363636363636364,0.454545454545455,4,5,6,7,"paired_perm_0271",1308
"GSE103940","Ensemble",0.347107438016529,0.454545454545455,0.636363636363636,0.272727272727273,7,3,8,4,"paired_perm_0271",1308
"GSE103940","LASSO",0.5,0.5,1,0,11,0,11,0,"paired_perm_0272",470
"GSE103940","ElasticNet",0.5,0.5,1,0,11,0,11,0,"paired_perm_0272",470
"GSE103940","RF",0.487603305785124,0.454545454545455,0.363636363636364,0.545454545454545,4,6,5,7,"paired_perm_0272",470
"GSE103940","SVM",0.43801652892562,0.545454545454545,0.636363636363636,0.454545454545455,7,5,6,4,"paired_perm_0272",470
"GSE103940","Ensemble",0.43801652892562,0.5,0.454545454545455,0.545454545454545,5,6,5,6,"paired_perm_0272",470
"GSE103940","LASSO",0.495867768595041,0.5,0.909090909090909,0.0909090909090909,10,1,10,1,"paired_perm_0273",1374
"GSE103940","ElasticNet",0.495867768595041,0.5,0.909090909090909,0.0909090909090909,10,1,10,1,"paired_perm_0273",1374
"GSE103940","RF",0.652892561983471,0.681818181818182,0.727272727272727,0.636363636363636,8,7,4,3,"paired_perm_0273",1374
"GSE103940","SVM",0.322314049586777,0.454545454545455,0.454545454545455,0.454545454545455,5,5,6,6,"paired_perm_0273",1374
"GSE103940","Ensemble",0.471074380165289,0.545454545454545,0.454545454545455,0.636363636363636,5,7,4,6,"paired_perm_0273",1374
"GSE103940","LASSO",0.5,0.5,1,0,11,0,11,0,"paired_perm_0274",820
"GSE103940","ElasticNet",0.413223140495868,0.454545454545455,0.909090909090909,0,10,0,11,1,"paired_perm_0274",820
"GSE103940","RF",0.380165289256198,0.5,0.636363636363636,0.363636363636364,7,4,7,4,"paired_perm_0274",820
"GSE103940","SVM",0.578512396694215,0.5,0.454545454545455,0.545454545454545,5,6,5,6,"paired_perm_0274",820
"GSE103940","Ensemble",0.553719008264463,0.545454545454545,0.636363636363636,0.454545454545455,7,5,6,4,"paired_perm_0274",820
"GSE103940","LASSO",0.417355371900826,0.454545454545455,0.909090909090909,0,10,0,11,1,"paired_perm_0275",208
"GSE103940","ElasticNet",0.475206611570248,0.5,0.818181818181818,0.181818181818182,9,2,9,2,"paired_perm_0275",208
"GSE103940","RF",0.615702479338843,0.636363636363636,0.636363636363636,0.636363636363636,7,7,4,4,"paired_perm_0275",208
"GSE103940","SVM",0.330578512396694,0.272727272727273,0.272727272727273,0.272727272727273,3,3,8,8,"paired_perm_0275",208
"GSE103940","Ensemble",0.479338842975207,0.590909090909091,0.636363636363636,0.545454545454545,7,6,5,4,"paired_perm_0275",208
"GSE103940","LASSO",0.5,0.5,1,0,11,0,11,0,"paired_perm_0276",1122
"GSE103940","ElasticNet",0.5,0.5,1,0,11,0,11,0,"paired_perm_0276",1122
"GSE103940","RF",0.396694214876033,0.409090909090909,0.363636363636364,0.454545454545455,4,5,6,7,"paired_perm_0276",1122
"GSE103940","SVM",0.297520661157025,0.318181818181818,0.363636363636364,0.272727272727273,4,3,8,7,"paired_perm_0276",1122
"GSE103940","Ensemble",0.338842975206612,0.409090909090909,0.363636363636364,0.454545454545455,4,5,6,7,"paired_perm_0276",1122
"GSE103940","LASSO",0.413223140495868,0.454545454545455,0.909090909090909,0,10,0,11,1,"paired_perm_0277",1330
"GSE103940","ElasticNet",0.413223140495868,0.454545454545455,0.909090909090909,0,10,0,11,1,"paired_perm_0277",1330
"GSE103940","RF",0.772727272727273,0.681818181818182,0.818181818181818,0.545454545454545,9,6,5,2,"paired_perm_0277",1330
"GSE103940","SVM",0.619834710743802,0.590909090909091,0.454545454545455,0.727272727272727,5,8,3,6,"paired_perm_0277",1330
"GSE103940","Ensemble",0.694214876033058,0.681818181818182,0.727272727272727,0.636363636363636,8,7,4,3,"paired_perm_0277",1330
"GSE103940","LASSO",0.495867768595041,0.5,1,0,11,0,11,0,"paired_perm_0278",1815
"GSE103940","ElasticNet",0.40495867768595,0.454545454545455,0.818181818181818,0.0909090909090909,9,1,10,2,"paired_perm_0278",1815
"GSE103940","RF",0.384297520661157,0.454545454545455,0.545454545454545,0.363636363636364,6,4,7,5,"paired_perm_0278",1815
"GSE103940","SVM",0.611570247933884,0.636363636363636,0.636363636363636,0.636363636363636,7,7,4,4,"paired_perm_0278",1815
"GSE103940","Ensemble",0.479338842975207,0.5,0.636363636363636,0.363636363636364,7,4,7,4,"paired_perm_0278",1815
"GSE103940","LASSO",0.56198347107438,0.545454545454545,0.727272727272727,0.363636363636364,8,4,7,3,"paired_perm_0279",594
"GSE103940","ElasticNet",0.471074380165289,0.454545454545455,0.545454545454545,0.363636363636364,6,4,7,5,"paired_perm_0279",594
"GSE103940","RF",0.735537190082645,0.681818181818182,0.727272727272727,0.636363636363636,8,7,4,3,"paired_perm_0279",594
"GSE103940","SVM",0.669421487603306,0.636363636363636,0.545454545454545,0.727272727272727,6,8,3,5,"paired_perm_0279",594
"GSE103940","Ensemble",0.685950413223141,0.636363636363636,0.636363636363636,0.636363636363636,7,7,4,4,"paired_perm_0279",594
"GSE103940","LASSO",0.5,0.5,1,0,11,0,11,0,"paired_perm_0280",1448
"GSE103940","ElasticNet",0.5,0.5,1,0,11,0,11,0,"paired_perm_0280",1448
"GSE103940","RF",0.347107438016529,0.454545454545455,0.545454545454545,0.363636363636364,6,4,7,5,"paired_perm_0280",1448
"GSE103940","SVM",0.190082644628099,0.272727272727273,0.363636363636364,0.181818181818182,4,2,9,7,"paired_perm_0280",1448
"GSE103940","Ensemble",0.239669421487603,0.272727272727273,0.272727272727273,0.272727272727273,3,3,8,8,"paired_perm_0280",1448
"GSE103940","LASSO",0.5,0.5,1,0,11,0,11,0,"paired_perm_0281",337
"GSE103940","ElasticNet",0.5,0.5,1,0,11,0,11,0,"paired_perm_0281",337
"GSE103940","RF",0.190082644628099,0.272727272727273,0.272727272727273,0.272727272727273,3,3,8,8,"paired_perm_0281",337
"GSE103940","SVM",0.471074380165289,0.545454545454545,0.545454545454545,0.545454545454545,6,6,5,5,"paired_perm_0281",337
"GSE103940","Ensemble",0.347107438016529,0.363636363636364,0.363636363636364,0.363636363636364,4,4,7,7,"paired_perm_0281",337
"GSE103940","LASSO",0.5,0.5,1,0,11,0,11,0,"paired_perm_0282",1354
"GSE103940","ElasticNet",0.5,0.5,1,0,11,0,11,0,"paired_perm_0282",1354
"GSE103940","RF",0.276859504132231,0.318181818181818,0.363636363636364,0.272727272727273,4,3,8,7,"paired_perm_0282",1354
"GSE103940","SVM",0.355371900826446,0.318181818181818,0.272727272727273,0.363636363636364,3,4,7,8,"paired_perm_0282",1354
"GSE103940","Ensemble",0.256198347107438,0.318181818181818,0.454545454545455,0.181818181818182,5,2,9,6,"paired_perm_0282",1354
"GSE103940","LASSO",0.611570247933884,0.545454545454545,0.727272727272727,0.363636363636364,8,4,7,3,"paired_perm_0283",706
"GSE103940","ElasticNet",0.611570247933884,0.545454545454545,0.727272727272727,0.363636363636364,8,4,7,3,"paired_perm_0283",706
"GSE103940","RF",0.553719008264463,0.545454545454545,0.454545454545455,0.636363636363636,5,7,4,6,"paired_perm_0283",706
"GSE103940","SVM",0.198347107438017,0.272727272727273,0.454545454545455,0.0909090909090909,5,1,10,6,"paired_perm_0283",706
"GSE103940","Ensemble",0.578512396694215,0.590909090909091,0.545454545454545,0.636363636363636,6,7,4,5,"paired_perm_0283",706
"GSE103940","LASSO",0.417355371900826,0.454545454545455,0.909090909090909,0,10,0,11,1,"paired_perm_0284",1888
"GSE103940","ElasticNet",0.417355371900826,0.454545454545455,0.909090909090909,0,10,0,11,1,"paired_perm_0284",1888
"GSE103940","RF",0.355371900826446,0.363636363636364,0.454545454545455,0.272727272727273,5,3,8,6,"paired_perm_0284",1888
"GSE103940","SVM",0.256198347107438,0.272727272727273,0.181818181818182,0.363636363636364,2,4,7,9,"paired_perm_0284",1888
"GSE103940","Ensemble",0.31404958677686,0.318181818181818,0.454545454545455,0.181818181818182,5,2,9,6,"paired_perm_0284",1888
"GSE103940","LASSO",0.5,0.5,1,0,11,0,11,0,"paired_perm_0285",77
"GSE103940","ElasticNet",0.413223140495868,0.454545454545455,0.909090909090909,0,10,0,11,1,"paired_perm_0285",77
"GSE103940","RF",0.694214876033058,0.590909090909091,0.636363636363636,0.545454545454545,7,6,5,4,"paired_perm_0285",77
"GSE103940","SVM",0.454545454545455,0.409090909090909,0.454545454545455,0.363636363636364,5,4,7,6,"paired_perm_0285",77
"GSE103940","Ensemble",0.570247933884298,0.636363636363636,0.636363636363636,0.636363636363636,7,7,4,4,"paired_perm_0285",77
"GSE103940","LASSO",0.495867768595041,0.5,0.909090909090909,0.0909090909090909,10,1,10,1,"paired_perm_0286",876
"GSE103940","ElasticNet",0.491735537190083,0.5,0.909090909090909,0.0909090909090909,10,1,10,1,"paired_perm_0286",876
"GSE103940","RF",0.466942148760331,0.5,0.454545454545455,0.545454545454545,5,6,5,6,"paired_perm_0286",876
"GSE103940","SVM",0.495867768595041,0.545454545454545,0.636363636363636,0.454545454545455,7,5,6,4,"paired_perm_0286",876
"GSE103940","Ensemble",0.504132231404959,0.545454545454545,0.636363636363636,0.454545454545455,7,5,6,4,"paired_perm_0286",876
"GSE103940","LASSO",0.5,0.5,1,0,11,0,11,0,"paired_perm_0287",75
"GSE103940","ElasticNet",0.5,0.5,1,0,11,0,11,0,"paired_perm_0287",75
"GSE103940","RF",0.330578512396694,0.363636363636364,0.363636363636364,0.363636363636364,4,4,7,7,"paired_perm_0287",75
"GSE103940","SVM",0.347107438016529,0.454545454545455,0.363636363636364,0.545454545454545,4,6,5,7,"paired_perm_0287",75
"GSE103940","Ensemble",0.289256198347107,0.363636363636364,0.363636363636364,0.363636363636364,4,4,7,7,"paired_perm_0287",75
"GSE103940","LASSO",0.413223140495868,0.454545454545455,0.909090909090909,0,10,0,11,1,"paired_perm_0288",1241
"GSE103940","ElasticNet",0.413223140495868,0.454545454545455,0.909090909090909,0,10,0,11,1,"paired_perm_0288",1241
"GSE103940","RF",0.330578512396694,0.454545454545455,0.454545454545455,0.454545454545455,5,5,6,6,"paired_perm_0288",1241
"GSE103940","SVM",0.429752066115702,0.454545454545455,0.454545454545455,0.454545454545455,5,5,6,6,"paired_perm_0288",1241
"GSE103940","Ensemble",0.363636363636364,0.363636363636364,0.363636363636364,0.363636363636364,4,4,7,7,"paired_perm_0288",1241
"GSE103940","LASSO",0.413223140495868,0.454545454545455,0.909090909090909,0,10,0,11,1,"paired_perm_0289",1490
"GSE103940","ElasticNet",0.417355371900826,0.454545454545455,0.818181818181818,0.0909090909090909,9,1,10,2,"paired_perm_0289",1490
"GSE103940","RF",0.487603305785124,0.545454545454545,0.545454545454545,0.545454545454545,6,6,5,5,"paired_perm_0289",1490
"GSE103940","SVM",0.413223140495868,0.454545454545455,0.454545454545455,0.454545454545455,5,5,6,6,"paired_perm_0289",1490
"GSE103940","Ensemble",0.330578512396694,0.409090909090909,0.363636363636364,0.454545454545455,4,5,6,7,"paired_perm_0289",1490
"GSE103940","LASSO",0.413223140495868,0.454545454545455,0.909090909090909,0,10,0,11,1,"paired_perm_0290",101
"GSE103940","ElasticNet",0.413223140495868,0.454545454545455,0.909090909090909,0,10,0,11,1,"paired_perm_0290",101
"GSE103940","RF",0.276859504132231,0.227272727272727,0.272727272727273,0.181818181818182,3,2,9,8,"paired_perm_0290",101
"GSE103940","SVM",0.371900826446281,0.454545454545455,0.363636363636364,0.545454545454545,4,6,5,7,"paired_perm_0290",101
"GSE103940","Ensemble",0.272727272727273,0.318181818181818,0.363636363636364,0.272727272727273,4,3,8,7,"paired_perm_0290",101
"GSE103940","LASSO",0.421487603305785,0.454545454545455,0.818181818181818,0.0909090909090909,9,1,10,2,"paired_perm_0291",352
"GSE103940","ElasticNet",0.599173553719008,0.590909090909091,0.818181818181818,0.363636363636364,9,4,7,2,"paired_perm_0291",352
"GSE103940","RF",0.512396694214876,0.636363636363636,0.636363636363636,0.636363636363636,7,7,4,4,"paired_perm_0291",352
"GSE103940","SVM",0.43801652892562,0.454545454545455,0.545454545454545,0.363636363636364,6,4,7,5,"paired_perm_0291",352
"GSE103940","Ensemble",0.520661157024793,0.681818181818182,0.636363636363636,0.727272727272727,7,8,3,4,"paired_perm_0291",352
"GSE103940","LASSO",0.5,0.5,1,0,11,0,11,0,"paired_perm_0292",231
"GSE103940","ElasticNet",0.5,0.5,1,0,11,0,11,0,"paired_perm_0292",231
"GSE103940","RF",0.173553719008264,0.272727272727273,0.363636363636364,0.181818181818182,4,2,9,7,"paired_perm_0292",231
"GSE103940","SVM",0.214876033057851,0.272727272727273,0.363636363636364,0.181818181818182,4,2,9,7,"paired_perm_0292",231
"GSE103940","Ensemble",0.165289256198347,0.318181818181818,0.363636363636364,0.272727272727273,4,3,8,7,"paired_perm_0292",231
"GSE103940","LASSO",0.5,0.5,1,0,11,0,11,0,"paired_perm_0293",1295
"GSE103940","ElasticNet",0.5,0.5,1,0,11,0,11,0,"paired_perm_0293",1295
"GSE103940","RF",0.479338842975207,0.5,0.545454545454545,0.454545454545455,6,5,6,5,"paired_perm_0293",1295
"GSE103940","SVM",0.479338842975207,0.545454545454545,0.545454545454545,0.545454545454545,6,6,5,5,"paired_perm_0293",1295
"GSE103940","Ensemble",0.429752066115702,0.454545454545455,0.454545454545455,0.454545454545455,5,5,6,6,"paired_perm_0293",1295
"GSE103940","LASSO",0.5,0.5,1,0,11,0,11,0,"paired_perm_0294",392
"GSE103940","ElasticNet",0.5,0.5,1,0,11,0,11,0,"paired_perm_0294",392
"GSE103940","RF",0.644628099173554,0.590909090909091,0.545454545454545,0.636363636363636,6,7,4,5,"paired_perm_0294",392
"GSE103940","SVM",0.247933884297521,0.318181818181818,0.181818181818182,0.454545454545455,2,5,6,9,"paired_perm_0294",392
"GSE103940","Ensemble",0.479338842975207,0.454545454545455,0.363636363636364,0.545454545454545,4,6,5,7,"paired_perm_0294",392
"GSE103940","LASSO",0.5,0.5,1,0,11,0,11,0,"paired_perm_0295",1690
"GSE103940","ElasticNet",0.413223140495868,0.454545454545455,0.909090909090909,0,10,0,11,1,"paired_perm_0295",1690
"GSE103940","RF",0.202479338842975,0.363636363636364,0.363636363636364,0.363636363636364,4,4,7,7,"paired_perm_0295",1690
"GSE103940","SVM",0.487603305785124,0.454545454545455,0.454545454545455,0.454545454545455,5,5,6,6,"paired_perm_0295",1690
"GSE103940","Ensemble",0.206611570247934,0.272727272727273,0.181818181818182,0.363636363636364,2,4,7,9,"paired_perm_0295",1690
"GSE103940","LASSO",0.5,0.5,1,0,11,0,11,0,"paired_perm_0296",1412
"GSE103940","ElasticNet",0.5,0.5,1,0,11,0,11,0,"paired_perm_0296",1412
"GSE103940","RF",0.578512396694215,0.545454545454545,0.545454545454545,0.545454545454545,6,6,5,5,"paired_perm_0296",1412
"GSE103940","SVM",0.421487603305785,0.454545454545455,0.545454545454545,0.363636363636364,6,4,7,5,"paired_perm_0296",1412
"GSE103940","Ensemble",0.462809917355372,0.409090909090909,0.454545454545455,0.363636363636364,5,4,7,6,"paired_perm_0296",1412
"GSE103940","LASSO",0.413223140495868,0.454545454545455,0.909090909090909,0,10,0,11,1,"paired_perm_0297",1145
"GSE103940","ElasticNet",0.413223140495868,0.454545454545455,0.909090909090909,0,10,0,11,1,"paired_perm_0297",1145
"GSE103940","RF",0.504132231404959,0.5,0.454545454545455,0.545454545454545,5,6,5,6,"paired_perm_0297",1145
"GSE103940","SVM",0.578512396694215,0.545454545454545,0.363636363636364,0.727272727272727,4,8,3,7,"paired_perm_0297",1145
"GSE103940","Ensemble",0.545454545454545,0.636363636363636,0.454545454545455,0.818181818181818,5,9,2,6,"paired_perm_0297",1145
"GSE103940","LASSO",0.5,0.5,1,0,11,0,11,0,"paired_perm_0298",1160
"GSE103940","ElasticNet",0.413223140495868,0.454545454545455,0.909090909090909,0,10,0,11,1,"paired_perm_0298",1160
"GSE103940","RF",0.599173553719008,0.590909090909091,0.636363636363636,0.545454545454545,7,6,5,4,"paired_perm_0298",1160
"GSE103940","SVM",0.305785123966942,0.409090909090909,0.363636363636364,0.454545454545455,4,5,6,7,"paired_perm_0298",1160
"GSE103940","Ensemble",0.487603305785124,0.5,0.545454545454545,0.454545454545455,6,5,6,5,"paired_perm_0298",1160
"GSE103940","LASSO",0.413223140495868,0.454545454545455,0.909090909090909,0,10,0,11,1,"paired_perm_0299",680
"GSE103940","ElasticNet",0.413223140495868,0.454545454545455,0.909090909090909,0,10,0,11,1,"paired_perm_0299",680
"GSE103940","RF",0.43801652892562,0.5,0.454545454545455,0.545454545454545,5,6,5,6,"paired_perm_0299",680
"GSE103940","SVM",0.40495867768595,0.409090909090909,0.454545454545455,0.363636363636364,5,4,7,6,"paired_perm_0299",680
"GSE103940","Ensemble",0.380165289256198,0.454545454545455,0.363636363636364,0.545454545454545,4,6,5,7,"paired_perm_0299",680
"GSE103940","LASSO",0.5,0.5,1,0,11,0,11,0,"paired_perm_0300",187
"GSE103940","ElasticNet",0.5,0.5,1,0,11,0,11,0,"paired_perm_0300",187
"GSE103940","RF",0.210743801652893,0.318181818181818,0.363636363636364,0.272727272727273,4,3,8,7,"paired_perm_0300",187
"GSE103940","SVM",0.388429752066116,0.363636363636364,0.272727272727273,0.454545454545455,3,5,6,8,"paired_perm_0300",187
"GSE103940","Ensemble",0.190082644628099,0.318181818181818,0.181818181818182,0.454545454545455,2,5,6,9,"paired_perm_0300",187
"GSE103940","LASSO",0.5,0.5,1,0,11,0,11,0,"paired_perm_0301",1272
"GSE103940","ElasticNet",0.413223140495868,0.454545454545455,0.909090909090909,0,10,0,11,1,"paired_perm_0301",1272
"GSE103940","RF",0.0991735537190083,0.227272727272727,0.272727272727273,0.181818181818182,3,2,9,8,"paired_perm_0301",1272
"GSE103940","SVM",0.380165289256198,0.409090909090909,0.272727272727273,0.545454545454545,3,6,5,8,"paired_perm_0301",1272
"GSE103940","Ensemble",0.247933884297521,0.363636363636364,0.272727272727273,0.454545454545455,3,5,6,8,"paired_perm_0301",1272
"GSE103940","LASSO",0.495867768595041,0.5,1,0,11,0,11,0,"paired_perm_0302",872
"GSE103940","ElasticNet",0.495867768595041,0.5,1,0,11,0,11,0,"paired_perm_0302",872
"GSE103940","RF",0.661157024793388,0.681818181818182,0.636363636363636,0.727272727272727,7,8,3,4,"paired_perm_0302",872
"GSE103940","SVM",0.388429752066116,0.363636363636364,0.454545454545455,0.272727272727273,5,3,8,6,"paired_perm_0302",872
"GSE103940","Ensemble",0.611570247933884,0.590909090909091,0.636363636363636,0.545454545454545,7,6,5,4,"paired_perm_0302",872
"GSE103940","LASSO",0.413223140495868,0.454545454545455,0.909090909090909,0,10,0,11,1,"paired_perm_0303",536
"GSE103940","ElasticNet",0.334710743801653,0.409090909090909,0.818181818181818,0,9,0,11,2,"paired_perm_0303",536
"GSE103940","RF",0.56198347107438,0.5,0.363636363636364,0.636363636363636,4,7,4,7,"paired_perm_0303",536
"GSE103940","SVM",0.454545454545455,0.5,0.454545454545455,0.545454545454545,5,6,5,6,"paired_perm_0303",536
"GSE103940","Ensemble",0.462809917355372,0.409090909090909,0.272727272727273,0.545454545454545,3,6,5,8,"paired_perm_0303",536
"GSE103940","LASSO",0.5,0.5,0.818181818181818,0.181818181818182,9,2,9,2,"paired_perm_0304",2011
"GSE103940","ElasticNet",0.636363636363636,0.681818181818182,0.727272727272727,0.636363636363636,8,7,4,3,"paired_perm_0304",2011
"GSE103940","RF",0.694214876033058,0.636363636363636,0.545454545454545,0.727272727272727,6,8,3,5,"paired_perm_0304",2011
"GSE103940","SVM",0.59504132231405,0.590909090909091,0.545454545454545,0.636363636363636,6,7,4,5,"paired_perm_0304",2011
"GSE103940","Ensemble",0.652892561983471,0.590909090909091,0.545454545454545,0.636363636363636,6,7,4,5,"paired_perm_0304",2011
"GSE103940","LASSO",0.504132231404959,0.5,0.909090909090909,0.0909090909090909,10,1,10,1,"paired_perm_0305",378
"GSE103940","ElasticNet",0.5,0.5,1,0,11,0,11,0,"paired_perm_0305",378
"GSE103940","RF",0.351239669421488,0.409090909090909,0.272727272727273,0.545454545454545,3,6,5,8,"paired_perm_0305",378
"GSE103940","SVM",0.454545454545455,0.590909090909091,0.363636363636364,0.818181818181818,4,9,2,7,"paired_perm_0305",378
"GSE103940","Ensemble",0.31404958677686,0.363636363636364,0.181818181818182,0.545454545454545,2,6,5,9,"paired_perm_0305",378
"GSE103940","LASSO",0.5,0.5,1,0,11,0,11,0,"paired_perm_0306",1259
"GSE103940","ElasticNet",0.5,0.5,1,0,11,0,11,0,"paired_perm_0306",1259
"GSE103940","RF",0.462809917355372,0.545454545454545,0.545454545454545,0.545454545454545,6,6,5,5,"paired_perm_0306",1259
"GSE103940","SVM",0.652892561983471,0.590909090909091,0.636363636363636,0.545454545454545,7,6,5,4,"paired_perm_0306",1259
"GSE103940","Ensemble",0.570247933884298,0.590909090909091,0.545454545454545,0.636363636363636,6,7,4,5,"paired_perm_0306",1259
"GSE103940","LASSO",0.495867768595041,0.5,0.909090909090909,0.0909090909090909,10,1,10,1,"paired_perm_0307",978
"GSE103940","ElasticNet",0.495867768595041,0.5,0.909090909090909,0.0909090909090909,10,1,10,1,"paired_perm_0307",978
"GSE103940","RF",0.409090909090909,0.409090909090909,0.363636363636364,0.454545454545455,4,5,6,7,"paired_perm_0307",978
"GSE103940","SVM",0.628099173553719,0.590909090909091,0.545454545454545,0.636363636363636,6,7,4,5,"paired_perm_0307",978
"GSE103940","Ensemble",0.520661157024793,0.590909090909091,0.454545454545455,0.727272727272727,5,8,3,6,"paired_perm_0307",978
"GSE103940","LASSO",0.661157024793388,0.636363636363636,0.636363636363636,0.636363636363636,7,7,4,4,"paired_perm_0308",1252
"GSE103940","ElasticNet",0.65702479338843,0.590909090909091,0.636363636363636,0.545454545454545,7,6,5,4,"paired_perm_0308",1252
"GSE103940","RF",0.380165289256198,0.409090909090909,0.363636363636364,0.454545454545455,4,5,6,7,"paired_perm_0308",1252
"GSE103940","SVM",0.71900826446281,0.590909090909091,0.636363636363636,0.545454545454545,7,6,5,4,"paired_perm_0308",1252
"GSE103940","Ensemble",0.685950413223141,0.590909090909091,0.636363636363636,0.545454545454545,7,6,5,4,"paired_perm_0308",1252
"GSE103940","LASSO",0.5,0.5,1,0,11,0,11,0,"paired_perm_0309",1075
"GSE103940","ElasticNet",0.5,0.5,1,0,11,0,11,0,"paired_perm_0309",1075
"GSE103940","RF",0.429752066115702,0.454545454545455,0.545454545454545,0.363636363636364,6,4,7,5,"paired_perm_0309",1075
"GSE103940","SVM",0.239669421487603,0.363636363636364,0.454545454545455,0.272727272727273,5,3,8,6,"paired_perm_0309",1075
"GSE103940","Ensemble",0.214876033057851,0.318181818181818,0.454545454545455,0.181818181818182,5,2,9,6,"paired_perm_0309",1075
"GSE103940","LASSO",0.520661157024793,0.5,0.727272727272727,0.272727272727273,8,3,8,3,"paired_perm_0310",980
"GSE103940","ElasticNet",0.520661157024793,0.5,0.727272727272727,0.272727272727273,8,3,8,3,"paired_perm_0310",980
"GSE103940","RF",0.400826446280992,0.409090909090909,0.363636363636364,0.454545454545455,4,5,6,7,"paired_perm_0310",980
"GSE103940","SVM",0.545454545454545,0.5,0.818181818181818,0.181818181818182,9,2,9,2,"paired_perm_0310",980
"GSE103940","Ensemble",0.545454545454545,0.5,0.636363636363636,0.363636363636364,7,4,7,4,"paired_perm_0310",980
"GSE103940","LASSO",0.5,0.5,1,0,11,0,11,0,"paired_perm_0311",1133
"GSE103940","ElasticNet",0.5,0.5,1,0,11,0,11,0,"paired_perm_0311",1133
"GSE103940","RF",0.487603305785124,0.454545454545455,0.454545454545455,0.454545454545455,5,5,6,6,"paired_perm_0311",1133
"GSE103940","SVM",0.578512396694215,0.681818181818182,0.727272727272727,0.636363636363636,8,7,4,3,"paired_perm_0311",1133
"GSE103940","Ensemble",0.504132231404959,0.409090909090909,0.454545454545455,0.363636363636364,5,4,7,6,"paired_perm_0311",1133
"GSE103940","LASSO",0.495867768595041,0.5,1,0,11,0,11,0,"paired_perm_0312",384
"GSE103940","ElasticNet",0.409090909090909,0.454545454545455,0.909090909090909,0,10,0,11,1,"paired_perm_0312",384
"GSE103940","RF",0.818181818181818,0.772727272727273,0.818181818181818,0.727272727272727,9,8,3,2,"paired_perm_0312",384
"GSE103940","SVM",0.743801652892562,0.772727272727273,0.818181818181818,0.727272727272727,9,8,3,2,"paired_perm_0312",384
"GSE103940","Ensemble",0.752066115702479,0.772727272727273,0.818181818181818,0.727272727272727,9,8,3,2,"paired_perm_0312",384
"GSE103940","LASSO",0.582644628099174,0.545454545454545,0.818181818181818,0.272727272727273,9,3,8,2,"paired_perm_0313",469
"GSE103940","ElasticNet",0.582644628099174,0.545454545454545,0.818181818181818,0.272727272727273,9,3,8,2,"paired_perm_0313",469
"GSE103940","RF",0.483471074380165,0.5,0.454545454545455,0.545454545454545,5,6,5,6,"paired_perm_0313",469
"GSE103940","SVM",0.528925619834711,0.5,0.454545454545455,0.545454545454545,5,6,5,6,"paired_perm_0313",469
"GSE103940","Ensemble",0.56198347107438,0.5,0.454545454545455,0.545454545454545,5,6,5,6,"paired_perm_0313",469
"GSE103940","LASSO",0.5,0.5,1,0,11,0,11,0,"paired_perm_0314",1585
"GSE103940","ElasticNet",0.5,0.5,1,0,11,0,11,0,"paired_perm_0314",1585
"GSE103940","RF",0.309917355371901,0.363636363636364,0.454545454545455,0.272727272727273,5,3,8,6,"paired_perm_0314",1585
"GSE103940","SVM",0.31404958677686,0.363636363636364,0.454545454545455,0.272727272727273,5,3,8,6,"paired_perm_0314",1585
"GSE103940","Ensemble",0.264462809917355,0.409090909090909,0.545454545454545,0.272727272727273,6,3,8,5,"paired_perm_0314",1585
"GSE103940","LASSO",0.425619834710744,0.454545454545455,0.909090909090909,0,10,0,11,1,"paired_perm_0315",174
"GSE103940","ElasticNet",0.495867768595041,0.5,0.909090909090909,0.0909090909090909,10,1,10,1,"paired_perm_0315",174
"GSE103940","RF",0.429752066115702,0.545454545454545,0.545454545454545,0.545454545454545,6,6,5,5,"paired_perm_0315",174
"GSE103940","SVM",0.661157024793388,0.681818181818182,0.727272727272727,0.636363636363636,8,7,4,3,"paired_perm_0315",174
"GSE103940","Ensemble",0.578512396694215,0.590909090909091,0.545454545454545,0.636363636363636,6,7,4,5,"paired_perm_0315",174
"GSE103940","LASSO",0.495867768595041,0.5,0.909090909090909,0.0909090909090909,10,1,10,1,"paired_perm_0316",1587
"GSE103940","ElasticNet",0.495867768595041,0.5,0.909090909090909,0.0909090909090909,10,1,10,1,"paired_perm_0316",1587
"GSE103940","RF",0.566115702479339,0.545454545454545,0.545454545454545,0.545454545454545,6,6,5,5,"paired_perm_0316",1587
"GSE103940","SVM",0.421487603305785,0.5,0.454545454545455,0.545454545454545,5,6,5,6,"paired_perm_0316",1587
"GSE103940","Ensemble",0.479338842975207,0.5,0.545454545454545,0.454545454545455,6,5,6,5,"paired_perm_0316",1587
"GSE103940","LASSO",0.495867768595041,0.5,1,0,11,0,11,0,"paired_perm_0317",492
"GSE103940","ElasticNet",0.495867768595041,0.5,1,0,11,0,11,0,"paired_perm_0317",492
"GSE103940","RF",0.520661157024793,0.5,0.454545454545455,0.545454545454545,5,6,5,6,"paired_perm_0317",492
"GSE103940","SVM",0.446280991735537,0.5,0.545454545454545,0.454545454545455,6,5,6,5,"paired_perm_0317",492
"GSE103940","Ensemble",0.413223140495868,0.454545454545455,0.363636363636364,0.545454545454545,4,6,5,7,"paired_perm_0317",492
"GSE103940","LASSO",0.5,0.5,0.909090909090909,0.0909090909090909,10,1,10,1,"paired_perm_0318",1571
"GSE103940","ElasticNet",0.495867768595041,0.5,0.818181818181818,0.181818181818182,9,2,9,2,"paired_perm_0318",1571
"GSE103940","RF",0.537190082644628,0.545454545454545,0.636363636363636,0.454545454545455,7,5,6,4,"paired_perm_0318",1571
"GSE103940","SVM",0.59504132231405,0.590909090909091,0.545454545454545,0.636363636363636,6,7,4,5,"paired_perm_0318",1571
"GSE103940","Ensemble",0.619834710743802,0.590909090909091,0.636363636363636,0.545454545454545,7,6,5,4,"paired_perm_0318",1571
"GSE103940","LASSO",0.5,0.5,1,0,11,0,11,0,"paired_perm_0319",1850
"GSE103940","ElasticNet",0.5,0.5,1,0,11,0,11,0,"paired_perm_0319",1850
"GSE103940","RF",0.661157024793388,0.636363636363636,0.636363636363636,0.636363636363636,7,7,4,4,"paired_perm_0319",1850
"GSE103940","SVM",0.661157024793388,0.727272727272727,0.636363636363636,0.818181818181818,7,9,2,4,"paired_perm_0319",1850
"GSE103940","Ensemble",0.628099173553719,0.590909090909091,0.454545454545455,0.727272727272727,5,8,3,6,"paired_perm_0319",1850
"GSE103940","LASSO",0.619834710743802,0.590909090909091,0.818181818181818,0.363636363636364,9,4,7,2,"paired_perm_0320",546
"GSE103940","ElasticNet",0.768595041322314,0.772727272727273,0.818181818181818,0.727272727272727,9,8,3,2,"paired_perm_0320",546
"GSE103940","RF",0.785123966942149,0.727272727272727,0.818181818181818,0.636363636363636,9,7,4,2,"paired_perm_0320",546
"GSE103940","SVM",0.710743801652893,0.590909090909091,0.545454545454545,0.636363636363636,6,7,4,5,"paired_perm_0320",546
"GSE103940","Ensemble",0.710743801652893,0.727272727272727,0.818181818181818,0.636363636363636,9,7,4,2,"paired_perm_0320",546
"GSE103940","LASSO",0.413223140495868,0.454545454545455,0.909090909090909,0,10,0,11,1,"paired_perm_0321",93
"GSE103940","ElasticNet",0.417355371900826,0.454545454545455,0.909090909090909,0,10,0,11,1,"paired_perm_0321",93
"GSE103940","RF",0.661157024793388,0.590909090909091,0.545454545454545,0.636363636363636,6,7,4,5,"paired_perm_0321",93
"GSE103940","SVM",0.471074380165289,0.5,0.727272727272727,0.272727272727273,8,3,8,3,"paired_perm_0321",93
"GSE103940","Ensemble",0.586776859504132,0.590909090909091,0.636363636363636,0.545454545454545,7,6,5,4,"paired_perm_0321",93
"GSE103940","LASSO",0.495867768595041,0.5,0.909090909090909,0.0909090909090909,10,1,10,1,"paired_perm_0322",132
"GSE103940","ElasticNet",0.566115702479339,0.545454545454545,0.818181818181818,0.272727272727273,9,3,8,2,"paired_perm_0322",132
"GSE103940","RF",0.818181818181818,0.772727272727273,0.727272727272727,0.818181818181818,8,9,2,3,"paired_perm_0322",132
"GSE103940","SVM",0.793388429752066,0.727272727272727,0.727272727272727,0.727272727272727,8,8,3,3,"paired_perm_0322",132
"GSE103940","Ensemble",0.801652892561983,0.681818181818182,0.727272727272727,0.636363636363636,8,7,4,3,"paired_perm_0322",132
"GSE103940","LASSO",0.413223140495868,0.454545454545455,0.909090909090909,0,10,0,11,1,"paired_perm_0323",896
"GSE103940","ElasticNet",0.413223140495868,0.454545454545455,0.909090909090909,0,10,0,11,1,"paired_perm_0323",896
"GSE103940","RF",0.669421487603306,0.681818181818182,0.727272727272727,0.636363636363636,8,7,4,3,"paired_perm_0323",896
"GSE103940","SVM",0.297520661157025,0.409090909090909,0.545454545454545,0.272727272727273,6,3,8,5,"paired_perm_0323",896
"GSE103940","Ensemble",0.553719008264463,0.590909090909091,0.636363636363636,0.545454545454545,7,6,5,4,"paired_perm_0323",896
"GSE103940","LASSO",0.495867768595041,0.5,1,0,11,0,11,0,"paired_perm_0324",1880
"GSE103940","ElasticNet",0.495867768595041,0.5,1,0,11,0,11,0,"paired_perm_0324",1880
"GSE103940","RF",0.272727272727273,0.363636363636364,0.363636363636364,0.363636363636364,4,4,7,7,"paired_perm_0324",1880
"GSE103940","SVM",0.578512396694215,0.590909090909091,0.454545454545455,0.727272727272727,5,8,3,6,"paired_perm_0324",1880
"GSE103940","Ensemble",0.446280991735537,0.409090909090909,0.363636363636364,0.454545454545455,4,5,6,7,"paired_perm_0324",1880
"GSE103940","LASSO",0.5,0.5,1,0,11,0,11,0,"paired_perm_0325",1103
"GSE103940","ElasticNet",0.409090909090909,0.454545454545455,0.909090909090909,0,10,0,11,1,"paired_perm_0325",1103
"GSE103940","RF",0.487603305785124,0.545454545454545,0.636363636363636,0.454545454545455,7,5,6,4,"paired_perm_0325",1103
"GSE103940","SVM",0.40495867768595,0.454545454545455,0.454545454545455,0.454545454545455,5,5,6,6,"paired_perm_0325",1103
"GSE103940","Ensemble",0.479338842975207,0.545454545454545,0.727272727272727,0.363636363636364,8,4,7,3,"paired_perm_0325",1103
"GSE103940","LASSO",0.413223140495868,0.454545454545455,0.909090909090909,0,10,0,11,1,"paired_perm_0326",1801
"GSE103940","ElasticNet",0.413223140495868,0.454545454545455,0.909090909090909,0,10,0,11,1,"paired_perm_0326",1801
"GSE103940","RF",0.338842975206612,0.272727272727273,0.272727272727273,0.272727272727273,3,3,8,8,"paired_perm_0326",1801
"GSE103940","SVM",0.388429752066116,0.409090909090909,0.545454545454545,0.272727272727273,6,3,8,5,"paired_perm_0326",1801
"GSE103940","Ensemble",0.363636363636364,0.409090909090909,0.545454545454545,0.272727272727273,6,3,8,5,"paired_perm_0326",1801
"GSE103940","LASSO",0.417355371900826,0.454545454545455,0.818181818181818,0.0909090909090909,9,1,10,2,"paired_perm_0327",558
"GSE103940","ElasticNet",0.34297520661157,0.409090909090909,0.727272727272727,0.0909090909090909,8,1,10,3,"paired_perm_0327",558
"GSE103940","RF",0.309917355371901,0.363636363636364,0.454545454545455,0.272727272727273,5,3,8,6,"paired_perm_0327",558
"GSE103940","SVM",0.355371900826446,0.363636363636364,0.454545454545455,0.272727272727273,5,3,8,6,"paired_perm_0327",558
"GSE103940","Ensemble",0.330578512396694,0.272727272727273,0.272727272727273,0.272727272727273,3,3,8,8,"paired_perm_0327",558
"GSE103940","LASSO",0.417355371900826,0.454545454545455,0.909090909090909,0,10,0,11,1,"paired_perm_0328",1100
"GSE103940","ElasticNet",0.491735537190083,0.5,0.909090909090909,0.0909090909090909,10,1,10,1,"paired_perm_0328",1100
"GSE103940","RF",0.359504132231405,0.5,0.454545454545455,0.545454545454545,5,6,5,6,"paired_perm_0328",1100
"GSE103940","SVM",0.586776859504132,0.590909090909091,0.727272727272727,0.454545454545455,8,5,6,3,"paired_perm_0328",1100
"GSE103940","Ensemble",0.487603305785124,0.5,0.545454545454545,0.454545454545455,6,5,6,5,"paired_perm_0328",1100
"GSE103940","LASSO",0.495867768595041,0.5,0.909090909090909,0.0909090909090909,10,1,10,1,"paired_perm_0329",57
"GSE103940","ElasticNet",0.495867768595041,0.5,0.909090909090909,0.0909090909090909,10,1,10,1,"paired_perm_0329",57
"GSE103940","RF",0.260330578512397,0.318181818181818,0.272727272727273,0.363636363636364,3,4,7,8,"paired_perm_0329",57
"GSE103940","SVM",0.553719008264463,0.545454545454545,0.636363636363636,0.454545454545455,7,5,6,4,"paired_perm_0329",57
"GSE103940","Ensemble",0.347107438016529,0.363636363636364,0.363636363636364,0.363636363636364,4,4,7,7,"paired_perm_0329",57
"GSE103940","LASSO",0.425619834710744,0.454545454545455,0.909090909090909,0,10,0,11,1,"paired_perm_0330",623
"GSE103940","ElasticNet",0.417355371900826,0.454545454545455,0.909090909090909,0,10,0,11,1,"paired_perm_0330",623
"GSE103940","RF",0.710743801652893,0.590909090909091,0.636363636363636,0.545454545454545,7,6,5,4,"paired_perm_0330",623
"GSE103940","SVM",0.40495867768595,0.363636363636364,0.363636363636364,0.363636363636364,4,4,7,7,"paired_perm_0330",623
"GSE103940","Ensemble",0.479338842975207,0.454545454545455,0.636363636363636,0.272727272727273,7,3,8,4,"paired_perm_0330",623
"GSE103940","LASSO",0.545454545454545,0.545454545454545,0.818181818181818,0.272727272727273,9,3,8,2,"paired_perm_0331",602
"GSE103940","ElasticNet",0.549586776859504,0.545454545454545,0.818181818181818,0.272727272727273,9,3,8,2,"paired_perm_0331",602
"GSE103940","RF",0.59504132231405,0.590909090909091,0.545454545454545,0.636363636363636,6,7,4,5,"paired_perm_0331",602
"GSE103940","SVM",0.56198347107438,0.454545454545455,0.545454545454545,0.363636363636364,6,4,7,5,"paired_perm_0331",602
"GSE103940","Ensemble",0.578512396694215,0.636363636363636,0.727272727272727,0.545454545454545,8,6,5,3,"paired_perm_0331",602
"GSE103940","LASSO",0.5,0.5,1,0,11,0,11,0,"paired_perm_0332",737
"GSE103940","ElasticNet",0.495867768595041,0.5,0.909090909090909,0.0909090909090909,10,1,10,1,"paired_perm_0332",737
"GSE103940","RF",0.487603305785124,0.545454545454545,0.545454545454545,0.545454545454545,6,6,5,5,"paired_perm_0332",737
"GSE103940","SVM",0.59504132231405,0.5,0.545454545454545,0.454545454545455,6,5,6,5,"paired_perm_0332",737
"GSE103940","Ensemble",0.586776859504132,0.5,0.454545454545455,0.545454545454545,5,6,5,6,"paired_perm_0332",737
"GSE103940","LASSO",0.413223140495868,0.454545454545455,0.909090909090909,0,10,0,11,1,"paired_perm_0333",971
"GSE103940","ElasticNet",0.413223140495868,0.454545454545455,0.909090909090909,0,10,0,11,1,"paired_perm_0333",971
"GSE103940","RF",0.388429752066116,0.5,0.454545454545455,0.545454545454545,5,6,5,6,"paired_perm_0333",971
"GSE103940","SVM",0.520661157024793,0.5,0.545454545454545,0.454545454545455,6,5,6,5,"paired_perm_0333",971
"GSE103940","Ensemble",0.454545454545455,0.5,0.454545454545455,0.545454545454545,5,6,5,6,"paired_perm_0333",971
"GSE103940","LASSO",0.5,0.5,1,0,11,0,11,0,"paired_perm_0334",1882
"GSE103940","ElasticNet",0.5,0.5,1,0,11,0,11,0,"paired_perm_0334",1882
"GSE103940","RF",0.446280991735537,0.409090909090909,0.363636363636364,0.454545454545455,4,5,6,7,"paired_perm_0334",1882
"GSE103940","SVM",0.338842975206612,0.454545454545455,0.272727272727273,0.636363636363636,3,7,4,8,"paired_perm_0334",1882
"GSE103940","Ensemble",0.347107438016529,0.409090909090909,0.272727272727273,0.545454545454545,3,6,5,8,"paired_perm_0334",1882
"GSE103940","LASSO",0.648760330578512,0.590909090909091,0.818181818181818,0.363636363636364,9,4,7,2,"paired_perm_0335",266
"GSE103940","ElasticNet",0.694214876033058,0.636363636363636,0.818181818181818,0.454545454545455,9,5,6,2,"paired_perm_0335",266
"GSE103940","RF",0.743801652892562,0.681818181818182,0.727272727272727,0.636363636363636,8,7,4,3,"paired_perm_0335",266
"GSE103940","SVM",0.528925619834711,0.545454545454545,0.636363636363636,0.454545454545455,7,5,6,4,"paired_perm_0335",266
"GSE103940","Ensemble",0.752066115702479,0.772727272727273,0.818181818181818,0.727272727272727,9,8,3,2,"paired_perm_0335",266
"GSE103940","LASSO",0.334710743801653,0.409090909090909,0.818181818181818,0,9,0,11,2,"paired_perm_0336",1924
"GSE103940","ElasticNet",0.334710743801653,0.409090909090909,0.818181818181818,0,9,0,11,2,"paired_perm_0336",1924
"GSE103940","RF",0.396694214876033,0.409090909090909,0.454545454545455,0.363636363636364,5,4,7,6,"paired_perm_0336",1924
"GSE103940","SVM",0.43801652892562,0.545454545454545,0.454545454545455,0.636363636363636,5,7,4,6,"paired_perm_0336",1924
"GSE103940","Ensemble",0.421487603305785,0.545454545454545,0.727272727272727,0.363636363636364,8,4,7,3,"paired_perm_0336",1924
"GSE103940","LASSO",0.5,0.5,1,0,11,0,11,0,"paired_perm_0337",984
"GSE103940","ElasticNet",0.5,0.5,1,0,11,0,11,0,"paired_perm_0337",984
"GSE103940","RF",0.297520661157025,0.363636363636364,0.272727272727273,0.454545454545455,3,5,6,8,"paired_perm_0337",984
"GSE103940","SVM",0.363636363636364,0.454545454545455,0.545454545454545,0.363636363636364,6,4,7,5,"paired_perm_0337",984
"GSE103940","Ensemble",0.264462809917355,0.272727272727273,0.272727272727273,0.272727272727273,3,3,8,8,"paired_perm_0337",984
"GSE103940","LASSO",0.5,0.5,1,0,11,0,11,0,"paired_perm_0338",1619
"GSE103940","ElasticNet",0.5,0.5,1,0,11,0,11,0,"paired_perm_0338",1619
"GSE103940","RF",0.512396694214876,0.590909090909091,0.636363636363636,0.545454545454545,7,6,5,4,"paired_perm_0338",1619
"GSE103940","SVM",0.371900826446281,0.409090909090909,0.272727272727273,0.545454545454545,3,6,5,8,"paired_perm_0338",1619
"GSE103940","Ensemble",0.421487603305785,0.409090909090909,0.272727272727273,0.545454545454545,3,6,5,8,"paired_perm_0338",1619
"GSE103940","LASSO",0.413223140495868,0.454545454545455,0.909090909090909,0,10,0,11,1,"paired_perm_0339",1978
"GSE103940","ElasticNet",0.413223140495868,0.454545454545455,0.909090909090909,0,10,0,11,1,"paired_perm_0339",1978
"GSE103940","RF",0.479338842975207,0.454545454545455,0.363636363636364,0.545454545454545,4,6,5,7,"paired_perm_0339",1978
"GSE103940","SVM",0.355371900826446,0.409090909090909,0.272727272727273,0.545454545454545,3,6,5,8,"paired_perm_0339",1978
"GSE103940","Ensemble",0.363636363636364,0.363636363636364,0.272727272727273,0.454545454545455,3,5,6,8,"paired_perm_0339",1978
"GSE103940","LASSO",0.5,0.5,1,0,11,0,11,0,"paired_perm_0340",920
"GSE103940","ElasticNet",0.5,0.5,1,0,11,0,11,0,"paired_perm_0340",920
"GSE103940","RF",0.148760330578512,0.227272727272727,0.0909090909090909,0.363636363636364,1,4,7,10,"paired_perm_0340",920
"GSE103940","SVM",0.31404958677686,0.363636363636364,0.363636363636364,0.363636363636364,4,4,7,7,"paired_perm_0340",920
"GSE103940","Ensemble",0.181818181818182,0.227272727272727,0.181818181818182,0.272727272727273,2,3,8,9,"paired_perm_0340",920
"GSE103940","LASSO",0.413223140495868,0.454545454545455,0.909090909090909,0,10,0,11,1,"paired_perm_0341",1472
"GSE103940","ElasticNet",0.417355371900826,0.454545454545455,0.909090909090909,0,10,0,11,1,"paired_perm_0341",1472
"GSE103940","RF",0.636363636363636,0.5,0.727272727272727,0.272727272727273,8,3,8,3,"paired_perm_0341",1472
"GSE103940","SVM",0.256198347107438,0.272727272727273,0.181818181818182,0.363636363636364,2,4,7,9,"paired_perm_0341",1472
"GSE103940","Ensemble",0.371900826446281,0.409090909090909,0.454545454545455,0.363636363636364,5,4,7,6,"paired_perm_0341",1472
"GSE103940","LASSO",0.731404958677686,0.681818181818182,0.727272727272727,0.636363636363636,8,7,4,3,"paired_perm_0342",611
"GSE103940","ElasticNet",0.698347107438017,0.636363636363636,0.727272727272727,0.545454545454545,8,6,5,3,"paired_perm_0342",611
"GSE103940","RF",0.752066115702479,0.727272727272727,0.727272727272727,0.727272727272727,8,8,3,3,"paired_perm_0342",611
"GSE103940","SVM",0.628099173553719,0.545454545454545,0.545454545454545,0.545454545454545,6,6,5,5,"paired_perm_0342",611
"GSE103940","Ensemble",0.710743801652893,0.681818181818182,0.727272727272727,0.636363636363636,8,7,4,3,"paired_perm_0342",611
"GSE103940","LASSO",0.495867768595041,0.5,0.909090909090909,0.0909090909090909,10,1,10,1,"paired_perm_0343",1173
"GSE103940","ElasticNet",0.5,0.5,1,0,11,0,11,0,"paired_perm_0343",1173
"GSE103940","RF",0.545454545454545,0.545454545454545,0.636363636363636,0.454545454545455,7,5,6,4,"paired_perm_0343",1173
"GSE103940","SVM",0.388429752066116,0.409090909090909,0.363636363636364,0.454545454545455,4,5,6,7,"paired_perm_0343",1173
"GSE103940","Ensemble",0.446280991735537,0.545454545454545,0.636363636363636,0.454545454545455,7,5,6,4,"paired_perm_0343",1173
"GSE103940","LASSO",0.413223140495868,0.454545454545455,0.909090909090909,0,10,0,11,1,"paired_perm_0344",923
"GSE103940","ElasticNet",0.413223140495868,0.454545454545455,0.909090909090909,0,10,0,11,1,"paired_perm_0344",923
"GSE103940","RF",0.235537190082645,0.272727272727273,0.181818181818182,0.363636363636364,2,4,7,9,"paired_perm_0344",923
"GSE103940","SVM",0.545454545454545,0.5,0.454545454545455,0.545454545454545,5,6,5,6,"paired_perm_0344",923
"GSE103940","Ensemble",0.305785123966942,0.409090909090909,0.272727272727273,0.545454545454545,3,6,5,8,"paired_perm_0344",923
"GSE103940","LASSO",0.5,0.5,1,0,11,0,11,0,"paired_perm_0345",415
"GSE103940","ElasticNet",0.5,0.5,1,0,11,0,11,0,"paired_perm_0345",415
"GSE103940","RF",0.487603305785124,0.545454545454545,0.454545454545455,0.636363636363636,5,7,4,6,"paired_perm_0345",415
"GSE103940","SVM",0.545454545454545,0.545454545454545,0.636363636363636,0.454545454545455,7,5,6,4,"paired_perm_0345",415
"GSE103940","Ensemble",0.479338842975207,0.454545454545455,0.454545454545455,0.454545454545455,5,5,6,6,"paired_perm_0345",415
"GSE103940","LASSO",0.417355371900826,0.454545454545455,0.818181818181818,0.0909090909090909,9,1,10,2,"paired_perm_0346",188
"GSE103940","ElasticNet",0.409090909090909,0.454545454545455,0.818181818181818,0.0909090909090909,9,1,10,2,"paired_perm_0346",188
"GSE103940","RF",0.206611570247934,0.227272727272727,0.272727272727273,0.181818181818182,3,2,9,8,"paired_perm_0346",188
"GSE103940","SVM",0.446280991735537,0.5,0.363636363636364,0.636363636363636,4,7,4,7,"paired_perm_0346",188
"GSE103940","Ensemble",0.181818181818182,0.227272727272727,0.181818181818182,0.272727272727273,2,3,8,9,"paired_perm_0346",188
"GSE103940","LASSO",0.5,0.5,1,0,11,0,11,0,"paired_perm_0347",1994
"GSE103940","ElasticNet",0.5,0.5,1,0,11,0,11,0,"paired_perm_0347",1994
"GSE103940","RF",0.363636363636364,0.409090909090909,0.363636363636364,0.454545454545455,4,5,6,7,"paired_perm_0347",1994
"GSE103940","SVM",0.28099173553719,0.318181818181818,0.181818181818182,0.454545454545455,2,5,6,9,"paired_perm_0347",1994
"GSE103940","Ensemble",0.31404958677686,0.454545454545455,0.272727272727273,0.636363636363636,3,7,4,8,"paired_perm_0347",1994
"GSE103940","LASSO",0.5,0.5,1,0,11,0,11,0,"paired_perm_0348",1849
"GSE103940","ElasticNet",0.5,0.5,1,0,11,0,11,0,"paired_perm_0348",1849
"GSE103940","RF",0.446280991735537,0.545454545454545,0.727272727272727,0.363636363636364,8,4,7,3,"paired_perm_0348",1849
"GSE103940","SVM",0.471074380165289,0.454545454545455,0.363636363636364,0.545454545454545,4,6,5,7,"paired_perm_0348",1849
"GSE103940","Ensemble",0.446280991735537,0.5,0.636363636363636,0.363636363636364,7,4,7,4,"paired_perm_0348",1849
"GSE103940","LASSO",0.648760330578512,0.590909090909091,1,0.181818181818182,11,2,9,0,"paired_perm_0349",1781
"GSE103940","ElasticNet",0.694214876033058,0.636363636363636,1,0.272727272727273,11,3,8,0,"paired_perm_0349",1781
"GSE103940","RF",0.727272727272727,0.681818181818182,0.636363636363636,0.727272727272727,7,8,3,4,"paired_perm_0349",1781
"GSE103940","SVM",0.528925619834711,0.545454545454545,0.454545454545455,0.636363636363636,5,7,4,6,"paired_perm_0349",1781
"GSE103940","Ensemble",0.743801652892562,0.727272727272727,0.727272727272727,0.727272727272727,8,8,3,3,"paired_perm_0349",1781
"GSE103940","LASSO",0.5,0.5,1,0,11,0,11,0,"paired_perm_0350",466
"GSE103940","ElasticNet",0.495867768595041,0.5,1,0,11,0,11,0,"paired_perm_0350",466
"GSE103940","RF",0.43801652892562,0.363636363636364,0.272727272727273,0.454545454545455,3,5,6,8,"paired_perm_0350",466
"GSE103940","SVM",0.479338842975207,0.409090909090909,0.363636363636364,0.454545454545455,4,5,6,7,"paired_perm_0350",466
"GSE103940","Ensemble",0.43801652892562,0.454545454545455,0.363636363636364,0.545454545454545,4,6,5,7,"paired_perm_0350",466
"GSE103940","LASSO",0.495867768595041,0.5,0.727272727272727,0.272727272727273,8,3,8,3,"paired_perm_0351",1971
"GSE103940","ElasticNet",0.504132231404959,0.5,0.727272727272727,0.272727272727273,8,3,8,3,"paired_perm_0351",1971
"GSE103940","RF",0.43801652892562,0.363636363636364,0.454545454545455,0.272727272727273,5,3,8,6,"paired_perm_0351",1971
"GSE103940","SVM",0.355371900826446,0.5,0.454545454545455,0.545454545454545,5,6,5,6,"paired_perm_0351",1971
"GSE103940","Ensemble",0.380165289256198,0.363636363636364,0.363636363636364,0.363636363636364,4,4,7,7,"paired_perm_0351",1971
"GSE103940","LASSO",0.909090909090909,0.772727272727273,0.727272727272727,0.818181818181818,8,9,2,3,"paired_perm_0352",288
"GSE103940","ElasticNet",0.900826446280992,0.818181818181818,0.818181818181818,0.818181818181818,9,9,2,2,"paired_perm_0352",288
"GSE103940","RF",0.793388429752066,0.727272727272727,0.818181818181818,0.636363636363636,9,7,4,2,"paired_perm_0352",288
"GSE103940","SVM",0.942148760330578,0.772727272727273,0.727272727272727,0.818181818181818,8,9,2,3,"paired_perm_0352",288
"GSE103940","Ensemble",0.925619834710744,0.818181818181818,0.818181818181818,0.818181818181818,9,9,2,2,"paired_perm_0352",288
"GSE103940","LASSO",0.355371900826446,0.409090909090909,0.818181818181818,0,9,0,11,2,"paired_perm_0353",1248
"GSE103940","ElasticNet",0.409090909090909,0.454545454545455,0.909090909090909,0,10,0,11,1,"paired_perm_0353",1248
"GSE103940","RF",0.553719008264463,0.681818181818182,0.727272727272727,0.636363636363636,8,7,4,3,"paired_perm_0353",1248
"GSE103940","SVM",0.644628099173554,0.590909090909091,0.636363636363636,0.545454545454545,7,6,5,4,"paired_perm_0353",1248
"GSE103940","Ensemble",0.628099173553719,0.545454545454545,0.636363636363636,0.454545454545455,7,5,6,4,"paired_perm_0353",1248
"GSE103940","LASSO",0.409090909090909,0.454545454545455,0.909090909090909,0,10,0,11,1,"paired_perm_0354",1089
"GSE103940","ElasticNet",0.409090909090909,0.454545454545455,0.909090909090909,0,10,0,11,1,"paired_perm_0354",1089
"GSE103940","RF",0.330578512396694,0.454545454545455,0.545454545454545,0.363636363636364,6,4,7,5,"paired_perm_0354",1089
"GSE103940","SVM",0.479338842975207,0.454545454545455,0.363636363636364,0.545454545454545,4,6,5,7,"paired_perm_0354",1089
"GSE103940","Ensemble",0.338842975206612,0.318181818181818,0.272727272727273,0.363636363636364,3,4,7,8,"paired_perm_0354",1089
"GSE103940","LASSO",0.495867768595041,0.5,1,0,11,0,11,0,"paired_perm_0355",1159
"GSE103940","ElasticNet",0.495867768595041,0.5,1,0,11,0,11,0,"paired_perm_0355",1159
"GSE103940","RF",0.566115702479339,0.545454545454545,0.454545454545455,0.636363636363636,5,7,4,6,"paired_perm_0355",1159
"GSE103940","SVM",0.578512396694215,0.5,0.545454545454545,0.454545454545455,6,5,6,5,"paired_perm_0355",1159
"GSE103940","Ensemble",0.537190082644628,0.5,0.545454545454545,0.454545454545455,6,5,6,5,"paired_perm_0355",1159
"GSE103940","LASSO",0.413223140495868,0.454545454545455,0.909090909090909,0,10,0,11,1,"paired_perm_0356",1107
"GSE103940","ElasticNet",0.413223140495868,0.454545454545455,0.909090909090909,0,10,0,11,1,"paired_perm_0356",1107
"GSE103940","RF",0.0661157024793388,0.136363636363636,0.0909090909090909,0.181818181818182,1,2,9,10,"paired_perm_0356",1107
"GSE103940","SVM",0.446280991735537,0.454545454545455,0.454545454545455,0.454545454545455,5,5,6,6,"paired_perm_0356",1107
"GSE103940","Ensemble",0.322314049586777,0.272727272727273,0.454545454545455,0.0909090909090909,5,1,10,6,"paired_perm_0356",1107
"GSE103940","LASSO",0.491735537190083,0.5,0.909090909090909,0.0909090909090909,10,1,10,1,"paired_perm_0357",1513
"GSE103940","ElasticNet",0.458677685950413,0.454545454545455,0.727272727272727,0.181818181818182,8,2,9,3,"paired_perm_0357",1513
"GSE103940","RF",0.809917355371901,0.772727272727273,0.727272727272727,0.818181818181818,8,9,2,3,"paired_perm_0357",1513
"GSE103940","SVM",0.685950413223141,0.636363636363636,0.636363636363636,0.636363636363636,7,7,4,4,"paired_perm_0357",1513
"GSE103940","Ensemble",0.735537190082645,0.681818181818182,0.727272727272727,0.636363636363636,8,7,4,3,"paired_perm_0357",1513
"GSE103940","LASSO",0.495867768595041,0.5,0.909090909090909,0.0909090909090909,10,1,10,1,"paired_perm_0358",863
"GSE103940","ElasticNet",0.417355371900826,0.454545454545455,0.818181818181818,0.0909090909090909,9,1,10,2,"paired_perm_0358",863
"GSE103940","RF",0.776859504132231,0.636363636363636,0.636363636363636,0.636363636363636,7,7,4,4,"paired_perm_0358",863
"GSE103940","SVM",0.553719008264463,0.545454545454545,0.545454545454545,0.545454545454545,6,6,5,5,"paired_perm_0358",863
"GSE103940","Ensemble",0.669421487603306,0.727272727272727,0.636363636363636,0.818181818181818,7,9,2,4,"paired_perm_0358",863
"GSE103940","LASSO",0.334710743801653,0.409090909090909,0.818181818181818,0,9,0,11,2,"paired_perm_0359",1788
"GSE103940","ElasticNet",0.409090909090909,0.454545454545455,0.909090909090909,0,10,0,11,1,"paired_perm_0359",1788
"GSE103940","RF",0.619834710743802,0.636363636363636,0.545454545454545,0.727272727272727,6,8,3,5,"paired_perm_0359",1788
"GSE103940","SVM",0.429752066115702,0.454545454545455,0.545454545454545,0.363636363636364,6,4,7,5,"paired_perm_0359",1788
"GSE103940","Ensemble",0.495867768595041,0.590909090909091,0.636363636363636,0.545454545454545,7,6,5,4,"paired_perm_0359",1788
"GSE103940","LASSO",0.495867768595041,0.5,1,0,11,0,11,0,"paired_perm_0360",329
"GSE103940","ElasticNet",0.495867768595041,0.5,1,0,11,0,11,0,"paired_perm_0360",329
"GSE103940","RF",0.479338842975207,0.5,0.454545454545455,0.545454545454545,5,6,5,6,"paired_perm_0360",329
"GSE103940","SVM",0.462809917355372,0.5,0.636363636363636,0.363636363636364,7,4,7,4,"paired_perm_0360",329
"GSE103940","Ensemble",0.454545454545455,0.454545454545455,0.545454545454545,0.363636363636364,6,4,7,5,"paired_perm_0360",329
"GSE103940","LASSO",0.413223140495868,0.454545454545455,0.909090909090909,0,10,0,11,1,"paired_perm_0361",2034
"GSE103940","ElasticNet",0.355371900826446,0.409090909090909,0.727272727272727,0.0909090909090909,8,1,10,3,"paired_perm_0361",2034
"GSE103940","RF",0.537190082644628,0.409090909090909,0.454545454545455,0.363636363636364,5,4,7,6,"paired_perm_0361",2034
"GSE103940","SVM",0.446280991735537,0.409090909090909,0.363636363636364,0.454545454545455,4,5,6,7,"paired_perm_0361",2034
"GSE103940","Ensemble",0.471074380165289,0.454545454545455,0.363636363636364,0.545454545454545,4,6,5,7,"paired_perm_0361",2034
"GSE103940","LASSO",0.495867768595041,0.5,0.909090909090909,0.0909090909090909,10,1,10,1,"paired_perm_0362",1846
"GSE103940","ElasticNet",0.495867768595041,0.5,0.818181818181818,0.181818181818182,9,2,9,2,"paired_perm_0362",1846
"GSE103940","RF",0.640495867768595,0.590909090909091,0.636363636363636,0.545454545454545,7,6,5,4,"paired_perm_0362",1846
"GSE103940","SVM",0.611570247933884,0.636363636363636,0.818181818181818,0.454545454545455,9,5,6,2,"paired_perm_0362",1846
"GSE103940","Ensemble",0.586776859504132,0.590909090909091,0.727272727272727,0.454545454545455,8,5,6,3,"paired_perm_0362",1846
"GSE103940","LASSO",0.409090909090909,0.454545454545455,0.909090909090909,0,10,0,11,1,"paired_perm_0363",1521
"GSE103940","ElasticNet",0.260330578512397,0.363636363636364,0.727272727272727,0,8,0,11,3,"paired_perm_0363",1521
"GSE103940","RF",0.566115702479339,0.5,0.545454545454545,0.454545454545455,6,5,6,5,"paired_perm_0363",1521
"GSE103940","SVM",0.619834710743802,0.545454545454545,0.545454545454545,0.545454545454545,6,6,5,5,"paired_perm_0363",1521
"GSE103940","Ensemble",0.619834710743802,0.545454545454545,0.545454545454545,0.545454545454545,6,6,5,5,"paired_perm_0363",1521
"GSE103940","LASSO",0.5,0.5,1,0,11,0,11,0,"paired_perm_0364",398
"GSE103940","ElasticNet",0.5,0.5,1,0,11,0,11,0,"paired_perm_0364",398
"GSE103940","RF",0.446280991735537,0.363636363636364,0.454545454545455,0.272727272727273,5,3,8,6,"paired_perm_0364",398
"GSE103940","SVM",0.479338842975207,0.545454545454545,0.545454545454545,0.545454545454545,6,6,5,5,"paired_perm_0364",398
"GSE103940","Ensemble",0.487603305785124,0.545454545454545,0.545454545454545,0.545454545454545,6,6,5,5,"paired_perm_0364",398
"GSE103940","LASSO",0.5,0.5,1,0,11,0,11,0,"paired_perm_0365",1603
"GSE103940","ElasticNet",0.5,0.5,1,0,11,0,11,0,"paired_perm_0365",1603
"GSE103940","RF",0.334710743801653,0.363636363636364,0.363636363636364,0.363636363636364,4,4,7,7,"paired_perm_0365",1603
"GSE103940","SVM",0.297520661157025,0.363636363636364,0.363636363636364,0.363636363636364,4,4,7,7,"paired_perm_0365",1603
"GSE103940","Ensemble",0.223140495867769,0.318181818181818,0.363636363636364,0.272727272727273,4,3,8,7,"paired_perm_0365",1603
"GSE103940","LASSO",0.491735537190083,0.5,0.909090909090909,0.0909090909090909,10,1,10,1,"paired_perm_0366",475
"GSE103940","ElasticNet",0.421487603305785,0.454545454545455,0.818181818181818,0.0909090909090909,9,1,10,2,"paired_perm_0366",475
"GSE103940","RF",0.541322314049587,0.590909090909091,0.545454545454545,0.636363636363636,6,7,4,5,"paired_perm_0366",475
"GSE103940","SVM",0.371900826446281,0.318181818181818,0.272727272727273,0.363636363636364,3,4,7,8,"paired_perm_0366",475
"GSE103940","Ensemble",0.413223140495868,0.5,0.454545454545455,0.545454545454545,5,6,5,6,"paired_perm_0366",475
"GSE103940","LASSO",0.413223140495868,0.454545454545455,0.909090909090909,0,10,0,11,1,"paired_perm_0367",1511
"GSE103940","ElasticNet",0.334710743801653,0.409090909090909,0.818181818181818,0,9,0,11,2,"paired_perm_0367",1511
"GSE103940","RF",0.570247933884298,0.5,0.636363636363636,0.363636363636364,7,4,7,4,"paired_perm_0367",1511
"GSE103940","SVM",0.454545454545455,0.5,0.545454545454545,0.454545454545455,6,5,6,5,"paired_perm_0367",1511
"GSE103940","Ensemble",0.479338842975207,0.409090909090909,0.545454545454545,0.272727272727273,6,3,8,5,"paired_perm_0367",1511
"GSE103940","LASSO",0.5,0.5,1,0,11,0,11,0,"paired_perm_0368",436
"GSE103940","ElasticNet",0.5,0.5,1,0,11,0,11,0,"paired_perm_0368",436
"GSE103940","RF",0.508264462809917,0.545454545454545,0.545454545454545,0.545454545454545,6,6,5,5,"paired_perm_0368",436
"GSE103940","SVM",0.330578512396694,0.454545454545455,0.454545454545455,0.454545454545455,5,5,6,6,"paired_perm_0368",436
"GSE103940","Ensemble",0.380165289256198,0.545454545454545,0.545454545454545,0.545454545454545,6,6,5,5,"paired_perm_0368",436
"GSE103940","LASSO",0.409090909090909,0.454545454545455,0.818181818181818,0.0909090909090909,9,1,10,2,"paired_perm_0369",1853
"GSE103940","ElasticNet",0.409090909090909,0.454545454545455,0.818181818181818,0.0909090909090909,9,1,10,2,"paired_perm_0369",1853
"GSE103940","RF",0.685950413223141,0.727272727272727,0.818181818181818,0.636363636363636,9,7,4,2,"paired_perm_0369",1853
"GSE103940","SVM",0.628099173553719,0.727272727272727,0.636363636363636,0.818181818181818,7,9,2,4,"paired_perm_0369",1853
"GSE103940","Ensemble",0.702479338842975,0.772727272727273,0.727272727272727,0.818181818181818,8,9,2,3,"paired_perm_0369",1853
"GSE103940","LASSO",0.5,0.5,1,0,11,0,11,0,"paired_perm_0370",914
"GSE103940","ElasticNet",0.5,0.5,1,0,11,0,11,0,"paired_perm_0370",914
"GSE103940","RF",0.528925619834711,0.454545454545455,0.363636363636364,0.545454545454545,4,6,5,7,"paired_perm_0370",914
"GSE103940","SVM",0.578512396694215,0.681818181818182,0.636363636363636,0.727272727272727,7,8,3,4,"paired_perm_0370",914
"GSE103940","Ensemble",0.495867768595041,0.409090909090909,0.363636363636364,0.454545454545455,4,5,6,7,"paired_perm_0370",914
"GSE103940","LASSO",0.334710743801653,0.409090909090909,0.818181818181818,0,9,0,11,2,"paired_perm_0371",1756
"GSE103940","ElasticNet",0.471074380165289,0.5,0.818181818181818,0.181818181818182,9,2,9,2,"paired_perm_0371",1756
"GSE103940","RF",0.458677685950413,0.409090909090909,0.454545454545455,0.363636363636364,5,4,7,6,"paired_perm_0371",1756
"GSE103940","SVM",0.363636363636364,0.363636363636364,0.181818181818182,0.545454545454545,2,6,5,9,"paired_perm_0371",1756
"GSE103940","Ensemble",0.396694214876033,0.454545454545455,0.454545454545455,0.454545454545455,5,5,6,6,"paired_perm_0371",1756
"GSE103940","LASSO",0.495867768595041,0.5,1,0,11,0,11,0,"paired_perm_0372",1434
"GSE103940","ElasticNet",0.413223140495868,0.454545454545455,0.909090909090909,0,10,0,11,1,"paired_perm_0372",1434
"GSE103940","RF",0.545454545454545,0.5,0.636363636363636,0.363636363636364,7,4,7,4,"paired_perm_0372",1434
"GSE103940","SVM",0.867768595041322,0.863636363636364,0.818181818181818,0.909090909090909,9,10,1,2,"paired_perm_0372",1434
"GSE103940","Ensemble",0.834710743801653,0.818181818181818,0.727272727272727,0.909090909090909,8,10,1,3,"paired_perm_0372",1434
"GSE103940","LASSO",0.5,0.5,1,0,11,0,11,0,"paired_perm_0373",750
"GSE103940","ElasticNet",0.413223140495868,0.454545454545455,0.909090909090909,0,10,0,11,1,"paired_perm_0373",750
"GSE103940","RF",0.347107438016529,0.5,0.454545454545455,0.545454545454545,5,6,5,6,"paired_perm_0373",750
"GSE103940","SVM",0.380165289256198,0.409090909090909,0.363636363636364,0.454545454545455,4,5,6,7,"paired_perm_0373",750
"GSE103940","Ensemble",0.347107438016529,0.318181818181818,0.181818181818182,0.454545454545455,2,5,6,9,"paired_perm_0373",750
"GSE103940","LASSO",0.5,0.5,1,0,11,0,11,0,"paired_perm_0374",1709
"GSE103940","ElasticNet",0.334710743801653,0.409090909090909,0.818181818181818,0,9,0,11,2,"paired_perm_0374",1709
"GSE103940","RF",0.520661157024793,0.5,0.545454545454545,0.454545454545455,6,5,6,5,"paired_perm_0374",1709
"GSE103940","SVM",0.520661157024793,0.545454545454545,0.545454545454545,0.545454545454545,6,6,5,5,"paired_perm_0374",1709
"GSE103940","Ensemble",0.512396694214876,0.5,0.545454545454545,0.454545454545455,6,5,6,5,"paired_perm_0374",1709
"GSE103940","LASSO",0.797520661157025,0.818181818181818,0.818181818181818,0.818181818181818,9,9,2,2,"paired_perm_0375",644
"GSE103940","ElasticNet",0.797520661157025,0.818181818181818,0.818181818181818,0.818181818181818,9,9,2,2,"paired_perm_0375",644
"GSE103940","RF",0.90495867768595,0.863636363636364,0.818181818181818,0.909090909090909,9,10,1,2,"paired_perm_0375",644
"GSE103940","SVM",0.56198347107438,0.409090909090909,0.363636363636364,0.454545454545455,4,5,6,7,"paired_perm_0375",644
"GSE103940","Ensemble",0.826446280991736,0.818181818181818,0.727272727272727,0.909090909090909,8,10,1,3,"paired_perm_0375",644
"GSE103940","LASSO",0.5,0.5,1,0,11,0,11,0,"paired_perm_0376",1032
"GSE103940","ElasticNet",0.495867768595041,0.5,1,0,11,0,11,0,"paired_perm_0376",1032
"GSE103940","RF",0.648760330578512,0.727272727272727,0.818181818181818,0.636363636363636,9,7,4,2,"paired_perm_0376",1032
"GSE103940","SVM",0.380165289256198,0.363636363636364,0.272727272727273,0.454545454545455,3,5,6,8,"paired_perm_0376",1032
"GSE103940","Ensemble",0.603305785123967,0.727272727272727,0.818181818181818,0.636363636363636,9,7,4,2,"paired_perm_0376",1032
"GSE103940","LASSO",0.5,0.5,1,0,11,0,11,0,"paired_perm_0377",61
"GSE103940","ElasticNet",0.5,0.5,1,0,11,0,11,0,"paired_perm_0377",61
"GSE103940","RF",0.285123966942149,0.318181818181818,0.363636363636364,0.272727272727273,4,3,8,7,"paired_perm_0377",61
"GSE103940","SVM",0.347107438016529,0.363636363636364,0.454545454545455,0.272727272727273,5,3,8,6,"paired_perm_0377",61
"GSE103940","Ensemble",0.198347107438017,0.272727272727273,0.272727272727273,0.272727272727273,3,3,8,8,"paired_perm_0377",61
"GSE103940","LASSO",0.413223140495868,0.454545454545455,0.909090909090909,0,10,0,11,1,"paired_perm_0378",1151
"GSE103940","ElasticNet",0.413223140495868,0.454545454545455,0.909090909090909,0,10,0,11,1,"paired_perm_0378",1151
"GSE103940","RF",0.644628099173554,0.681818181818182,0.636363636363636,0.727272727272727,7,8,3,4,"paired_perm_0378",1151
"GSE103940","SVM",0.297520661157025,0.409090909090909,0.272727272727273,0.545454545454545,3,6,5,8,"paired_perm_0378",1151
"GSE103940","Ensemble",0.545454545454545,0.590909090909091,0.545454545454545,0.636363636363636,6,7,4,5,"paired_perm_0378",1151
"GSE103940","LASSO",0.5,0.5,1,0,11,0,11,0,"paired_perm_0379",1716
"GSE103940","ElasticNet",0.5,0.5,1,0,11,0,11,0,"paired_perm_0379",1716
"GSE103940","RF",0.260330578512397,0.318181818181818,0.363636363636364,0.272727272727273,4,3,8,7,"paired_perm_0379",1716
"GSE103940","SVM",0.43801652892562,0.454545454545455,0.454545454545455,0.454545454545455,5,5,6,6,"paired_perm_0379",1716
"GSE103940","Ensemble",0.396694214876033,0.363636363636364,0.363636363636364,0.363636363636364,4,4,7,7,"paired_perm_0379",1716
"GSE103940","LASSO",0.5,0.5,1,0,11,0,11,0,"paired_perm_0380",269
"GSE103940","ElasticNet",0.5,0.5,1,0,11,0,11,0,"paired_perm_0380",269
"GSE103940","RF",0.388429752066116,0.363636363636364,0.363636363636364,0.363636363636364,4,4,7,7,"paired_perm_0380",269
"GSE103940","SVM",0.512396694214876,0.545454545454545,0.636363636363636,0.454545454545455,7,5,6,4,"paired_perm_0380",269
"GSE103940","Ensemble",0.28099173553719,0.409090909090909,0.636363636363636,0.181818181818182,7,2,9,4,"paired_perm_0380",269
"GSE103940","LASSO",0.5,0.5,1,0,11,0,11,0,"paired_perm_0381",1209
"GSE103940","ElasticNet",0.5,0.5,1,0,11,0,11,0,"paired_perm_0381",1209
"GSE103940","RF",0.206611570247934,0.227272727272727,0.363636363636364,0.0909090909090909,4,1,10,7,"paired_perm_0381",1209
"GSE103940","SVM",0.363636363636364,0.5,0.727272727272727,0.272727272727273,8,3,8,3,"paired_perm_0381",1209
"GSE103940","Ensemble",0.132231404958678,0.181818181818182,0.272727272727273,0.0909090909090909,3,1,10,8,"paired_perm_0381",1209
"GSE103940","LASSO",0.421487603305785,0.454545454545455,0.727272727272727,0.181818181818182,8,2,9,3,"paired_perm_0382",1516
"GSE103940","ElasticNet",0.446280991735537,0.454545454545455,0.727272727272727,0.181818181818182,8,2,9,3,"paired_perm_0382",1516
"GSE103940","RF",0.504132231404959,0.545454545454545,0.545454545454545,0.545454545454545,6,6,5,5,"paired_perm_0382",1516
"GSE103940","SVM",0.56198347107438,0.5,0.545454545454545,0.454545454545455,6,5,6,5,"paired_perm_0382",1516
"GSE103940","Ensemble",0.56198347107438,0.590909090909091,0.545454545454545,0.636363636363636,6,7,4,5,"paired_perm_0382",1516
"GSE103940","LASSO",0.413223140495868,0.454545454545455,0.909090909090909,0,10,0,11,1,"paired_perm_0383",704
"GSE103940","ElasticNet",0.413223140495868,0.454545454545455,0.909090909090909,0,10,0,11,1,"paired_perm_0383",704
"GSE103940","RF",0.71900826446281,0.727272727272727,0.545454545454545,0.909090909090909,6,10,1,5,"paired_perm_0383",704
"GSE103940","SVM",0.537190082644628,0.5,0.545454545454545,0.454545454545455,6,5,6,5,"paired_perm_0383",704
"GSE103940","Ensemble",0.694214876033058,0.772727272727273,0.636363636363636,0.909090909090909,7,10,1,4,"paired_perm_0383",704
"GSE103940","LASSO",0.417355371900826,0.454545454545455,0.909090909090909,0,10,0,11,1,"paired_perm_0384",1096
"GSE103940","ElasticNet",0.421487603305785,0.454545454545455,0.818181818181818,0.0909090909090909,9,1,10,2,"paired_perm_0384",1096
"GSE103940","RF",0.40495867768595,0.454545454545455,0.454545454545455,0.454545454545455,5,5,6,6,"paired_perm_0384",1096
"GSE103940","SVM",0.520661157024793,0.5,0.363636363636364,0.636363636363636,4,7,4,7,"paired_perm_0384",1096
"GSE103940","Ensemble",0.462809917355372,0.590909090909091,0.545454545454545,0.636363636363636,6,7,4,5,"paired_perm_0384",1096
"GSE103940","LASSO",0.504132231404959,0.5,1,0,11,0,11,0,"paired_perm_0385",98
"GSE103940","ElasticNet",0.425619834710744,0.454545454545455,0.818181818181818,0.0909090909090909,9,1,10,2,"paired_perm_0385",98
"GSE103940","RF",0.512396694214876,0.545454545454545,0.545454545454545,0.545454545454545,6,6,5,5,"paired_perm_0385",98
"GSE103940","SVM",0.256198347107438,0.409090909090909,0.454545454545455,0.363636363636364,5,4,7,6,"paired_perm_0385",98
"GSE103940","Ensemble",0.338842975206612,0.5,0.545454545454545,0.454545454545455,6,5,6,5,"paired_perm_0385",98
"GSE103940","LASSO",0.5,0.5,1,0,11,0,11,0,"paired_perm_0386",1303
"GSE103940","ElasticNet",0.5,0.5,1,0,11,0,11,0,"paired_perm_0386",1303
"GSE103940","RF",0.520661157024793,0.545454545454545,0.727272727272727,0.363636363636364,8,4,7,3,"paired_perm_0386",1303
"GSE103940","SVM",0.512396694214876,0.5,0.363636363636364,0.636363636363636,4,7,4,7,"paired_perm_0386",1303
"GSE103940","Ensemble",0.462809917355372,0.590909090909091,0.727272727272727,0.454545454545455,8,5,6,3,"paired_perm_0386",1303
"GSE103940","LASSO",0.574380165289256,0.545454545454545,0.818181818181818,0.272727272727273,9,3,8,2,"paired_perm_0387",117
"GSE103940","ElasticNet",0.628099173553719,0.590909090909091,0.818181818181818,0.363636363636364,9,4,7,2,"paired_perm_0387",117
"GSE103940","RF",0.429752066115702,0.5,0.545454545454545,0.454545454545455,6,5,6,5,"paired_perm_0387",117
"GSE103940","SVM",0.545454545454545,0.5,0.363636363636364,0.636363636363636,4,7,4,7,"paired_perm_0387",117
"GSE103940","Ensemble",0.512396694214876,0.454545454545455,0.363636363636364,0.545454545454545,4,6,5,7,"paired_perm_0387",117
"GSE103940","LASSO",0.5,0.5,1,0,11,0,11,0,"paired_perm_0388",1558
"GSE103940","ElasticNet",0.5,0.5,1,0,11,0,11,0,"paired_perm_0388",1558
"GSE103940","RF",0.603305785123967,0.590909090909091,0.636363636363636,0.545454545454545,7,6,5,4,"paired_perm_0388",1558
"GSE103940","SVM",0.495867768595041,0.590909090909091,0.636363636363636,0.545454545454545,7,6,5,4,"paired_perm_0388",1558
"GSE103940","Ensemble",0.495867768595041,0.5,0.454545454545455,0.545454545454545,5,6,5,6,"paired_perm_0388",1558
"GSE103940","LASSO",0.632231404958678,0.590909090909091,0.909090909090909,0.272727272727273,10,3,8,1,"paired_perm_0389",1112
"GSE103940","ElasticNet",0.644628099173554,0.590909090909091,0.818181818181818,0.363636363636364,9,4,7,2,"paired_perm_0389",1112
"GSE103940","RF",0.309917355371901,0.363636363636364,0.272727272727273,0.454545454545455,3,5,6,8,"paired_perm_0389",1112
"GSE103940","SVM",0.743801652892562,0.681818181818182,0.727272727272727,0.636363636363636,8,7,4,3,"paired_perm_0389",1112
"GSE103940","Ensemble",0.586776859504132,0.545454545454545,0.454545454545455,0.636363636363636,5,7,4,6,"paired_perm_0389",1112
"GSE103940","LASSO",0.5,0.5,1,0,11,0,11,0,"paired_perm_0390",451
"GSE103940","ElasticNet",0.5,0.5,1,0,11,0,11,0,"paired_perm_0390",451
"GSE103940","RF",0.247933884297521,0.318181818181818,0.272727272727273,0.363636363636364,3,4,7,8,"paired_perm_0390",451
"GSE103940","SVM",0.355371900826446,0.363636363636364,0.363636363636364,0.363636363636364,4,4,7,7,"paired_perm_0390",451
"GSE103940","Ensemble",0.338842975206612,0.363636363636364,0.454545454545455,0.272727272727273,5,3,8,6,"paired_perm_0390",451
"GSE103940","LASSO",0.413223140495868,0.454545454545455,0.909090909090909,0,10,0,11,1,"paired_perm_0391",1717
"GSE103940","ElasticNet",0.409090909090909,0.454545454545455,0.909090909090909,0,10,0,11,1,"paired_perm_0391",1717
"GSE103940","RF",0.338842975206612,0.409090909090909,0.454545454545455,0.363636363636364,5,4,7,6,"paired_perm_0391",1717
"GSE103940","SVM",0.446280991735537,0.5,0.545454545454545,0.454545454545455,6,5,6,5,"paired_perm_0391",1717
"GSE103940","Ensemble",0.264462809917355,0.272727272727273,0.272727272727273,0.272727272727273,3,3,8,8,"paired_perm_0391",1717
"GSE103940","LASSO",0.495867768595041,0.5,1,0,11,0,11,0,"paired_perm_0392",412
"GSE103940","ElasticNet",0.483471074380165,0.5,1,0,11,0,11,0,"paired_perm_0392",412
"GSE103940","RF",0.685950413223141,0.636363636363636,0.636363636363636,0.636363636363636,7,7,4,4,"paired_perm_0392",412
"GSE103940","SVM",0.776859504132231,0.772727272727273,0.727272727272727,0.818181818181818,8,9,2,3,"paired_perm_0392",412
"GSE103940","Ensemble",0.768595041322314,0.772727272727273,0.727272727272727,0.818181818181818,8,9,2,3,"paired_perm_0392",412
"GSE103940","LASSO",0.495867768595041,0.5,0.909090909090909,0.0909090909090909,10,1,10,1,"paired_perm_0393",179
"GSE103940","ElasticNet",0.409090909090909,0.454545454545455,0.818181818181818,0.0909090909090909,9,1,10,2,"paired_perm_0393",179
"GSE103940","RF",0.466942148760331,0.590909090909091,0.636363636363636,0.545454545454545,7,6,5,4,"paired_perm_0393",179
"GSE103940","SVM",0.520661157024793,0.545454545454545,0.545454545454545,0.545454545454545,6,6,5,5,"paired_perm_0393",179
"GSE103940","Ensemble",0.446280991735537,0.454545454545455,0.545454545454545,0.363636363636364,6,4,7,5,"paired_perm_0393",179
"GSE103940","LASSO",0.5,0.5,1,0,11,0,11,0,"paired_perm_0394",1832
"GSE103940","ElasticNet",0.5,0.5,1,0,11,0,11,0,"paired_perm_0394",1832
"GSE103940","RF",0.15702479338843,0.181818181818182,0.181818181818182,0.181818181818182,2,2,9,9,"paired_perm_0394",1832
"GSE103940","SVM",0.429752066115702,0.409090909090909,0.363636363636364,0.454545454545455,4,5,6,7,"paired_perm_0394",1832
"GSE103940","Ensemble",0.239669421487603,0.227272727272727,0.272727272727273,0.181818181818182,3,2,9,8,"paired_perm_0394",1832
"GSE103940","LASSO",0.5,0.5,1,0,11,0,11,0,"paired_perm_0395",311
"GSE103940","ElasticNet",0.5,0.5,1,0,11,0,11,0,"paired_perm_0395",311
"GSE103940","RF",0.239669421487603,0.227272727272727,0.272727272727273,0.181818181818182,3,2,9,8,"paired_perm_0395",311
"GSE103940","SVM",0.231404958677686,0.454545454545455,0.545454545454545,0.363636363636364,6,4,7,5,"paired_perm_0395",311
"GSE103940","Ensemble",0.173553719008264,0.363636363636364,0.454545454545455,0.272727272727273,5,3,8,6,"paired_perm_0395",311
"GSE103940","LASSO",0.483471074380165,0.5,1,0,11,0,11,0,"paired_perm_0396",1311
"GSE103940","ElasticNet",0.483471074380165,0.5,1,0,11,0,11,0,"paired_perm_0396",1311
"GSE103940","RF",0.533057851239669,0.590909090909091,0.636363636363636,0.545454545454545,7,6,5,4,"paired_perm_0396",1311
"GSE103940","SVM",0.603305785123967,0.590909090909091,0.636363636363636,0.545454545454545,7,6,5,4,"paired_perm_0396",1311
"GSE103940","Ensemble",0.545454545454545,0.5,0.636363636363636,0.363636363636364,7,4,7,4,"paired_perm_0396",1311
"GSE103940","LASSO",0.5,0.5,1,0,11,0,11,0,"paired_perm_0397",1130
"GSE103940","ElasticNet",0.5,0.5,1,0,11,0,11,0,"paired_perm_0397",1130
"GSE103940","RF",0.111570247933884,0.136363636363636,0.181818181818182,0.0909090909090909,2,1,10,9,"paired_perm_0397",1130
"GSE103940","SVM",0.264462809917355,0.272727272727273,0.0909090909090909,0.454545454545455,1,5,6,10,"paired_perm_0397",1130
"GSE103940","Ensemble",0.181818181818182,0.181818181818182,0.0909090909090909,0.272727272727273,1,3,8,10,"paired_perm_0397",1130
"GSE103940","LASSO",0.409090909090909,0.454545454545455,0.909090909090909,0,10,0,11,1,"paired_perm_0398",1734
"GSE103940","ElasticNet",0.338842975206612,0.409090909090909,0.818181818181818,0,9,0,11,2,"paired_perm_0398",1734
"GSE103940","RF",0.15702479338843,0.136363636363636,0.181818181818182,0.0909090909090909,2,1,10,9,"paired_perm_0398",1734
"GSE103940","SVM",0.247933884297521,0.227272727272727,0.272727272727273,0.181818181818182,3,2,9,8,"paired_perm_0398",1734
"GSE103940","Ensemble",0.15702479338843,0.227272727272727,0.272727272727273,0.181818181818182,3,2,9,8,"paired_perm_0398",1734
"GSE103940","LASSO",0.508264462809917,0.5,0.727272727272727,0.272727272727273,8,3,8,3,"paired_perm_0399",8
"GSE103940","ElasticNet",0.570247933884298,0.545454545454545,0.727272727272727,0.363636363636364,8,4,7,3,"paired_perm_0399",8
"GSE103940","RF",0.768595041322314,0.818181818181818,0.909090909090909,0.727272727272727,10,8,3,1,"paired_perm_0399",8
"GSE103940","SVM",0.685950413223141,0.727272727272727,0.727272727272727,0.727272727272727,8,8,3,3,"paired_perm_0399",8
"GSE103940","Ensemble",0.768595041322314,0.818181818181818,0.818181818181818,0.818181818181818,9,9,2,2,"paired_perm_0399",8
"GSE103940","LASSO",0.5,0.5,1,0,11,0,11,0,"paired_perm_0400",560
"GSE103940","ElasticNet",0.487603305785124,0.5,0.727272727272727,0.272727272727273,8,3,8,3,"paired_perm_0400",560
"GSE103940","RF",0.714876033057851,0.681818181818182,0.636363636363636,0.727272727272727,7,8,3,4,"paired_perm_0400",560
"GSE103940","SVM",0.479338842975207,0.5,0.363636363636364,0.636363636363636,4,7,4,7,"paired_perm_0400",560
"GSE103940","Ensemble",0.56198347107438,0.636363636363636,0.454545454545455,0.818181818181818,5,9,2,6,"paired_perm_0400",560
"GSE103940","LASSO",0.5,0.5,1,0,11,0,11,0,"paired_perm_0401",1772
"GSE103940","ElasticNet",0.413223140495868,0.454545454545455,0.909090909090909,0,10,0,11,1,"paired_perm_0401",1772
"GSE103940","RF",0.417355371900826,0.409090909090909,0.363636363636364,0.454545454545455,4,5,6,7,"paired_perm_0401",1772
"GSE103940","SVM",0.528925619834711,0.545454545454545,0.727272727272727,0.363636363636364,8,4,7,3,"paired_perm_0401",1772
"GSE103940","Ensemble",0.471074380165289,0.545454545454545,0.545454545454545,0.545454545454545,6,6,5,5,"paired_perm_0401",1772
"GSE103940","LASSO",0.409090909090909,0.454545454545455,0.818181818181818,0.0909090909090909,9,1,10,2,"paired_perm_0402",989
"GSE103940","ElasticNet",0.413223140495868,0.454545454545455,0.909090909090909,0,10,0,11,1,"paired_perm_0402",989
"GSE103940","RF",0.698347107438017,0.590909090909091,0.454545454545455,0.727272727272727,5,8,3,6,"paired_perm_0402",989
"GSE103940","SVM",0.297520661157025,0.227272727272727,0.363636363636364,0.0909090909090909,4,1,10,7,"paired_perm_0402",989
"GSE103940","Ensemble",0.471074380165289,0.5,0.545454545454545,0.454545454545455,6,5,6,5,"paired_perm_0402",989
"GSE103940","LASSO",0.413223140495868,0.454545454545455,0.909090909090909,0,10,0,11,1,"paired_perm_0403",1011
"GSE103940","ElasticNet",0.417355371900826,0.454545454545455,0.818181818181818,0.0909090909090909,9,1,10,2,"paired_perm_0403",1011
"GSE103940","RF",0.413223140495868,0.5,0.363636363636364,0.636363636363636,4,7,4,7,"paired_perm_0403",1011
"GSE103940","SVM",0.553719008264463,0.454545454545455,0.363636363636364,0.545454545454545,4,6,5,7,"paired_perm_0403",1011
"GSE103940","Ensemble",0.528925619834711,0.545454545454545,0.454545454545455,0.636363636363636,5,7,4,6,"paired_perm_0403",1011
"GSE103940","LASSO",0.5,0.5,1,0,11,0,11,0,"paired_perm_0404",1769
"GSE103940","ElasticNet",0.495867768595041,0.5,1,0,11,0,11,0,"paired_perm_0404",1769
"GSE103940","RF",0.537190082644628,0.454545454545455,0.454545454545455,0.454545454545455,5,5,6,6,"paired_perm_0404",1769
"GSE103940","SVM",0.537190082644628,0.5,0.363636363636364,0.636363636363636,4,7,4,7,"paired_perm_0404",1769
"GSE103940","Ensemble",0.487603305785124,0.454545454545455,0.363636363636364,0.545454545454545,4,6,5,7,"paired_perm_0404",1769
"GSE103940","LASSO",0.5,0.5,1,0,11,0,11,0,"paired_perm_0405",1186
"GSE103940","ElasticNet",0.409090909090909,0.454545454545455,0.909090909090909,0,10,0,11,1,"paired_perm_0405",1186
"GSE103940","RF",0.739669421487603,0.727272727272727,0.818181818181818,0.636363636363636,9,7,4,2,"paired_perm_0405",1186
"GSE103940","SVM",0.677685950413223,0.590909090909091,0.454545454545455,0.727272727272727,5,8,3,6,"paired_perm_0405",1186
"GSE103940","Ensemble",0.694214876033058,0.727272727272727,0.727272727272727,0.727272727272727,8,8,3,3,"paired_perm_0405",1186
"GSE103940","LASSO",0.425619834710744,0.454545454545455,0.909090909090909,0,10,0,11,1,"paired_perm_0406",1170
"GSE103940","ElasticNet",0.425619834710744,0.454545454545455,0.909090909090909,0,10,0,11,1,"paired_perm_0406",1170
"GSE103940","RF",0.685950413223141,0.590909090909091,0.636363636363636,0.545454545454545,7,6,5,4,"paired_perm_0406",1170
"GSE103940","SVM",0.735537190082645,0.636363636363636,0.636363636363636,0.636363636363636,7,7,4,4,"paired_perm_0406",1170
"GSE103940","Ensemble",0.727272727272727,0.636363636363636,0.545454545454545,0.727272727272727,6,8,3,5,"paired_perm_0406",1170
"GSE103940","LASSO",0.413223140495868,0.454545454545455,0.909090909090909,0,10,0,11,1,"paired_perm_0407",567
"GSE103940","ElasticNet",0.334710743801653,0.409090909090909,0.818181818181818,0,9,0,11,2,"paired_perm_0407",567
"GSE103940","RF",0.359504132231405,0.409090909090909,0.363636363636364,0.454545454545455,4,5,6,7,"paired_perm_0407",567
"GSE103940","SVM",0.446280991735537,0.5,0.636363636363636,0.363636363636364,7,4,7,4,"paired_perm_0407",567
"GSE103940","Ensemble",0.297520661157025,0.363636363636364,0.363636363636364,0.363636363636364,4,4,7,7,"paired_perm_0407",567
"GSE103940","LASSO",0.5,0.5,1,0,11,0,11,0,"paired_perm_0408",1914
"GSE103940","ElasticNet",0.5,0.5,1,0,11,0,11,0,"paired_perm_0408",1914
"GSE103940","RF",0.578512396694215,0.590909090909091,0.636363636363636,0.545454545454545,7,6,5,4,"paired_perm_0408",1914
"GSE103940","SVM",0.586776859504132,0.5,0.363636363636364,0.636363636363636,4,7,4,7,"paired_perm_0408",1914
"GSE103940","Ensemble",0.611570247933884,0.636363636363636,0.545454545454545,0.727272727272727,6,8,3,5,"paired_perm_0408",1914
"GSE103940","LASSO",0.5,0.5,1,0,11,0,11,0,"paired_perm_0409",74
"GSE103940","ElasticNet",0.413223140495868,0.454545454545455,0.909090909090909,0,10,0,11,1,"paired_perm_0409",74
"GSE103940","RF",0.487603305785124,0.590909090909091,0.636363636363636,0.545454545454545,7,6,5,4,"paired_perm_0409",74
"GSE103940","SVM",0.148760330578512,0.181818181818182,0.181818181818182,0.181818181818182,2,2,9,9,"paired_perm_0409",74
"GSE103940","Ensemble",0.380165289256198,0.5,0.545454545454545,0.454545454545455,6,5,6,5,"paired_perm_0409",74
"GSE103940","LASSO",0.5,0.5,1,0,11,0,11,0,"paired_perm_0410",127
"GSE103940","ElasticNet",0.5,0.5,1,0,11,0,11,0,"paired_perm_0410",127
"GSE103940","RF",0.545454545454545,0.590909090909091,0.636363636363636,0.545454545454545,7,6,5,4,"paired_perm_0410",127
"GSE103940","SVM",0.330578512396694,0.409090909090909,0.363636363636364,0.454545454545455,4,5,6,7,"paired_perm_0410",127
"GSE103940","Ensemble",0.479338842975207,0.636363636363636,0.636363636363636,0.636363636363636,7,7,4,4,"paired_perm_0410",127
"GSE103940","LASSO",0.413223140495868,0.454545454545455,0.909090909090909,0,10,0,11,1,"paired_perm_0411",248
"GSE103940","ElasticNet",0.396694214876033,0.454545454545455,0.727272727272727,0.181818181818182,8,2,9,3,"paired_perm_0411",248
"GSE103940","RF",0.18595041322314,0.318181818181818,0.272727272727273,0.363636363636364,3,4,7,8,"paired_perm_0411",248
"GSE103940","SVM",0.487603305785124,0.545454545454545,0.454545454545455,0.636363636363636,5,7,4,6,"paired_perm_0411",248
"GSE103940","Ensemble",0.214876033057851,0.227272727272727,0.272727272727273,0.181818181818182,3,2,9,8,"paired_perm_0411",248
"GSE103940","LASSO",0.491735537190083,0.5,0.909090909090909,0.0909090909090909,10,1,10,1,"paired_perm_0412",1402
"GSE103940","ElasticNet",0.566115702479339,0.545454545454545,0.909090909090909,0.181818181818182,10,2,9,1,"paired_perm_0412",1402
"GSE103940","RF",0.636363636363636,0.590909090909091,0.636363636363636,0.545454545454545,7,6,5,4,"paired_perm_0412",1402
"GSE103940","SVM",0.652892561983471,0.590909090909091,0.545454545454545,0.636363636363636,6,7,4,5,"paired_perm_0412",1402
"GSE103940","Ensemble",0.636363636363636,0.545454545454545,0.636363636363636,0.454545454545455,7,5,6,4,"paired_perm_0412",1402
"GSE103940","LASSO",0.334710743801653,0.409090909090909,0.727272727272727,0.0909090909090909,8,1,10,3,"paired_perm_0413",642
"GSE103940","ElasticNet",0.603305785123967,0.636363636363636,0.727272727272727,0.545454545454545,8,6,5,3,"paired_perm_0413",642
"GSE103940","RF",0.752066115702479,0.636363636363636,0.636363636363636,0.636363636363636,7,7,4,4,"paired_perm_0413",642
"GSE103940","SVM",0.570247933884298,0.590909090909091,0.636363636363636,0.545454545454545,7,6,5,4,"paired_perm_0413",642
"GSE103940","Ensemble",0.628099173553719,0.590909090909091,0.636363636363636,0.545454545454545,7,6,5,4,"paired_perm_0413",642
"GSE103940","LASSO",0.495867768595041,0.5,0.909090909090909,0.0909090909090909,10,1,10,1,"paired_perm_0414",1204
"GSE103940","ElasticNet",0.495867768595041,0.5,0.909090909090909,0.0909090909090909,10,1,10,1,"paired_perm_0414",1204
"GSE103940","RF",0.495867768595041,0.590909090909091,0.727272727272727,0.454545454545455,8,5,6,3,"paired_perm_0414",1204
"GSE103940","SVM",0.528925619834711,0.454545454545455,0.181818181818182,0.727272727272727,2,8,3,9,"paired_perm_0414",1204
"GSE103940","Ensemble",0.512396694214876,0.5,0.454545454545455,0.545454545454545,5,6,5,6,"paired_perm_0414",1204
"GSE103940","LASSO",0.628099173553719,0.590909090909091,0.818181818181818,0.363636363636364,9,4,7,2,"paired_perm_0415",859
"GSE103940","ElasticNet",0.644628099173554,0.590909090909091,0.636363636363636,0.545454545454545,7,6,5,4,"paired_perm_0415",859
"GSE103940","RF",0.504132231404959,0.5,0.454545454545455,0.545454545454545,5,6,5,6,"paired_perm_0415",859
"GSE103940","SVM",0.661157024793388,0.545454545454545,0.636363636363636,0.454545454545455,7,5,6,4,"paired_perm_0415",859
"GSE103940","Ensemble",0.628099173553719,0.545454545454545,0.545454545454545,0.545454545454545,6,6,5,5,"paired_perm_0415",859
"GSE103940","LASSO",0.491735537190083,0.5,1,0,11,0,11,0,"paired_perm_0416",1087
"GSE103940","ElasticNet",0.483471074380165,0.5,1,0,11,0,11,0,"paired_perm_0416",1087
"GSE103940","RF",0.528925619834711,0.545454545454545,0.727272727272727,0.363636363636364,8,4,7,3,"paired_perm_0416",1087
"GSE103940","SVM",0.578512396694215,0.5,0.272727272727273,0.727272727272727,3,8,3,8,"paired_perm_0416",1087
"GSE103940","Ensemble",0.603305785123967,0.590909090909091,0.727272727272727,0.454545454545455,8,5,6,3,"paired_perm_0416",1087
"GSE103940","LASSO",0.495867768595041,0.5,1,0,11,0,11,0,"paired_perm_0417",726
"GSE103940","ElasticNet",0.495867768595041,0.5,1,0,11,0,11,0,"paired_perm_0417",726
"GSE103940","RF",0.669421487603306,0.636363636363636,0.454545454545455,0.818181818181818,5,9,2,6,"paired_perm_0417",726
"GSE103940","SVM",0.388429752066116,0.454545454545455,0.545454545454545,0.363636363636364,6,4,7,5,"paired_perm_0417",726
"GSE103940","Ensemble",0.537190082644628,0.590909090909091,0.545454545454545,0.636363636363636,6,7,4,5,"paired_perm_0417",726
"GSE103940","LASSO",0.5,0.5,1,0,11,0,11,0,"paired_perm_0418",267
"GSE103940","ElasticNet",0.5,0.5,1,0,11,0,11,0,"paired_perm_0418",267
"GSE103940","RF",0.491735537190083,0.5,0.636363636363636,0.363636363636364,7,4,7,4,"paired_perm_0418",267
"GSE103940","SVM",0.512396694214876,0.5,0.636363636363636,0.363636363636364,7,4,7,4,"paired_perm_0418",267
"GSE103940","Ensemble",0.504132231404959,0.454545454545455,0.636363636363636,0.272727272727273,7,3,8,4,"paired_perm_0418",267
"GSE103940","LASSO",0.5,0.5,1,0,11,0,11,0,"paired_perm_0419",1226
"GSE103940","ElasticNet",0.5,0.5,1,0,11,0,11,0,"paired_perm_0419",1226
"GSE103940","RF",0.198347107438017,0.181818181818182,0.272727272727273,0.0909090909090909,3,1,10,8,"paired_perm_0419",1226
"GSE103940","SVM",0.305785123966942,0.409090909090909,0.363636363636364,0.454545454545455,4,5,6,7,"paired_perm_0419",1226
"GSE103940","Ensemble",0.223140495867769,0.227272727272727,0.181818181818182,0.272727272727273,2,3,8,9,"paired_perm_0419",1226
"GSE103940","LASSO",0.495867768595041,0.5,0.909090909090909,0.0909090909090909,10,1,10,1,"paired_perm_0420",1022
"GSE103940","ElasticNet",0.495867768595041,0.5,0.909090909090909,0.0909090909090909,10,1,10,1,"paired_perm_0420",1022
"GSE103940","RF",0.628099173553719,0.636363636363636,0.454545454545455,0.818181818181818,5,9,2,6,"paired_perm_0420",1022
"GSE103940","SVM",0.809917355371901,0.681818181818182,0.727272727272727,0.636363636363636,8,7,4,3,"paired_perm_0420",1022
"GSE103940","Ensemble",0.735537190082645,0.727272727272727,0.545454545454545,0.909090909090909,6,10,1,5,"paired_perm_0420",1022
"GSE103940","LASSO",0.5,0.5,1,0,11,0,11,0,"paired_perm_0421",463
"GSE103940","ElasticNet",0.5,0.5,1,0,11,0,11,0,"paired_perm_0421",463
"GSE103940","RF",0.508264462809917,0.5,0.545454545454545,0.454545454545455,6,5,6,5,"paired_perm_0421",463
"GSE103940","SVM",0.40495867768595,0.454545454545455,0.545454545454545,0.363636363636364,6,4,7,5,"paired_perm_0421",463
"GSE103940","Ensemble",0.462809917355372,0.454545454545455,0.636363636363636,0.272727272727273,7,3,8,4,"paired_perm_0421",463
"GSE103940","LASSO",0.495867768595041,0.5,0.909090909090909,0.0909090909090909,10,1,10,1,"paired_perm_0422",1099
"GSE103940","ElasticNet",0.495867768595041,0.5,0.909090909090909,0.0909090909090909,10,1,10,1,"paired_perm_0422",1099
"GSE103940","RF",0.355371900826446,0.454545454545455,0.454545454545455,0.454545454545455,5,5,6,6,"paired_perm_0422",1099
"GSE103940","SVM",0.31404958677686,0.409090909090909,0.363636363636364,0.454545454545455,4,5,6,7,"paired_perm_0422",1099
"GSE103940","Ensemble",0.338842975206612,0.363636363636364,0.363636363636364,0.363636363636364,4,4,7,7,"paired_perm_0422",1099
"GSE103940","LASSO",0.504132231404959,0.5,0.909090909090909,0.0909090909090909,10,1,10,1,"paired_perm_0423",402
"GSE103940","ElasticNet",0.454545454545455,0.454545454545455,0.727272727272727,0.181818181818182,8,2,9,3,"paired_perm_0423",402
"GSE103940","RF",0.702479338842975,0.590909090909091,0.545454545454545,0.636363636363636,6,7,4,5,"paired_perm_0423",402
"GSE103940","SVM",0.520661157024793,0.454545454545455,0.454545454545455,0.454545454545455,5,5,6,6,"paired_perm_0423",402
"GSE103940","Ensemble",0.628099173553719,0.590909090909091,0.636363636363636,0.545454545454545,7,6,5,4,"paired_perm_0423",402
"GSE103940","LASSO",0.508264462809917,0.5,0.818181818181818,0.181818181818182,9,2,9,2,"paired_perm_0424",176
"GSE103940","ElasticNet",0.615702479338843,0.636363636363636,0.909090909090909,0.363636363636364,10,4,7,1,"paired_perm_0424",176
"GSE103940","RF",0.739669421487603,0.590909090909091,0.545454545454545,0.636363636363636,6,7,4,5,"paired_perm_0424",176
"GSE103940","SVM",0.462809917355372,0.454545454545455,0.363636363636364,0.545454545454545,4,6,5,7,"paired_perm_0424",176
"GSE103940","Ensemble",0.611570247933884,0.681818181818182,0.636363636363636,0.727272727272727,7,8,3,4,"paired_perm_0424",176
"GSE103940","LASSO",0.384297520661157,0.409090909090909,0.636363636363636,0.181818181818182,7,2,9,4,"paired_perm_0425",1631
"GSE103940","ElasticNet",0.388429752066116,0.409090909090909,0.636363636363636,0.181818181818182,7,2,9,4,"paired_perm_0425",1631
"GSE103940","RF",0.764462809917355,0.681818181818182,0.636363636363636,0.727272727272727,7,8,3,4,"paired_perm_0425",1631
"GSE103940","SVM",0.545454545454545,0.636363636363636,0.545454545454545,0.727272727272727,6,8,3,5,"paired_perm_0425",1631
"GSE103940","Ensemble",0.636363636363636,0.727272727272727,0.636363636363636,0.818181818181818,7,9,2,4,"paired_perm_0425",1631
"GSE103940","LASSO",0.508264462809917,0.5,0.909090909090909,0.0909090909090909,10,1,10,1,"paired_perm_0426",1574
"GSE103940","ElasticNet",0.504132231404959,0.5,0.909090909090909,0.0909090909090909,10,1,10,1,"paired_perm_0426",1574
"GSE103940","RF",0.363636363636364,0.409090909090909,0.545454545454545,0.272727272727273,6,3,8,5,"paired_perm_0426",1574
"GSE103940","SVM",0.371900826446281,0.409090909090909,0.454545454545455,0.363636363636364,5,4,7,6,"paired_perm_0426",1574
"GSE103940","Ensemble",0.40495867768595,0.409090909090909,0.454545454545455,0.363636363636364,5,4,7,6,"paired_perm_0426",1574
"GSE103940","LASSO",0.5,0.5,1,0,11,0,11,0,"paired_perm_0427",727
"GSE103940","ElasticNet",0.5,0.5,1,0,11,0,11,0,"paired_perm_0427",727
"GSE103940","RF",0.479338842975207,0.454545454545455,0.363636363636364,0.545454545454545,4,6,5,7,"paired_perm_0427",727
"GSE103940","SVM",0.363636363636364,0.545454545454545,0.545454545454545,0.545454545454545,6,6,5,5,"paired_perm_0427",727
"GSE103940","Ensemble",0.413223140495868,0.454545454545455,0.454545454545455,0.454545454545455,5,5,6,6,"paired_perm_0427",727
"GSE103940","LASSO",0.5,0.5,1,0,11,0,11,0,"paired_perm_0428",1258
"GSE103940","ElasticNet",0.5,0.5,1,0,11,0,11,0,"paired_perm_0428",1258
"GSE103940","RF",0.223140495867769,0.227272727272727,0.363636363636364,0.0909090909090909,4,1,10,7,"paired_perm_0428",1258
"GSE103940","SVM",0.388429752066116,0.409090909090909,0.363636363636364,0.454545454545455,4,5,6,7,"paired_perm_0428",1258
"GSE103940","Ensemble",0.330578512396694,0.318181818181818,0.272727272727273,0.363636363636364,3,4,7,8,"paired_perm_0428",1258
"GSE103940","LASSO",0.413223140495868,0.454545454545455,0.909090909090909,0,10,0,11,1,"paired_perm_0429",1452
"GSE103940","ElasticNet",0.413223140495868,0.454545454545455,0.909090909090909,0,10,0,11,1,"paired_perm_0429",1452
"GSE103940","RF",0.479338842975207,0.454545454545455,0.454545454545455,0.454545454545455,5,5,6,6,"paired_perm_0429",1452
"GSE103940","SVM",0.669421487603306,0.636363636363636,0.818181818181818,0.454545454545455,9,5,6,2,"paired_perm_0429",1452
"GSE103940","Ensemble",0.59504132231405,0.454545454545455,0.636363636363636,0.272727272727273,7,3,8,4,"paired_perm_0429",1452
"GSE103940","LASSO",0.5,0.5,1,0,11,0,11,0,"paired_perm_0430",1834
"GSE103940","ElasticNet",0.5,0.5,1,0,11,0,11,0,"paired_perm_0430",1834
"GSE103940","RF",0.557851239669422,0.5,0.454545454545455,0.545454545454545,5,6,5,6,"paired_perm_0430",1834
"GSE103940","SVM",0.40495867768595,0.409090909090909,0.272727272727273,0.545454545454545,3,6,5,8,"paired_perm_0430",1834
"GSE103940","Ensemble",0.454545454545455,0.409090909090909,0.272727272727273,0.545454545454545,3,6,5,8,"paired_perm_0430",1834
"GSE103940","LASSO",0.62396694214876,0.590909090909091,0.818181818181818,0.363636363636364,9,4,7,2,"paired_perm_0431",556
"GSE103940","ElasticNet",0.566115702479339,0.545454545454545,0.818181818181818,0.272727272727273,9,3,8,2,"paired_perm_0431",556
"GSE103940","RF",0.388429752066116,0.363636363636364,0.363636363636364,0.363636363636364,4,4,7,7,"paired_perm_0431",556
"GSE103940","SVM",0.59504132231405,0.636363636363636,0.909090909090909,0.363636363636364,10,4,7,1,"paired_perm_0431",556
"GSE103940","Ensemble",0.504132231404959,0.454545454545455,0.636363636363636,0.272727272727273,7,3,8,4,"paired_perm_0431",556
"GSE103940","LASSO",0.541322314049587,0.5,0.818181818181818,0.181818181818182,9,2,9,2,"paired_perm_0432",1963
"GSE103940","ElasticNet",0.557851239669422,0.5,0.636363636363636,0.363636363636364,7,4,7,4,"paired_perm_0432",1963
"GSE103940","RF",0.636363636363636,0.590909090909091,0.636363636363636,0.545454545454545,7,6,5,4,"paired_perm_0432",1963
"GSE103940","SVM",0.322314049586777,0.363636363636364,0.363636363636364,0.363636363636364,4,4,7,7,"paired_perm_0432",1963
"GSE103940","Ensemble",0.619834710743802,0.590909090909091,0.636363636363636,0.545454545454545,7,6,5,4,"paired_perm_0432",1963
"GSE103940","LASSO",0.508264462809917,0.5,0.818181818181818,0.181818181818182,9,2,9,2,"paired_perm_0433",1993
"GSE103940","ElasticNet",0.495867768595041,0.5,0.818181818181818,0.181818181818182,9,2,9,2,"paired_perm_0433",1993
"GSE103940","RF",0.636363636363636,0.590909090909091,0.545454545454545,0.636363636363636,6,7,4,5,"paired_perm_0433",1993
"GSE103940","SVM",0.537190082644628,0.454545454545455,0.454545454545455,0.454545454545455,5,5,6,6,"paired_perm_0433",1993
"GSE103940","Ensemble",0.578512396694215,0.636363636363636,0.727272727272727,0.545454545454545,8,6,5,3,"paired_perm_0433",1993
"GSE103940","LASSO",0.5,0.5,1,0,11,0,11,0,"paired_perm_0434",1605
"GSE103940","ElasticNet",0.5,0.5,1,0,11,0,11,0,"paired_perm_0434",1605
"GSE103940","RF",0.504132231404959,0.636363636363636,0.727272727272727,0.545454545454545,8,6,5,3,"paired_perm_0434",1605
"GSE103940","SVM",0.553719008264463,0.636363636363636,0.636363636363636,0.636363636363636,7,7,4,4,"paired_perm_0434",1605
"GSE103940","Ensemble",0.512396694214876,0.545454545454545,0.636363636363636,0.454545454545455,7,5,6,4,"paired_perm_0434",1605
"GSE103940","LASSO",0.495867768595041,0.5,1,0,11,0,11,0,"paired_perm_0435",1623
"GSE103940","ElasticNet",0.495867768595041,0.5,1,0,11,0,11,0,"paired_perm_0435",1623
"GSE103940","RF",0.475206611570248,0.545454545454545,0.545454545454545,0.545454545454545,6,6,5,5,"paired_perm_0435",1623
"GSE103940","SVM",0.429752066115702,0.454545454545455,0.636363636363636,0.272727272727273,7,3,8,4,"paired_perm_0435",1623
"GSE103940","Ensemble",0.479338842975207,0.545454545454545,0.636363636363636,0.454545454545455,7,5,6,4,"paired_perm_0435",1623
"GSE103940","LASSO",0.413223140495868,0.454545454545455,0.909090909090909,0,10,0,11,1,"paired_perm_0436",1236
"GSE103940","ElasticNet",0.495867768595041,0.5,1,0,11,0,11,0,"paired_perm_0436",1236
"GSE103940","RF",0.388429752066116,0.454545454545455,0.545454545454545,0.363636363636364,6,4,7,5,"paired_perm_0436",1236
"GSE103940","SVM",0.43801652892562,0.409090909090909,0.545454545454545,0.272727272727273,6,3,8,5,"paired_perm_0436",1236
"GSE103940","Ensemble",0.462809917355372,0.409090909090909,0.545454545454545,0.272727272727273,6,3,8,5,"paired_perm_0436",1236
"GSE103940","LASSO",0.285123966942149,0.363636363636364,0.727272727272727,0,8,0,11,3,"paired_perm_0437",274
"GSE103940","ElasticNet",0.508264462809917,0.5,0.636363636363636,0.363636363636364,7,4,7,4,"paired_perm_0437",274
"GSE103940","RF",0.743801652892562,0.681818181818182,0.727272727272727,0.636363636363636,8,7,4,3,"paired_perm_0437",274
"GSE103940","SVM",0.545454545454545,0.409090909090909,0.454545454545455,0.363636363636364,5,4,7,6,"paired_perm_0437",274
"GSE103940","Ensemble",0.661157024793388,0.681818181818182,0.727272727272727,0.636363636363636,8,7,4,3,"paired_perm_0437",274
"GSE103940","LASSO",0.5,0.5,1,0,11,0,11,0,"paired_perm_0438",1654
"GSE103940","ElasticNet",0.5,0.5,1,0,11,0,11,0,"paired_perm_0438",1654
"GSE103940","RF",0.380165289256198,0.318181818181818,0.363636363636364,0.272727272727273,4,3,8,7,"paired_perm_0438",1654
"GSE103940","SVM",0.31404958677686,0.454545454545455,0.545454545454545,0.363636363636364,6,4,7,5,"paired_perm_0438",1654
"GSE103940","Ensemble",0.206611570247934,0.318181818181818,0.454545454545455,0.181818181818182,5,2,9,6,"paired_perm_0438",1654
"GSE103940","LASSO",0.747933884297521,0.681818181818182,0.818181818181818,0.545454545454545,9,6,5,2,"paired_perm_0439",1473
"GSE103940","ElasticNet",0.785123966942149,0.727272727272727,0.818181818181818,0.636363636363636,9,7,4,2,"paired_perm_0439",1473
"GSE103940","RF",0.582644628099174,0.5,0.545454545454545,0.454545454545455,6,5,6,5,"paired_perm_0439",1473
"GSE103940","SVM",0.743801652892562,0.681818181818182,0.727272727272727,0.636363636363636,8,7,4,3,"paired_perm_0439",1473
"GSE103940","Ensemble",0.801652892561983,0.772727272727273,0.818181818181818,0.727272727272727,9,8,3,2,"paired_perm_0439",1473
"GSE103940","LASSO",0.685950413223141,0.590909090909091,0.727272727272727,0.454545454545455,8,5,6,3,"paired_perm_0440",1180
"GSE103940","ElasticNet",0.652892561983471,0.545454545454545,0.545454545454545,0.545454545454545,6,6,5,5,"paired_perm_0440",1180
"GSE103940","RF",0.619834710743802,0.681818181818182,0.818181818181818,0.545454545454545,9,6,5,2,"paired_perm_0440",1180
"GSE103940","SVM",0.661157024793388,0.590909090909091,0.454545454545455,0.727272727272727,5,8,3,6,"paired_perm_0440",1180
"GSE103940","Ensemble",0.727272727272727,0.590909090909091,0.454545454545455,0.727272727272727,5,8,3,6,"paired_perm_0440",1180
"GSE103940","LASSO",0.413223140495868,0.454545454545455,0.909090909090909,0,10,0,11,1,"paired_perm_0441",1477
"GSE103940","ElasticNet",0.425619834710744,0.454545454545455,0.818181818181818,0.0909090909090909,9,1,10,2,"paired_perm_0441",1477
"GSE103940","RF",0.603305785123967,0.636363636363636,0.636363636363636,0.636363636363636,7,7,4,4,"paired_perm_0441",1477
"GSE103940","SVM",0.471074380165289,0.363636363636364,0.454545454545455,0.272727272727273,5,3,8,6,"paired_perm_0441",1477
"GSE103940","Ensemble",0.553719008264463,0.590909090909091,0.727272727272727,0.454545454545455,8,5,6,3,"paired_perm_0441",1477
"GSE103940","LASSO",0.495867768595041,0.5,0.909090909090909,0.0909090909090909,10,1,10,1,"paired_perm_0442",848
"GSE103940","ElasticNet",0.5,0.5,0.909090909090909,0.0909090909090909,10,1,10,1,"paired_perm_0442",848
"GSE103940","RF",0.566115702479339,0.5,0.454545454545455,0.545454545454545,5,6,5,6,"paired_perm_0442",848
"GSE103940","SVM",0.661157024793388,0.681818181818182,0.545454545454545,0.818181818181818,6,9,2,5,"paired_perm_0442",848
"GSE103940","Ensemble",0.603305785123967,0.545454545454545,0.454545454545455,0.636363636363636,5,7,4,6,"paired_perm_0442",848
"GSE103940","LASSO",0.5,0.5,1,0,11,0,11,0,"paired_perm_0443",255
"GSE103940","ElasticNet",0.5,0.5,1,0,11,0,11,0,"paired_perm_0443",255
"GSE103940","RF",0.615702479338843,0.590909090909091,0.454545454545455,0.727272727272727,5,8,3,6,"paired_perm_0443",255
"GSE103940","SVM",0.512396694214876,0.545454545454545,0.454545454545455,0.636363636363636,5,7,4,6,"paired_perm_0443",255
"GSE103940","Ensemble",0.56198347107438,0.545454545454545,0.454545454545455,0.636363636363636,5,7,4,6,"paired_perm_0443",255
"GSE103940","LASSO",0.413223140495868,0.454545454545455,0.909090909090909,0,10,0,11,1,"paired_perm_0444",1273
"GSE103940","ElasticNet",0.413223140495868,0.454545454545455,0.909090909090909,0,10,0,11,1,"paired_perm_0444",1273
"GSE103940","RF",0.504132231404959,0.545454545454545,0.454545454545455,0.636363636363636,5,7,4,6,"paired_perm_0444",1273
"GSE103940","SVM",0.413223140495868,0.409090909090909,0.363636363636364,0.454545454545455,4,5,6,7,"paired_perm_0444",1273
"GSE103940","Ensemble",0.479338842975207,0.545454545454545,0.454545454545455,0.636363636363636,5,7,4,6,"paired_perm_0444",1273
"GSE103940","LASSO",0.508264462809917,0.5,0.909090909090909,0.0909090909090909,10,1,10,1,"paired_perm_0445",889
"GSE103940","ElasticNet",0.508264462809917,0.5,0.909090909090909,0.0909090909090909,10,1,10,1,"paired_perm_0445",889
"GSE103940","RF",0.677685950413223,0.590909090909091,0.545454545454545,0.636363636363636,6,7,4,5,"paired_perm_0445",889
"GSE103940","SVM",0.553719008264463,0.5,0.636363636363636,0.363636363636364,7,4,7,4,"paired_perm_0445",889
"GSE103940","Ensemble",0.578512396694215,0.5,0.454545454545455,0.545454545454545,5,6,5,6,"paired_perm_0445",889
"GSE103940","LASSO",0.574380165289256,0.545454545454545,0.818181818181818,0.272727272727273,9,3,8,2,"paired_perm_0446",566
"GSE103940","ElasticNet",0.640495867768595,0.590909090909091,0.636363636363636,0.545454545454545,7,6,5,4,"paired_perm_0446",566
"GSE103940","RF",0.789256198347107,0.818181818181818,0.818181818181818,0.818181818181818,9,9,2,2,"paired_perm_0446",566
"GSE103940","SVM",0.644628099173554,0.590909090909091,0.818181818181818,0.363636363636364,9,4,7,2,"paired_perm_0446",566
"GSE103940","Ensemble",0.652892561983471,0.727272727272727,0.818181818181818,0.636363636363636,9,7,4,2,"paired_perm_0446",566
"GSE103940","LASSO",0.504132231404959,0.5,0.909090909090909,0.0909090909090909,10,1,10,1,"paired_perm_0447",1194
"GSE103940","ElasticNet",0.504132231404959,0.5,0.909090909090909,0.0909090909090909,10,1,10,1,"paired_perm_0447",1194
"GSE103940","RF",0.512396694214876,0.5,0.636363636363636,0.363636363636364,7,4,7,4,"paired_perm_0447",1194
"GSE103940","SVM",0.603305785123967,0.590909090909091,0.636363636363636,0.545454545454545,7,6,5,4,"paired_perm_0447",1194
"GSE103940","Ensemble",0.611570247933884,0.545454545454545,0.636363636363636,0.454545454545455,7,5,6,4,"paired_perm_0447",1194
"GSE103940","LASSO",0.338842975206612,0.409090909090909,0.727272727272727,0.0909090909090909,8,1,10,3,"paired_perm_0448",576
"GSE103940","ElasticNet",0.648760330578512,0.590909090909091,0.727272727272727,0.454545454545455,8,5,6,3,"paired_perm_0448",576
"GSE103940","RF",0.867768595041322,0.772727272727273,0.636363636363636,0.909090909090909,7,10,1,4,"paired_perm_0448",576
"GSE103940","SVM",0.619834710743802,0.590909090909091,0.636363636363636,0.545454545454545,7,6,5,4,"paired_perm_0448",576
"GSE103940","Ensemble",0.793388429752066,0.727272727272727,0.636363636363636,0.818181818181818,7,9,2,4,"paired_perm_0448",576
"GSE103940","LASSO",0.421487603305785,0.454545454545455,0.727272727272727,0.181818181818182,8,2,9,3,"paired_perm_0449",630
"GSE103940","ElasticNet",0.495867768595041,0.545454545454545,0.727272727272727,0.363636363636364,8,4,7,3,"paired_perm_0449",630
"GSE103940","RF",0.553719008264463,0.590909090909091,0.636363636363636,0.545454545454545,7,6,5,4,"paired_perm_0449",630
"GSE103940","SVM",0.59504132231405,0.545454545454545,0.545454545454545,0.545454545454545,6,6,5,5,"paired_perm_0449",630
"GSE103940","Ensemble",0.56198347107438,0.545454545454545,0.545454545454545,0.545454545454545,6,6,5,5,"paired_perm_0449",630
"GSE103940","LASSO",0.495867768595041,0.5,0.909090909090909,0.0909090909090909,10,1,10,1,"paired_perm_0450",977
"GSE103940","ElasticNet",0.495867768595041,0.5,0.909090909090909,0.0909090909090909,10,1,10,1,"paired_perm_0450",977
"GSE103940","RF",0.326446280991736,0.363636363636364,0.272727272727273,0.454545454545455,3,5,6,8,"paired_perm_0450",977
"GSE103940","SVM",0.421487603305785,0.409090909090909,0.545454545454545,0.272727272727273,6,3,8,5,"paired_perm_0450",977
"GSE103940","Ensemble",0.363636363636364,0.454545454545455,0.363636363636364,0.545454545454545,4,6,5,7,"paired_perm_0450",977
"GSE103940","LASSO",0.504132231404959,0.5,1,0,11,0,11,0,"paired_perm_0451",244
"GSE103940","ElasticNet",0.487603305785124,0.5,0.818181818181818,0.181818181818182,9,2,9,2,"paired_perm_0451",244
"GSE103940","RF",0.37603305785124,0.363636363636364,0.545454545454545,0.181818181818182,6,2,9,5,"paired_perm_0451",244
"GSE103940","SVM",0.446280991735537,0.363636363636364,0.545454545454545,0.181818181818182,6,2,9,5,"paired_perm_0451",244
"GSE103940","Ensemble",0.347107438016529,0.363636363636364,0.454545454545455,0.272727272727273,5,3,8,6,"paired_perm_0451",244
"GSE103940","LASSO",0.495867768595041,0.5,1,0,11,0,11,0,"paired_perm_0452",1926
"GSE103940","ElasticNet",0.495867768595041,0.5,1,0,11,0,11,0,"paired_perm_0452",1926
"GSE103940","RF",0.371900826446281,0.454545454545455,0.454545454545455,0.454545454545455,5,5,6,6,"paired_perm_0452",1926
"GSE103940","SVM",0.553719008264463,0.590909090909091,0.636363636363636,0.545454545454545,7,6,5,4,"paired_perm_0452",1926
"GSE103940","Ensemble",0.504132231404959,0.5,0.636363636363636,0.363636363636364,7,4,7,4,"paired_perm_0452",1926
"GSE103940","LASSO",0.652892561983471,0.636363636363636,0.818181818181818,0.454545454545455,9,5,6,2,"paired_perm_0453",1983
"GSE103940","ElasticNet",0.826446280991736,0.863636363636364,0.818181818181818,0.909090909090909,9,10,1,2,"paired_perm_0453",1983
"GSE103940","RF",0.851239669421488,0.863636363636364,0.909090909090909,0.818181818181818,10,9,2,1,"paired_perm_0453",1983
"GSE103940","SVM",0.611570247933884,0.772727272727273,0.818181818181818,0.727272727272727,9,8,3,2,"paired_perm_0453",1983
"GSE103940","Ensemble",0.743801652892562,0.772727272727273,0.818181818181818,0.727272727272727,9,8,3,2,"paired_perm_0453",1983
"GSE103940","LASSO",0.442148760330578,0.454545454545455,0.818181818181818,0.0909090909090909,9,1,10,2,"paired_perm_0454",562
"GSE103940","ElasticNet",0.512396694214876,0.5,0.636363636363636,0.363636363636364,7,4,7,4,"paired_perm_0454",562
"GSE103940","RF",0.809917355371901,0.681818181818182,0.727272727272727,0.636363636363636,8,7,4,3,"paired_perm_0454",562
"GSE103940","SVM",0.512396694214876,0.590909090909091,0.545454545454545,0.636363636363636,6,7,4,5,"paired_perm_0454",562
"GSE103940","Ensemble",0.570247933884298,0.590909090909091,0.545454545454545,0.636363636363636,6,7,4,5,"paired_perm_0454",562
"GSE103940","LASSO",0.5,0.5,1,0,11,0,11,0,"paired_perm_0455",139
"GSE103940","ElasticNet",0.5,0.5,1,0,11,0,11,0,"paired_perm_0455",139
"GSE103940","RF",0.409090909090909,0.409090909090909,0.363636363636364,0.454545454545455,4,5,6,7,"paired_perm_0455",139
"GSE103940","SVM",0.413223140495868,0.409090909090909,0.454545454545455,0.363636363636364,5,4,7,6,"paired_perm_0455",139
"GSE103940","Ensemble",0.347107438016529,0.318181818181818,0.272727272727273,0.363636363636364,3,4,7,8,"paired_perm_0455",139
"GSE103940","LASSO",0.5,0.5,0.909090909090909,0.0909090909090909,10,1,10,1,"paired_perm_0456",900
"GSE103940","ElasticNet",0.5,0.5,0.909090909090909,0.0909090909090909,10,1,10,1,"paired_perm_0456",900
"GSE103940","RF",0.466942148760331,0.5,0.636363636363636,0.363636363636364,7,4,7,4,"paired_perm_0456",900
"GSE103940","SVM",0.669421487603306,0.636363636363636,0.636363636363636,0.636363636363636,7,7,4,4,"paired_perm_0456",900
"GSE103940","Ensemble",0.56198347107438,0.545454545454545,0.545454545454545,0.545454545454545,6,6,5,5,"paired_perm_0456",900
"GSE103940","LASSO",0.495867768595041,0.5,1,0,11,0,11,0,"paired_perm_0457",1197
"GSE103940","ElasticNet",0.495867768595041,0.5,0.909090909090909,0.0909090909090909,10,1,10,1,"paired_perm_0457",1197
"GSE103940","RF",0.533057851239669,0.545454545454545,0.545454545454545,0.545454545454545,6,6,5,5,"paired_perm_0457",1197
"GSE103940","SVM",0.586776859504132,0.590909090909091,0.636363636363636,0.545454545454545,7,6,5,4,"paired_perm_0457",1197
"GSE103940","Ensemble",0.570247933884298,0.545454545454545,0.636363636363636,0.454545454545455,7,5,6,4,"paired_perm_0457",1197
"GSE103940","LASSO",0.5,0.5,1,0,11,0,11,0,"paired_perm_0458",805
"GSE103940","ElasticNet",0.495867768595041,0.5,0.909090909090909,0.0909090909090909,10,1,10,1,"paired_perm_0458",805
"GSE103940","RF",0.119834710743802,0.181818181818182,0.181818181818182,0.181818181818182,2,2,9,9,"paired_perm_0458",805
"GSE103940","SVM",0.297520661157025,0.318181818181818,0.454545454545455,0.181818181818182,5,2,9,6,"paired_perm_0458",805
"GSE103940","Ensemble",0.256198347107438,0.272727272727273,0.363636363636364,0.181818181818182,4,2,9,7,"paired_perm_0458",805
"GSE103940","LASSO",0.5,0.5,1,0,11,0,11,0,"paired_perm_0459",446
"GSE103940","ElasticNet",0.5,0.5,1,0,11,0,11,0,"paired_perm_0459",446
"GSE103940","RF",0.504132231404959,0.590909090909091,0.636363636363636,0.545454545454545,7,6,5,4,"paired_perm_0459",446
"GSE103940","SVM",0.487603305785124,0.5,0.636363636363636,0.363636363636364,7,4,7,4,"paired_perm_0459",446
"GSE103940","Ensemble",0.479338842975207,0.545454545454545,0.545454545454545,0.545454545454545,6,6,5,5,"paired_perm_0459",446
"GSE103940","LASSO",0.491735537190083,0.5,0.909090909090909,0.0909090909090909,10,1,10,1,"paired_perm_0460",534
"GSE103940","ElasticNet",0.458677685950413,0.454545454545455,0.636363636363636,0.272727272727273,7,3,8,4,"paired_perm_0460",534
"GSE103940","RF",0.768595041322314,0.818181818181818,0.818181818181818,0.818181818181818,9,9,2,2,"paired_perm_0460",534
"GSE103940","SVM",0.685950413223141,0.636363636363636,0.636363636363636,0.636363636363636,7,7,4,4,"paired_perm_0460",534
"GSE103940","Ensemble",0.743801652892562,0.772727272727273,0.727272727272727,0.818181818181818,8,9,2,3,"paired_perm_0460",534
"GSE103940","LASSO",0.570247933884298,0.545454545454545,0.727272727272727,0.363636363636364,8,4,7,3,"paired_perm_0461",1369
"GSE103940","ElasticNet",0.56198347107438,0.545454545454545,0.818181818181818,0.272727272727273,9,3,8,2,"paired_perm_0461",1369
"GSE103940","RF",0.665289256198347,0.636363636363636,0.636363636363636,0.636363636363636,7,7,4,4,"paired_perm_0461",1369
"GSE103940","SVM",0.677685950413223,0.545454545454545,0.454545454545455,0.636363636363636,5,7,4,6,"paired_perm_0461",1369
"GSE103940","Ensemble",0.661157024793388,0.636363636363636,0.545454545454545,0.727272727272727,6,8,3,5,"paired_perm_0461",1369
"GSE103940","LASSO",0.5,0.5,1,0,11,0,11,0,"paired_perm_0462",845
"GSE103940","ElasticNet",0.413223140495868,0.454545454545455,0.909090909090909,0,10,0,11,1,"paired_perm_0462",845
"GSE103940","RF",0.706611570247934,0.545454545454545,0.454545454545455,0.636363636363636,5,7,4,6,"paired_perm_0462",845
"GSE103940","SVM",0.330578512396694,0.363636363636364,0.636363636363636,0.0909090909090909,7,1,10,4,"paired_perm_0462",845
"GSE103940","Ensemble",0.429752066115702,0.454545454545455,0.636363636363636,0.272727272727273,7,3,8,4,"paired_perm_0462",845
"GSE103940","LASSO",0.495867768595041,0.5,0.909090909090909,0.0909090909090909,10,1,10,1,"paired_perm_0463",554
"GSE103940","ElasticNet",0.413223140495868,0.454545454545455,0.818181818181818,0.0909090909090909,9,1,10,2,"paired_perm_0463",554
"GSE103940","RF",0.520661157024793,0.545454545454545,0.545454545454545,0.545454545454545,6,6,5,5,"paired_perm_0463",554
"GSE103940","SVM",0.413223140495868,0.454545454545455,0.363636363636364,0.545454545454545,4,6,5,7,"paired_perm_0463",554
"GSE103940","Ensemble",0.43801652892562,0.5,0.363636363636364,0.636363636363636,4,7,4,7,"paired_perm_0463",554
"GSE103940","LASSO",0.5,0.5,1,0,11,0,11,0,"paired_perm_0464",1242
"GSE103940","ElasticNet",0.495867768595041,0.5,1,0,11,0,11,0,"paired_perm_0464",1242
"GSE103940","RF",0.239669421487603,0.272727272727273,0.363636363636364,0.181818181818182,4,2,9,7,"paired_perm_0464",1242
"GSE103940","SVM",0.297520661157025,0.318181818181818,0.181818181818182,0.454545454545455,2,5,6,9,"paired_perm_0464",1242
"GSE103940","Ensemble",0.28099173553719,0.272727272727273,0.181818181818182,0.363636363636364,2,4,7,9,"paired_perm_0464",1242
"GSE103940","LASSO",0.334710743801653,0.409090909090909,0.818181818181818,0,9,0,11,2,"paired_perm_0465",123
"GSE103940","ElasticNet",0.334710743801653,0.409090909090909,0.818181818181818,0,9,0,11,2,"paired_perm_0465",123
"GSE103940","RF",0.371900826446281,0.363636363636364,0.272727272727273,0.454545454545455,3,5,6,8,"paired_perm_0465",123
"GSE103940","SVM",0.43801652892562,0.545454545454545,0.636363636363636,0.454545454545455,7,5,6,4,"paired_perm_0465",123
"GSE103940","Ensemble",0.454545454545455,0.5,0.363636363636364,0.636363636363636,4,7,4,7,"paired_perm_0465",123
"GSE103940","LASSO",0.706611570247934,0.590909090909091,0.636363636363636,0.545454545454545,7,6,5,4,"paired_perm_0466",182
"GSE103940","ElasticNet",0.702479338842975,0.590909090909091,0.636363636363636,0.545454545454545,7,6,5,4,"paired_perm_0466",182
"GSE103940","RF",0.628099173553719,0.545454545454545,0.545454545454545,0.545454545454545,6,6,5,5,"paired_perm_0466",182
"GSE103940","SVM",0.487603305785124,0.409090909090909,0.272727272727273,0.545454545454545,3,6,5,8,"paired_perm_0466",182
"GSE103940","Ensemble",0.694214876033058,0.590909090909091,0.636363636363636,0.545454545454545,7,6,5,4,"paired_perm_0466",182
"GSE103940","LASSO",0.5,0.5,1,0,11,0,11,0,"paired_perm_0467",1925
"GSE103940","ElasticNet",0.5,0.5,1,0,11,0,11,0,"paired_perm_0467",1925
"GSE103940","RF",0.301652892561983,0.318181818181818,0.363636363636364,0.272727272727273,4,3,8,7,"paired_perm_0467",1925
"GSE103940","SVM",0.487603305785124,0.545454545454545,0.454545454545455,0.636363636363636,5,7,4,6,"paired_perm_0467",1925
"GSE103940","Ensemble",0.305785123966942,0.318181818181818,0.272727272727273,0.363636363636364,3,4,7,8,"paired_perm_0467",1925
"GSE103940","LASSO",0.409090909090909,0.454545454545455,0.909090909090909,0,10,0,11,1,"paired_perm_0468",1118
"GSE103940","ElasticNet",0.409090909090909,0.454545454545455,0.909090909090909,0,10,0,11,1,"paired_perm_0468",1118
"GSE103940","RF",0.359504132231405,0.363636363636364,0.272727272727273,0.454545454545455,3,5,6,8,"paired_perm_0468",1118
"GSE103940","SVM",0.330578512396694,0.318181818181818,0.363636363636364,0.272727272727273,4,3,8,7,"paired_perm_0468",1118
"GSE103940","Ensemble",0.330578512396694,0.318181818181818,0.363636363636364,0.272727272727273,4,3,8,7,"paired_perm_0468",1118
"GSE103940","LASSO",0.5,0.5,1,0,11,0,11,0,"paired_perm_0469",1336
"GSE103940","ElasticNet",0.5,0.5,1,0,11,0,11,0,"paired_perm_0469",1336
"GSE103940","RF",0.413223140495868,0.5,0.545454545454545,0.454545454545455,6,5,6,5,"paired_perm_0469",1336
"GSE103940","SVM",0.479338842975207,0.5,0.454545454545455,0.545454545454545,5,6,5,6,"paired_perm_0469",1336
"GSE103940","Ensemble",0.454545454545455,0.5,0.363636363636364,0.636363636363636,4,7,4,7,"paired_perm_0469",1336
"GSE103940","LASSO",0.5,0.5,1,0,11,0,11,0,"paired_perm_0470",1279
"GSE103940","ElasticNet",0.417355371900826,0.454545454545455,0.909090909090909,0,10,0,11,1,"paired_perm_0470",1279
"GSE103940","RF",0.760330578512397,0.772727272727273,0.727272727272727,0.818181818181818,8,9,2,3,"paired_perm_0470",1279
"GSE103940","SVM",0.380165289256198,0.363636363636364,0.272727272727273,0.454545454545455,3,5,6,8,"paired_perm_0470",1279
"GSE103940","Ensemble",0.661157024793388,0.772727272727273,0.727272727272727,0.818181818181818,8,9,2,3,"paired_perm_0470",1279
"GSE103940","LASSO",0.5,0.5,1,0,11,0,11,0,"paired_perm_0471",607
"GSE103940","ElasticNet",0.409090909090909,0.454545454545455,0.818181818181818,0.0909090909090909,9,1,10,2,"paired_perm_0471",607
"GSE103940","RF",0.760330578512397,0.727272727272727,0.727272727272727,0.727272727272727,8,8,3,3,"paired_perm_0471",607
"GSE103940","SVM",0.512396694214876,0.5,0.545454545454545,0.454545454545455,6,5,6,5,"paired_perm_0471",607
"GSE103940","Ensemble",0.611570247933884,0.636363636363636,0.636363636363636,0.636363636363636,7,7,4,4,"paired_perm_0471",607
"GSE103940","LASSO",0.5,0.5,1,0,11,0,11,0,"paired_perm_0472",1696
"GSE103940","ElasticNet",0.5,0.5,1,0,11,0,11,0,"paired_perm_0472",1696
"GSE103940","RF",0.56198347107438,0.545454545454545,0.636363636363636,0.454545454545455,7,5,6,4,"paired_perm_0472",1696
"GSE103940","SVM",0.818181818181818,0.772727272727273,0.727272727272727,0.818181818181818,8,9,2,3,"paired_perm_0472",1696
"GSE103940","Ensemble",0.644628099173554,0.454545454545455,0.545454545454545,0.363636363636364,6,4,7,5,"paired_perm_0472",1696
"GSE103940","LASSO",0.413223140495868,0.454545454545455,0.909090909090909,0,10,0,11,1,"paired_perm_0473",500
"GSE103940","ElasticNet",0.5,0.5,1,0,11,0,11,0,"paired_perm_0473",500
"GSE103940","RF",0.293388429752066,0.409090909090909,0.363636363636364,0.454545454545455,4,5,6,7,"paired_perm_0473",500
"GSE103940","SVM",0.429752066115702,0.5,0.545454545454545,0.454545454545455,6,5,6,5,"paired_perm_0473",500
"GSE103940","Ensemble",0.347107438016529,0.409090909090909,0.363636363636364,0.454545454545455,4,5,6,7,"paired_perm_0473",500
"GSE103940","LASSO",0.5,0.5,1,0,11,0,11,0,"paired_perm_0474",1621
"GSE103940","ElasticNet",0.413223140495868,0.454545454545455,0.909090909090909,0,10,0,11,1,"paired_perm_0474",1621
"GSE103940","RF",0.322314049586777,0.318181818181818,0.272727272727273,0.363636363636364,3,4,7,8,"paired_perm_0474",1621
"GSE103940","SVM",0.528925619834711,0.590909090909091,0.636363636363636,0.545454545454545,7,6,5,4,"paired_perm_0474",1621
"GSE103940","Ensemble",0.512396694214876,0.454545454545455,0.454545454545455,0.454545454545455,5,5,6,6,"paired_perm_0474",1621
"GSE103940","LASSO",0.747933884297521,0.681818181818182,0.818181818181818,0.545454545454545,9,6,5,2,"paired_perm_0475",130
"GSE103940","ElasticNet",0.87603305785124,0.818181818181818,0.818181818181818,0.818181818181818,9,9,2,2,"paired_perm_0475",130
"GSE103940","RF",0.90495867768595,0.909090909090909,1,0.818181818181818,11,9,2,0,"paired_perm_0475",130
"GSE103940","SVM",0.892561983471074,0.818181818181818,0.818181818181818,0.818181818181818,9,9,2,2,"paired_perm_0475",130
"GSE103940","Ensemble",0.884297520661157,0.863636363636364,0.909090909090909,0.818181818181818,10,9,2,1,"paired_perm_0475",130
"GSE103940","LASSO",0.5,0.5,1,0,11,0,11,0,"paired_perm_0476",527
"GSE103940","ElasticNet",0.413223140495868,0.454545454545455,0.909090909090909,0,10,0,11,1,"paired_perm_0476",527
"GSE103940","RF",0.31404958677686,0.454545454545455,0.272727272727273,0.636363636363636,3,7,4,8,"paired_perm_0476",527
"GSE103940","SVM",0.471074380165289,0.409090909090909,0.454545454545455,0.363636363636364,5,4,7,6,"paired_perm_0476",527
"GSE103940","Ensemble",0.446280991735537,0.318181818181818,0.363636363636364,0.272727272727273,4,3,8,7,"paired_perm_0476",527
"GSE103940","LASSO",0.334710743801653,0.409090909090909,0.818181818181818,0,9,0,11,2,"paired_perm_0477",517
"GSE103940","ElasticNet",0.40495867768595,0.454545454545455,0.818181818181818,0.0909090909090909,9,1,10,2,"paired_perm_0477",517
"GSE103940","RF",0.636363636363636,0.636363636363636,0.545454545454545,0.727272727272727,6,8,3,5,"paired_perm_0477",517
"GSE103940","SVM",0.487603305785124,0.409090909090909,0.454545454545455,0.363636363636364,5,4,7,6,"paired_perm_0477",517
"GSE103940","Ensemble",0.578512396694215,0.636363636363636,0.545454545454545,0.727272727272727,6,8,3,5,"paired_perm_0477",517
"GSE103940","LASSO",0.5,0.5,1,0,11,0,11,0,"paired_perm_0478",243
"GSE103940","ElasticNet",0.5,0.5,1,0,11,0,11,0,"paired_perm_0478",243
"GSE103940","RF",0.0991735537190083,0.0909090909090909,0.0909090909090909,0.0909090909090909,1,1,10,10,"paired_perm_0478",243
"GSE103940","SVM",0.537190082644628,0.545454545454545,0.545454545454545,0.545454545454545,6,6,5,5,"paired_perm_0478",243
"GSE103940","Ensemble",0.330578512396694,0.363636363636364,0.363636363636364,0.363636363636364,4,4,7,7,"paired_perm_0478",243
"GSE103940","LASSO",0.491735537190083,0.5,0.909090909090909,0.0909090909090909,10,1,10,1,"paired_perm_0479",1438
"GSE103940","ElasticNet",0.566115702479339,0.545454545454545,0.818181818181818,0.272727272727273,9,3,8,2,"paired_perm_0479",1438
"GSE103940","RF",0.760330578512397,0.772727272727273,0.818181818181818,0.727272727272727,9,8,3,2,"paired_perm_0479",1438
"GSE103940","SVM",0.768595041322314,0.818181818181818,0.818181818181818,0.818181818181818,9,9,2,2,"paired_perm_0479",1438
"GSE103940","Ensemble",0.752066115702479,0.727272727272727,0.727272727272727,0.727272727272727,8,8,3,3,"paired_perm_0479",1438
"GSE103940","LASSO",0.5,0.5,1,0,11,0,11,0,"paired_perm_0480",39
"GSE103940","ElasticNet",0.495867768595041,0.5,0.909090909090909,0.0909090909090909,10,1,10,1,"paired_perm_0480",39
"GSE103940","RF",0.227272727272727,0.363636363636364,0.363636363636364,0.363636363636364,4,4,7,7,"paired_perm_0480",39
"GSE103940","SVM",0.330578512396694,0.409090909090909,0.636363636363636,0.181818181818182,7,2,9,4,"paired_perm_0480",39
"GSE103940","Ensemble",0.28099173553719,0.227272727272727,0.272727272727273,0.181818181818182,3,2,9,8,"paired_perm_0480",39
"GSE103940","LASSO",0.5,0.5,0.909090909090909,0.0909090909090909,10,1,10,1,"paired_perm_0481",1216
"GSE103940","ElasticNet",0.425619834710744,0.454545454545455,0.818181818181818,0.0909090909090909,9,1,10,2,"paired_perm_0481",1216
"GSE103940","RF",0.681818181818182,0.681818181818182,0.636363636363636,0.727272727272727,7,8,3,4,"paired_perm_0481",1216
"GSE103940","SVM",0.504132231404959,0.454545454545455,0.454545454545455,0.454545454545455,5,5,6,6,"paired_perm_0481",1216
"GSE103940","Ensemble",0.578512396694215,0.590909090909091,0.545454545454545,0.636363636363636,6,7,4,5,"paired_perm_0481",1216
"GSE103940","LASSO",0.5,0.5,1,0,11,0,11,0,"paired_perm_0482",1080
"GSE103940","ElasticNet",0.5,0.5,1,0,11,0,11,0,"paired_perm_0482",1080
"GSE103940","RF",0.409090909090909,0.454545454545455,0.545454545454545,0.363636363636364,6,4,7,5,"paired_perm_0482",1080
"GSE103940","SVM",0.272727272727273,0.272727272727273,0.272727272727273,0.272727272727273,3,3,8,8,"paired_perm_0482",1080
"GSE103940","Ensemble",0.289256198347107,0.272727272727273,0.181818181818182,0.363636363636364,2,4,7,9,"paired_perm_0482",1080
"GSE103940","LASSO",0.5,0.5,1,0,11,0,11,0,"paired_perm_0483",573
"GSE103940","ElasticNet",0.417355371900826,0.454545454545455,0.818181818181818,0.0909090909090909,9,1,10,2,"paired_perm_0483",573
"GSE103940","RF",0.537190082644628,0.545454545454545,0.454545454545455,0.636363636363636,5,7,4,6,"paired_perm_0483",573
"GSE103940","SVM",0.578512396694215,0.545454545454545,0.727272727272727,0.363636363636364,8,4,7,3,"paired_perm_0483",573
"GSE103940","Ensemble",0.553719008264463,0.454545454545455,0.545454545454545,0.363636363636364,6,4,7,5,"paired_perm_0483",573
"GSE103940","LASSO",0.495867768595041,0.5,0.909090909090909,0.0909090909090909,10,1,10,1,"paired_perm_0484",1172
"GSE103940","ElasticNet",0.483471074380165,0.5,0.818181818181818,0.181818181818182,9,2,9,2,"paired_perm_0484",1172
"GSE103940","RF",0.520661157024793,0.5,0.545454545454545,0.454545454545455,6,5,6,5,"paired_perm_0484",1172
"GSE103940","SVM",0.462809917355372,0.5,0.454545454545455,0.545454545454545,5,6,5,6,"paired_perm_0484",1172
"GSE103940","Ensemble",0.520661157024793,0.590909090909091,0.545454545454545,0.636363636363636,6,7,4,5,"paired_perm_0484",1172
"GSE103940","LASSO",0.409090909090909,0.454545454545455,0.909090909090909,0,10,0,11,1,"paired_perm_0485",1048
"GSE103940","ElasticNet",0.409090909090909,0.454545454545455,0.909090909090909,0,10,0,11,1,"paired_perm_0485",1048
"GSE103940","RF",0.471074380165289,0.454545454545455,0.545454545454545,0.363636363636364,6,4,7,5,"paired_perm_0485",1048
"GSE103940","SVM",0.520661157024793,0.5,0.454545454545455,0.545454545454545,5,6,5,6,"paired_perm_0485",1048
"GSE103940","Ensemble",0.446280991735537,0.545454545454545,0.636363636363636,0.454545454545455,7,5,6,4,"paired_perm_0485",1048
"GSE103940","LASSO",0.5,0.5,1,0,11,0,11,0,"paired_perm_0486",1841
"GSE103940","ElasticNet",0.5,0.5,1,0,11,0,11,0,"paired_perm_0486",1841
"GSE103940","RF",0.285123966942149,0.272727272727273,0.363636363636364,0.181818181818182,4,2,9,7,"paired_perm_0486",1841
"GSE103940","SVM",0.43801652892562,0.454545454545455,0.454545454545455,0.454545454545455,5,5,6,6,"paired_perm_0486",1841
"GSE103940","Ensemble",0.305785123966942,0.363636363636364,0.454545454545455,0.272727272727273,5,3,8,6,"paired_perm_0486",1841
"GSE103940","LASSO",0.495867768595041,0.5,1,0,11,0,11,0,"paired_perm_0487",1293
"GSE103940","ElasticNet",0.495867768595041,0.5,1,0,11,0,11,0,"paired_perm_0487",1293
"GSE103940","RF",0.533057851239669,0.590909090909091,0.545454545454545,0.636363636363636,6,7,4,5,"paired_perm_0487",1293
"GSE103940","SVM",0.454545454545455,0.454545454545455,0.545454545454545,0.363636363636364,6,4,7,5,"paired_perm_0487",1293
"GSE103940","Ensemble",0.462809917355372,0.454545454545455,0.454545454545455,0.454545454545455,5,5,6,6,"paired_perm_0487",1293
"GSE103940","LASSO",0.5,0.5,1,0,11,0,11,0,"paired_perm_0488",487
"GSE103940","ElasticNet",0.5,0.5,1,0,11,0,11,0,"paired_perm_0488",487
"GSE103940","RF",0.351239669421488,0.318181818181818,0.545454545454545,0.0909090909090909,6,1,10,5,"paired_perm_0488",487
"GSE103940","SVM",0.297520661157025,0.318181818181818,0.272727272727273,0.363636363636364,3,4,7,8,"paired_perm_0488",487
"GSE103940","Ensemble",0.198347107438017,0.318181818181818,0.363636363636364,0.272727272727273,4,3,8,7,"paired_perm_0488",487
"GSE103940","LASSO",0.495867768595041,0.5,0.909090909090909,0.0909090909090909,10,1,10,1,"paired_perm_0489",85
"GSE103940","ElasticNet",0.417355371900826,0.454545454545455,0.818181818181818,0.0909090909090909,9,1,10,2,"paired_perm_0489",85
"GSE103940","RF",0.516528925619835,0.363636363636364,0.363636363636364,0.363636363636364,4,4,7,7,"paired_perm_0489",85
"GSE103940","SVM",0.363636363636364,0.409090909090909,0.363636363636364,0.454545454545455,4,5,6,7,"paired_perm_0489",85
"GSE103940","Ensemble",0.429752066115702,0.409090909090909,0.454545454545455,0.363636363636364,5,4,7,6,"paired_perm_0489",85
"GSE103940","LASSO",0.409090909090909,0.454545454545455,0.909090909090909,0,10,0,11,1,"paired_perm_0490",858
"GSE103940","ElasticNet",0.409090909090909,0.454545454545455,0.909090909090909,0,10,0,11,1,"paired_perm_0490",858
"GSE103940","RF",0.508264462809917,0.545454545454545,0.363636363636364,0.727272727272727,4,8,3,7,"paired_perm_0490",858
"GSE103940","SVM",0.380165289256198,0.363636363636364,0.181818181818182,0.545454545454545,2,6,5,9,"paired_perm_0490",858
"GSE103940","Ensemble",0.429752066115702,0.5,0.363636363636364,0.636363636363636,4,7,4,7,"paired_perm_0490",858
"GSE103940","LASSO",0.5,0.5,1,0,11,0,11,0,"paired_perm_0491",696
"GSE103940","ElasticNet",0.5,0.5,1,0,11,0,11,0,"paired_perm_0491",696
"GSE103940","RF",0.392561983471074,0.545454545454545,0.454545454545455,0.636363636363636,5,7,4,6,"paired_perm_0491",696
"GSE103940","SVM",0.206611570247934,0.227272727272727,0.181818181818182,0.272727272727273,2,3,8,9,"paired_perm_0491",696
"GSE103940","Ensemble",0.31404958677686,0.409090909090909,0.181818181818182,0.636363636363636,2,7,4,9,"paired_perm_0491",696
"GSE103940","LASSO",0.5,0.5,1,0,11,0,11,0,"paired_perm_0492",1825
"GSE103940","ElasticNet",0.413223140495868,0.454545454545455,0.909090909090909,0,10,0,11,1,"paired_perm_0492",1825
"GSE103940","RF",0.367768595041322,0.363636363636364,0.454545454545455,0.272727272727273,5,3,8,6,"paired_perm_0492",1825
"GSE103940","SVM",0.56198347107438,0.590909090909091,0.636363636363636,0.545454545454545,7,6,5,4,"paired_perm_0492",1825
"GSE103940","Ensemble",0.495867768595041,0.454545454545455,0.545454545454545,0.363636363636364,6,4,7,5,"paired_perm_0492",1825
"GSE103940","LASSO",0.5,0.5,0.818181818181818,0.181818181818182,9,2,9,2,"paired_perm_0493",1765
"GSE103940","ElasticNet",0.409090909090909,0.454545454545455,0.909090909090909,0,10,0,11,1,"paired_perm_0493",1765
"GSE103940","RF",0.62396694214876,0.545454545454545,0.545454545454545,0.545454545454545,6,6,5,5,"paired_perm_0493",1765
"GSE103940","SVM",0.512396694214876,0.454545454545455,0.545454545454545,0.363636363636364,6,4,7,5,"paired_perm_0493",1765
"GSE103940","Ensemble",0.661157024793388,0.590909090909091,0.636363636363636,0.545454545454545,7,6,5,4,"paired_perm_0493",1765
"GSE103940","LASSO",0.413223140495868,0.454545454545455,0.909090909090909,0,10,0,11,1,"paired_perm_0494",1307
"GSE103940","ElasticNet",0.483471074380165,0.5,1,0,11,0,11,0,"paired_perm_0494",1307
"GSE103940","RF",0.512396694214876,0.590909090909091,0.636363636363636,0.545454545454545,7,6,5,4,"paired_perm_0494",1307
"GSE103940","SVM",0.570247933884298,0.454545454545455,0.363636363636364,0.545454545454545,4,6,5,7,"paired_perm_0494",1307
"GSE103940","Ensemble",0.578512396694215,0.590909090909091,0.545454545454545,0.636363636363636,6,7,4,5,"paired_perm_0494",1307
"GSE103940","LASSO",0.5,0.5,1,0,11,0,11,0,"paired_perm_0495",1342
"GSE103940","ElasticNet",0.5,0.5,1,0,11,0,11,0,"paired_perm_0495",1342
"GSE103940","RF",0.611570247933884,0.727272727272727,0.818181818181818,0.636363636363636,9,7,4,2,"paired_perm_0495",1342
"GSE103940","SVM",0.43801652892562,0.409090909090909,0.272727272727273,0.545454545454545,3,6,5,8,"paired_perm_0495",1342
"GSE103940","Ensemble",0.59504132231405,0.545454545454545,0.545454545454545,0.545454545454545,6,6,5,5,"paired_perm_0495",1342
"GSE103940","LASSO",0.5,0.5,1,0,11,0,11,0,"paired_perm_0496",1265
"GSE103940","ElasticNet",0.413223140495868,0.454545454545455,0.909090909090909,0,10,0,11,1,"paired_perm_0496",1265
"GSE103940","RF",0.297520661157025,0.409090909090909,0.363636363636364,0.454545454545455,4,5,6,7,"paired_perm_0496",1265
"GSE103940","SVM",0.289256198347107,0.272727272727273,0.272727272727273,0.272727272727273,3,3,8,8,"paired_perm_0496",1265
"GSE103940","Ensemble",0.231404958677686,0.318181818181818,0.363636363636364,0.272727272727273,4,3,8,7,"paired_perm_0496",1265
"GSE103940","LASSO",0.504132231404959,0.5,1,0,11,0,11,0,"paired_perm_0497",1029
"GSE103940","ElasticNet",0.504132231404959,0.5,1,0,11,0,11,0,"paired_perm_0497",1029
"GSE103940","RF",0.429752066115702,0.545454545454545,0.636363636363636,0.454545454545455,7,5,6,4,"paired_perm_0497",1029
"GSE103940","SVM",0.768595041322314,0.772727272727273,0.818181818181818,0.727272727272727,9,8,3,2,"paired_perm_0497",1029
"GSE103940","Ensemble",0.669421487603306,0.545454545454545,0.545454545454545,0.545454545454545,6,6,5,5,"paired_perm_0497",1029
"GSE103940","LASSO",0.5,0.5,1,0,11,0,11,0,"paired_perm_0498",1031
"GSE103940","ElasticNet",0.5,0.5,1,0,11,0,11,0,"paired_perm_0498",1031
"GSE103940","RF",0.247933884297521,0.318181818181818,0.272727272727273,0.363636363636364,3,4,7,8,"paired_perm_0498",1031
"GSE103940","SVM",0.396694214876033,0.409090909090909,0.454545454545455,0.363636363636364,5,4,7,6,"paired_perm_0498",1031
"GSE103940","Ensemble",0.338842975206612,0.318181818181818,0.363636363636364,0.272727272727273,4,3,8,7,"paired_perm_0498",1031
"GSE103940","LASSO",0.5,0.5,1,0,11,0,11,0,"paired_perm_0499",972
"GSE103940","ElasticNet",0.5,0.5,1,0,11,0,11,0,"paired_perm_0499",972
"GSE103940","RF",0.40495867768595,0.5,0.454545454545455,0.545454545454545,5,6,5,6,"paired_perm_0499",972
"GSE103940","SVM",0.239669421487603,0.363636363636364,0.272727272727273,0.454545454545455,3,5,6,8,"paired_perm_0499",972
"GSE103940","Ensemble",0.239669421487603,0.318181818181818,0.272727272727273,0.363636363636364,3,4,7,8,"paired_perm_0499",972
