"gene","module","kME","kTotal","kWithin","kOut","kWithin_90th_percentile","gene_interaction_logFC","gene_interaction_t","gene_interaction_P","gene_interaction_FDR","GS_abs_t","module_interaction_FDR_significant","hub_abs_kME_ge_0_80","hub_kWithin_top10pct","hub_gene_interaction_FDR_lt_0_05","hub_gene"
"AAMP","turquoise",0.978994736185527,1357.35229450169,1357.31639575859,0.0358987430993238,1322.87384937954,-0.351035188149783,-0.673664954437013,0.50052888507099,0.675272681317988,0.673664954437013,FALSE,TRUE,TRUE,FALSE,FALSE
"ABCA2","turquoise",0.924506722948793,684.840462527734,684.658965330447,0.181497197287058,1322.87384937954,-0.315047419525554,-0.604601511998911,0.545447799671386,0.678881489492331,0.604601511998911,FALSE,TRUE,FALSE,FALSE,FALSE
"ABR","turquoise",0.954008931879016,1027.53612417192,1027.35629541017,0.179828761754607,1322.87384937954,-0.457765607681638,-0.878489273018692,0.379684408090155,0.675160084824232,0.878489273018692,FALSE,TRUE,FALSE,FALSE,FALSE
"ACAA1","turquoise",0.946715936869419,821.455201523366,821.317121673667,0.138079849699579,1322.87384937954,-0.485857870482873,-0.932400600369589,0.35113609530366,0.675160084824232,0.932400600369589,FALSE,TRUE,FALSE,FALSE,FALSE
"ACADVL","turquoise",0.906537544661272,524.661595674882,524.441978755021,0.219616919860869,1322.87384937954,-0.310757049984651,-0.596367945396873,0.550933383780666,0.681096310354657,0.596367945396873,FALSE,TRUE,FALSE,FALSE,FALSE
"ACLY","turquoise",0.952827468967426,1029.40280575078,1029.20749340542,0.19531234536089,1322.87384937954,-0.464608230955362,-0.891620821226776,0.372602458484725,0.675160084824232,0.891620821226776,FALSE,TRUE,FALSE,FALSE,FALSE
"ACO2","turquoise",0.832170663804584,214.577633893478,212.561749808458,2.01588408502073,1322.87384937954,-0.339271209841608,-0.651088927364785,0.514993443919518,0.675623884585818,0.651088927364785,FALSE,TRUE,FALSE,FALSE,FALSE
"ACTB","turquoise",0.970923300452223,1214.07576527739,1214.04539754097,0.0303677364254327,1322.87384937954,-0.724128526180619,-1.38966128486202,0.164640772757222,0.675160084824232,1.38966128486202,FALSE,TRUE,FALSE,FALSE,FALSE
"ACTG1","turquoise",0.983861569460971,1410.85187289341,1410.82612191579,0.0257509776149618,1322.87384937954,-0.618971802420521,-1.18785701591117,0.234897969261073,0.675160084824232,1.18785701591117,FALSE,TRUE,TRUE,FALSE,FALSE
"ACTN4","turquoise",0.949924159729627,898.52923627251,898.454489288969,0.0747469835408765,1322.87384937954,-0.548547252744847,-1.05270660179295,0.2924828952437,0.675160084824232,1.05270660179295,FALSE,TRUE,FALSE,FALSE,FALSE
"ADA","turquoise",0.926698379542107,701.26305395129,701.257321139649,0.00573281164110995,1322.87384937954,-0.109792027996066,-0.210699793167055,0.833122787194303,0.862482170957366,0.210699793167055,FALSE,TRUE,FALSE,FALSE,FALSE
"ADAM8","turquoise",0.940412450908271,731.398456740419,731.372668937237,0.0257878031820837,1322.87384937954,-0.438410693199934,-0.841345624681973,0.400160201268468,0.675160084824232,0.841345624681973,FALSE,TRUE,FALSE,FALSE,FALSE
"ADAR","turquoise",0.932499397591968,790.571694620167,790.460424005889,0.111270614278965,1322.87384937954,-0.411215397893541,-0.789155650594062,0.430026491982059,0.675160084824232,0.789155650594062,FALSE,TRUE,FALSE,FALSE,FALSE
"ADCY7","turquoise",0.960295175882276,1080.32391658852,1080.17966462475,0.144251963773513,1322.87384937954,-0.361263590553436,-0.693294086990758,0.488129705836307,0.675160084824232,0.693294086990758,FALSE,TRUE,FALSE,FALSE,FALSE
"ADD1","turquoise",0.72909071447905,66.8194849537284,63.855410126355,2.96407482737333,1322.87384937954,-0.509336867102496,-0.977458696315333,0.328349007730734,0.675160084824232,0.977458696315333,FALSE,FALSE,FALSE,FALSE,FALSE
"ADD3","turquoise",0.967496078948154,1159.41177210154,1159.29522959339,0.116542508156726,1322.87384937954,-0.774408288966001,-1.48615222152409,0.137248049837722,0.675160084824232,1.48615222152409,FALSE,TRUE,FALSE,FALSE,FALSE
"ADM","turquoise",0.599881180858554,8.61277681943253,8.61142244941214,0.00135437002039041,1322.87384937954,-0.309868140341374,-0.594662055803601,0.552073311326205,0.681096310354657,0.594662055803601,FALSE,FALSE,FALSE,FALSE,FALSE
"ADORA2A","turquoise",0.944758170053318,810.514932542781,810.50863558972,0.00629695306054145,1322.87384937954,-0.412387333418131,-0.791404689774256,0.428713344723216,0.675160084824232,0.791404689774256,FALSE,TRUE,FALSE,FALSE,FALSE
"PARP1","turquoise",0.960566736480993,1083.69964125325,1083.6189770176,0.0806642356405973,1322.87384937954,-0.563014514722733,-1.08047044915119,0.279940333344842,0.675160084824232,1.08047044915119,FALSE,TRUE,FALSE,FALSE,FALSE
"PARP4","turquoise",0.951310937055161,994.640282731915,994.333698666203,0.306584065712286,1322.87384937954,-0.607650647128403,-1.16613080206851,0.243569670109366,0.675160084824232,1.16613080206851,FALSE,TRUE,FALSE,FALSE,FALSE
"ADRB2","turquoise",0.934839224034344,767.326146344242,767.292519567167,0.0336267770751419,1322.87384937954,-0.0581676771612366,-0.111628483147425,0.911118639828652,0.928215640433513,0.111628483147425,FALSE,TRUE,FALSE,FALSE,FALSE
"GRK2","turquoise",0.981550815625214,1344.0033342966,1343.99278405358,0.0105502430212709,1322.87384937954,-0.581887245699312,-1.11668874829222,0.264135249983129,0.675160084824232,1.11668874829222,FALSE,TRUE,TRUE,FALSE,FALSE
"AP1B1","turquoise",0.921374185620987,675.325951529229,674.955101345379,0.370850183849939,1322.87384937954,-0.489452840264861,-0.93929963851773,0.347583536187812,0.675160084824232,0.93929963851773,FALSE,TRUE,FALSE,FALSE,FALSE
"AP2B1","brown",0.906296293815382,30.674526181773,4.9387367030396,25.7357894787334,7.78987287898542,-0.365520174536536,-0.701462816371268,0.483018989429884,0.675160084824232,0.701462816371268,FALSE,TRUE,FALSE,FALSE,FALSE
"AP1G1","turquoise",0.98160877875743,1387.18237909334,1387.10431535352,0.0780637398215731,1322.87384937954,-0.359341888945624,-0.689606185977495,0.490446539801594,0.675160084824232,0.689606185977495,FALSE,TRUE,TRUE,FALSE,FALSE
"TLE5","turquoise",0.921504227728488,706.666627208094,706.666406950381,0.000220257712385319,1322.87384937954,-0.49714927941915,-0.954069728546394,0.340055069020354,0.675160084824232,0.954069728546394,FALSE,TRUE,FALSE,FALSE,FALSE
"AGER","turquoise",0.827012748811154,186.913247942507,186.910297990585,0.0029499519214653,1322.87384937954,-0.201196217290161,-0.386111834736759,0.699416239348952,0.757414001599095,0.386111834736759,FALSE,TRUE,FALSE,FALSE,FALSE
"AHCY","turquoise",0.937801862815359,799.618369845308,799.576683628835,0.0416862164724989,1322.87384937954,-0.342734562307936,-0.657735381225223,0.510712595455632,0.675272681317988,0.657735381225223,FALSE,TRUE,FALSE,FALSE,FALSE
"AIF1","turquoise",0.884809539108997,341.188802372068,341.18795160757,0.000850764498181888,1322.87384937954,-0.229609357168839,-0.440638951185309,0.659477175355647,0.730479677031608,0.440638951185309,FALSE,TRUE,FALSE,FALSE,FALSE
"AK2","turquoise",0.98295632947142,1388.86186371603,1388.81180453303,0.0500591830061694,1322.87384937954,-0.570039492411753,-1.09395195025009,0.273983732108967,0.675160084824232,1.09395195025009,FALSE,TRUE,TRUE,FALSE,FALSE
"AKT1","turquoise",0.979165495074023,1305.77660385232,1305.75256208258,0.0240417697466455,1322.87384937954,-0.627687405140218,-1.20458296335821,0.228372645481765,0.675160084824232,1.20458296335821,FALSE,TRUE,FALSE,FALSE,FALSE
"ALAS2","blue",0.942333509841054,14.1296353200949,14.1181829283943,0.01145239170061,19.5381539006617,0.0535209350835614,0.102656686593346,0.918237182090512,0.934579799237353,0.102656686593346,FALSE,TRUE,FALSE,FALSE,FALSE
"ABCD1","turquoise",0.908364768075217,569.915784597369,569.912596699378,0.00318789799052865,1322.87384937954,-0.351653006008172,-0.674850596940876,0.499775237730532,0.675272681317988,0.674850596940876,FALSE,TRUE,FALSE,FALSE,FALSE
"ALDH1A1","turquoise",0.92756960964639,647.087505266434,647.041558401303,0.0459468651309862,1322.87384937954,-0.57622263722539,-1.10581790588579,0.268813096471691,0.675160084824232,1.10581790588579,FALSE,TRUE,FALSE,FALSE,FALSE
"ALDH3B1","turquoise",0.861614963783424,305.002013033433,304.995892693724,0.00612033970850234,1322.87384937954,-0.755702384501813,-1.45025407597068,0.146996821029398,0.675160084824232,1.45025407597068,FALSE,TRUE,FALSE,FALSE,FALSE
"ALDH9A1","turquoise",0.950797538226443,932.997179176194,932.976707561795,0.0204716143996393,1322.87384937954,-0.439986053277168,-0.844368868249792,0.398469200217935,0.675160084824232,0.844368868249792,FALSE,TRUE,FALSE,FALSE,FALSE
"ALDOA","turquoise",0.949660658453207,901.863137487546,901.852968482265,0.0101690052815684,1322.87384937954,-0.667494118677649,-1.28097527035975,0.200211010171871,0.675160084824232,1.28097527035975,FALSE,TRUE,FALSE,FALSE,FALSE
"ALDOC","turquoise",0.921622651765289,541.587033956443,541.488686123738,0.0983478327051444,1322.87384937954,-0.432182597382464,-0.829393404429584,0.406887602253409,0.675160084824232,0.829393404429584,FALSE,TRUE,FALSE,FALSE,FALSE
"AKR1B1","turquoise",0.921556904526297,698.605922138724,698.605466309639,0.000455829085126425,1322.87384937954,-0.35558901925073,-0.682404125109055,0.494988054785178,0.675160084824232,0.682404125109055,FALSE,TRUE,FALSE,FALSE,FALSE
"ALOX5","turquoise",0.92442023211695,673.059343147305,672.785042073313,0.274301073991523,1322.87384937954,-0.511846286888851,-0.982274476109229,0.325971571321697,0.675160084824232,0.982274476109229,FALSE,TRUE,FALSE,FALSE,FALSE
"ALOX5AP","turquoise",0.818720415370324,132.935462733198,132.932874816401,0.00258791679675596,1322.87384937954,-0.340370115267437,-0.653197815871157,0.513633134863314,0.675506535372884,0.653197815871157,FALSE,TRUE,FALSE,FALSE,FALSE
"ALOX15","turquoise",0.75468286942169,64.7459344191409,64.7440433563054,0.00189106283555418,1322.87384937954,-0.93127071991126,-1.78561268660991,0.0741994797011205,0.675160084824232,1.78561268660991,FALSE,FALSE,FALSE,FALSE,FALSE
"ALPL","turquoise",0.622931850620684,13.1690878879959,13.1295606524409,0.039527235555008,1322.87384937954,-0.308715522723536,-0.592136347129611,0.553770547672507,0.681096310354657,0.592136347129611,FALSE,FALSE,FALSE,FALSE,FALSE
"AMFR","turquoise",0.791002817310663,134.740256976851,131.198704697107,3.54155227974343,1322.87384937954,-0.376116491215383,-0.72179800621443,0.470423594060064,0.675160084824232,0.72179800621443,FALSE,FALSE,FALSE,FALSE,FALSE
"BIN1","turquoise",0.934673330428515,754.016926958009,754.0131058164,0.00382114160925084,1322.87384937954,-0.418311466967904,-0.80277358181873,0.422111174657954,0.675160084824232,0.80277358181873,FALSE,TRUE,FALSE,FALSE,FALSE
"ANK1","blue",0.988174193371461,23.1316033296447,23.0664334933939,0.0651698362507318,19.5381539006617,0.102421941635498,0.196556000579029,0.844176169377156,0.872359779501474,0.196556000579029,FALSE,TRUE,TRUE,FALSE,FALSE
"SLC25A5","turquoise",0.975603210406686,1242.70064853466,1242.66037960517,0.0402689294892298,1322.87384937954,-0.66188972167199,-1.2702199786371,0.204014896266973,0.675160084824232,1.2702199786371,FALSE,TRUE,FALSE,FALSE,FALSE
"SLC25A6","turquoise",0.976547039852999,1231.21541949717,1231.20018905312,0.0152304440464377,1322.87384937954,-0.481977014838452,-0.924952924099141,0.354996900279523,0.675160084824232,0.924952924099141,FALSE,TRUE,FALSE,FALSE,FALSE
"ANXA1","turquoise",0.947383757921879,840.094354367331,840.010402540373,0.0839518269574455,1322.87384937954,-0.975210155348079,-1.87121969130162,0.0613251182298055,0.675160084824232,1.87121969130162,FALSE,TRUE,FALSE,FALSE,FALSE
"ANXA2","turquoise",0.943524931593167,867.816552887565,867.765303967237,0.0512489203281348,1322.87384937954,-0.619831769963823,-1.18950736327073,0.234248306267884,0.675160084824232,1.18950736327073,FALSE,TRUE,FALSE,FALSE,FALSE
"ANXA5","turquoise",0.906234072849188,584.680940005986,584.553644138779,0.127295867206726,1322.87384937954,-0.816884645104289,-1.5676677888761,0.116967904223611,0.675160084824232,1.5676677888761,FALSE,TRUE,FALSE,FALSE,FALSE
"ANXA6","turquoise",0.975544884444932,1276.80396791708,1276.77949366209,0.024474254983943,1322.87384937954,-0.707458821658423,-1.35767077189774,0.174577103744686,0.675160084824232,1.35767077189774,FALSE,TRUE,FALSE,FALSE,FALSE
"ANXA7","turquoise",0.821060493671204,193.118209790799,190.692542470774,2.42566732002581,1322.87384937954,-0.501036780781392,-0.961530158487541,0.336292444919906,0.675160084824232,0.961530158487541,FALSE,TRUE,FALSE,FALSE,FALSE
"ANXA11","turquoise",0.960101475899453,1028.19775098629,1028.18671342228,0.0110375640056191,1322.87384937954,-0.719028813559459,-1.3798745233448,0.167634273155196,0.675160084824232,1.3798745233448,FALSE,TRUE,FALSE,FALSE,FALSE
"AOAH","turquoise",0.931532471015322,700.448890392882,700.424947757995,0.0239426348862253,1322.87384937954,-0.79070910294396,-1.51743480365959,0.129166155232244,0.675160084824232,1.51743480365959,FALSE,TRUE,FALSE,FALSE,FALSE
"APBA2","turquoise",0.871136908458881,345.192485157348,345.189076383169,0.00340877417875163,1322.87384937954,-0.27674347297282,-0.531093136541705,0.595357677799219,0.695117434982287,0.531093136541705,FALSE,TRUE,FALSE,FALSE,FALSE
"APBB1","turquoise",0.863012188098306,359.342554423519,359.342214792109,0.000339631410383845,1322.87384937954,-0.208327024815161,-0.399796431861474,0.689308947644736,0.750817606871785,0.399796431861474,FALSE,TRUE,FALSE,FALSE,FALSE
"APEX1","turquoise",0.974576536967875,1233.71251075725,1233.7039172872,0.00859347005416566,1322.87384937954,-0.516321212594569,-0.99086222093772,0.321759849227812,0.675160084824232,0.99086222093772,FALSE,TRUE,FALSE,FALSE,FALSE
"BIRC2","turquoise",0.746600994203611,72.8472884194974,71.6275247819528,1.21976363754462,1322.87384937954,-0.31743068860932,-0.609175198378298,0.542412351074457,0.678209317787269,0.609175198378298,FALSE,FALSE,FALSE,FALSE,FALSE
"BIRC3","turquoise",0.94673100625474,877.437367307722,877.388822716737,0.0485445909843065,1322.87384937954,-0.51136963264781,-0.981359738019108,0.32642229274033,0.675160084824232,0.981359738019108,FALSE,TRUE,FALSE,FALSE,FALSE
"XIAP","turquoise",0.969290539592895,1089.26659912786,1089.24444566262,0.0221534652359878,1322.87384937954,-0.400179231583285,-0.767976353687264,0.442506518388926,0.675160084824232,0.767976353687264,FALSE,TRUE,FALSE,FALSE,FALSE
"APLP2","turquoise",0.952433229495413,969.962087465702,969.787281493567,0.174805972135118,1322.87384937954,-0.746409071024404,-1.43241945479402,0.152032923961588,0.675160084824232,1.43241945479402,FALSE,TRUE,FALSE,FALSE,FALSE
"APRT","turquoise",0.937686651248438,790.599739377126,790.598686385585,0.00105299154108707,1322.87384937954,-0.674581008029004,-1.29457558495255,0.195475391128528,0.675160084824232,1.29457558495255,FALSE,TRUE,FALSE,FALSE,FALSE
"AQP1","blue",0.925496295701625,9.04290865420424,8.98572922675251,0.0571794274517305,19.5381539006617,-0.0915930211771006,-0.175774425245631,0.860472199757593,0.886015166779553,0.175774425245631,FALSE,TRUE,FALSE,FALSE,FALSE
"AQP3","turquoise",0.914877008523097,576.14542192411,576.14358670893,0.00183521518044927,1322.87384937954,-0.483852898823649,-0.928552897384091,0.353127373966932,0.675160084824232,0.928552897384091,FALSE,TRUE,FALSE,FALSE,FALSE
"AQP9","turquoise",0.876185649969419,361.386431668003,361.283268490778,0.103163177224701,1322.87384937954,-0.62915450307269,-1.20739844310268,0.227287057658277,0.675160084824232,1.20739844310268,FALSE,TRUE,FALSE,FALSE,FALSE
"ARCN1","turquoise",0.98121879256176,1404.26600440265,1404.15165932113,0.114345081517968,1322.87384937954,-0.483586725160574,-0.928042088568732,0.353392265776612,0.675160084824232,0.928042088568732,FALSE,TRUE,TRUE,FALSE,FALSE
"ARF3","turquoise",0.968653079210248,1198.01839302901,1197.98600391407,0.0323891149414521,1322.87384937954,-0.544903389755722,-1.04571373362072,0.295700586702222,0.675160084824232,1.04571373362072,FALSE,TRUE,FALSE,FALSE,FALSE
"ARF4","turquoise",0.928340559780691,678.888784075339,678.483612788054,0.405171287285611,1322.87384937954,-0.618045820568849,-1.18607998174772,0.235598928187113,0.675160084824232,1.18607998174772,FALSE,TRUE,FALSE,FALSE,FALSE
"ARF5","turquoise",0.961886360522151,995.304154082313,995.297247557556,0.00690652475771003,1322.87384937954,-0.644913257375795,-1.23764076882376,0.215857759551804,0.675160084824232,1.23764076882376,FALSE,TRUE,FALSE,FALSE,FALSE
"ARF6","turquoise",0.978899628415952,1331.90402138123,1331.76797308026,0.13604830096665,1322.87384937954,-0.692068252432436,-1.3281350231569,0.184142339346452,0.675160084824232,1.3281350231569,FALSE,TRUE,TRUE,FALSE,FALSE
"RHOA","turquoise",0.970193045504223,1173.1434464189,1173.11535848911,0.0280879297883985,1322.87384937954,-0.833946120873436,-1.60041014259064,0.109516832973405,0.675160084824232,1.60041014259064,FALSE,TRUE,FALSE,FALSE,FALSE
"RHOB","turquoise",0.7743619464772,75.922212278501,75.7670771102946,0.155135168206485,1322.87384937954,-0.362823290849443,-0.696287278170202,0.48625365511401,0.675160084824232,0.696287278170202,FALSE,FALSE,FALSE,FALSE,FALSE
"RHOC","turquoise",0.876235508750301,372.386573229055,372.382415588541,0.00415764051433598,1322.87384937954,-0.21758749495703,-0.41756802401743,0.676265592452701,0.741436691007304,0.41756802401743,FALSE,TRUE,FALSE,FALSE,FALSE
"RHOG","turquoise",0.872310991678421,357.700659087946,357.699863508405,0.000795579541716052,1322.87384937954,-0.670275922016852,-1.28631377625038,0.198342255817282,0.675160084824232,1.28631377625038,FALSE,TRUE,FALSE,FALSE,FALSE
"ARHGAP1","turquoise",0.983141000197703,1398.43396993143,1398.41424058546,0.0197293459680168,1322.87384937954,-0.478181961024412,-0.917669908489804,0.358798156336293,0.675160084824232,0.917669908489804,FALSE,TRUE,TRUE,FALSE,FALSE
"ARHGAP4","turquoise",0.93535653537557,775.118122801581,775.117602388253,0.000520413327535607,1322.87384937954,-0.383390031632711,-0.735756519318662,0.461883916062135,0.675160084824232,0.735756519318662,FALSE,TRUE,FALSE,FALSE,FALSE
"ARHGDIA","turquoise",0.865309479856042,375.133186879652,375.133074548236,0.000112331416403322,1322.87384937954,-0.586501868708618,-1.1255445835596,0.260366208575908,0.675160084824232,1.1255445835596,FALSE,TRUE,FALSE,FALSE,FALSE
"ARHGDIB","turquoise",0.962700351621048,1064.35820838928,1064.33896280106,0.0192455882204285,1322.87384937954,-0.652987920273712,-1.25313670084667,0.210164500859758,0.675160084824232,1.25313670084667,FALSE,TRUE,FALSE,FALSE,FALSE
"RHOH","turquoise",0.973726598243225,1209.61755979695,1209.60821305292,0.00934674403129065,1322.87384937954,-0.43016390745375,-0.825519374973968,0.409082526935294,0.675160084824232,0.825519374973968,FALSE,TRUE,FALSE,FALSE,FALSE
"ARL2","turquoise",0.938590219175836,806.486147780083,806.484638492945,0.00150928713765097,1322.87384937954,-0.211861208916129,-0.406578817365045,0.684319893539291,0.747526677087326,0.406578817365045,FALSE,TRUE,FALSE,FALSE,FALSE
"ARNT","turquoise",0.961724565296366,1120.62450455351,1120.46392647366,0.160578079851803,1322.87384937954,-0.47380872757093,-0.909277319328841,0.36321014636468,0.675160084824232,0.909277319328841,FALSE,TRUE,FALSE,FALSE,FALSE
"ARRB1","turquoise",0.956911356203561,1053.42663319053,1053.38649261285,0.0401405776754018,1322.87384937954,-0.593393325889517,-1.13876984799034,0.254807111495794,0.675160084824232,1.13876984799034,FALSE,TRUE,FALSE,FALSE,FALSE
"ARRB2","turquoise",0.928483495515727,669.350564717902,669.29099703616,0.0595676817421236,1322.87384937954,-0.592900138254655,-1.13782338097853,0.255202184768967,0.675160084824232,1.13782338097853,FALSE,TRUE,FALSE,FALSE,FALSE
"ARSA","turquoise",0.926074708324071,674.778438307976,674.77562513254,0.00281317543579007,1322.87384937954,-0.426332280667992,-0.818166172870065,0.413267989461811,0.675160084824232,0.818166172870065,FALSE,TRUE,FALSE,FALSE,FALSE
"ASAH1","turquoise",0.891876917025251,461.64746747553,461.455647820461,0.191819655069025,1322.87384937954,-0.60445044705728,-1.15998935896571,0.246061209897512,0.675160084824232,1.15998935896571,FALSE,TRUE,FALSE,FALSE,FALSE
"ASCL2","turquoise",0.845050529687899,226.301024565521,226.286778208018,0.0142463575023442,1322.87384937954,-0.252687800182628,-0.48492835232286,0.627730265561737,0.708882335174905,0.48492835232286,FALSE,TRUE,FALSE,FALSE,FALSE
"ASGR2","turquoise",0.876151855209265,328.966596412364,328.938811614941,0.0277847974228962,1322.87384937954,-0.519202051021063,-0.99639078318116,0.319067336015489,0.675160084824232,0.99639078318116,FALSE,TRUE,FALSE,FALSE,FALSE
"ATIC","turquoise",0.962859752834668,1110.39395920907,1110.38369266428,0.0102665447900563,1322.87384937954,-0.549250660759655,-1.05405649873845,0.291864473067176,0.675160084824232,1.05405649873845,FALSE,TRUE,FALSE,FALSE,FALSE
"ATM","turquoise",0.962606803257406,1059.60257123734,1059.56349184779,0.0390793895435309,1322.87384937954,-0.426868911892847,-0.819196011649325,0.412680279812911,0.675160084824232,0.819196011649325,FALSE,TRUE,FALSE,FALSE,FALSE
"RERE","turquoise",0.978475638329484,1310.47753499243,1310.3802058962,0.0973290962319879,1322.87384937954,-0.542034228628225,-1.04020758105974,0.298250799715818,0.675160084824232,1.04020758105974,FALSE,TRUE,FALSE,FALSE,FALSE
"ATP1A1","turquoise",0.976758222191642,1324.69634011709,1324.6519730857,0.0443670313857183,1322.87384937954,-0.460049253115,-0.882871773544991,0.377311741114915,0.675160084824232,0.882871773544991,FALSE,TRUE,TRUE,FALSE,FALSE
"ATP1B3","turquoise",0.916393302134081,597.828097387026,597.508324245912,0.319773141113956,1322.87384937954,-0.828684556091467,-1.59031277366933,0.111773533562766,0.675160084824232,1.59031277366933,FALSE,TRUE,FALSE,FALSE,FALSE
"ATP2A3","turquoise",0.984099027101523,1354.2587450878,1354.23417526157,0.0245698262237966,1322.87384937954,-0.425975932975932,-0.817482312790393,0.413658529289885,0.675160084824232,0.817482312790393,FALSE,TRUE,TRUE,FALSE,FALSE
"ATP2B4","turquoise",0.964473385739513,1106.2141812936,1106.05104347582,0.163137817785582,1322.87384937954,-0.527708383426411,-1.01271512394733,0.31120339287852,0.675160084824232,1.01271512394733,FALSE,TRUE,FALSE,FALSE,FALSE
"ATP5F1A","turquoise",0.981324021007123,1348.05999725384,1348.04700235337,0.0129949004699483,1322.87384937954,-0.584856601394503,-1.12238718234281,0.261705705784704,0.675160084824232,1.12238718234281,FALSE,TRUE,TRUE,FALSE,FALSE
"ATP5F1C","turquoise",0.915986451504866,547.970952358674,547.930996246939,0.0399561117355915,1322.87384937954,-0.686606697163884,-1.31765385629572,0.187628345709827,0.675160084824232,1.31765385629572,FALSE,TRUE,FALSE,FALSE,FALSE
"ATP5F1D","turquoise",0.8982267551024,415.888035953529,415.886943778213,0.0010921753155344,1322.87384937954,-0.86913165450846,-1.66793403111593,0.0953379480786829,0.675160084824232,1.66793403111593,FALSE,TRUE,FALSE,FALSE,FALSE
"ATP5F1E","turquoise",0.663829507661282,33.9135330237898,32.518245929752,1.39528709403778,1322.87384937954,-0.567673319522169,-1.08941107285186,0.275980301692323,0.675160084824232,1.08941107285186,FALSE,FALSE,FALSE,FALSE,FALSE
"ATP5MC1","turquoise",0.931395598045965,734.104659741004,734.10379061957,0.000869121434789122,1322.87384937954,-0.414347211269653,-0.795165854090879,0.426522531817433,0.675160084824232,0.795165854090879,FALSE,TRUE,FALSE,FALSE,FALSE
"ATP5MC2","turquoise",0.952523783417424,933.619294937126,933.617386424568,0.00190851255763391,1322.87384937954,-0.557561082973929,-1.07000487198228,0.284624642561348,0.675160084824232,1.07000487198228,FALSE,TRUE,FALSE,FALSE,FALSE
"ATP5MC3","turquoise",0.943974419361031,838.563713512479,838.518886283455,0.0448272290238947,1322.87384937954,-0.593532947883484,-1.13903779390397,0.254695343091913,0.675160084824232,1.13903779390397,FALSE,TRUE,FALSE,FALSE,FALSE
"ATP5ME","turquoise",0.777191612023036,89.9911468019415,89.8530289180738,0.138117883867707,1322.87384937954,-0.548219890007516,-1.05207836618873,0.292771005849164,0.675160084824232,1.05207836618873,FALSE,FALSE,FALSE,FALSE,FALSE
"ATP5PF","turquoise",0.863584600335159,316.683289327757,316.42576863782,0.257520689937394,1322.87384937954,-0.547752774185358,-1.05118193309691,0.293182442405787,0.675160084824232,1.05118193309691,FALSE,TRUE,FALSE,FALSE,FALSE
"ATP6V1A","turquoise",0.960354224320357,1037.97197837295,1037.86474547874,0.107232894208209,1322.87384937954,-0.827513600790749,-1.58806561561812,0.112280716525547,0.675160084824232,1.58806561561812,FALSE,TRUE,FALSE,FALSE,FALSE
"ATP6V1B2","turquoise",0.96628584779595,1096.230426508,1096.19666089596,0.0337656120334486,1322.87384937954,-0.606708574483762,-1.16432288837025,0.244301279727127,0.675160084824232,1.16432288837025,FALSE,TRUE,FALSE,FALSE,FALSE
"ATP6V0B","turquoise",0.872700554630097,305.03390156162,305.032012033613,0.0018895280066431,1322.87384937954,-0.725252478322061,-1.39181824004405,0.163986466883415,0.675160084824232,1.39181824004405,FALSE,TRUE,FALSE,FALSE,FALSE
"ATP6AP1","turquoise",0.964769947539815,1087.99846432677,1087.97243382106,0.0260305057086043,1322.87384937954,-0.63010571450475,-1.2092238948741,0.226585171992329,0.675160084824232,1.2092238948741,FALSE,TRUE,FALSE,FALSE,FALSE
"ATP5PO","turquoise",0.934659634473726,660.587741149265,660.565251517645,0.0224896316190097,1322.87384937954,-0.439220676392741,-0.84290004802498,0.399290222208972,0.675160084824232,0.84290004802498,FALSE,TRUE,FALSE,FALSE,FALSE
"AUP1","turquoise",0.970430507842251,1190.53062658365,1190.52073500529,0.00989157835670085,1322.87384937954,-0.376702015427452,-0.722921674595724,0.469732933965435,0.675160084824232,0.722921674595724,FALSE,TRUE,FALSE,FALSE,FALSE
"AZU1","grey",NA,2.38111408592151,2.38018780635379,0.000926279567718957,1.16729646183719,-0.0373080976348469,-0.0715804255911685,0.942936479090915,0.953608714647709,0.0715804255911685,FALSE,NA,TRUE,FALSE,FALSE
"B2M","turquoise",0.911562262597122,531.704537911751,531.672745398821,0.0317925129297691,1322.87384937954,-0.7093352549172,-1.36103099978857,0.17351590548855,0.675160084824232,1.36103099978857,FALSE,TRUE,FALSE,FALSE,FALSE
"BACH1","turquoise",0.92342576132443,710.098256332006,709.90934047882,0.188915853186018,1322.87384937954,-0.525949201666052,-1.00933911168291,0.312819146331901,0.675160084824232,1.00933911168291,FALSE,TRUE,FALSE,FALSE,FALSE
"BAD","turquoise",0.814421425747715,167.244446839224,167.244143148215,0.000303691009008844,1322.87384937954,-0.594396781258165,-1.14069556010702,0.254004596482079,0.675160084824232,1.14069556010702,FALSE,TRUE,FALSE,FALSE,FALSE
"BAG1","blue",0.476005152010982,0.313722944383664,0.186032443019018,0.127690501364646,19.5381539006617,-0.378303727269297,-0.725995489333912,0.467846487672845,0.675160084824232,0.725995489333912,FALSE,FALSE,FALSE,FALSE,FALSE
"BAK1","turquoise",0.872229388674856,295.554158520661,295.552630118058,0.00152840260284393,1322.87384937954,-0.478637141542658,-0.918543436766844,0.358340885973229,0.675160084824232,0.918543436766844,FALSE,TRUE,FALSE,FALSE,FALSE
"BCKDHA","turquoise",0.972511705767224,1211.57003707934,1211.56354012791,0.00649695142919882,1322.87384937954,-0.490963701567476,-0.942199103713659,0.346097346264564,0.675160084824232,0.942199103713659,FALSE,TRUE,FALSE,FALSE,FALSE
"BCL2A1","turquoise",0.458108273688988,1.8490357641846,1.84510094870225,0.00393481548235686,1322.87384937954,-0.473672508021048,-0.904257808473866,0.365978789526772,0.675160084824232,0.904257808473866,FALSE,FALSE,FALSE,FALSE,FALSE
"BCL2L1","blue",0.954458703100426,16.7223005552944,16.6971195481514,0.0251810071429865,19.5381539006617,-0.0709471100226272,-0.136153249743264,0.891700930967922,0.911681833831089,0.136153249743264,FALSE,TRUE,FALSE,FALSE,FALSE
"BCL3","turquoise",0.924548991039015,636.107213102998,636.088587799965,0.0186253030325361,1322.87384937954,-0.731311926018116,-1.40344681089357,0.160492691912336,0.675160084824232,1.40344681089357,FALSE,TRUE,FALSE,FALSE,FALSE
"BCL6","turquoise",0.898055834147791,457.121872478735,456.952738459539,0.169134019196747,1322.87384937954,-0.404457519553688,-0.775747326862696,0.437914462781022,0.675160084824232,0.775747326862696,FALSE,TRUE,FALSE,FALSE,FALSE
"TNFRSF17","turquoise",0.595796312446999,7.03270920523992,7.03046614778239,0.00224305745752229,1322.87384937954,-0.136593450983617,-0.262133894377591,0.793219789835627,0.829178571436755,0.262133894377591,FALSE,FALSE,FALSE,FALSE,FALSE
"BCR","turquoise",0.948738756627804,891.662267440359,891.556916619506,0.105350820853118,1322.87384937954,-0.627386032304033,-1.20400460447907,0.228596104576103,0.675160084824232,1.20400460447907,FALSE,TRUE,FALSE,FALSE,FALSE
"CEACAM1","turquoise",0.858135189996758,277.76329539463,277.748762050096,0.0145333445341862,1322.87384937954,-0.328299284017471,-0.630032913153326,0.528677245948593,0.676813488619187,0.630032913153326,FALSE,TRUE,FALSE,FALSE,FALSE
"BID","turquoise",0.925173205579916,632.717258909029,632.644070115459,0.0731887935694431,1322.87384937954,-0.547785745171418,-1.0512452070893,0.293153388772295,0.675160084824232,1.0512452070893,FALSE,TRUE,FALSE,FALSE,FALSE
"PRDM1","turquoise",0.973752292166722,1264.09014462633,1263.94412090819,0.146023718134529,1322.87384937954,-0.356935760376443,-0.684988630394334,0.493355722673482,0.675160084824232,0.684988630394334,FALSE,TRUE,FALSE,FALSE,FALSE
"CXCR5","turquoise",0.96494968706076,1124.3733278003,1124.36805524794,0.00527255235169832,1322.87384937954,-0.247461903955682,-0.474899434247228,0.634861677344513,0.71247553679514,0.474899434247228,FALSE,TRUE,FALSE,FALSE,FALSE
"BLVRA","turquoise",0.921793341747877,604.416866346429,604.409570725831,0.00729562059871114,1322.87384937954,-0.46896571905166,-0.899983193772175,0.368135510714448,0.675160084824232,0.899983193772175,FALSE,TRUE,FALSE,FALSE,FALSE
"BLVRB","blue",0.764604881431275,1.63500233264042,1.63128177866145,0.00372055397896531,19.5381539006617,0.662253807965477,1.27091868971962,0.203766192885292,0.675160084824232,1.27091868971962,FALSE,FALSE,FALSE,FALSE,FALSE
"BNIP2","turquoise",0.970106654135914,1212.37112713585,1212.17964257606,0.191484559786659,1322.87384937954,-0.646394446103264,-1.24048328994497,0.21480517316198,0.675160084824232,1.24048328994497,FALSE,TRUE,FALSE,FALSE,FALSE
"BPGM","blue",0.975103259821763,20.4839186647676,20.401616509625,0.0823021551425249,19.5381539006617,0.216768173812087,0.413757189517233,0.679101952233909,0.743596699803737,0.413757189517233,FALSE,TRUE,TRUE,FALSE,FALSE
"BPI","grey",NA,0.674763993582596,0.668671234169661,0.00609275941293508,1.16729646183719,-0.58281021557013,-1.11846000222049,0.263378410395101,0.675160084824232,1.11846000222049,FALSE,NA,FALSE,FALSE,FALSE
"ZFP36L1","turquoise",0.963115663714011,1063.66876498228,1063.5712838452,0.0974811370786028,1322.87384937954,-0.395408823611636,-0.758745976243537,0.448009792188802,0.675160084824232,0.758745976243537,FALSE,TRUE,FALSE,FALSE,FALSE
"ZFP36L2","turquoise",0.963169734874756,1028.36403174884,1028.27981000417,0.0842217446706854,1322.87384937954,-0.698799677638413,-1.34090866472589,0.179959360088088,0.675160084824232,1.34090866472589,FALSE,TRUE,FALSE,FALSE,FALSE
"BSG","blue",0.922788945518006,10.4398203608289,10.4136471726891,0.0261731881397136,19.5381539006617,-0.163530403467306,-0.313828087666992,0.753653518238476,0.797144251473446,0.313828087666992,FALSE,TRUE,FALSE,FALSE,FALSE
"BST1","turquoise",0.93750975833695,721.876753067789,721.842842827959,0.0339102398299929,1322.87384937954,-0.699076835158122,-1.34158506099343,0.179739451405848,0.675160084824232,1.34158506099343,FALSE,TRUE,FALSE,FALSE,FALSE
"BST2","turquoise",0.907708138124659,509.061332599334,509.060226019598,0.00110657973584694,1322.87384937954,-0.317333611351847,-0.608988899259464,0.542535828707886,0.678209317787269,0.608988899259464,FALSE,TRUE,FALSE,FALSE,FALSE
"BTG1","turquoise",0.955848818634097,940.240066889485,940.130133945236,0.109932944248953,1322.87384937954,-0.740099196688342,-1.42031029494167,0.155526451542585,0.675160084824232,1.42031029494167,FALSE,TRUE,FALSE,FALSE,FALSE
"TSPO","turquoise",0.754646770887424,79.3982478546359,79.3980216232536,0.000226231382214337,1322.87384937954,-0.813529218021789,-1.5612284525675,0.1184790805283,0.675160084824232,1.5612284525675,FALSE,FALSE,FALSE,FALSE,FALSE
"C1QBP","turquoise",0.945638643969155,845.67714822337,845.606900670079,0.0702475532908693,1322.87384937954,-0.561971216135753,-1.07846827467185,0.280832413830249,0.675160084824232,1.07846827467185,FALSE,TRUE,FALSE,FALSE,FALSE
"SERPING1","turquoise",0.631044134714723,22.0680964808347,22.0667118514416,0.00138462939307615,1322.87384937954,-0.0787380792655113,-0.151104750667405,0.879893973337094,0.902642363303449,0.151104750667405,FALSE,FALSE,FALSE,FALSE,FALSE
"C3AR1","turquoise",0.750342579812337,86.4049869298297,86.3561129503401,0.0488739794896134,1322.87384937954,-0.350056585419707,-0.671786936546433,0.501723869298569,0.675272681317988,0.671786936546433,FALSE,FALSE,FALSE,FALSE,FALSE
"VPS51","turquoise",0.929742520925323,711.336934557455,711.33237424345,0.00456031400415213,1322.87384937954,-0.490389778009143,-0.941097697926357,0.346661420541202,0.675160084824232,0.941097697926357,FALSE,TRUE,FALSE,FALSE,FALSE
"MRPL49","turquoise",0.967961100169637,1138.67600820329,1138.67081249311,0.00519571017434828,1322.87384937954,-0.318004876326629,-0.610277111108068,0.541682298376009,0.677932704328773,0.610277111108068,FALSE,TRUE,FALSE,FALSE,FALSE
"FMNL1","turquoise",0.947759007061787,896.016058248729,895.955569330582,0.0604889181464614,1322.87384937954,-0.461510893640332,-0.885676780083199,0.37579793100889,0.675160084824232,0.885676780083199,FALSE,TRUE,FALSE,FALSE,FALSE
"PTTG1IP","turquoise",0.972251654402297,1198.91258322669,1198.81104346353,0.101539763152914,1322.87384937954,-0.538720388899527,-1.03384805425101,0.301214488994144,0.675160084824232,1.03384805425101,FALSE,TRUE,FALSE,FALSE,FALSE
"CFAP410","turquoise",0.910359719794576,551.0681419406,551.064880048316,0.003261892283831,1322.87384937954,-0.201143620924795,-0.386010898052134,0.699490990984849,0.757414001599095,0.386010898052134,FALSE,TRUE,FALSE,FALSE,FALSE
"TMEM50B","turquoise",0.96681843440818,1057.36432846863,1057.3208999212,0.0434285474259468,1322.87384937954,-0.527233157604885,-1.01180312710994,0.311639329266791,0.675160084824232,1.01180312710994,FALSE,TRUE,FALSE,FALSE,FALSE
"CA1","blue",0.932690087169495,12.372834405339,12.3433052089106,0.0295291964283173,19.5381539006617,0.401314423576863,0.24949948169415,0.809261240922837,0.842661195027445,0.24949948169415,FALSE,TRUE,FALSE,FALSE,FALSE
"CALM1","turquoise",0.988800352429108,1491.5979384929,1491.56995859157,0.0279799013319462,1322.87384937954,-0.660684643600954,-1.26790733622625,0.204839647408562,0.675160084824232,1.26790733622625,FALSE,TRUE,TRUE,FALSE,FALSE
"CALM3","turquoise",0.978554953838775,1304.8870449795,1304.87813210991,0.0089128695888121,1322.87384937954,-0.435334558149032,-0.83544227240031,0.403474554342386,0.675160084824232,0.83544227240031,FALSE,TRUE,FALSE,FALSE,FALSE
"CALR","turquoise",0.937729612792604,793.809613819405,793.763454470515,0.046159348889546,1322.87384937954,-0.499629523989666,-0.958829518738358,0.337651391904486,0.675160084824232,0.958829518738358,FALSE,TRUE,FALSE,FALSE,FALSE
"CAMK2G","turquoise",0.985973733307325,1372.27693827174,1372.24060996666,0.0363283050780865,1322.87384937954,-0.483970631346901,-0.92877883563071,0.353010248493347,0.675160084824232,0.92877883563071,FALSE,TRUE,TRUE,FALSE,FALSE
"CAMLG","turquoise",0.934496053019026,707.164915753697,707.140161288775,0.0247544649220117,1322.87384937954,-0.442123399527554,-0.848470608796008,0.396181853099166,0.675160084824232,0.848470608796008,FALSE,TRUE,FALSE,FALSE,FALSE
"CAMP","grey",NA,1.01681418535489,0.994277679983296,0.0225365053715905,1.16729646183719,-0.145638712263349,-0.27939351697796,0.779946405811929,0.818895993764348,0.27939351697796,FALSE,NA,FALSE,FALSE,FALSE
"CANX","turquoise",0.976410393050372,1317.91421461681,1317.81899969438,0.0952149224247023,1322.87384937954,-0.611315450017648,-1.17316385560487,0.240738247275112,0.675160084824232,1.17316385560487,FALSE,TRUE,FALSE,FALSE,FALSE
"CAPG","turquoise",0.924762116249357,624.752362244841,624.748056131999,0.00430611284241422,1322.87384937954,-0.885821479299625,-1.69996315650579,0.0891469191022999,0.675160084824232,1.69996315650579,FALSE,TRUE,FALSE,FALSE,FALSE
"CAPN1","turquoise",0.865569197592875,294.612738204233,294.372363415651,0.240374788582585,1322.87384937954,-0.658088520562567,-1.26292516587009,0.206624657016188,0.675160084824232,1.26292516587009,FALSE,TRUE,FALSE,FALSE,FALSE
"CAPN2","turquoise",0.946790118222409,950.307623469455,950.125114902731,0.182508566724096,1322.87384937954,-0.6609872219264,-1.26848800853691,0.204632336280198,0.675160084824232,1.26848800853691,FALSE,TRUE,FALSE,FALSE,FALSE
"CAPS","turquoise",0.905379589241315,568.512585115868,568.512041058631,0.000544057237220841,1322.87384937954,-0.2045816478629,-0.392608750172942,0.694610914604842,0.753651963759213,0.392608750172942,FALSE,TRUE,FALSE,FALSE,FALSE
"CAPZA1","turquoise",0.948761615436661,907.36154188649,907.243772408937,0.117769477553452,1322.87384937954,-0.676894041405282,-1.29901448332127,0.193947687715071,0.675160084824232,1.29901448332127,FALSE,TRUE,FALSE,FALSE,FALSE
"CAST","turquoise",0.952505119941612,1005.14975949976,1005.01894803812,0.130811461634721,1322.87384937954,-0.79207856168852,-1.52006290589521,0.128504380556691,0.675160084824232,1.52006290589521,FALSE,TRUE,FALSE,FALSE,FALSE
"CAPZB","turquoise",0.978309789626504,1306.88344958341,1306.87416043958,0.00928914382848234,1322.87384937954,-0.658763877145166,-1.26422122984545,0.20615922067365,0.675160084824232,1.26422122984545,FALSE,TRUE,FALSE,FALSE,FALSE
"CARS1","turquoise",0.976449643878706,1264.56554141255,1264.54336108472,0.022180327834576,1322.87384937954,-0.526564642683083,-1.01052019283572,0.312253255797577,0.675160084824232,1.01052019283572,FALSE,TRUE,FALSE,FALSE,FALSE
"CASP1","turquoise",0.956421735423984,997.145355156317,997.078962352583,0.0663928037331516,1322.87384937954,-0.387858153115612,-0.744331206292529,0.456681223932745,0.675160084824232,0.744331206292529,FALSE,TRUE,FALSE,FALSE,FALSE
"CASP2","turquoise",0.989990343099369,1518.61929293827,1518.57884184598,0.0404510922876398,1322.87384937954,-0.461170666567419,-0.88502385677719,0.376149966322163,0.675160084824232,0.88502385677719,FALSE,TRUE,TRUE,FALSE,FALSE
"CASP4","turquoise",0.950033117265854,857.751549808124,857.677537676431,0.074012131692939,1322.87384937954,-0.312821402217166,-0.600329604511417,0.548290557419422,0.680390089214384,0.600329604511417,FALSE,TRUE,FALSE,FALSE,FALSE
"CASP8","turquoise",0.980255749408041,1302.68470277757,1302.58244368255,0.102259095021282,1322.87384937954,-0.534356666448508,-1.02547371747402,0.305146949809465,0.675160084824232,1.02547371747402,FALSE,TRUE,FALSE,FALSE,FALSE
"CAT","turquoise",0.719255623121578,49.4502327300555,47.3131150228428,2.13711770721265,1322.87384937954,-0.788916689197257,-1.5139950165221,0.130036314275963,0.675160084824232,1.5139950165221,FALSE,FALSE,FALSE,FALSE,FALSE
"RUNX3","turquoise",0.933098061704481,782.289264693933,782.287033399383,0.00223129455048365,1322.87384937954,-0.432603836046432,-0.830201795539503,0.40643047640459,0.675160084824232,0.830201795539503,FALSE,TRUE,FALSE,FALSE,FALSE
"CBFB","turquoise",0.969032593449016,1198.86571847292,1198.73692966825,0.128788804668602,1322.87384937954,-0.455023852694307,-0.873227623158593,0.382545132349891,0.675160084824232,0.873227623158593,FALSE,TRUE,FALSE,FALSE,FALSE
"CBL","turquoise",0.962214573710507,1082.53315970595,1082.33753073734,0.195628968607934,1322.87384937954,-0.4051304978793,-0.777478234684696,0.436882031154708,0.675160084824232,0.777478234684696,FALSE,TRUE,FALSE,FALSE,FALSE
"CBR1","turquoise",0.934829289103557,780.546769153788,780.535042878076,0.0117262757117942,1322.87384937954,-0.398970907286345,-0.765657481506005,0.443885399065087,0.675160084824232,0.765657481506005,FALSE,TRUE,FALSE,FALSE,FALSE
"CCND2","turquoise",0.979194645646036,1347.85353934815,1347.79703616501,0.0565031831420129,1322.87384937954,-0.430583993757138,-0.826325554610611,0.408625186780265,0.675160084824232,0.826325554610611,FALSE,TRUE,TRUE,FALSE,FALSE
"CCND3","turquoise",0.966522729198461,1101.39218231831,1101.38680503875,0.00537727955725131,1322.87384937954,-0.539083106978099,-1.0345441396183,0.30088914416408,0.675160084824232,1.0345441396183,FALSE,TRUE,FALSE,FALSE,FALSE
"CCNG1","turquoise",0.951450527018972,927.38761997125,927.248786448834,0.13883352241578,1322.87384937954,-0.54059334140519,-1.03744240178933,0.299537036756975,0.675160084824232,1.03744240178933,FALSE,TRUE,FALSE,FALSE,FALSE
"CCNG2","turquoise",0.963836319410847,1103.2561649995,1103.15954148501,0.0966235144887833,1322.87384937954,-0.493231403934539,-0.946551008204591,0.343874284285702,0.675160084824232,0.946551008204591,FALSE,TRUE,FALSE,FALSE,FALSE
"CCT6A","turquoise",0.951065466995364,971.067472616444,970.832797323573,0.234675292870293,1322.87384937954,-0.566861691123062,-1.08785349222473,0.276667431509453,0.675160084824232,1.08785349222473,FALSE,TRUE,FALSE,FALSE,FALSE
"CD2","turquoise",0.939462522100898,816.654112143234,816.653364029181,0.000748114053180871,1322.87384937954,-0.591169224288933,-1.13428190778833,0.256687397417114,0.675160084824232,1.13428190778833,FALSE,TRUE,FALSE,FALSE,FALSE
"CD3D","turquoise",0.858314382926779,287.707489536453,287.705920780613,0.00156875583985538,1322.87384937954,-0.394532015529002,-0.756368869216238,0.44945287934556,0.675160084824232,0.756368869216238,FALSE,TRUE,FALSE,FALSE,FALSE
"CD3E","turquoise",0.933805513598935,788.947410689265,788.946828342607,0.000582346658575261,1322.87384937954,-0.497120039619816,-0.952359405530091,0.340964279827736,0.675160084824232,0.952359405530091,FALSE,TRUE,FALSE,FALSE,FALSE
"CD3G","turquoise",0.936315920248935,767.588179944669,767.585420490112,0.00275945455689453,1322.87384937954,-0.596724826414204,-1.14422794399899,0.252561343618626,0.675160084824232,1.14422794399899,FALSE,TRUE,FALSE,FALSE,FALSE
"CD247","turquoise",0.923703159617029,687.015012078595,687.013764171704,0.00124790689051224,1322.87384937954,-0.18566011071898,-0.356296788044239,0.721620505172066,0.774583250792797,0.356296788044239,FALSE,TRUE,FALSE,FALSE,FALSE
"CD4","turquoise",0.941398850140592,853.19845993444,853.187016383158,0.0114435512811042,1322.87384937954,-0.835269196994837,-1.60294923281615,0.108955067444506,0.675160084824232,1.60294923281615,FALSE,TRUE,FALSE,FALSE,FALSE
"CD5","turquoise",0.935461432623256,767.175489189948,767.173005929616,0.00248326033204194,1322.87384937954,-0.645057921782044,-1.23763353368283,0.215865215705496,0.675160084824232,1.23763353368283,FALSE,TRUE,FALSE,FALSE,FALSE
"CD6","turquoise",0.864580712613894,341.690919548542,341.690614214716,0.000305333826133847,1322.87384937954,-0.505726381424145,-0.970266459383589,0.331925578440025,0.675160084824232,0.970266459383589,FALSE,TRUE,FALSE,FALSE,FALSE
"CD7","turquoise",0.908358012639273,598.807235161443,598.806953603192,0.000281558251231218,1322.87384937954,-0.090094054267947,-0.172897786354014,0.862732791502379,0.887565589530752,0.172897786354014,FALSE,TRUE,FALSE,FALSE,FALSE
"CD8A","turquoise",0.848956564217448,236.892744466458,236.890193698377,0.00255076808116428,1322.87384937954,-0.61798027331584,-1.16551257542534,0.244250759502492,0.675160084824232,1.16551257542534,FALSE,TRUE,FALSE,FALSE,FALSE
"CD8B","turquoise",0.867496498469352,318.103904385236,318.102354386723,0.00154999851281445,1322.87384937954,-0.278014022760004,-0.533531424478036,0.593669219969984,0.694686338974684,0.533531424478036,FALSE,TRUE,FALSE,FALSE,FALSE
"CD14","turquoise",0.79256293498498,101.914095773187,101.912059560739,0.00203621244793339,1322.87384937954,-0.881691307265036,-1.69203702189187,0.0906479947748553,0.675160084824232,1.69203702189187,FALSE,FALSE,FALSE,FALSE,FALSE
"MS4A1","turquoise",0.910541159898335,527.86094841861,527.831584879459,0.0293635391510634,1322.87384937954,-0.509895753278699,-0.97837421523844,0.327897999109367,0.675160084824232,0.97837421523844,FALSE,TRUE,FALSE,FALSE,FALSE
"CD22","turquoise",0.887716334779561,351.821416295484,351.811691869665,0.00972442581917221,1322.87384937954,-0.404679809398578,-0.77661332699145,0.437392289890466,0.675160084824232,0.77661332699145,FALSE,TRUE,FALSE,FALSE,FALSE
"CD27","turquoise",0.899497958546536,526.02407630135,526.023814686855,0.000261614495229878,1322.87384937954,-0.397686729262985,-0.763193039880779,0.445353526154919,0.675160084824232,0.763193039880779,FALSE,TRUE,FALSE,FALSE,FALSE
"CD36","turquoise",0.905933767612907,563.468070863179,563.217161457183,0.250909405995344,1322.87384937954,-0.767291914875977,-1.47249532332998,0.140896341223392,0.675160084824232,1.47249532332998,FALSE,TRUE,FALSE,FALSE,FALSE
"CD37","turquoise",0.939604360869002,849.229798879327,849.227953406844,0.00184547248363742,1322.87384937954,-0.641802738972147,-1.23167143210366,0.218080286543618,0.675160084824232,1.23167143210366,FALSE,TRUE,FALSE,FALSE,FALSE
"CD38","turquoise",0.891580549340413,405.043824158371,405.000320023698,0.0435041346735829,1322.87384937954,-0.27192406021915,-0.521844293170113,0.601782115790038,0.697107615282832,0.521844293170113,FALSE,TRUE,FALSE,FALSE,FALSE
"CD40LG","turquoise",0.922315852421272,637.215046775131,637.211148710914,0.00389806421651429,1322.87384937954,-0.554136682462992,-1.06343317007874,0.287593041019525,0.675160084824232,1.06343317007874,FALSE,TRUE,FALSE,FALSE,FALSE
"CD44","turquoise",0.9765956757534,1296.42064135769,1296.32861940875,0.0920219489407827,1322.87384937954,-0.915233122860519,-1.75640648238375,0.0790279466029895,0.675160084824232,1.75640648238375,FALSE,TRUE,FALSE,FALSE,FALSE
"CD47","turquoise",0.974173632403432,1245.48314391664,1245.39537589057,0.0877680260659872,1322.87384937954,-0.434510294576277,-0.833860443851694,0.404365434607121,0.675160084824232,0.833860443851694,FALSE,TRUE,FALSE,FALSE,FALSE
"CD48","turquoise",0.934502827865541,710.251261056993,710.24477623637,0.00648482062308631,1322.87384937954,-0.477290492808278,-0.915959108788015,0.359694779818342,0.675160084824232,0.915959108788015,FALSE,TRUE,FALSE,FALSE,FALSE
"CD53","turquoise",0.96753017927617,1114.93057440697,1114.91136483367,0.019209573300941,1322.87384937954,-0.597571938128272,-1.14678894327896,0.251476856713682,0.675160084824232,1.14678894327896,FALSE,TRUE,FALSE,FALSE,FALSE
"CD63","turquoise",0.947930410514446,850.433748686142,850.375438706783,0.058309979359592,1322.87384937954,-0.559736101727119,-1.07417890911226,0.282750057115183,0.675160084824232,1.07417890911226,FALSE,TRUE,FALSE,FALSE,FALSE
"CD68","turquoise",0.906124862174232,581.216255626053,581.156615765676,0.0596398603768193,1322.87384937954,-0.609671648314136,-1.17000926701352,0.242005366243461,0.675160084824232,1.17000926701352,FALSE,TRUE,FALSE,FALSE,FALSE
"CD72","turquoise",0.902247328062422,426.278841337368,426.225099562849,0.0537417745189259,1322.87384937954,-0.354876357245305,-0.681036469006134,0.495853010681822,0.675160084824232,0.681036469006134,FALSE,TRUE,FALSE,FALSE,FALSE
"CD74","turquoise",0.952010699328477,930.52867533545,930.514446716145,0.0142286193052996,1322.87384937954,-0.537378410736617,-1.03127268947707,0.302420230636645,0.675160084824232,1.03127268947707,FALSE,TRUE,FALSE,FALSE,FALSE
"CD79A","turquoise",0.839009630348874,182.497932505591,182.49657516425,0.00135734134119048,1322.87384937954,-0.349092470501676,-0.669936721940454,0.502902637550523,0.675272681317988,0.669936721940454,FALSE,TRUE,FALSE,FALSE,FALSE
"CD79B","turquoise",0.832412604674057,180.977678835549,180.977024079638,0.000654755910773019,1322.87384937954,-0.344576574877836,-0.661270352521163,0.508443391088403,0.675272681317988,0.661270352521163,FALSE,TRUE,FALSE,FALSE,FALSE
"CD81","turquoise",0.936749883840077,825.435902416288,825.434628608058,0.0012738082306214,1322.87384937954,-0.406486159717116,-0.780079859538939,0.43534925145511,0.675160084824232,0.780079859538939,FALSE,TRUE,FALSE,FALSE,FALSE
"ADGRE5","turquoise",0.871835368598704,304.00820907345,303.899309250129,0.108899823320826,1322.87384937954,-0.578990740614267,-1.11113012046227,0.266520130388128,0.675160084824232,1.11113012046227,FALSE,TRUE,FALSE,FALSE,FALSE
"CDA","turquoise",0.774971359639203,78.5455563107099,78.5452005322053,0.000355778504598447,1322.87384937954,-0.857044287201502,-1.64473739436557,0.100033138216522,0.675160084824232,1.64473739436557,FALSE,FALSE,FALSE,FALSE,FALSE
"CDK11B","turquoise",0.927969936370642,628.146875754425,628.144764646343,0.00211110808174908,1322.87384937954,-0.237800680372494,-0.4563587637826,0.648134901974791,0.722194770832424,0.4563587637826,FALSE,TRUE,FALSE,FALSE,FALSE
"SEPTIN7","turquoise",0.955321409653361,1000.57788007477,1000.42463487262,0.15324520215745,1322.87384937954,-0.536360761916134,-1.02931973897688,0.303336706336744,0.675160084824232,1.02931973897688,FALSE,TRUE,FALSE,FALSE,FALSE
"CDC25B","turquoise",0.955737520541287,1032.6979403313,1032.69286265415,0.00507767714771035,1322.87384937954,-0.549805647817261,-1.05512156384729,0.291377160191931,0.675160084824232,1.05512156384729,FALSE,TRUE,FALSE,FALSE,FALSE
"CDC42","turquoise",0.947293520434969,813.208344470411,813.186673204041,0.0216712663701628,1322.87384937954,-0.627803020835748,-1.204804839241,0.228286961148393,0.675160084824232,1.204804839241,FALSE,TRUE,FALSE,FALSE,FALSE
"CDK4","turquoise",0.874479533360036,401.010735862142,401.010611542757,0.000124319384838145,1322.87384937954,-0.263531503111063,-0.505738296413411,0.613043628887547,0.701532583857708,0.505738296413411,FALSE,TRUE,FALSE,FALSE,FALSE
"CDK9","turquoise",0.98019912413414,1343.85017431961,1343.82388240968,0.0262919099332066,1322.87384937954,-0.45644158709753,-0.875948370292762,0.381064234072681,0.675160084824232,0.875948370292762,FALSE,TRUE,TRUE,FALSE,FALSE
"CDKN1B","turquoise",0.963715845809029,1042.88930892773,1042.87160492342,0.0177040043056422,1322.87384937954,-0.422099429270367,-0.810042988243049,0.41792108690879,0.675160084824232,0.810042988243049,FALSE,TRUE,FALSE,FALSE,FALSE
"CDKN1C","turquoise",0.598162334344247,5.76011533207538,5.75482161549705,0.00529371657833,1322.87384937954,0.555312917305664,1.06569045999851,0.286571090324311,0.675160084824232,1.06569045999851,FALSE,FALSE,FALSE,FALSE,FALSE
"CD52","turquoise",0.796481318774077,122.16930081159,122.168244018021,0.00105679356879307,1322.87384937954,-1.08262320281984,-2.0752573000599,0.0380016746881031,0.675160084824232,2.0752573000599,FALSE,FALSE,FALSE,FALSE,FALSE
"CEBPA","turquoise",0.935594714649758,791.28720399929,791.27021110005,0.0169928992399946,1322.87384937954,-0.446797525548225,-0.857440635161013,0.391207398821691,0.675160084824232,0.857440635161013,FALSE,TRUE,FALSE,FALSE,FALSE
"CEBPB","turquoise",0.75534541947189,56.0259552201015,55.9774492272754,0.0485059928261435,1322.87384937954,-1.13409535935859,-2.17642083865263,0.0295306033314255,0.675160084824232,2.17642083865263,FALSE,FALSE,FALSE,FALSE,FALSE
"CEBPD","turquoise",0.824996026648852,147.267548488748,147.137616396527,0.129932092220628,1322.87384937954,-1.10926421991301,-2.12876787112138,0.0332805725272491,0.675160084824232,2.12876787112138,FALSE,TRUE,FALSE,FALSE,FALSE
"CENPB","turquoise",0.936588773684269,813.897038199173,813.895182572721,0.00185562645265236,1322.87384937954,-0.670817500354841,-1.28735310894038,0.197979923705527,0.675160084824232,1.28735310894038,FALSE,TRUE,FALSE,FALSE,FALSE
"CES1","turquoise",0.640345033463667,12.771141112763,12.7641127410576,0.00702837170540782,1322.87384937954,-0.380765891628691,-0.730720582136517,0.464954830563753,0.675160084824232,0.730720582136517,FALSE,FALSE,FALSE,FALSE,FALSE
"CFL1","turquoise",0.927449032165628,729.727274852534,729.726008810024,0.00126604250999662,1322.87384937954,-0.76207988380383,-1.46249301360927,0.143615316437535,0.675160084824232,1.46249301360927,FALSE,TRUE,FALSE,FALSE,FALSE
"CTSC","turquoise",0.972627057778129,1211.28458587266,1211.22059626147,0.0639896111845246,1322.87384937954,-0.495918723317969,-0.951708191732367,0.341251697533167,0.675160084824232,0.951708191732367,FALSE,TRUE,FALSE,FALSE,FALSE
"CEACAM3","turquoise",0.910581875687174,503.651474373818,503.648924054609,0.00255031920954707,1322.87384937954,-0.0625240980133996,-0.119971514156602,0.904506549431999,0.92257517015787,0.119971514156602,FALSE,TRUE,FALSE,FALSE,FALSE
"CEACAM4","turquoise",0.925622797105162,599.32572246254,599.247964890537,0.077757572002497,1322.87384937954,-0.436881648498167,-0.838312814270379,0.401861337530398,0.675160084824232,0.838312814270379,FALSE,TRUE,FALSE,FALSE,FALSE
"CHD3","turquoise",0.967526587204362,1127.97464548131,1127.95797377224,0.0166717090667134,1322.87384937954,-0.474910228896226,-0.911391189576519,0.362095696890701,0.675160084824232,0.911391189576519,FALSE,TRUE,FALSE,FALSE,FALSE
"CHD4","turquoise",0.965917610682731,1097.90686675348,1097.8715124586,0.0353542948757877,1322.87384937954,-0.635103779675885,-1.21881558670287,0.222922573553397,0.675160084824232,1.21881558670287,FALSE,TRUE,FALSE,FALSE,FALSE
"CHI3L1","turquoise",0.847767747096587,196.634697373001,196.633218330267,0.00147904273396193,1322.87384937954,0.343264470273866,0.496298385143355,0.622370767842916,0.706060156778971,0.496298385143355,FALSE,TRUE,FALSE,FALSE,FALSE
"CHKB","turquoise",0.900753179480737,432.269269924972,432.264691824896,0.00457810007594617,1322.87384937954,-0.488473481451357,-0.937420169641821,0.348549067961137,0.675160084824232,0.937420169641821,FALSE,TRUE,FALSE,FALSE,FALSE
"CHRNB2","turquoise",0.914480166417144,611.029554617162,611.016407135753,0.0131474814096464,1322.87384937954,-0.302809378948702,-0.581115721041438,0.561166280829586,0.684929475947096,0.581115721041438,FALSE,TRUE,FALSE,FALSE,FALSE
"CIRBP","turquoise",0.950161411900442,905.096775898,905.09539243731,0.00138346069081763,1322.87384937954,-0.234441386619741,-0.449863156468081,0.652812077089161,0.725553510918738,0.449863156468081,FALSE,TRUE,FALSE,FALSE,FALSE
"CISH","turquoise",0.960371218027727,1040.49002663805,1040.44949087598,0.0405357620684299,1322.87384937954,-0.663840436249867,-1.27396355788952,0.202684960480046,0.675160084824232,1.27396355788952,FALSE,TRUE,FALSE,FALSE,FALSE
"TBCB","turquoise",0.987413422816226,1385.06360506224,1385.03597698876,0.027628073481992,1322.87384937954,-0.451433565791323,-0.866337571834501,0.386311125744517,0.675160084824232,0.866337571834501,FALSE,TRUE,TRUE,FALSE,FALSE
"AP1S1","turquoise",0.818937628449543,199.43333508493,199.433078835684,0.000256249245893514,1322.87384937954,-0.33842766645168,-0.649470099285649,0.516038914599934,0.675818875712212,0.649470099285649,FALSE,TRUE,FALSE,FALSE,FALSE
"CLC","turquoise",0.754343064307598,47.7308175960028,47.7304741568832,0.000343439119575351,1322.87384937954,-0.425431407828958,-0.623842902538027,0.536052863299204,0.676813488619187,0.623842902538027,FALSE,FALSE,FALSE,FALSE,FALSE
"CLCN7","turquoise",0.924647295823016,711.064399103455,711.055142692273,0.00925641118203657,1322.87384937954,-0.413230334630092,-0.793022477369966,0.427770210435537,0.675160084824232,0.793022477369966,FALSE,TRUE,FALSE,FALSE,FALSE
"CLU","turquoise",0.687195343557254,24.2010088033785,24.1878685634891,0.0131402398893137,1322.87384937954,-0.612025810995037,-1.17452709584865,0.240192116631124,0.675160084824232,1.17452709584865,FALSE,FALSE,FALSE,FALSE,FALSE
"CLIC1","turquoise",0.876902020371847,304.730401076206,304.728960862184,0.00144021402189765,1322.87384937954,-0.704207274523736,-1.35143078962165,0.176566386084355,0.675160084824232,1.35143078962165,FALSE,TRUE,FALSE,FALSE,FALSE
"CLK1","turquoise",0.944340661839243,815.281618204155,815.242989701294,0.0386285028613429,1322.87384937954,-0.345699124693853,-0.661199386115013,0.508541605149855,0.675272681317988,0.661199386115013,FALSE,TRUE,FALSE,FALSE,FALSE
"CLK2","turquoise",0.973838781078868,1252.72327531127,1252.63740169875,0.0858736125173891,1322.87384937954,-0.239246134596588,-0.459132707497894,0.646141778832433,0.720714258748177,0.459132707497894,FALSE,TRUE,FALSE,FALSE,FALSE
"TPP1","turquoise",0.924332520974898,726.491905882075,726.297827772354,0.194078109720863,1322.87384937954,-0.660952842142605,-1.26842203094758,0.204655883855075,0.675160084824232,1.26842203094758,FALSE,TRUE,FALSE,FALSE,FALSE
"CLNS1A","turquoise",0.977972697201582,1264.27288955408,1264.24748200836,0.0254075457285126,1322.87384937954,-0.361408944599075,-0.693573033175749,0.487954705155539,0.675160084824232,0.693573033175749,FALSE,TRUE,FALSE,FALSE,FALSE
"CLPTM1","turquoise",0.945246038535763,840.174904566261,839.804437360317,0.370467205943669,1322.87384937954,-0.417895644733905,-0.801975585276569,0.422572635300336,0.675160084824232,0.801975585276569,FALSE,TRUE,FALSE,FALSE,FALSE
"CLTA","turquoise",0.972826625990518,1206.82386397259,1206.8157768438,0.00808712878801998,1322.87384937954,-0.582369537332838,-1.11761430499506,0.263739581711227,0.675160084824232,1.11761430499506,FALSE,TRUE,FALSE,FALSE,FALSE
"CLTB","turquoise",0.929890532581251,617.838718004319,617.835949670372,0.00276833394684672,1322.87384937954,-0.384708902589004,-0.738287539491773,0.46034478626535,0.675160084824232,0.738287539491773,FALSE,TRUE,FALSE,FALSE,FALSE
"CLTC","turquoise",0.950294127811597,975.662984942113,975.381304065828,0.281680876284668,1322.87384937954,-0.619461158586557,-1.18879613002401,0.234528128586516,0.675160084824232,1.18879613002401,FALSE,TRUE,FALSE,FALSE,FALSE
"CCR1","turquoise",0.838708136600215,232.255051773083,232.251267079074,0.00378469400865811,1322.87384937954,-0.297829416736856,-0.571488469462445,0.567672699045716,0.687005701525699,0.571488469462445,FALSE,TRUE,FALSE,FALSE,FALSE
"CCR3","turquoise",0.771877144060005,70.6693357060048,70.666880922392,0.00245478361281926,1322.87384937954,-0.554625697996679,-1.06253414297275,0.288048390478384,0.675160084824232,1.06253414297275,FALSE,FALSE,FALSE,FALSE,FALSE
"CCR4","turquoise",0.891306839383022,410.754054566917,410.748270739639,0.00578382727786675,1322.87384937954,-0.340286362456821,-0.653037087444913,0.513736744610986,0.675506535372884,0.653037087444913,FALSE,TRUE,FALSE,FALSE,FALSE
"CCR7","turquoise",0.896070972868301,500.298422537734,500.298120658153,0.00030187958100214,1322.87384937954,-0.274443419489549,-0.52642578816522,0.59860152189343,0.695822020816178,0.52642578816522,FALSE,TRUE,FALSE,FALSE,FALSE
"LTB4R","turquoise",0.970952114819812,1128.26781660294,1128.17015926205,0.0976573408877357,1322.87384937954,-0.43213497405726,-0.82930201141177,0.406939302112651,0.675160084824232,0.82930201141177,FALSE,TRUE,FALSE,FALSE,FALSE
"PLK3","turquoise",0.728673854497118,32.8818975632979,32.8526163860524,0.0292811772455153,1322.87384937954,-0.843789401532773,-1.61930019532819,0.105391879106143,0.675160084824232,1.61930019532819,FALSE,FALSE,FALSE,FALSE,FALSE
"CNN2","turquoise",0.954727347320346,949.549685340467,949.545853293246,0.00383204722083974,1322.87384937954,-0.621341616472533,-1.19240488099497,0.233110773511997,0.675160084824232,1.19240488099497,FALSE,TRUE,FALSE,FALSE,FALSE
"CNP","turquoise",0.904114952510803,566.023778991851,566.020741114613,0.00303787723760252,1322.87384937954,-0.299295579872984,-0.574372456052189,0.565719553116058,0.686521438768862,0.574372456052189,FALSE,TRUE,FALSE,FALSE,FALSE
"COL6A2","turquoise",0.81671181162829,152.791268791986,152.787761268894,0.00350752309213931,1322.87384937954,-0.234810541409165,-0.450620444957331,0.652265976100336,0.72532247121969,0.450620444957331,FALSE,TRUE,FALSE,FALSE,FALSE
"COL9A3","turquoise",0.699474612828364,27.6521101453907,27.6459200715005,0.00619007389015636,1322.87384937954,-0.886572015524526,-1.70140349630311,0.0888763052854467,0.675160084824232,1.70140349630311,FALSE,FALSE,FALSE,FALSE,FALSE
"COPB1","turquoise",0.962086457307388,1106.28162880067,1106.11786342259,0.163765378077187,1322.87384937954,-0.660685139288911,-1.26790828749158,0.204839307663785,0.675160084824232,1.26790828749158,FALSE,TRUE,FALSE,FALSE,FALSE
"KLF6","turquoise",0.956376993632084,933.256476038349,933.153673850139,0.102802188210717,1322.87384937954,-0.726592541483439,-1.39438992977496,0.163208915498882,0.675160084824232,1.39438992977496,FALSE,TRUE,FALSE,FALSE,FALSE
"COX4I1","turquoise",0.923104134442494,610.485623186519,610.481650031928,0.00397315459110814,1322.87384937954,-0.4977104539987,-0.955146668010942,0.339510260611035,0.675160084824232,0.955146668010942,FALSE,TRUE,FALSE,FALSE,FALSE
"COX5B","turquoise",0.817417330948756,147.146702792883,147.146338158299,0.000364634584570922,1322.87384937954,-0.671034212488715,-1.28776899707559,0.197835072533075,0.675160084824232,1.28776899707559,FALSE,TRUE,FALSE,FALSE,FALSE
"COX6A1","turquoise",0.792119468087208,120.607375137512,120.602779472861,0.00459566465153216,1322.87384937954,-0.299230183604752,-0.574246955317375,0.565804463223873,0.686521438768862,0.574246955317375,FALSE,FALSE,FALSE,FALSE,FALSE
"COX7A2","turquoise",0.634673915667327,21.0690702017929,21.0685892548804,0.000480946912585267,1322.87384937954,-0.223556253471666,-0.429022554983402,0.66790950411834,0.73490607059096,0.429022554983402,FALSE,FALSE,FALSE,FALSE,FALSE
"COX7B","turquoise",0.791819089097768,125.270831846493,125.228862129342,0.0419697171515026,1322.87384937954,-0.377790750540263,-0.725011045447778,0.468450198363557,0.675160084824232,0.725011045447778,FALSE,FALSE,FALSE,FALSE,FALSE
"COX7C","turquoise",0.568531390034277,11.713548982496,11.7065920104714,0.00695697202461609,1322.87384937954,-0.665483124757534,-1.27674661819119,0.201707386552499,0.675160084824232,1.27674661819119,FALSE,FALSE,FALSE,FALSE,FALSE
"COX8A","turquoise",0.85213216252564,272.421123395083,272.420861481008,0.000261914075224468,1322.87384937954,-0.724199040783608,-1.38979660809574,0.164599665143059,0.675160084824232,1.38979660809574,FALSE,TRUE,FALSE,FALSE,FALSE
"CPD","turquoise",0.927084536840424,684.230452118625,684.094773632647,0.135678485977564,1322.87384937954,-0.772345326170112,-1.48219322885095,0.138298071378487,0.675160084824232,1.48219322885095,FALSE,TRUE,FALSE,FALSE,FALSE
"ATF6B","turquoise",0.975922053376005,1288.89920227508,1288.88889745063,0.0103048244461661,1322.87384937954,-0.497126170400765,-0.954025380468643,0.340077516091197,0.675160084824232,0.954025380468643,FALSE,TRUE,FALSE,FALSE,FALSE
"CRIP1","turquoise",0.868061578881778,267.007408226892,267.006592163507,0.000816063384434074,1322.87384937954,-0.908299831802688,-1.74310093535528,0.0813249427479273,0.675160084824232,1.74310093535528,FALSE,TRUE,FALSE,FALSE,FALSE
"CRK","turquoise",0.977264995798909,1208.30440912556,1208.27038658131,0.0340225442562314,1322.87384937954,-0.517683868238552,-0.993477267472385,0.320484429191511,0.675160084824232,0.993477267472385,FALSE,TRUE,FALSE,FALSE,FALSE
"CRY2","turquoise",0.985637514622738,1437.59386294576,1437.56302592625,0.0308370195052703,1322.87384937954,-0.275936449696378,-0.529544393517908,0.596431283095876,0.695800099697167,0.529544393517908,FALSE,TRUE,TRUE,FALSE,FALSE
"CRYGS","turquoise",0.870825017482859,276.083854312528,276.071557899397,0.0122964131304002,1322.87384937954,-0.536700088073341,-1.02997093335269,0.303030910548173,0.675160084824232,1.02997093335269,FALSE,TRUE,FALSE,FALSE,FALSE
"CS","turquoise",0.974646630714803,1278.12028637205,1278.11032901767,0.00995735437845724,1322.87384937954,-0.631855289839368,-1.21258147162956,0.225298225008311,0.675160084824232,1.21258147162956,FALSE,TRUE,FALSE,FALSE,FALSE
"MAPK14","turquoise",0.954089833253869,938.904179349182,938.850689462337,0.0534898868447726,1322.87384937954,-0.568439579923446,-1.09088158861706,0.275332649819551,0.675160084824232,1.09088158861706,FALSE,TRUE,FALSE,FALSE,FALSE
"CSE1L","turquoise",0.967054286081846,1147.1317353485,1147.07331883356,0.058416514942337,1322.87384937954,-0.612596240294891,-1.17562179587095,0.239754199004066,0.675160084824232,1.17562179587095,FALSE,TRUE,FALSE,FALSE,FALSE
"CSF1R","turquoise",0.837225544320262,252.860508643705,252.644159225659,0.216349418046406,1322.87384937954,-0.294626207821546,-0.565411552939139,0.57179756533852,0.688257984588534,0.565411552939139,FALSE,TRUE,FALSE,FALSE,FALSE
"CSF2RA","turquoise",0.914998601366032,509.153952616896,509.122427669254,0.0315249476419694,1322.87384937954,-0.534587785976964,-1.0259172545662,0.304937821096523,0.675160084824232,1.0259172545662,FALSE,TRUE,FALSE,FALSE,FALSE
"CSF2RB","turquoise",0.940075614399897,785.41305180721,785.357001317283,0.0560504899274292,1322.87384937954,-0.153478866137141,-0.294458698211658,0.768410515202693,0.809558511349631,0.294458698211658,FALSE,TRUE,FALSE,FALSE,FALSE
"CSF3R","turquoise",0.914920853104866,541.091212954,541.076683240323,0.0145297136771205,1322.87384937954,-0.470675481174803,-0.903264365750562,0.366391945143384,0.675160084824232,0.903264365750562,FALSE,TRUE,FALSE,FALSE,FALSE
"CSK","turquoise",0.970790042972226,1211.25530318618,1211.24139171767,0.0139114685068762,1322.87384937954,-0.48520939838343,-0.931156129894628,0.351779358605172,0.675160084824232,0.931156129894628,FALSE,TRUE,FALSE,FALSE,FALSE
"CSNK1A1","turquoise",0.964060005353141,1136.30337830593,1136.06453573922,0.238842566706808,1322.87384937954,-0.561022055437745,-1.07664675842516,0.281645676156313,0.675160084824232,1.07664675842516,FALSE,TRUE,FALSE,FALSE,FALSE
"CSNK1D","turquoise",0.986101575866313,1400.42032284113,1400.38178701848,0.0385358226490098,1322.87384937954,-0.393385736173264,-0.754939085828217,0.450290713974146,0.675160084824232,0.754939085828217,FALSE,TRUE,TRUE,FALSE,FALSE
"CSNK1G2","turquoise",0.9832487350074,1308.32081455086,1308.30138602091,0.0194285299514831,1322.87384937954,-0.642247860669046,-1.23252565668793,0.217761233690321,0.675160084824232,1.23252565668793,FALSE,TRUE,FALSE,FALSE,FALSE
"CSNK2B","turquoise",0.963949993563208,1099.55047938294,1099.53881721813,0.0116621648112414,1322.87384937954,-0.546806446858534,-1.04936585431898,0.2940171583489,0.675160084824232,1.04936585431898,FALSE,TRUE,FALSE,FALSE,FALSE
"VCAN","turquoise",0.868860454774897,356.139743236195,355.937763449028,0.201979787166863,1322.87384937954,-0.938262710274821,-1.80060212566934,0.0717743922540886,0.675160084824232,1.80060212566934,FALSE,TRUE,FALSE,FALSE,FALSE
"CSRP1","turquoise",0.895737993936906,451.222563962326,451.191417044834,0.031146917491867,1322.87384937954,-0.807808305339979,-1.55024955782637,0.121090852088411,0.675160084824232,1.55024955782637,FALSE,TRUE,FALSE,FALSE,FALSE
"CST3","turquoise",0.759317756437585,90.8992469952592,90.8983837967253,0.000863198533920695,1322.87384937954,-0.734624355195761,-1.4098036307406,0.158606738140913,0.675160084824232,1.4098036307406,FALSE,FALSE,FALSE,FALSE,FALSE
"CSTA","turquoise",0.820200921064102,151.241507620449,151.201984366434,0.0395232540153643,1322.87384937954,-1.08660476772779,-2.08528254731558,0.0370510327354156,0.675160084824232,2.08528254731558,FALSE,TRUE,FALSE,FALSE,FALSE
"CSTB","turquoise",0.874245723312804,312.143648764604,312.129566725136,0.0140820394679508,1322.87384937954,-1.18033132922791,-2.2651514092246,0.023509597171308,0.675160084824232,2.2651514092246,FALSE,TRUE,FALSE,FALSE,FALSE
"CTBP1","turquoise",0.987395148916586,1501.35807604126,1501.34182424503,0.0162517962305628,1322.87384937954,-0.435060697834797,-0.834916712278877,0.403770417469209,0.675160084824232,0.834916712278877,FALSE,TRUE,TRUE,FALSE,FALSE
"CTNNB1","turquoise",0.958762432136561,1061.85858256287,1061.61747968231,0.241102880561812,1322.87384937954,-0.539231600419504,-1.03482911055801,0.300756018554579,0.675160084824232,1.03482911055801,FALSE,TRUE,FALSE,FALSE,FALSE
"CTSD","turquoise",0.936870240614572,769.851992103583,769.844902584685,0.00708951889839682,1322.87384937954,-0.634972947671576,-1.21856450949125,0.223017904413895,0.675160084824232,1.21856450949125,FALSE,TRUE,FALSE,FALSE,FALSE
"CTSH","turquoise",0.944180919019349,844.390319478551,844.381787770758,0.00853170779339507,1322.87384937954,-0.774069814129689,-1.48550266090202,0.137419906247008,0.675160084824232,1.48550266090202,FALSE,TRUE,FALSE,FALSE,FALSE
"CTSO","turquoise",0.954986044445688,995.523910656322,995.445732194739,0.0781784615832066,1322.87384937954,-0.433710928882737,-0.832326396349631,0.405230527897768,0.675160084824232,0.832326396349631,FALSE,TRUE,FALSE,FALSE,FALSE
"CTSS","turquoise",0.956416135256185,1002.23387045703,1002.09771926908,0.136151187951214,1322.87384937954,-0.818849716234749,-1.57143891951558,0.116089952312588,0.675160084824232,1.57143891951558,FALSE,TRUE,FALSE,FALSE,FALSE
"CTSW","turquoise",0.797215226735963,124.293360915822,124.292004276124,0.00135663969720667,1322.87384937954,-0.297108369356213,-0.57007139249542,0.568634334697421,0.687266112133024,0.57007139249542,FALSE,FALSE,FALSE,FALSE,FALSE
"CTSZ","turquoise",0.939884034001471,838.522465030656,838.379862947745,0.142602082911708,1322.87384937954,-0.696511849655314,-1.33666264608971,0.18134164287022,0.675160084824232,1.33666264608971,FALSE,TRUE,FALSE,FALSE,FALSE
"CX3CR1","turquoise",0.858939339308822,294.124599947114,294.103150082019,0.0214498650957466,1322.87384937954,0.00659520852910704,0.0126567392764276,0.989901726341085,0.992215121354736,0.0126567392764276,FALSE,TRUE,FALSE,FALSE,FALSE
"CYBA","turquoise",0.915362693519753,544.267168531523,544.266227541701,0.000940989821856419,1322.87384937954,-0.746026557984968,-1.43168538129375,0.152242990480946,0.675160084824232,1.43168538129375,FALSE,TRUE,FALSE,FALSE,FALSE
"CYBB","turquoise",0.907373486454596,594.695374382865,594.576021077548,0.119353305317304,1322.87384937954,-0.797490108320221,-1.53044810213236,0.125915069002996,0.675160084824232,1.53044810213236,FALSE,TRUE,FALSE,FALSE,FALSE
"CYC1","turquoise",0.947548582308554,915.977893376865,915.974365845018,0.00352753184665744,1322.87384937954,-0.466326030671619,-0.89491741799727,0.370837512518415,0.675160084824232,0.89491741799727,FALSE,TRUE,FALSE,FALSE,FALSE
"CYP27A1","turquoise",0.708304184055238,23.317910503425,23.3105435082463,0.00736699517871386,1322.87384937954,-0.762434321872444,-1.46317320896689,0.14342914959853,0.675160084824232,1.46317320896689,FALSE,FALSE,FALSE,FALSE,FALSE
"DAD1","turquoise",0.930309396787127,653.470246835387,653.463125771882,0.00712106350465547,1322.87384937954,-0.483819254342681,-0.928488330900435,0.353160849485931,0.675160084824232,0.928488330900435,FALSE,TRUE,FALSE,FALSE,FALSE
"CD55","turquoise",0.868681979757901,326.653679870291,325.371771029105,1.28190884118595,1322.87384937954,-0.462748498155449,-0.888051843374379,0.374519089893199,0.675160084824232,0.888051843374379,FALSE,TRUE,FALSE,FALSE,FALSE
"DGKA","turquoise",0.949560699612312,935.170058150218,935.165994907281,0.00406324293692251,1322.87384937954,-0.322334245236726,-0.61858552065793,0.536193549227691,0.676813488619187,0.61858552065793,FALSE,TRUE,FALSE,FALSE,FALSE
"DGKQ","turquoise",0.889489424812663,404.881247349615,404.822739609217,0.0585077403976584,1322.87384937954,-0.381064100581542,-0.731292869267313,0.464605279004247,0.675160084824232,0.731292869267313,FALSE,TRUE,FALSE,FALSE,FALSE
"DAP","brown",0.888203134330963,14.3337883384158,3.95902016757402,10.3747681708418,7.78987287898542,-0.716942664829804,-1.37587103498707,0.168870544575087,0.675160084824232,1.37587103498707,FALSE,TRUE,FALSE,FALSE,FALSE
"DARS1","turquoise",0.944941006306676,820.584083110379,820.577602182535,0.00648092784376786,1322.87384937954,-0.362350662784157,-0.695380266637413,0.48682173317583,0.675160084824232,0.695380266637413,FALSE,TRUE,FALSE,FALSE,FALSE
"DAXX","turquoise",0.975884083385887,1282.10440158814,1282.10017149499,0.00423009315932177,1322.87384937954,-0.459274970617188,-0.881385862726879,0.378115180702926,0.675160084824232,0.881385862726879,FALSE,TRUE,FALSE,FALSE,FALSE
"DBP","turquoise",0.926081535475996,728.174945822214,728.174135555043,0.000810267171118539,1322.87384937954,-0.493250683194505,-0.946588006665785,0.343855423714554,0.675160084824232,0.946588006665785,FALSE,TRUE,FALSE,FALSE,FALSE
"ECI1","turquoise",0.884243896814226,347.192934779066,347.192363955311,0.000570823754401317,1322.87384937954,-0.353675690172469,-0.678732291658047,0.497312079434872,0.675204656124142,0.678732291658047,FALSE,TRUE,FALSE,FALSE,FALSE
"DCK","turquoise",0.933486421256333,733.948328835417,733.678304261165,0.270024574251465,1322.87384937954,-0.454198018840089,-0.871642781112682,0.383409383060267,0.675160084824232,0.871642781112682,FALSE,TRUE,FALSE,FALSE,FALSE
"DCTD","turquoise",0.974055687788351,1257.75940037608,1257.73497540298,0.0244249731001673,1322.87384937954,-0.452434194940693,-0.868257860207503,0.385259258209088,0.675160084824232,0.868257860207503,FALSE,TRUE,FALSE,FALSE,FALSE
"DDB1","brown",0.948829130059312,8.93092310045602,6.33301267513539,2.59791042532063,7.78987287898542,-0.368358988134091,-0.706910729564621,0.479626756340541,0.675160084824232,0.706910729564621,FALSE,TRUE,FALSE,FALSE,FALSE
"DDB2","turquoise",0.969908693866382,1186.10569401775,1186.09508632029,0.0106076974564075,1322.87384937954,-0.132407049185081,-0.25409985029292,0.799419941636533,0.834845904475065,0.25409985029292,FALSE,TRUE,FALSE,FALSE,FALSE
"DDIT3","turquoise",0.823282660857614,154.508540455742,154.333334702582,0.175205753159617,1322.87384937954,-0.461410003539794,-0.885483163809741,0.375902301470343,0.675160084824232,0.885483163809741,FALSE,TRUE,FALSE,FALSE,FALSE
"DDOST","turquoise",0.988492596877442,1456.76226646055,1456.72673383181,0.0355326287456137,1322.87384937954,-0.549730238577068,-1.05497684740839,0.291443342024278,0.675160084824232,1.05497684740839,FALSE,TRUE,TRUE,FALSE,FALSE
"DDT","turquoise",0.814131056648797,144.066154834968,144.06160583089,0.00454900407817149,1322.87384937954,-0.685154054357388,-1.31486611710864,0.188563689605903,0.675160084824232,1.31486611710864,FALSE,TRUE,FALSE,FALSE,FALSE
"DDX3X","turquoise",0.92242780916292,700.326486797432,699.87145900257,0.45502779486219,1322.87384937954,-0.742477482709773,-1.42487441842089,0.154202600983839,0.675160084824232,1.42487441842089,FALSE,TRUE,FALSE,FALSE,FALSE
"DDX5","turquoise",0.935845246795683,810.0023222407,809.697418363898,0.304903876801973,1322.87384937954,-0.724878898037472,-1.39110130922374,0.164203727945016,0.675160084824232,1.39110130922374,FALSE,TRUE,FALSE,FALSE,FALSE
"DDX6","turquoise",0.986656351038317,1419.31781488855,1419.2749470492,0.0428678393548125,1322.87384937954,-0.701904432327151,-1.34701144895209,0.177985441354412,0.675160084824232,1.34701144895209,FALSE,TRUE,TRUE,FALSE,FALSE
"DHX8","turquoise",0.969330143067454,1206.67087783619,1206.57000209987,0.100875736313128,1322.87384937954,-0.481566312621986,-0.924164753285265,0.355407042729056,0.675160084824232,0.924164753285265,FALSE,TRUE,FALSE,FALSE,FALSE
"DHX9","turquoise",0.971367860224365,1218.43481402454,1218.27166283955,0.163151184991193,1322.87384937954,-0.597408814426866,-1.14647589568549,0.251606290193592,0.675160084824232,1.14647589568549,FALSE,TRUE,FALSE,FALSE,FALSE
"DHX15","turquoise",0.977776411754748,1309.91100552729,1309.86173938117,0.0492661461198622,1322.87384937954,-0.577864031730034,-1.10896787486757,0.267451813466859,0.675160084824232,1.10896787486757,FALSE,TRUE,FALSE,FALSE,FALSE
"DEFA1","grey",NA,2.7857404876995,2.78450957838489,0.00123090931460723,1.16729646183719,0.206079644255568,0.141584681115884,0.890907421360104,0.911522407016576,0.141584681115884,FALSE,NA,TRUE,FALSE,FALSE
"DEFA3","grey",NA,2.93232202638939,2.93047894713646,0.00184307925292737,1.16729646183719,0.0101657657358435,0.00719768428645192,0.99443317868351,0.995380290794808,0.00719768428645192,FALSE,NA,TRUE,FALSE,FALSE
"CFD","turquoise",0.89718734300895,459.467493025469,459.459598245343,0.00789478012620748,1322.87384937954,-0.553304143520293,-1.06183546042502,0.288317862059459,0.675160084824232,1.06183546042502,FALSE,TRUE,FALSE,FALSE,FALSE
"DFFA","turquoise",0.973631657307174,1202.09927393851,1202.08953953358,0.0097344049329422,1322.87384937954,-0.398609893167871,-0.764964666176139,0.444297846299946,0.675160084824232,0.764964666176139,FALSE,TRUE,FALSE,FALSE,FALSE
"DGUOK","turquoise",0.976261290839023,1250.63683375474,1250.62793909176,0.00889466297576291,1322.87384937954,-0.578957496610773,-1.11106632252732,0.266547588061516,0.675160084824232,1.11106632252732,FALSE,TRUE,FALSE,FALSE,FALSE
"DHPS","turquoise",0.980484425521106,1299.52351006091,1299.50752635205,0.015983708864951,1322.87384937954,-0.291722352081747,-0.559838818607421,0.57559303773311,0.688806131578259,0.559838818607421,FALSE,TRUE,FALSE,FALSE,FALSE
"CYB5R3","turquoise",0.741347506216841,59.5771968058109,56.8147468622069,2.76244994360405,1322.87384937954,-0.290186974442878,-0.55689230457678,0.577604644952633,0.68970573654207,0.55689230457678,FALSE,FALSE,FALSE,FALSE,FALSE
"DIAPH1","turquoise",0.943709884698742,907.752498209453,907.67697275683,0.0755254526224007,1322.87384937954,-0.587178634085053,-1.12684335112443,0.259816598398085,0.675160084824232,1.12684335112443,FALSE,TRUE,FALSE,FALSE,FALSE
"SEPTIN1","turquoise",0.924645074190667,713.684417166008,713.68394777388,0.000469392128138679,1322.87384937954,-0.243742053747427,-0.467760740447713,0.639958669665183,0.715719096269614,0.467760740447713,FALSE,TRUE,FALSE,FALSE,FALSE
"DLST","turquoise",0.972693256531028,1247.77202524253,1247.59614821685,0.175877025681984,1322.87384937954,-0.470546047398777,-0.903015971852251,0.366523757454585,0.675160084824232,0.903015971852251,FALSE,TRUE,FALSE,FALSE,FALSE
"DYNC1LI2","turquoise",0.982130264573615,1341.34193777771,1341.25967404989,0.0822637278142793,1322.87384937954,-0.424253328163332,-0.81417649465088,0.415549499277777,0.675160084824232,0.81417649465088,FALSE,TRUE,TRUE,FALSE,FALSE
"DNM2","turquoise",0.986878809581471,1452.12592148158,1452.03626552072,0.089655960863638,1322.87384937954,-0.556400519839296,-1.0677776573394,0.285628331097933,0.675160084824232,1.0677776573394,FALSE,TRUE,TRUE,FALSE,FALSE
"DNMT1","turquoise",0.964332549361579,1110.51268981834,1110.50424711545,0.00844270289030646,1322.87384937954,-0.280390919654125,-0.538092882109447,0.590516416470551,0.693960588073155,0.538092882109447,FALSE,TRUE,FALSE,FALSE,FALSE
"DOK1","turquoise",0.933817623854624,754.98277671014,754.97976080035,0.00301590978995137,1322.87384937954,-0.389222180793343,-0.746948885871071,0.455099533587237,0.675160084824232,0.746948885871071,FALSE,TRUE,FALSE,FALSE,FALSE
"DPAGT1","turquoise",0.922339010079631,673.189216763339,673.17479716902,0.0144195943186105,1322.87384937954,-0.431830962522459,-0.828718588656293,0.407269429237228,0.675160084824232,0.828718588656293,FALSE,TRUE,FALSE,FALSE,FALSE
"DPYSL2","turquoise",0.917262800399281,669.661888000659,669.572127025487,0.0897609751714299,1322.87384937954,-0.658566082651421,-1.26384164619369,0.206295456028847,0.675160084824232,1.26384164619369,FALSE,TRUE,FALSE,FALSE,FALSE
"ARID3A","turquoise",0.955275910904203,911.580865192574,911.571871168744,0.00899402383015513,1322.87384937954,-0.3641785048166,-0.698888043524381,0.484626737244555,0.675160084824232,0.698888043524381,FALSE,TRUE,FALSE,FALSE,FALSE
"ATN1","turquoise",0.966772706038474,1142.56763125115,1142.54181569568,0.0258155554693076,1322.87384937954,-0.193188130115179,-0.370743666917754,0.710830751669227,0.765881669052683,0.370743666917754,FALSE,TRUE,FALSE,FALSE,FALSE
"TSC22D3","turquoise",0.907244690136098,466.935854772943,466.714813962329,0.221040810613545,1322.87384937954,-0.705666916509085,-1.35423196079978,0.175671303587374,0.675160084824232,1.35423196079978,FALSE,TRUE,FALSE,FALSE,FALSE
"DUSP1","grey",NA,0.96029708842538,0.799895173035356,0.160401915390024,1.16729646183719,-0.59910987937914,-0.986170016378239,0.327056699826827,0.675160084824232,0.986170016378239,FALSE,NA,FALSE,FALSE,FALSE
"DUSP2","turquoise",0.730430876791891,39.7152019105773,39.7126408509085,0.00256105966884945,1322.87384937954,-0.759187569207445,-1.45694242766641,0.145141424017321,0.675160084824232,1.45694242766641,FALSE,FALSE,FALSE,FALSE,FALSE
"DUSP5","turquoise",0.906852146302362,534.742599078466,534.730192594887,0.0124064835796389,1322.87384937954,-0.254816719592237,-0.489013921079182,0.624834966843572,0.70738144799485,0.489013921079182,FALSE,TRUE,FALSE,FALSE,FALSE
"DUSP6","turquoise",0.871730190333525,398.345418349787,397.601273557654,0.744144792133284,1322.87384937954,-0.402792172771032,-0.772990799434051,0.439533150505039,0.675160084824232,0.772990799434051,FALSE,TRUE,FALSE,FALSE,FALSE
"DUSP7","turquoise",0.946855607198702,930.027448136778,930.018096392131,0.00935174464700594,1322.87384937954,-0.386717833819143,-0.742142841214521,0.458005875602629,0.675160084824232,0.742142841214521,FALSE,TRUE,FALSE,FALSE,FALSE
"DVL2","turquoise",0.97647775050241,1319.60990496494,1319.58481630114,0.0250886638004886,1322.87384937954,-0.233728771842138,-0.448544441551737,0.653763152583034,0.726344654180073,0.448544441551737,FALSE,TRUE,FALSE,FALSE,FALSE
"DVL3","turquoise",0.964913280279788,1141.55894230745,1141.33514457042,0.223797737032783,1322.87384937954,-0.488734004914792,-0.937920135266491,0.348292056451548,0.675160084824232,0.937920135266491,FALSE,TRUE,FALSE,FALSE,FALSE
"TOR1A","turquoise",0.931558939241487,786.034504409051,785.476305735146,0.558198673905054,1322.87384937954,-0.472850069649493,-0.907437577141258,0.364181818435571,0.675160084824232,0.907437577141258,FALSE,TRUE,FALSE,FALSE,FALSE
"E2F4","turquoise",0.93753452833556,783.114670401856,782.8263405606,0.288329841256086,1322.87384937954,-0.39889733374455,-0.765516287920991,0.443969436770832,0.675160084824232,0.765516287920991,FALSE,TRUE,FALSE,FALSE,FALSE
"E4F1","turquoise",0.964332436452604,1064.97651498153,1064.92040241335,0.0561125681763315,1322.87384937954,-0.37228290858034,-0.714441050677353,0.474959355900774,0.675160084824232,0.714441050677353,FALSE,TRUE,FALSE,FALSE,FALSE
"GPR183","turquoise",0.896945927544878,457.255986456753,457.251433575424,0.00455288132911846,1322.87384937954,-0.445775264204274,-0.855478832854739,0.392292091289122,0.675160084824232,0.855478832854739,FALSE,TRUE,FALSE,FALSE,FALSE
"ECE1","turquoise",0.879412788439942,367.934087932823,367.856819809918,0.0772681229050818,1322.87384937954,-0.592410931055084,-1.1368845527444,0.255594490016419,0.675160084824232,1.1368845527444,FALSE,TRUE,FALSE,FALSE,FALSE
"TYMP","turquoise",0.841085616833184,222.685030042274,222.683036210114,0.0019938321599966,1322.87384937954,-0.667599603245081,-1.28117770378726,0.200139914272005,0.675160084824232,1.28117770378726,FALSE,TRUE,FALSE,FALSE,FALSE
"ECHS1","turquoise",0.959302198088839,988.887707922578,988.876789735216,0.0109181873626767,1322.87384937954,-0.531842889551729,-1.02064957603236,0.307427688435518,0.675160084824232,1.02064957603236,FALSE,TRUE,FALSE,FALSE,FALSE
"S1PR1","turquoise",0.956356033065899,980.701172380242,980.694607207881,0.00656517236120635,1322.87384937954,-0.0574967834235478,-0.110144291284386,0.912299804764875,0.929198257572204,0.110144291284386,FALSE,TRUE,FALSE,FALSE,FALSE
"EEF1A1","turquoise",0.829468795744975,202.58569639179,202.576834501375,0.00886189041591479,1322.87384937954,-0.586346082471662,-1.1251082870598,0.260551786133027,0.675160084824232,1.1251082870598,FALSE,TRUE,FALSE,FALSE,FALSE
"EEF1B2","turquoise",0.78723367696143,127.527664526286,127.525472048543,0.00219247774278131,1322.87384937954,-0.29576895915741,-0.565444396602154,0.571824471317517,0.688257984588534,0.565444396602154,FALSE,FALSE,FALSE,FALSE,FALSE
"EEF1D","turquoise",0.93558218076549,697.013337627866,696.989611554528,0.0237260733383664,1322.87384937954,-0.465491657711459,-0.893316188715522,0.371694136303979,0.675160084824232,0.893316188715522,FALSE,TRUE,FALSE,FALSE,FALSE
"EEF1G","turquoise",0.917938257929713,602.372808450487,602.370845218866,0.00196323162083445,1322.87384937954,-0.436820236076521,-0.838293408659913,0.401871776397777,0.675160084824232,0.838293408659913,FALSE,TRUE,FALSE,FALSE,FALSE
"EFNA4","turquoise",0.881330599104182,351.903961420569,351.903149531397,0.000811889172439351,1322.87384937954,0.0416038583898713,0.079841173514086,0.936364042725879,0.949357200017002,0.079841173514086,FALSE,TRUE,FALSE,FALSE,FALSE
"EGR1","grey",NA,0.274369834395862,0.198892467458013,0.0754773669378488,1.16729646183719,0.0132916435937423,0.00857074002844187,0.993371495112787,0.994995409280416,0.00857074002844187,FALSE,NA,FALSE,FALSE,FALSE
"EIF2B1","turquoise",0.982558532082981,1397.15483739699,1397.10550980082,0.04932759616986,1322.87384937954,-0.263996950126159,-0.50663152692933,0.612416638516797,0.701028773588083,0.50663152692933,FALSE,TRUE,TRUE,FALSE,FALSE
"EIF2S3","turquoise",0.987706345394987,1427.38421145847,1427.35035822884,0.0338532296254925,1322.87384937954,-0.70034442085865,-1.34401766060743,0.17895156258486,0.675160084824232,1.34401766060743,FALSE,TRUE,TRUE,FALSE,FALSE
"EIF4A1","turquoise",0.967160209705689,1169.8987039784,1169.89300202487,0.00570195353930103,1322.87384937954,-0.613334524070868,-1.17703862222652,0.239188255935008,0.675160084824232,1.17703862222652,FALSE,TRUE,FALSE,FALSE,FALSE
"EIF4A2","turquoise",0.958486387373038,1022.52129063745,1022.43754589316,0.0837447442924031,1322.87384937954,-0.593452177158802,-1.1386832608635,0.254845908055751,0.675160084824232,1.1386832608635,FALSE,TRUE,FALSE,FALSE,FALSE
"EIF4B","turquoise",0.958792601699404,987.945852626373,987.934968535986,0.0108840903869805,1322.87384937954,-0.696519955780327,-1.33667820240008,0.181336562820542,0.675160084824232,1.33667820240008,FALSE,TRUE,FALSE,FALSE,FALSE
"EIF4EBP1","turquoise",0.879668248450582,386.449544663522,386.448972179962,0.000572483559778902,1322.87384937954,-0.741431292041898,-1.4228666938041,0.1547838943639,0.675160084824232,1.4228666938041,FALSE,TRUE,FALSE,FALSE,FALSE
"EIF4G1","turquoise",0.929841566192843,771.349456446131,771.072545063078,0.276911383052834,1322.87384937954,-0.503773994610794,-0.966783093497809,0.333659291884896,0.675160084824232,0.966783093497809,FALSE,TRUE,FALSE,FALSE,FALSE
"EIF4G2","turquoise",0.965099644486171,1165.05718042927,1164.80897449987,0.248205929399319,1322.87384937954,-0.703766722352194,-1.3505853343266,0.17683720840503,0.675160084824232,1.3505853343266,FALSE,TRUE,FALSE,FALSE,FALSE
"EIF5","turquoise",0.955991367494599,986.903130895957,986.618705395518,0.284425500439511,1322.87384937954,-0.516244991771145,-0.99071594700487,0.32183128821,0.675160084824232,0.99071594700487,FALSE,TRUE,FALSE,FALSE,FALSE
"EIF5A","turquoise",0.945041830757701,818.669482110909,818.661621479394,0.00786063151451799,1322.87384937954,-0.488928562336715,-0.93829350671528,0.348100200326774,0.675160084824232,0.93829350671528,FALSE,TRUE,FALSE,FALSE,FALSE
"ELANE","grey",NA,1.57170769361818,1.57100695282959,0.000700740788590615,1.16729646183719,0.079020246311011,0.151646252078851,0.879466842908049,0.902616245329653,0.151646252078851,FALSE,NA,TRUE,FALSE,FALSE
"SERPINB1","turquoise",0.96237742110643,995.043110739093,995.016242729472,0.0268680096213529,1322.87384937954,-0.725534051393969,-1.39235860157207,0.163822857165647,0.675160084824232,1.39235860157207,FALSE,TRUE,FALSE,FALSE,FALSE
"ELF1","turquoise",0.96918538090824,1210.38820381666,1210.28922286551,0.0989809511497697,1322.87384937954,-0.5646942486293,-1.08369399455015,0.278508114037952,0.675160084824232,1.08369399455015,FALSE,TRUE,FALSE,FALSE,FALSE
"ELF4","turquoise",0.962093679950835,1138.91195128602,1138.83425217643,0.0776991095879112,1322.87384937954,-0.464049819004879,-0.890549183471137,0.37317731559371,0.675160084824232,0.890549183471137,FALSE,TRUE,FALSE,FALSE,FALSE
"EMD","turquoise",0.923965890983849,611.561164550109,611.557638128583,0.00352642152586213,1322.87384937954,-0.370906898849709,-0.711800376568938,0.476593238826237,0.675160084824232,0.711800376568938,FALSE,TRUE,FALSE,FALSE,FALSE
"MARK2","turquoise",0.947025466757878,867.801648403346,867.797775765113,0.00387263823267858,1322.87384937954,-0.574047460311965,-1.10164356523351,0.270624388159857,0.675160084824232,1.10164356523351,FALSE,TRUE,FALSE,FALSE,FALSE
"EMP3","turquoise",0.91818039914552,646.780221809383,646.779956734343,0.00026507504003348,1322.87384937954,-0.498745381089336,-0.957132776910834,0.338506985330716,0.675160084824232,0.957132776910834,FALSE,TRUE,FALSE,FALSE,FALSE
"ADGRE1","turquoise",0.865602602782459,290.225621331305,290.218357662138,0.00726366916637744,1322.87384937954,-0.483060524054302,-0.927032266031711,0.353916302357277,0.675160084824232,0.927032266031711,FALSE,TRUE,FALSE,FALSE,FALSE
"ENDOG","turquoise",0.95883661288,1019.08666359466,1019.07348056756,0.0131830270998989,1322.87384937954,-0.171150546280643,-0.328451758838556,0.742572118006577,0.789120865740885,0.328451758838556,FALSE,TRUE,FALSE,FALSE,FALSE
"ENO1","turquoise",0.955983136745382,1002.16413714413,1002.15880643441,0.00533070971960115,1322.87384937954,-0.661951249931392,-1.27033805634973,0.203972851479568,0.675160084824232,1.27033805634973,FALSE,TRUE,FALSE,FALSE,FALSE
"SLC29A1","turquoise",0.825895462364165,170.410561290786,170.393142212479,0.0174190783074835,1322.87384937954,-0.598667265197915,-1.14889096463002,0.250608952550661,0.675160084824232,1.14889096463002,FALSE,TRUE,FALSE,FALSE,FALSE
"EP300","turquoise",0.95675120709205,1040.16712490281,1039.84383761186,0.323287290951839,1322.87384937954,-0.451654338212537,-0.866761251989934,0.38607889780111,0.675160084824232,0.866761251989934,FALSE,TRUE,FALSE,FALSE,FALSE
"EPB41","brown",0.951830117735788,8.27916432798948,7.12280815625788,1.1563561717316,7.78987287898542,-0.461896905105113,-0.886417567345024,0.37539876871017,0.675160084824232,0.886417567345024,FALSE,TRUE,FALSE,FALSE,FALSE
"EPB42","blue",0.976785084338644,20.5762165661872,20.54582511447,0.0303914517171968,19.5381539006617,0.393196316370635,0.75457557388692,0.450508862961161,0.675160084824232,0.75457557388692,FALSE,TRUE,TRUE,FALSE,FALSE
"DMTN","blue",0.937842509077487,13.756829990198,13.7252670102419,0.0315629799560977,19.5381539006617,0.0181583517027226,0.0348473474609228,0.972201668429684,0.977901725116068,0.0348473474609228,FALSE,TRUE,FALSE,FALSE,FALSE
"STOM","turquoise",0.647664290253133,27.2263452316163,23.5059069875556,3.72043824406067,1322.87384937954,-0.275263717217261,-0.528253365409641,0.597326910923581,0.695822020816178,0.528253365409641,FALSE,FALSE,FALSE,FALSE,FALSE
"EPHA1","turquoise",0.895030089810514,439.839396135082,439.839081687725,0.000314447357141034,1322.87384937954,-0.522412417515185,-1.00255173647302,0.316084262366421,0.675160084824232,1.00255173647302,FALSE,TRUE,FALSE,FALSE,FALSE
"EPRS1","turquoise",0.968743650661769,1189.04177445943,1189.00243408849,0.0393403709360882,1322.87384937954,-0.428253054326749,-0.82185229307394,0.41116667817898,0.675160084824232,0.82185229307394,FALSE,TRUE,FALSE,FALSE,FALSE
"EPS15","turquoise",0.973278219480487,1248.80720216297,1248.66944571179,0.137756451177893,1322.87384937954,-0.652880711838241,-1.25293095917679,0.210239372179766,0.675160084824232,1.25293095917679,FALSE,TRUE,FALSE,FALSE,FALSE
"ERCC1","turquoise",0.962579970509762,1090.29445915723,1090.28984226198,0.00461689524877329,1322.87384937954,-0.355491758290782,-0.682217473450294,0.49510605261519,0.675160084824232,0.682217473450294,FALSE,TRUE,FALSE,FALSE,FALSE
"ERCC3","turquoise",0.982127657907954,1376.88516181811,1376.82704251265,0.0581193054613323,1322.87384937954,-0.270330339051658,-0.518785813183128,0.603913457825625,0.697580051320361,0.518785813183128,FALSE,TRUE,TRUE,FALSE,FALSE
"ERF","turquoise",0.956504163558123,925.934872525525,925.927679889166,0.00719263635892275,1322.87384937954,-0.621258087071884,-1.19224458131055,0.233173602799713,0.675160084824232,1.19224458131055,FALSE,TRUE,FALSE,FALSE,FALSE
"ERH","turquoise",0.900950922508341,443.518835849624,443.510213016243,0.008622833380457,1322.87384937954,-0.619824487642912,-1.18949338790715,0.234253802351633,0.675160084824232,1.18949338790715,FALSE,TRUE,FALSE,FALSE,FALSE
"FBL","turquoise",0.936450922620968,788.015889926244,788.014923615318,0.000966310926287406,1322.87384937954,-0.483757603146225,-0.92837001726165,0.353222196279332,0.675160084824232,0.92837001726165,FALSE,TRUE,FALSE,FALSE,FALSE
"ESD","turquoise",0.964281225884522,1106.22526406278,1106.22024622027,0.00501784250946002,1322.87384937954,-0.465139016521217,-0.892639441713007,0.372056550295165,0.675160084824232,0.892639441713007,FALSE,TRUE,FALSE,FALSE,FALSE
"ESRRA","turquoise",0.975799423230517,1208.83941514438,1208.82826993464,0.0111452097391975,1322.87384937954,-0.267657325658446,-0.513656084009142,0.607495768466137,0.698913452508386,0.513656084009142,FALSE,TRUE,FALSE,FALSE,FALSE
"ETFB","turquoise",0.952138364381715,847.75161150366,847.738065221334,0.0135462823260468,1322.87384937954,-0.409577013928303,-0.786011459081212,0.43186620175652,0.675160084824232,0.786011459081212,FALSE,TRUE,FALSE,FALSE,FALSE
"ETS1","turquoise",0.977422961264103,1295.53216334053,1295.50088058353,0.0312827569996443,1322.87384937954,-0.754590754361901,-1.4479026659581,0.147655414191548,0.675160084824232,1.4479026659581,FALSE,TRUE,FALSE,FALSE,FALSE
"EVI2A","turquoise",0.888382339298674,423.66402765647,423.543370865227,0.120656791243164,1322.87384937954,-0.632954797781208,-1.21454468497991,0.224548938295572,0.675160084824232,1.21454468497991,FALSE,TRUE,FALSE,FALSE,FALSE
"EVI2B","turquoise",0.948462750981829,932.503286696383,932.316571238733,0.186715457650166,1322.87384937954,-0.650513324209083,-1.24838775059495,0.211897610799927,0.675160084824232,1.24838775059495,FALSE,TRUE,FALSE,FALSE,FALSE
"EWSR1","turquoise",0.975924801689917,1281.22674800312,1281.17322178631,0.0535262168050394,1322.87384937954,-0.454506656625096,-0.87223508201696,0.383086247951139,0.675160084824232,0.87223508201696,FALSE,TRUE,FALSE,FALSE,FALSE
"EZH1","turquoise",0.990980178913689,1487.47946151921,1487.43027096141,0.049190557798056,1322.87384937954,-0.452378902251814,-0.868151749059699,0.385317336493655,0.675160084824232,0.868151749059699,FALSE,TRUE,TRUE,FALSE,FALSE
"F2RL1","turquoise",0.866452930380663,264.778616169126,264.776513499804,0.00210266932162995,1322.87384937954,-0.270769664727075,-0.519628914732785,0.60332559289575,0.697107615282832,0.519628914732785,FALSE,TRUE,FALSE,FALSE,FALSE
"F13A1","turquoise",0.659240002128685,25.1054002255522,25.0707899044526,0.0346103210996453,1322.87384937954,-0.727542340145281,-1.39621267032592,0.162659494868245,0.675160084824232,1.39621267032592,FALSE,FALSE,FALSE,FALSE,FALSE
"FANCA","turquoise",0.975347066905742,1232.96522064992,1232.9325328947,0.0326877552270162,1322.87384937954,-0.33393030381249,-0.640839296164782,0.521631378821053,0.675868213972517,0.640839296164782,FALSE,TRUE,FALSE,FALSE,FALSE
"ACSL1","turquoise",0.907756921879725,532.819327362664,532.595674793359,0.223652569304249,1322.87384937954,-0.503694350177653,-0.966385104114338,0.333862846896641,0.675160084824232,0.966385104114338,FALSE,TRUE,FALSE,FALSE,FALSE
"ACSL4","turquoise",0.95680808368308,994.801629952225,994.67807178296,0.123558169264811,1322.87384937954,-0.545251444217227,-1.04638167831934,0.295392219396434,0.675160084824232,1.04638167831934,FALSE,TRUE,FALSE,FALSE,FALSE
"PTK2B","turquoise",0.952303925850074,972.531590887163,972.362325896805,0.169264990357533,1322.87384937954,-0.214877222879851,-0.412366792411538,0.680073175453412,0.744280135116021,0.412366792411538,FALSE,TRUE,FALSE,FALSE,FALSE
"FARSA","turquoise",0.941010739171933,876.471135956627,876.469606736825,0.00152921980179599,1322.87384937954,-0.334653653379996,-0.642227462564865,0.520729794988089,0.675868213972517,0.642227462564865,FALSE,TRUE,FALSE,FALSE,FALSE
"FASN","turquoise",0.92779046464082,707.307755333153,707.244528686659,0.0632266464934901,1322.87384937954,-0.293574926231374,-0.563394058430181,0.573170263795262,0.688257984588534,0.563394058430181,FALSE,TRUE,FALSE,FALSE,FALSE
"FAU","turquoise",0.761449251899641,88.4468830098795,88.4467532940074,0.000129715872105862,1322.87384937954,-0.551228954544421,-1.05785300472237,0.290129910623407,0.675160084824232,1.05785300472237,FALSE,FALSE,FALSE,FALSE,FALSE
"FBP1","turquoise",0.900857559586261,523.353188050198,523.31730822402,0.0358798261778475,1322.87384937954,-0.865427947405623,-1.66082631724306,0.0967574706584846,0.675160084824232,1.66082631724306,FALSE,TRUE,FALSE,FALSE,FALSE
"FCAR","turquoise",0.88290712659813,327.838038157626,327.763283310729,0.0747548468967807,1322.87384937954,-1.01336920780089,-1.94473757687725,0.0518147298759019,0.675160084824232,1.94473757687725,FALSE,TRUE,FALSE,FALSE,FALSE
"FCER1G","turquoise",0.866729759201473,316.023550034478,316.015748035274,0.00780199920399127,1322.87384937954,-0.106252677956175,-0.203907493808329,0.838426998185285,0.867554498242867,0.203907493808329,FALSE,TRUE,FALSE,FALSE,FALSE
"FCER2","turquoise",0.808477433629019,118.689211531708,118.687364199298,0.00184733240972434,1322.87384937954,-0.144233557083082,-0.276795876711948,0.781938514737737,0.820385100222641,0.276795876711948,FALSE,TRUE,FALSE,FALSE,FALSE
"FCGR2A","turquoise",0.933367053833428,714.105507048208,714.011568470035,0.0939385781732653,1322.87384937954,-0.378361428629945,-0.726106222917905,0.467778607230741,0.675160084824232,0.726106222917905,FALSE,TRUE,FALSE,FALSE,FALSE
"FCGR3A","turquoise",0.844404693690696,268.513666137657,268.454334265791,0.0593318718660498,1322.87384937954,-0.793032838367935,-1.52189424012454,0.128044797819967,0.675160084824232,1.52189424012454,FALSE,TRUE,FALSE,FALSE,FALSE
"FCGR3B","turquoise",0.781750211516148,112.307546749922,112.302183941676,0.00536280824621826,1322.87384937954,-0.924623421244312,-1.77408986746464,0.0760605978989581,0.675160084824232,1.77408986746464,FALSE,FALSE,FALSE,FALSE,FALSE
"FCGRT","turquoise",0.733641985525406,69.3349346229249,69.3348904770807,4.41458441429177e-05,1322.87384937954,-0.588061426264055,-1.12853750080833,0.25910087911334,0.675160084824232,1.12853750080833,FALSE,FALSE,FALSE,FALSE,FALSE
"FCN1","turquoise",0.929043839732781,728.130142694514,728.077007620581,0.0531350739335039,1322.87384937954,-0.73588257990939,-1.41221826586264,0.157894772972913,0.675160084824232,1.41221826586264,FALSE,TRUE,FALSE,FALSE,FALSE
"FDPS","turquoise",0.9816393984797,1369.22726859455,1369.21209244044,0.0151761541042106,1322.87384937954,-0.481909288263084,-0.924822951316212,0.355064513967354,0.675160084824232,0.924822951316212,FALSE,TRUE,TRUE,FALSE,FALSE
"FECH","blue",0.96603124483628,18.779045613,18.6926207715839,0.0864248414161146,19.5381539006617,0.152015731384609,0.291730499431373,0.770494451528697,0.811156284390422,0.291730499431373,FALSE,TRUE,FALSE,FALSE,FALSE
"FES","turquoise",0.943199064217734,811.604018458975,811.569603428888,0.0344150300875299,1322.87384937954,-0.621144424251818,-1.19202645315392,0.233259117182999,0.675160084824232,1.19202645315392,FALSE,TRUE,FALSE,FALSE,FALSE
"FGR","turquoise",0.929509262524205,744.678462621344,744.548063267704,0.130399353640541,1322.87384937954,-0.557066928870886,-1.06905655023976,0.285051709213906,0.675160084824232,1.06905655023976,FALSE,TRUE,FALSE,FALSE,FALSE
"FHL3","turquoise",0.90849298519337,533.782317423109,533.778006350285,0.00431107282383891,1322.87384937954,-0.471576629638409,-0.9049937426312,0.365475056471651,0.675160084824232,0.9049937426312,FALSE,TRUE,FALSE,FALSE,FALSE
"FKBP1A","turquoise",0.958954557742254,1004.08061913938,1004.01854246061,0.0620766787682214,1322.87384937954,-0.791908167956592,-1.51973590652441,0.128586577468335,0.675160084824232,1.51973590652441,FALSE,TRUE,FALSE,FALSE,FALSE
"FKBP2","turquoise",0.92594383990372,591.995758314743,591.98374425517,0.012014059572607,1322.87384937954,-0.381493240190525,-0.73211642293057,0.464102511169368,0.675160084824232,0.73211642293057,FALSE,TRUE,FALSE,FALSE,FALSE
"FKBP5","turquoise",0.963667015259047,1023.32947315921,1023.28011800016,0.0493551590465131,1322.87384937954,-0.63214798774935,-1.21314318262278,0.225083433966624,0.675160084824232,1.21314318262278,FALSE,TRUE,FALSE,FALSE,FALSE
"FLI1","turquoise",0.964334780723077,1169.76492361592,1169.6009535167,0.163970099214566,1322.87384937954,-0.510505109243266,-0.979700647592871,0.327240813817424,0.675160084824232,0.979700647592871,FALSE,TRUE,FALSE,FALSE,FALSE
"FLII","turquoise",0.935362895935208,813.790617454736,813.49669037301,0.293927081725883,1322.87384937954,-0.541671847695964,-1.03951214270352,0.298573938606852,0.675160084824232,1.03951214270352,FALSE,TRUE,FALSE,FALSE,FALSE
"FLNA","turquoise",0.861536614224505,313.898668564691,313.713386094273,0.185282470417746,1322.87384937954,-0.667321619594988,-1.28064423065038,0.200327313141616,0.675160084824232,1.28064423065038,FALSE,TRUE,FALSE,FALSE,FALSE
"FLOT2","turquoise",0.935798337106442,747.217910520776,747.137007565749,0.0809029550267724,1322.87384937954,-0.409488733437071,-0.785842041669193,0.431965459533566,0.675160084824232,0.785842041669193,FALSE,TRUE,FALSE,FALSE,FALSE
"FLT3LG","turquoise",0.88244116721999,456.051562652568,456.05146514944,9.750312824508e-05,1322.87384937954,-0.441065924593363,-0.846441228758312,0.397312550017716,0.675160084824232,0.846441228758312,FALSE,TRUE,FALSE,FALSE,FALSE
"FNTA","turquoise",0.9692323036866,1134.9156751477,1134.84038890153,0.0752862461670247,1322.87384937954,-0.699827554254018,-1.343025751735,0.179272518822767,0.675160084824232,1.343025751735,FALSE,TRUE,FALSE,FALSE,FALSE
"FOLR3","turquoise",0.471493138357987,0.715329068593158,0.714741213096924,0.000587855496233969,1322.87384937954,-0.580990680489381,-0.374303549631832,0.717904905371105,0.771779242554348,0.374303549631832,FALSE,FALSE,FALSE,FALSE,FALSE
"FOS","grey",NA,1.09549101754302,0.977758167721783,0.117732849821239,1.16729646183719,-0.32824668500832,-0.231385938367681,0.822817518666842,0.855116146731787,0.231385938367681,FALSE,NA,FALSE,FALSE,FALSE
"FOSB","grey",NA,0.449798700575389,0.311601654406789,0.1381970461686,1.16729646183719,-0.88728969748837,-1.70235045852733,0.0887047612084363,0.675160084824232,1.70235045852733,FALSE,NA,FALSE,FALSE,FALSE
"FOSL2","turquoise",0.940590550383023,839.842152601891,839.54546115467,0.296691447220837,1322.87384937954,-0.651215020031721,-1.24973436170501,0.211405124782496,0.675160084824232,1.24973436170501,FALSE,TRUE,FALSE,FALSE,FALSE
"FPGS","turquoise",0.971318968860382,1209.4286183119,1209.42300060412,0.00561770777972015,1322.87384937954,-0.500657316961548,-0.960801936686607,0.336658535102556,0.675160084824232,0.960801936686607,FALSE,TRUE,FALSE,FALSE,FALSE
"FPR1","turquoise",0.830160640259022,180.050542777154,180.049318655449,0.00122412170549069,1322.87384937954,-0.512652633128131,-0.983821919843882,0.325210016740697,0.675160084824232,0.983821919843882,FALSE,TRUE,FALSE,FALSE,FALSE
"FPR2","turquoise",0.912685280109776,505.491727291202,505.451680082033,0.0400472091690176,1322.87384937954,0.0758487642672666,0.145544106812359,0.884282185301272,0.90604068149956,0.145544106812359,FALSE,TRUE,FALSE,FALSE,FALSE
"FTH1","turquoise",0.524498964517868,6.21130228463055,4.87602610739375,1.33527617723681,1322.87384937954,-0.900720624782005,-1.72855582328499,0.0838976178686186,0.675160084824232,1.72855582328499,FALSE,FALSE,FALSE,FALSE,FALSE
"FUS","turquoise",0.970011353156535,1187.61654604557,1187.56367095767,0.0528750878972915,1322.87384937954,-0.386128296990042,-0.741011472296183,0.458691555432204,0.675160084824232,0.741011472296183,FALSE,TRUE,FALSE,FALSE,FALSE
"FYB1","turquoise",0.960435294454974,986.569201137751,986.562444893776,0.00675624397490537,1322.87384937954,-0.63028569261435,-1.20956928744185,0.226452542797287,0.675160084824232,1.20956928744185,FALSE,TRUE,FALSE,FALSE,FALSE
"FYN","turquoise",0.974191982093705,1283.31021679348,1283.30159864058,0.00861815290181767,1322.87384937954,-0.443922360788649,-0.851922961143865,0.394262797769004,0.675160084824232,0.851922961143865,FALSE,TRUE,FALSE,FALSE,FALSE
"IFI6","turquoise",0.506997853905239,6.19553598617007,6.19528603288497,0.000249953285099913,1322.87384937954,-0.00931514088302892,-0.0178627369481828,0.985748756595299,0.989123941528006,0.0178627369481828,FALSE,FALSE,FALSE,FALSE,FALSE
"G6PD","turquoise",0.910673274850731,530.81730798512,530.715885704292,0.10142228082816,1322.87384937954,-0.531227214080661,-1.01946804494326,0.307988004211609,0.675160084824232,1.01946804494326,FALSE,TRUE,FALSE,FALSE,FALSE
"XRCC6","turquoise",0.965678242502974,1150.95991234013,1150.95505469684,0.00485764329323501,1322.87384937954,-0.601057316547133,-1.15347766672607,0.248722413925088,0.675160084824232,1.15347766672607,FALSE,TRUE,FALSE,FALSE,FALSE
"GAA","turquoise",0.932947260499322,694.482027106502,694.446268832625,0.0357582738769224,1322.87384937954,-0.480967884829886,-0.923016321888903,0.356005189865424,0.675160084824232,0.923016321888903,FALSE,TRUE,FALSE,FALSE,FALSE
"GABBR1","turquoise",0.923545006735573,662.347901283486,662.219427718699,0.128473564786759,1322.87384937954,-0.269279531789209,-0.516769228947483,0.60532059347134,0.698847920699482,0.516769228947483,FALSE,TRUE,FALSE,FALSE,FALSE
"GAK","turquoise",0.97490890719346,1280.6928946259,1280.64057931833,0.0523153075644132,1322.87384937954,-0.437763272957139,-0.840103172805103,0.400856394986203,0.675160084824232,0.840103172805103,FALSE,TRUE,FALSE,FALSE,FALSE
"GALC","turquoise",0.962917248464546,1066.44493473875,1066.36996446637,0.0749702723826431,1322.87384937954,-0.389022536266367,-0.74656575185571,0.45533084319099,0.675160084824232,0.74656575185571,FALSE,TRUE,FALSE,FALSE,FALSE
"GALK1","turquoise",0.885964741909686,402.888973516914,402.887692871466,0.00128064544759354,1322.87384937954,-0.282598534404146,-0.542329473597114,0.58759507712,0.69293244040904,0.542329473597114,FALSE,TRUE,FALSE,FALSE,FALSE
"GALT","turquoise",0.944038826981431,884.243392255425,884.24217781897,0.0012144364550295,1322.87384937954,-0.38907940701741,-0.746674891432607,0.455264945583562,0.675160084824232,0.746674891432607,FALSE,TRUE,FALSE,FALSE,FALSE
"GAPDH","turquoise",0.930996997468976,679.4877899533,679.485146491444,0.00264346185531394,1322.87384937954,-0.703201170055472,-1.34949999366828,0.177185326103323,0.675160084824232,1.34949999366828,FALSE,TRUE,FALSE,FALSE,FALSE
"GARS1","turquoise",0.953491266077538,991.851682939088,991.736835955458,0.114846983629718,1322.87384937954,-0.461199437886164,-0.88507907126789,0.376120188562292,0.675160084824232,0.88507907126789,FALSE,TRUE,FALSE,FALSE,FALSE
"GATA3","turquoise",0.960675082294724,1052.9706402347,1052.95294449232,0.0176957423793738,1322.87384937954,-0.549289893543277,-1.05413178962746,0.29183000628363,0.675160084824232,1.05413178962746,FALSE,TRUE,FALSE,FALSE,FALSE
"GBA1","turquoise",0.93825040649584,798.079328441432,798.046997367783,0.0323310736494022,1322.87384937954,-0.351060509980869,-0.673713549081542,0.500497984304954,0.675272681317988,0.673713549081542,FALSE,TRUE,FALSE,FALSE,FALSE
"GBA1LP","turquoise",0.839310942427312,240.924744558697,240.912280464463,0.012464094234133,1322.87384937954,-0.211141133373587,-0.405196934084013,0.685335284654313,0.748320528483287,0.405196934084013,FALSE,TRUE,FALSE,FALSE,FALSE
"NIPSNAP2","turquoise",0.964676133714678,1071.71867581073,1071.62961448397,0.0890613267633853,1322.87384937954,-0.640815019149667,-1.22977591777442,0.21878946074383,0.675160084824232,1.22977591777442,FALSE,TRUE,FALSE,FALSE,FALSE
"GBP1","turquoise",0.891252179432842,420.452362322607,420.42565885484,0.0267034677670495,1322.87384937954,-0.485493059209144,-0.931700497991277,0.351497884482804,0.675160084824232,0.931700497991277,FALSE,TRUE,FALSE,FALSE,FALSE
"GBP2","turquoise",0.946647218008379,832.228483418491,832.155639698257,0.0728437202336636,1322.87384937954,-0.717629510252716,-1.3771891469774,0.168462760376424,0.675160084824232,1.3771891469774,FALSE,TRUE,FALSE,FALSE,FALSE
"GCHFR","turquoise",0.768289518577171,105.780300570823,105.779581101909,0.000719468914539334,1322.87384937954,-0.218543769689191,-0.419403192671792,0.674924116853145,0.740155852002849,0.419403192671792,FALSE,FALSE,FALSE,FALSE,FALSE
"KAT2A","turquoise",0.929346247879875,729.61393650731,729.61035213391,0.00358437339968987,1322.87384937954,-0.150394464225383,-0.288619156455453,0.772874577842235,0.8130632976123,0.288619156455453,FALSE,TRUE,FALSE,FALSE,FALSE
"GDI1","turquoise",0.98225016570828,1356.16382983274,1356.12860097744,0.0352288552960545,1322.87384937954,-0.440830034049108,-0.845988535700429,0.397565039392083,0.675160084824232,0.845988535700429,FALSE,TRUE,TRUE,FALSE,FALSE
"GDI2","turquoise",0.966446114937241,1175.94841708243,1175.79564571334,0.152771369087077,1322.87384937954,-0.650863613984882,-1.24905998504272,0.211651655976058,0.675160084824232,1.24905998504272,FALSE,TRUE,FALSE,FALSE,FALSE
"GFER","turquoise",0.952523512018427,947.118226623062,947.115101852432,0.00312477063062033,1322.87384937954,-0.377196302826785,-0.723870252144615,0.469150329564363,0.675160084824232,0.723870252144615,FALSE,TRUE,FALSE,FALSE,FALSE
"B4GALT1","turquoise",0.976467335001669,1248.15698855967,1248.11727890213,0.0397096575402429,1322.87384937954,-0.654222710695041,-1.25550636366398,0.209303549247022,0.675160084824232,1.25550636366398,FALSE,TRUE,FALSE,FALSE,FALSE
"GGT7","turquoise",0.943467918347793,840.018165023113,840.004131608119,0.0140334149941737,1322.87384937954,-0.190290425684169,-0.365182737445762,0.714977254195668,0.76932700532996,0.365182737445762,FALSE,TRUE,FALSE,FALSE,FALSE
"GLB1","turquoise",0.959643032959966,1079.96969360972,1079.92090734227,0.0487862674465305,1322.87384937954,-0.507042425450988,-0.973055476972086,0.330532590070036,0.675160084824232,0.973055476972086,FALSE,TRUE,FALSE,FALSE,FALSE
"GLE1","turquoise",0.971632610363926,1211.88954212564,1211.81985125077,0.0696908748730038,1322.87384937954,-0.322129133120035,-0.618191893895118,0.536452956086216,0.676813488619187,0.618191893895118,FALSE,TRUE,FALSE,FALSE,FALSE
"GLG1","turquoise",0.974670125728821,1220.60847508517,1220.58641107336,0.0220640118075153,1322.87384937954,-0.550016878139206,-1.05552693194147,0.291191830739547,0.675160084824232,1.05552693194147,FALSE,TRUE,FALSE,FALSE,FALSE
"GLI4","turquoise",0.928851650367633,684.781332471558,684.779910478118,0.00142199344020355,1322.87384937954,-0.374821154381952,-0.719312149928986,0.471953510328437,0.675160084824232,0.719312149928986,FALSE,TRUE,FALSE,FALSE,FALSE
"GLO1","turquoise",0.962119299054347,1053.93645730368,1053.88491124397,0.0515460597091533,1322.87384937954,-0.327120853326345,-0.627771409222542,0.530157875977829,0.676813488619187,0.627771409222542,FALSE,TRUE,FALSE,FALSE,FALSE
"GLRX","turquoise",0.863305833988121,310.205440047514,310.138912766607,0.0665272809071098,1322.87384937954,-0.500238398691225,-0.959997998600008,0.337062986804564,0.675160084824232,0.959997998600008,FALSE,TRUE,FALSE,FALSE,FALSE
"GLUD1","turquoise",0.976660469627758,1289.56500541086,1289.50046419741,0.0645412134449543,1322.87384937954,-0.636244310208424,-1.22100435716,0.222092760059564,0.675160084824232,1.22100435716,FALSE,TRUE,FALSE,FALSE,FALSE
"GM2A","turquoise",0.902913668844168,462.155891992006,462.135377072261,0.0205149197450964,1322.87384937954,-1.23304864544877,-2.36632020833317,0.0179714205133753,0.675160084824232,2.36632020833317,FALSE,TRUE,FALSE,FALSE,FALSE
"GMPR","blue",0.968760833505324,19.6895077556059,19.6072141669162,0.082293588689641,19.5381539006617,-0.104029523456308,-0.199641080282229,0.84176248010213,0.870585791453589,0.199641080282229,FALSE,TRUE,TRUE,FALSE,FALSE
"GNA15","turquoise",0.914464486811889,590.544011970646,590.538458298431,0.00555367221454617,1322.87384937954,-0.652028548645682,-1.25129558899834,0.21083518533997,0.675160084824232,1.25129558899834,FALSE,TRUE,FALSE,FALSE,FALSE
"GNAI2","turquoise",0.969083148549966,1128.54411045068,1128.53614341531,0.00796703537753274,1322.87384937954,-0.638151170978087,-1.22466377740298,0.220710334936432,0.675160084824232,1.22466377740298,FALSE,TRUE,FALSE,FALSE,FALSE
"GNAS","brown",0.825890285268234,2.19356037677199,1.18507962159912,1.00848075517287,7.78987287898542,-0.395754701743978,-0.759485322607696,0.447567508465576,0.675160084824232,0.759485322607696,FALSE,TRUE,FALSE,FALSE,FALSE
"GNG5","turquoise",0.913595377448028,509.396286874225,509.393260582832,0.00302629139264354,1322.87384937954,-0.608908609790527,-1.16854493429249,0.242595143868196,0.675160084824232,1.16854493429249,FALSE,TRUE,FALSE,FALSE,FALSE
"GNG7","turquoise",0.900872986416738,466.25240931544,466.250911887338,0.0014974281023683,1322.87384937954,-0.453169785655095,-0.869669518359821,0.384487118246517,0.675160084824232,0.869669518359821,FALSE,TRUE,FALSE,FALSE,FALSE
"GNG10","turquoise",0.840808179818984,226.416519169744,226.369057088744,0.0474620809992246,1322.87384937954,-0.551603203181552,-1.05843626044431,0.289864942909277,0.675160084824232,1.05843626044431,FALSE,TRUE,FALSE,FALSE,FALSE
"GNS","turquoise",0.949586708038456,971.768299715874,971.64935054132,0.118949174553677,1322.87384937954,-0.64465315003599,-1.23714160177404,0.216042984027587,0.675160084824232,1.23714160177404,FALSE,TRUE,FALSE,FALSE,FALSE
"GOLGA2","turquoise",0.950717060912272,834.394411163974,834.386552923222,0.00785824075171604,1322.87384937954,-0.37432298606547,-0.718356124585791,0.472542623862512,0.675160084824232,0.718356124585791,FALSE,TRUE,FALSE,FALSE,FALSE
"GP1BB","turquoise",0.577586417310423,4.75087237548876,4.73097553187105,0.01989684361771,1322.87384937954,-0.814647595654387,-1.56337470981561,0.117973707336578,0.675160084824232,1.56337470981561,FALSE,FALSE,FALSE,FALSE,FALSE
"GP9","turquoise",0.519930535670643,2.52843930825361,2.5258997200498,0.00253958820381284,1322.87384937954,-0.674912143859812,-1.29521106142871,0.195256144306171,0.675160084824232,1.29521106142871,FALSE,FALSE,FALSE,FALSE,FALSE
"CXCR3","turquoise",0.936337787807761,813.032692603746,813.031007328603,0.00168527514256311,1322.87384937954,-0.418134800978162,-0.802434545477226,0.422307194454765,0.675160084824232,0.802434545477226,FALSE,TRUE,FALSE,FALSE,FALSE
"GPR18","turquoise",0.936315037640539,748.516754012779,748.514888274894,0.00186573788482747,1322.87384937954,-0.0751667489936986,-0.144251078653722,0.885303054933997,0.906870026895608,0.144251078653722,FALSE,TRUE,FALSE,FALSE,FALSE
"FFAR2","turquoise",0.840794973984024,206.870630896767,206.870044935604,0.000585961163579896,1322.87384937954,-0.152757053947568,-0.293116784736633,0.769434846066778,0.810438618561005,0.293116784736633,FALSE,TRUE,FALSE,FALSE,FALSE
"GRK6","turquoise",0.95830146044151,942.652986705108,942.602040435516,0.050946269592032,1322.87384937954,-0.469991165488042,-0.901951108528766,0.367089171214898,0.675160084824232,0.901951108528766,FALSE,TRUE,FALSE,FALSE,FALSE
"MKNK2","turquoise",0.968160371010393,1101.47751110853,1101.44628556988,0.0312255386475044,1322.87384937954,-0.712788832455884,-1.36789949426585,0.171352496405514,0.675160084824232,1.36789949426585,FALSE,TRUE,FALSE,FALSE,FALSE
"GPX1","blue",0.856212448242388,3.83168461259555,3.81228132650448,0.0194032860910744,19.5381539006617,-0.078253061881173,-0.150173963028013,0.880628250117783,0.902943955236713,0.150173963028013,FALSE,TRUE,FALSE,FALSE,FALSE
"GPX4","turquoise",0.748024644971985,41.978987297986,41.9763725622234,0.00261473576262716,1322.87384937954,-1.22081270222173,-2.34283844235983,0.0191433495927019,0.675160084824232,2.34283844235983,FALSE,FALSE,FALSE,FALSE,FALSE
"GPX7","turquoise",0.944793211539193,808.012807668988,807.990770609484,0.0220370595034183,1322.87384937954,-0.293611471529823,-0.563464191817504,0.573122518991372,0.688257984588534,0.563464191817504,FALSE,TRUE,FALSE,FALSE,FALSE
"GRB2","turquoise",0.976736498935867,1259.83662099707,1259.81797651408,0.0186444829976153,1322.87384937954,-0.791923821953264,-1.51976594781175,0.128579024370326,0.675160084824232,1.51976594781175,FALSE,TRUE,FALSE,FALSE,FALSE
"RAPGEF1","turquoise",0.973188950953701,1257.23786936107,1257.18132991738,0.0565394436875977,1322.87384937954,-0.611521375666019,-1.17355904360086,0.240579840197986,0.675160084824232,1.17355904360086,FALSE,TRUE,FALSE,FALSE,FALSE
"GRN","turquoise",0.865218431458621,342.089090104256,342.080950748893,0.00813935536336885,1322.87384937954,-0.696878758743176,-1.33736677434323,0.181111809409853,0.675160084824232,1.33736677434323,FALSE,TRUE,FALSE,FALSE,FALSE
"CXCL1","turquoise",0.705500043750166,24.8786937499653,24.8659425836384,0.0127511663268898,1322.87384937954,-0.206933777786439,-0.397122677982068,0.691279467521214,0.751799398080264,0.397122677982068,FALSE,FALSE,FALSE,FALSE,FALSE
"PDIA3","turquoise",0.970713515620579,1211.54968465034,1211.42502387267,0.124660777664985,1322.87384937954,-0.691407876470102,-1.32686770820503,0.184561277855157,0.675160084824232,1.32686770820503,FALSE,TRUE,FALSE,FALSE,FALSE
"GSN","turquoise",0.81667130726238,147.697035108208,147.685283533725,0.0117515744831849,1322.87384937954,-0.725553582951912,-1.39239608421351,0.163811512801226,0.675160084824232,1.39239608421351,FALSE,TRUE,FALSE,FALSE,FALSE
"GSPT1","blue",0.901255172771505,9.27817033321879,8.83713330324414,0.441037029974652,19.5381539006617,-0.453013988245836,-0.869370530514291,0.384650577687734,0.675160084824232,0.869370530514291,FALSE,TRUE,FALSE,FALSE,FALSE
"GSTM1","turquoise",0.466253537684807,1.47288143543322,1.47220086602131,0.000680569411911192,1322.87384937954,0.034493165320601,0.06560827499474,0.947701097561435,0.95774976612653,0.06560827499474,FALSE,FALSE,FALSE,FALSE,FALSE
"GSTM2","turquoise",0.733605681027793,51.9002946551958,51.9001763544718,0.000118300723997322,1322.87384937954,-0.0949308532202275,-0.18217999524875,0.855442547988067,0.881990051176916,0.18217999524875,FALSE,FALSE,FALSE,FALSE,FALSE
"GSTM4","turquoise",0.671360391603117,25.5444020512408,25.5437107448749,0.000691306365908417,1322.87384937954,-0.128049854586193,-0.245738040992821,0.805886492280291,0.839758786537942,0.245738040992821,FALSE,FALSE,FALSE,FALSE,FALSE
"GSTP1","turquoise",0.927938768943569,724.538337276891,724.536468788488,0.00186848840326093,1322.87384937954,-0.76155547273182,-1.46148662629296,0.143891100648305,0.675160084824232,1.46148662629296,FALSE,TRUE,FALSE,FALSE,FALSE
"GTF2F1","turquoise",0.975112017267663,1218.0780739108,1218.07263172539,0.00544218541676855,1322.87384937954,-0.465274701880712,-0.892899832906277,0.371917078743197,0.675160084824232,0.892899832906277,FALSE,TRUE,FALSE,FALSE,FALSE
"GTF2I","turquoise",0.959833259249747,1024.73770581507,1024.47039918404,0.267306631029669,1322.87384937954,-0.925955942475718,-1.77698444160653,0.075579656746983,0.675160084824232,1.77698444160653,FALSE,TRUE,FALSE,FALSE,FALSE
"GTF3A","turquoise",0.924960496699749,652.606793974598,652.399772072179,0.207021902419797,1322.87384937954,-0.515923474233946,-0.990098928813077,0.322132748753063,0.675160084824232,0.990098928813077,FALSE,TRUE,FALSE,FALSE,FALSE
"GTF3C1","turquoise",0.964699063934911,1138.363346503,1138.29210690904,0.071239593961991,1322.87384937954,-0.368337115220356,-0.706868753671797,0.479652843541743,0.675160084824232,0.706868753671797,FALSE,TRUE,FALSE,FALSE,FALSE
"GTF3C2","turquoise",0.982651373504768,1438.57443683122,1438.54406468057,0.0303721506443253,1322.87384937954,-0.353480745404267,-0.678358176860379,0.497549194865553,0.675272681317988,0.678358176860379,FALSE,TRUE,TRUE,FALSE,FALSE
"GUK1","blue",0.583709431377606,0.171652643438385,0.144941930242308,0.0267107131960773,19.5381539006617,-0.0910827246882312,-0.17479512495743,0.861241650416714,0.88645678872985,0.17479512495743,FALSE,FALSE,FALSE,FALSE,FALSE
"GUSB","turquoise",0.972947995892995,1212.56377309227,1212.45995127375,0.103821818529696,1322.87384937954,-0.448514114415928,-0.86073490821507,0.3893900766565,0.675160084824232,0.86073490821507,FALSE,TRUE,FALSE,FALSE,FALSE
"GYG1","turquoise",0.922934815474212,615.081913786582,614.992598150376,0.0893156362059244,1322.87384937954,-0.554991797006937,-1.06507420413951,0.286849846279466,0.675160084824232,1.06507420413951,FALSE,TRUE,FALSE,FALSE,FALSE
"GYPB","blue",0.875409962822038,5.87989967748027,5.86813343227355,0.0117662452067222,19.5381539006617,0.518802448349785,0.995623913293391,0.31943993245629,0.675160084824232,0.995623913293391,FALSE,TRUE,FALSE,FALSE,FALSE
"GYS1","turquoise",0.98027569079258,1355.77049419145,1355.74240300049,0.0280911909551378,1322.87384937954,-0.438715861684514,-0.841931267717771,0.399832295097352,0.675160084824232,0.841931267717771,FALSE,TRUE,TRUE,FALSE,FALSE
"GZMH","turquoise",0.854391962663104,229.818284550569,229.815314108985,0.00297044158449467,1322.87384937954,-0.431837882436114,-0.828731868531002,0.407261913104451,0.675160084824232,0.828731868531002,FALSE,TRUE,FALSE,FALSE,FALSE
"GZMA","turquoise",0.926396306642512,635.023786330161,635.001498556229,0.0222877739319074,1322.87384937954,-0.185704354031545,-0.35633955742746,0.721588650855482,0.774583250792797,0.35633955742746,FALSE,TRUE,FALSE,FALSE,FALSE
"GZMB","turquoise",0.931188197786896,666.276583500855,666.272312195771,0.00427130508410301,1322.87384937954,-0.44235158381359,-0.848908512920279,0.395938123929162,0.675160084824232,0.848908512920279,FALSE,TRUE,FALSE,FALSE,FALSE
"GZMK","turquoise",0.845698273078802,228.444325711273,228.443733849437,0.000591861836198859,1322.87384937954,-0.449618385111963,-0.86269715074639,0.388312169292683,0.675160084824232,0.86269715074639,FALSE,TRUE,FALSE,FALSE,FALSE
"GZMM","turquoise",0.766647179982132,123.597331083359,123.597198901447,0.000132181911681073,1322.87384937954,-0.477717821796685,-0.916779187723754,0.359264804138448,0.675160084824232,0.916779187723754,FALSE,FALSE,FALSE,FALSE,FALSE
"H1-2","turquoise",0.321952019238972,0.315318997413468,0.274002705469153,0.0413162919443152,1322.87384937954,-0.262262495016696,-0.503302967110448,0.614754511509841,0.702343188759247,0.503302967110448,FALSE,FALSE,FALSE,FALSE,FALSE
"H2AX","turquoise",0.927748619685031,710.335299294346,710.331110286668,0.00418900767749619,1322.87384937954,-0.342233061194796,-0.656772959975337,0.511331318115129,0.675272681317988,0.656772959975337,FALSE,TRUE,FALSE,FALSE,FALSE
"H2AZ1","turquoise",0.906364133005025,504.0928177786,504.023701126819,0.0691166517804618,1322.87384937954,-0.4484694014751,-0.860649100460571,0.389437348204048,0.675160084824232,0.860649100460571,FALSE,TRUE,FALSE,FALSE,FALSE
"HSD17B10","turquoise",0.900727123741193,470.158915585297,470.158066459208,0.000849126088837693,1322.87384937954,-0.423954727068304,-0.813603454967488,0.41587780374292,0.675160084824232,0.813603454967488,FALSE,TRUE,FALSE,FALSE,FALSE
"HAGH","blue",0.905473985172895,6.40901342816621,6.37082032706608,0.038193101100136,19.5381539006617,-0.0147770548387145,-0.0283583649465599,0.977376495719748,0.982415699588001,0.0283583649465599,FALSE,TRUE,FALSE,FALSE,FALSE
"HARS1","turquoise",0.977593601524659,1300.92970563254,1300.87841611267,0.0512895198692149,1322.87384937954,-0.526468113071922,-1.01033494469451,0.312341968969042,0.675160084824232,1.01033494469451,FALSE,TRUE,FALSE,FALSE,FALSE
"HBM","blue",0.73724388245752,0.612853025526385,0.60829785923038,0.00455516629600494,19.5381539006617,1.42001467271241,0.995104306284941,0.348802637210417,0.675160084824232,0.995104306284941,FALSE,FALSE,FALSE,FALSE,FALSE
"HBB","blue",0.616296092306704,0.708306598176031,0.701138831134141,0.00716776704188993,19.5381539006617,0.170109530346872,0.326453964955587,0.744082904782695,0.789830528305067,0.326453964955587,FALSE,FALSE,FALSE,FALSE,FALSE
"HBD","blue",0.661903275044995,0.953381812699224,0.944165345882314,0.00921646681690991,19.5381539006617,0.267372845543212,0.513110143629553,0.607877579832652,0.699165175624094,0.513110143629553,FALSE,FALSE,FALSE,FALSE,FALSE
"HBE1","grey",NA,0.0359769025292384,0.0270418804894804,0.00893502203975799,1.16729646183719,1.40862520913636,1.29846275463823,0.220308072749946,0.675160084824232,1.29846275463823,FALSE,NA,FALSE,FALSE,FALSE
"HBG1","grey",NA,0.818708099499326,0.806898115362095,0.0118099841372312,1.16729646183719,2.72228595521361,1.59920518114557,0.148442428892656,0.675160084824232,1.59920518114557,FALSE,NA,FALSE,FALSE,FALSE
"HBG2","grey",NA,0.81696556270279,0.808845172082024,0.00812039062076542,1.16729646183719,2.69722534698847,1.57948323044852,0.152879330679805,0.675160084824232,1.57948323044852,FALSE,NA,FALSE,FALSE,FALSE
"HBZ","grey",NA,0.00253037389486323,0.00215158837552707,0.000378785519336168,1.16729646183719,1.35533449597315,0.917256397465048,0.385821610001937,0.675160084824232,0.917256397465048,FALSE,NA,FALSE,FALSE,FALSE
"HCFC1","turquoise",0.956408126036267,1057.84161070705,1057.61998686763,0.221623839423955,1322.87384937954,-0.355362829266382,-0.68197004821123,0.495262493574198,0.675160084824232,0.68197004821123,FALSE,TRUE,FALSE,FALSE,FALSE
"HCK","turquoise",0.92805713042851,688.486943976981,688.465164520203,0.0217794567777219,1322.87384937954,-0.543750282577005,-1.04350082756106,0.296723749467352,0.675160084824232,1.04350082756106,FALSE,TRUE,FALSE,FALSE,FALSE
"HCLS1","turquoise",0.976814221872571,1222.43480812448,1222.4085460164,0.0262621080844383,1322.87384937954,-0.543679242953008,-1.04336449676951,0.296786860935321,0.675160084824232,1.04336449676951,FALSE,TRUE,FALSE,FALSE,FALSE
"HDAC1","turquoise",0.982803307905127,1379.74530298856,1379.72565668459,0.0196463039728769,1322.87384937954,-0.580523948645428,-1.11407247084001,0.265255901373189,0.675160084824232,1.11407247084001,FALSE,TRUE,TRUE,FALSE,FALSE
"HDLBP","turquoise",0.658743276910655,27.0772558238002,24.635926871173,2.44132895262724,1322.87384937954,-0.163713544348055,-0.314179549848706,0.753386583846331,0.797058475115173,0.314179549848706,FALSE,FALSE,FALSE,FALSE,FALSE
"NCKAP1L","turquoise",0.975940121231258,1330.82415597995,1330.75041393474,0.0737420452142032,1322.87384937954,-0.633137070730727,-1.21504131296435,0.224358695799839,0.675160084824232,1.21504131296435,FALSE,TRUE,TRUE,FALSE,FALSE
"HEXB","turquoise",0.969709831494863,1200.63585220779,1200.54612876356,0.0897234442300032,1322.87384937954,-0.693213199256483,-1.33033226883509,0.183417661387349,0.675160084824232,1.33033226883509,FALSE,TRUE,FALSE,FALSE,FALSE
"HHEX","turquoise",0.964973819217172,1085.33574038275,1085.27513637879,0.0606040039651816,1322.87384937954,-0.531406044485861,-1.01981123497332,0.307825184112236,0.675160084824232,1.01981123497332,FALSE,TRUE,FALSE,FALSE,FALSE
"HIF1A","turquoise",0.950818006353792,967.002267253927,966.793297788866,0.208969465061273,1322.87384937954,-0.704582808907265,-1.35200211892053,0.176383991440871,0.675160084824232,1.35200211892053,FALSE,TRUE,FALSE,FALSE,FALSE
"HINT1","turquoise",0.838403463777021,225.403972568096,225.38559899432,0.0183735737760458,1322.87384937954,-0.60302935720885,-1.15708936760992,0.247245649955215,0.675160084824232,1.15708936760992,FALSE,TRUE,FALSE,FALSE,FALSE
"HK1","blue",0.898368734671152,11.1798739803247,9.8554064043803,1.32446757594439,19.5381539006617,-0.377664854740495,-0.724769441212426,0.468598428164507,0.675160084824232,0.724769441212426,FALSE,TRUE,FALSE,FALSE,FALSE
"HK3","turquoise",0.872250882963506,356.786203678857,356.682371249495,0.103832429362058,1322.87384937954,-0.569354062206809,-1.09263655417764,0.27456107785559,0.675160084824232,1.09263655417764,FALSE,TRUE,FALSE,FALSE,FALSE
"ZBTB48","turquoise",0.973345774960195,1158.68126570861,1158.65601660689,0.0252491017229204,1322.87384937954,-0.497917609514823,-0.955544216222751,0.339309288150249,0.675160084824232,0.955544216222751,FALSE,TRUE,FALSE,FALSE,FALSE
"HLA-A","turquoise",0.947468487064573,824.407160791877,824.404931452014,0.00222933986310636,1322.87384937954,-0.671434006582066,-1.28853623431782,0.197568052217572,0.675160084824232,1.28853623431782,FALSE,TRUE,FALSE,FALSE,FALSE
"HLA-B","turquoise",0.909232455395054,524.880496264643,524.88005725632,0.000439008322928203,1322.87384937954,-0.148724635438045,-0.285414619782453,0.7753282309704,0.815044799664717,0.285414619782453,FALSE,TRUE,FALSE,FALSE,FALSE
"HLA-C","turquoise",0.9142534603593,496.967129721111,496.962095658205,0.00503406290602015,1322.87384937954,-0.186608073432187,-0.358116005261083,0.7202587048327,0.773651286007375,0.358116005261083,FALSE,TRUE,FALSE,FALSE,FALSE
"HLA-DMA","turquoise",0.945249188796334,813.022357417778,813.004395334768,0.0179620830094791,1322.87384937954,-0.574769644348966,-1.10302949488616,0.270022092809757,0.675160084824232,1.10302949488616,FALSE,TRUE,FALSE,FALSE,FALSE
"HLA-DMB","turquoise",0.951398373894001,915.46940178758,915.433972736732,0.0354290508485064,1322.87384937954,-0.628687558592635,-1.20650233883023,0.22763217613503,0.675160084824232,1.20650233883023,FALSE,TRUE,FALSE,FALSE,FALSE
"HLA-DOA","turquoise",0.95998329212806,960.89138418721,960.871864938018,0.0195192491927401,1322.87384937954,-0.488895990565966,-0.938230998849406,0.348132315177253,0.675160084824232,0.938230998849406,FALSE,TRUE,FALSE,FALSE,FALSE
"HLA-DOB","turquoise",0.863417385788465,243.180817399743,243.173845574239,0.0069718255045359,1322.87384937954,-0.345281451823372,-0.662623068463691,0.507576442854195,0.675272681317988,0.662623068463691,FALSE,TRUE,FALSE,FALSE,FALSE
"HLA-DPA1","turquoise",0.950861045264242,851.75246381432,851.728781137124,0.0236826771961205,1322.87384937954,-0.494065151537411,-0.94815103737506,0.343059246642351,0.675160084824232,0.94815103737506,FALSE,TRUE,FALSE,FALSE,FALSE
"HLA-DPB1","turquoise",0.955547418837896,909.155870562114,909.136594673694,0.0192758884194291,1322.87384937954,-0.288757953489507,-0.554149897638842,0.579479875243954,0.690044682051626,0.554149897638842,FALSE,TRUE,FALSE,FALSE,FALSE
"HLA-DQA1","turquoise",0.607807273438477,8.16739119450807,8.16610830470265,0.00128288980541136,1322.87384937954,0.347094070335691,0.666101630182671,0.505350620797897,0.675272681317988,0.666101630182671,FALSE,FALSE,FALSE,FALSE,FALSE
"HLA-DQA2","turquoise",0.607807273438477,8.16739119450807,8.16610830470265,0.00128288980541136,1322.87384937954,0.347094070335691,0.666101630182671,0.505350620797897,0.675272681317988,0.666101630182671,FALSE,FALSE,FALSE,FALSE,FALSE
"HLA-DQB1","turquoise",0.65161018435093,11.6751677245373,11.6748000632863,0.000367661251003071,1322.87384937954,0.762956407076853,1.45905522886674,0.14467179600011,0.675160084824232,1.45905522886674,FALSE,FALSE,FALSE,FALSE,FALSE
"HLA-DQB2","turquoise",0.739203584459141,42.0181157261498,42.0158646562814,0.00225106986833623,1322.87384937954,-0.875140593533915,-1.67946567173616,0.0930704281015392,0.675160084824232,1.67946567173616,FALSE,FALSE,FALSE,FALSE,FALSE
"HLA-DRA","turquoise",0.908502450027139,516.844826804161,516.831218005192,0.0136087989692442,1322.87384937954,-0.492766453853789,-0.945658731345924,0.344329337061836,0.675160084824232,0.945658731345924,FALSE,TRUE,FALSE,FALSE,FALSE
"HLA-DRB1","turquoise",0.804285925596758,125.231790186965,125.22684633049,0.0049438564748101,1322.87384937954,0.291698013690151,0.559792111262919,0.575624899356429,0.688806131578259,0.559792111262919,FALSE,TRUE,FALSE,FALSE,FALSE
"HLA-DRB5","turquoise",0.604387552774379,8.52466150485098,8.48773725204555,0.0369242528054308,1322.87384937954,-0.273738893354961,-0.497473418372258,0.619349911885217,0.704552189834397,0.497473418372258,FALSE,FALSE,FALSE,FALSE,FALSE
"HLA-DRB6","turquoise",0.768081619082911,91.9335541061119,91.9332587943492,0.000295311762627648,1322.87384937954,-0.744227136212577,-1.42823214518742,0.15323415307067,0.675160084824232,1.42823214518742,FALSE,FALSE,FALSE,FALSE,FALSE
"HLA-E","turquoise",0.967711241704975,1107.80644337464,1107.79910157707,0.00734179756386766,1322.87384937954,-0.5080939175524,-0.975073375469162,0.329530738403449,0.675160084824232,0.975073375469162,FALSE,TRUE,FALSE,FALSE,FALSE
"HLA-F","turquoise",0.934002645238829,670.226920244465,670.224709776021,0.00221046844399098,1322.87384937954,-0.337763532305926,-0.648195572075435,0.516862802953708,0.675818875712212,0.648195572075435,FALSE,TRUE,FALSE,FALSE,FALSE
"HLA-G","turquoise",0.699494150698278,36.1959133961867,36.1951959549948,0.000717441191866897,1322.87384937954,-0.590291652507263,-1.13281748558261,0.257298822621855,0.675160084824232,1.13281748558261,FALSE,FALSE,FALSE,FALSE,FALSE
"HLA-H","turquoise",0.915083661992515,571.478043292456,571.473505501441,0.00453779101530927,1322.87384937954,-0.832653667063226,-1.59792981906024,0.110067805042831,0.675160084824232,1.59792981906024,FALSE,TRUE,FALSE,FALSE,FALSE
"HLA-L","turquoise",0.610281716348863,9.86998120283396,9.86919759527238,0.000783607561587019,1322.87384937954,-0.612080367025229,-1.17463179328877,0.240150209694812,0.675160084824232,1.17463179328877,FALSE,FALSE,FALSE,FALSE,FALSE
"MR1","turquoise",0.981698485702027,1392.19923006818,1392.14174064683,0.057489421359378,1322.87384937954,-0.311594373770035,-0.597974837551197,0.549860669485145,0.681014268386309,0.597974837551197,FALSE,TRUE,TRUE,FALSE,FALSE
"HLX","turquoise",0.88058746618551,339.992213864686,339.978408546478,0.0138053182085969,1322.87384937954,-0.726605153452694,-1.39441413316533,0.163201610822221,0.675160084824232,1.39441413316533,FALSE,TRUE,FALSE,FALSE,FALSE
"HMBS","blue",0.873565688943222,5.84681675632969,5.83056610197,0.016250654359693,19.5381539006617,0.349455190178511,0.670632810374939,0.5024589892408,0.675272681317988,0.670632810374939,FALSE,TRUE,FALSE,FALSE,FALSE
"HMGB1","turquoise",0.927663397903856,640.83032827421,640.808330270936,0.0219980032745752,1322.87384937954,-0.632716188158679,-1.21423360522366,0.224666888100805,0.675160084824232,1.21423360522366,FALSE,TRUE,FALSE,FALSE,FALSE
"HMGB2","turquoise",0.859533105732975,287.52865746687,287.399658292816,0.128999174053604,1322.87384937954,-0.461587860888939,-0.885824486466424,0.375718320689328,0.675160084824232,0.885824486466424,FALSE,TRUE,FALSE,FALSE,FALSE
"HMGN1","turquoise",0.974497980236627,1213.40874526155,1213.35094055791,0.0578047036435692,1322.87384937954,-0.552117973329724,-1.05955910376803,0.289352685746537,0.675160084824232,1.05955910376803,FALSE,TRUE,FALSE,FALSE,FALSE
"HMGN2","turquoise",0.859998349612784,264.567586688895,264.564362489907,0.00322419898725457,1322.87384937954,-0.62075260420132,-1.1912745187457,0.233554074019081,0.675160084824232,1.1912745187457,FALSE,TRUE,FALSE,FALSE,FALSE
"HMGCL","turquoise",0.940110922019379,791.900457404358,791.893876090681,0.0065813136768611,1322.87384937954,-0.2946390063813,-0.565436114411792,0.571780863405636,0.688257984588534,0.565436114411792,FALSE,TRUE,FALSE,FALSE,FALSE
"HMGA1","turquoise",0.929741389956455,724.550094211678,724.547641201949,0.00245300972926543,1322.87384937954,-0.430020294180196,-0.825243769471582,0.409238945879696,0.675160084824232,0.825243769471582,FALSE,TRUE,FALSE,FALSE,FALSE
"HMOX1","turquoise",0.868490509456242,362.430648213908,362.329860997089,0.100787216818901,1322.87384937954,-0.514964666751264,-0.988258899605351,0.32303283747437,0.675160084824232,0.988258899605351,FALSE,TRUE,FALSE,FALSE,FALSE
"HMOX2","turquoise",0.949397507094156,901.415565560004,901.412883674867,0.00268188513723544,1322.87384937954,-0.377533282838945,-0.724516944078078,0.468753368752219,0.675160084824232,0.724516944078078,FALSE,TRUE,FALSE,FALSE,FALSE
"HNRNPA1","turquoise",0.931581946792686,693.471582873326,693.442713305423,0.0288695679037119,1322.87384937954,-0.623286286649519,-1.19613686055257,0.231651420791021,0.675160084824232,1.19613686055257,FALSE,TRUE,FALSE,FALSE,FALSE
"HNRNPA2B1","turquoise",0.912133608706549,615.705838354068,615.399761782749,0.306076571319636,1322.87384937954,-0.475201073041653,-0.911949343045434,0.361801791797776,0.675160084824232,0.911949343045434,FALSE,TRUE,FALSE,FALSE,FALSE
"HNRNPAB","turquoise",0.970332710974742,1212.36048449521,1212.29566425921,0.0648202359950574,1322.87384937954,-0.396171618092006,-0.760285418843286,0.447089219781566,0.675160084824232,0.760285418843286,FALSE,TRUE,FALSE,FALSE,FALSE
"HNRNPC","turquoise",0.950397633094095,887.634455811116,887.555758100084,0.0786977110313956,1322.87384937954,-0.567563794798615,-1.08920088603757,0.276072958024727,0.675160084824232,1.08920088603757,FALSE,TRUE,FALSE,FALSE,FALSE
"HNRNPD","turquoise",0.957369187886937,1030.93844989523,1030.85331394544,0.0851359497933117,1322.87384937954,-0.585573151375645,-1.123762299786,0.261121741061239,0.675160084824232,1.123762299786,FALSE,TRUE,FALSE,FALSE,FALSE
"HNRNPF","turquoise",0.976519453215974,1309.81794092767,1309.74743623489,0.0705046927794228,1322.87384937954,-0.550359384761389,-1.05618422988714,0.290891490465297,0.675160084824232,1.05618422988714,FALSE,TRUE,FALSE,FALSE,FALSE
"HNRNPH1","turquoise",0.959000007141395,1075.33795977575,1075.16002851263,0.177931263114033,1322.87384937954,-0.591227217461899,-1.13461291049673,0.256545467575778,0.675160084824232,1.13461291049673,FALSE,TRUE,FALSE,FALSE,FALSE
"HNRNPH3","turquoise",0.937729903285737,824.265123495132,823.983486265655,0.281637229477496,1322.87384937954,-0.442757026924351,-0.849686591084401,0.395505283794693,0.675160084824232,0.849686591084401,FALSE,TRUE,FALSE,FALSE,FALSE
"HNRNPL","turquoise",0.983358816463951,1412.7333827407,1412.66814293629,0.0652398044080655,1322.87384937954,-0.727037959516768,-1.39524472305283,0.162951084947927,0.675160084824232,1.39524472305283,FALSE,TRUE,TRUE,FALSE,FALSE
"HNRNPU","turquoise",0.950434743744166,959.913706947234,959.713102022488,0.200604924745335,1322.87384937954,-0.629015608412453,-1.20713189300139,0.227389675645539,0.675160084824232,1.20713189300139,FALSE,TRUE,FALSE,FALSE,FALSE
"HOXB2","turquoise",0.945312189306509,824.935517647846,824.92228782326,0.0132298245854372,1322.87384937954,-0.320528324311828,-0.61511981215161,0.538479678337418,0.676813488619187,0.61511981215161,FALSE,TRUE,FALSE,FALSE,FALSE
"HPS1","blue",0.818323521776854,3.06420187942532,2.91126232525151,0.152939554173812,19.5381539006617,-0.486299630004852,-0.933248372667901,0.350698311356886,0.675160084824232,0.933248372667901,FALSE,TRUE,FALSE,FALSE,FALSE
"HRH2","turquoise",0.845798976287756,211.64806087078,211.641785711209,0.00627515957125979,1322.87384937954,-0.0649563728843253,-0.12465654001855,0.900796195227828,0.919713981369885,0.12465654001855,FALSE,TRUE,FALSE,FALSE,FALSE
"PRMT1","turquoise",0.976486082886097,1268.49373377297,1268.48537728896,0.00835648400448008,1322.87384937954,-0.28513221133519,-0.547191804816119,0.584250524608482,0.691269103460904,0.547191804816119,FALSE,TRUE,FALSE,FALSE,FALSE
"HSD17B4","turquoise",0.925143298041576,733.187009037502,732.888427280375,0.298581757126499,1322.87384937954,-0.461938335195987,-0.886497075044603,0.375355942727704,0.675160084824232,0.886497075044603,FALSE,TRUE,FALSE,FALSE,FALSE
"HSF1","turquoise",0.941395352479605,815.040441351675,815.01174668338,0.0286946682955431,1322.87384937954,-0.471731038396257,-0.905290065542211,0.365318094563201,0.675160084824232,0.905290065542211,FALSE,TRUE,FALSE,FALSE,FALSE
"DNAJA1","turquoise",0.861798756225721,305.541689471644,304.885676596498,0.656012875145393,1322.87384937954,-0.492263569073397,-0.944693654726525,0.344821949449348,0.675160084824232,0.944693654726525,FALSE,TRUE,FALSE,FALSE,FALSE
"HSPA1A","turquoise",0.863747990013426,321.16113691558,320.639529830937,0.521607084642881,1322.87384937954,-0.660837909637643,-1.26820146616281,0.204734618312301,0.675160084824232,1.26820146616281,FALSE,TRUE,FALSE,FALSE,FALSE
"HSPA1B","turquoise",0.876005545225996,371.742738180123,371.421196878652,0.321541301470404,1322.87384937954,-0.560549993020192,-1.07574083241618,0.282050744318755,0.675160084824232,1.07574083241618,FALSE,TRUE,FALSE,FALSE,FALSE
"HSPA5","turquoise",0.932986919974451,783.177330916855,782.960800168527,0.216530748328296,1322.87384937954,-0.567001858908228,-1.08812248555587,0.276548681327194,0.675160084824232,1.08812248555587,FALSE,TRUE,FALSE,FALSE,FALSE
"HSPA8","turquoise",0.972518668202262,1189.22980497561,1189.15163506183,0.0781699137817213,1322.87384937954,-0.650878942993358,-1.24908940265139,0.211640897477607,0.675160084824232,1.24908940265139,FALSE,TRUE,FALSE,FALSE,FALSE
"HSPA9","turquoise",0.960254109697593,1120.59872757724,1120.46265894767,0.136068629561123,1322.87384937954,-0.501261587232591,-0.961961580273209,0.33607568231032,0.675160084824232,0.961961580273209,FALSE,TRUE,FALSE,FALSE,FALSE
"HSP90AA1","turquoise",0.929085614745876,673.409774914211,673.300392670487,0.109382243723644,1322.87384937954,-0.590548384440306,-1.1333101749534,0.257091938934337,0.675160084824232,1.1333101749534,FALSE,TRUE,FALSE,FALSE,FALSE
"HSP90AB1","turquoise",0.925049086541631,659.008829059893,658.85440986282,0.15441919707223,1322.87384937954,-0.525011860752288,-1.00754027855939,0.313682316832817,0.675160084824232,1.00754027855939,FALSE,TRUE,FALSE,FALSE,FALSE
"NDST1","turquoise",0.928006033793839,643.641494882342,643.601385604279,0.0401092780631416,1322.87384937954,-0.526285184363377,-1.00998388968844,0.312510130662564,0.675160084824232,1.00998388968844,FALSE,TRUE,FALSE,FALSE,FALSE
"FOXN2","turquoise",0.956254556724161,1004.34840064409,1004.23782268614,0.110577957952501,1322.87384937954,-0.589999363922682,-1.13225656011798,0.257534499720487,0.675160084824232,1.13225656011798,FALSE,TRUE,FALSE,FALSE,FALSE
"ICAM1","turquoise",0.906244520069887,515.694220135653,515.606191360419,0.0880287752336244,1322.87384937954,-0.547058865380189,-1.049850265904,0.293794354777114,0.675160084824232,1.049850265904,FALSE,TRUE,FALSE,FALSE,FALSE
"ICAM2","turquoise",0.893911418259555,476.50806641845,476.507430598932,0.000635819518436165,1322.87384937954,-0.343471985019108,-0.659150555127705,0.509803517821636,0.675272681317988,0.659150555127705,FALSE,TRUE,FALSE,FALSE,FALSE
"ICAM3","turquoise",0.818466739742257,159.853390450851,159.85312252384,0.000267927010696667,1322.87384937954,-0.64187931174232,-1.23181838145083,0.218025377052306,0.675160084824232,1.23181838145083,FALSE,TRUE,FALSE,FALSE,FALSE
"IRF8","turquoise",0.923733797333837,646.665640985299,646.627658373398,0.0379826119012705,1322.87384937954,-0.782721655919341,-1.50210624596067,0.133078874560308,0.675160084824232,1.50210624596067,FALSE,TRUE,FALSE,FALSE,FALSE
"ID2","turquoise",0.970512876620708,1176.41596208506,1176.38023638549,0.0357256995687294,1322.87384937954,-0.430979379858506,-0.827084332559246,0.408195015505532,0.675160084824232,0.827084332559246,FALSE,TRUE,FALSE,FALSE,FALSE
"ID3","turquoise",0.854298605874956,289.239783578876,289.239504797483,0.000278781393944882,1322.87384937954,0.017375411852918,0.0333448224832261,0.973399804399098,0.978877317952574,0.0333448224832261,FALSE,TRUE,FALSE,FALSE,FALSE
"IDH1","turquoise",0.952100742931981,981.350802109063,981.09702079105,0.253781318013125,1322.87384937954,-0.485391251851103,-0.931505121426387,0.3515988906022,0.675160084824232,0.931505121426387,FALSE,TRUE,FALSE,FALSE,FALSE
"IDH2","turquoise",0.96653533009182,1127.0545816164,1127.04995876241,0.00462285399066786,1322.87384937954,-0.393172501224713,-0.75452987069324,0.450536294370968,0.675160084824232,0.75452987069324,FALSE,TRUE,FALSE,FALSE,FALSE
"IDH3B","turquoise",0.972566448964697,1226.54749522057,1226.54242069596,0.00507452461465618,1322.87384937954,-0.56554759082417,-1.08533162732952,0.277782428082212,0.675160084824232,1.08533162732952,FALSE,TRUE,FALSE,FALSE,FALSE
"IDH3G","turquoise",0.961557301295573,1032.11970047016,1032.0594921666,0.060208303562149,1322.87384937954,-0.389670635915917,-0.747809507569166,0.454580191557814,0.675160084824232,0.747809507569166,FALSE,TRUE,FALSE,FALSE,FALSE
"IDUA","turquoise",0.937965869897315,733.157895661477,733.139824622651,0.0180710388254965,1322.87384937954,-0.391169086600097,-0.750685155783252,0.452847306542397,0.675160084824232,0.750685155783252,FALSE,TRUE,FALSE,FALSE,FALSE
"IFI16","turquoise",0.914389942939842,628.039875379904,628.003569821778,0.0363055581267417,1322.87384937954,-0.284576154008921,-0.546124685775035,0.584983782754062,0.691291908175511,0.546124685775035,FALSE,TRUE,FALSE,FALSE,FALSE
"IFI27","blue",0.824830859557836,3.94038548516069,3.93778446245577,0.00260102270492713,19.5381539006617,0.47412286911372,0.909080452693747,0.363334771010219,0.675160084824232,0.909080452693747,FALSE,TRUE,FALSE,FALSE,FALSE
"IFI35","turquoise",0.782957593154811,111.96651463192,111.966376283981,0.000138347938658967,1322.87384937954,-0.0662616652732114,-0.127161501821156,0.898813320211534,0.918734587794869,0.127161501821156,FALSE,FALSE,FALSE,FALSE,FALSE
"SP110","turquoise",0.934113392307324,686.030070941855,686.026724572219,0.00334636963566481,1322.87384937954,-0.344770818302823,-0.661643121384403,0.508204408086499,0.675272681317988,0.661643121384403,FALSE,TRUE,FALSE,FALSE,FALSE
"IFIT2","turquoise",0.771342167233385,100.402209576853,100.399792459141,0.00241711771198538,1322.87384937954,-0.245689530139275,-0.471427292151333,0.637339284668171,0.714276678725871,0.471427292151333,FALSE,FALSE,FALSE,FALSE,FALSE
"IFIT1","turquoise",0.567556881865149,11.3289928811795,11.3272855343437,0.00170734683578644,1322.87384937954,-0.162963467431448,-0.3127400915012,0.754480034340864,0.797547547059346,0.3127400915012,FALSE,FALSE,FALSE,FALSE,FALSE
"IFIT3","turquoise",0.579380254373991,13.0372990475468,13.0362934726663,0.0010055748805069,1322.87384937954,-0.225756483436252,-0.433098721025295,0.664948599260101,0.732964415889636,0.433098721025295,FALSE,FALSE,FALSE,FALSE,FALSE
"IFNAR1","turquoise",0.972397368691275,1201.6335074856,1201.50147491734,0.132032568257728,1322.87384937954,-0.49994125960554,-0.959427764630945,0.337350054040733,0.675160084824232,0.959427764630945,FALSE,TRUE,FALSE,FALSE,FALSE
"IFNAR2","turquoise",0.982957693221574,1346.30076994822,1346.28150912812,0.0192608201029998,1322.87384937954,-0.6766395345481,-1.29852606405125,0.194115352993852,0.675160084824232,1.29852606405125,FALSE,TRUE,TRUE,FALSE,FALSE
"IFNGR1","turquoise",0.934267332007381,732.792692443859,732.748344237563,0.044348206295922,1322.87384937954,-0.603433436526189,-1.15803763339455,0.246856739464489,0.675160084824232,1.15803763339455,FALSE,TRUE,FALSE,FALSE,FALSE
"IFNGR2","turquoise",0.965652841046756,1106.39229337284,1106.29449883583,0.0977945370095767,1322.87384937954,-0.595162169374965,-1.14216440188766,0.253393659976496,0.675160084824232,1.14216440188766,FALSE,TRUE,FALSE,FALSE,FALSE
"IGBP1","turquoise",0.949605892355519,839.251152737771,839.210967855447,0.0401848823238424,1322.87384937954,-0.474082890172729,-0.90980345956459,0.362932560525497,0.675160084824232,0.90980345956459,FALSE,TRUE,FALSE,FALSE,FALSE
"IGFBP7","turquoise",0.942382241520276,771.947761317908,771.905470979022,0.0422903388864597,1322.87384937954,-0.375504584585245,-0.720623707836297,0.471145972602463,0.675160084824232,0.720623707836297,FALSE,TRUE,FALSE,FALSE,FALSE
"JCHAIN","turquoise",0.545335639462785,4.95580315120691,4.95352882769553,0.0022743235113758,1322.87384937954,-0.781431696286264,-1.49936383676136,0.13379163886846,0.675160084824232,1.49936383676136,FALSE,FALSE,FALSE,FALSE,FALSE
"RBPJ","turquoise",0.97927608008492,1263.40743024789,1263.3677376984,0.0396925494926563,1322.87384937954,-0.566927411463802,-1.08797961488093,0.276611748893185,0.675160084824232,1.08797961488093,FALSE,TRUE,FALSE,FALSE,FALSE
"IK","turquoise",0.935300413215721,793.200833981721,792.809398299082,0.39143568263853,1322.87384937954,-0.433356790938568,-0.831646776955118,0.405614138064812,0.675160084824232,0.831646776955118,FALSE,TRUE,FALSE,FALSE,FALSE
"IL1B","turquoise",0.853886728182077,209.818351425135,209.815544248551,0.00280717658426965,1322.87384937954,-0.103774058392345,-0.199125498398017,0.842165897463931,0.870793041037319,0.199125498398017,FALSE,TRUE,FALSE,FALSE,FALSE
"IL1RN","turquoise",0.800068874339896,142.536690618814,142.536278773878,0.00041184493596802,1322.87384937954,-0.638456493383902,-1.2252497158261,0.220489558388173,0.675160084824232,1.2252497158261,FALSE,TRUE,FALSE,FALSE,FALSE
"IL2RB","turquoise",0.911979864956009,589.913848626973,589.903673121597,0.0101755053758552,1322.87384937954,-0.00690468004228355,-0.0132506401725812,0.989427905200926,0.992203947955757,0.0132506401725812,FALSE,TRUE,FALSE,FALSE,FALSE
"IL2RG","turquoise",0.955686252919147,1014.47387636344,1014.47038365733,0.0034927061142298,1322.87384937954,-0.571892794420888,-1.09750858689419,0.272426830965809,0.675160084824232,1.09750858689419,FALSE,TRUE,FALSE,FALSE,FALSE
"IL3RA","turquoise",0.877369384429581,324.086887610494,324.086180885336,0.000706725157840538,1322.87384937954,-0.206784495366997,-0.396836192929609,0.691490727450712,0.751799398080264,0.396836192929609,FALSE,TRUE,FALSE,FALSE,FALSE
"IL4R","turquoise",0.94820151028084,800.839923996726,800.818625371542,0.0212986251840448,1322.87384937954,-0.745067137879842,-1.42984417641394,0.152770851879897,0.675160084824232,1.42984417641394,FALSE,TRUE,FALSE,FALSE,FALSE
"IL6R","turquoise",0.978292109186759,1254.24628283667,1254.2201518542,0.0261309824677483,1322.87384937954,-0.59350454773535,-1.13898329171973,0.254718074850191,0.675160084824232,1.13898329171973,FALSE,TRUE,FALSE,FALSE,FALSE
"IL6ST","turquoise",0.950549482338748,906.975204812984,906.899284227864,0.0759205851203433,1322.87384937954,-0.498553031117344,-0.956763641737231,0.338693308398378,0.675160084824232,0.956763641737231,FALSE,TRUE,FALSE,FALSE,FALSE
"IL7R","turquoise",0.917793444631199,602.66592258892,602.662729345656,0.00319324326403603,1322.87384937954,-0.39489456331573,-0.748952261872505,0.454082279910764,0.675160084824232,0.748952261872505,FALSE,TRUE,FALSE,FALSE,FALSE
"CXCL8","grey",NA,0.173103174770525,0.0957877421772602,0.0773154325932645,1.16729646183719,-0.510013916508329,-0.978758008955572,0.327706462780048,0.675160084824232,0.978758008955572,FALSE,NA,FALSE,FALSE,FALSE
"CXCR1","turquoise",0.849436978538427,260.500865160907,260.498760687821,0.00210447308649009,1322.87384937954,-0.375126528376761,-0.71978131129209,0.471665898706385,0.675160084824232,0.71978131129209,FALSE,TRUE,FALSE,FALSE,FALSE
"CXCR2","turquoise",0.894027877679625,438.920501210225,438.891529737,0.0289714732246011,1322.87384937954,-0.413609420358371,-0.793749973582566,0.427346490372271,0.675160084824232,0.793749973582566,FALSE,TRUE,FALSE,FALSE,FALSE
"IL10RA","turquoise",0.981076758192228,1358.72883610588,1358.66923011512,0.0596059907588824,1322.87384937954,-0.663765214978164,-1.27381920217737,0.202736126608249,0.675160084824232,1.27381920217737,FALSE,TRUE,TRUE,FALSE,FALSE
"IL10RB","turquoise",0.974312031589018,1162.43295192952,1162.42370898966,0.00924293985667646,1322.87384937954,-0.464176766917384,-0.890792806796036,0.37304658087038,0.675160084824232,0.890792806796036,FALSE,TRUE,FALSE,FALSE,FALSE
"IL11RA","turquoise",0.90061625263522,482.95830881929,482.949710963276,0.00859785601460317,1322.87384937954,-0.278066255973899,-0.533631664245577,0.593599853184191,0.694686338974684,0.533631664245577,FALSE,TRUE,FALSE,FALSE,FALSE
"IL12RB1","turquoise",0.970237654613642,1150.8811742173,1150.86331974294,0.0178544743589555,1322.87384937954,-0.458098358581775,-0.879127848943691,0.379338115939228,0.675160084824232,0.879127848943691,FALSE,TRUE,FALSE,FALSE,FALSE
"IL13RA1","turquoise",0.946108924703105,833.841693467508,833.755012876356,0.0866805911515485,1322.87384937954,-0.405606292639325,-0.778391323361142,0.436343719896672,0.675160084824232,0.778391323361142,FALSE,TRUE,FALSE,FALSE,FALSE
"ILF2","turquoise",0.969013690802719,1143.96931001661,1143.95301095157,0.0162990650401298,1322.87384937954,-0.455159720583622,-0.87348836464137,0.382403058524311,0.675160084824232,0.87348836464137,FALSE,TRUE,FALSE,FALSE,FALSE
"ILF3","turquoise",0.971965798775475,1245.28481952795,1245.18028570091,0.10453382703804,1322.87384937954,-0.478112376841758,-0.917536370808057,0.358868092312254,0.675160084824232,0.917536370808057,FALSE,TRUE,FALSE,FALSE,FALSE
"ILK","turquoise",0.968394717264948,1107.17177810319,1107.11283900166,0.0589391015266756,1322.87384937954,-0.48052382474549,-0.922164134625004,0.356449451725483,0.675160084824232,0.922164134625004,FALSE,TRUE,FALSE,FALSE,FALSE
"IMPA2","turquoise",0.912244520477799,532.108219148504,532.103526428147,0.00469272035741142,1322.87384937954,-0.87913516731061,-1.68713158231184,0.0915871430988557,0.675160084824232,1.68713158231184,FALSE,TRUE,FALSE,FALSE,FALSE
"IMPDH1","turquoise",0.947998802843914,828.181772946756,828.177845090594,0.00392785616179481,1322.87384937954,-0.669232404534008,-1.28431118169215,0.199041767220077,0.675160084824232,1.28431118169215,FALSE,TRUE,FALSE,FALSE,FALSE
"IMPDH2","turquoise",0.930875873586793,745.338283387841,745.335471852056,0.00281153578544036,1322.87384937954,-0.396261378169881,-0.760457675701894,0.446986284582687,0.675160084824232,0.760457675701894,FALSE,TRUE,FALSE,FALSE,FALSE
"INPP5D","turquoise",0.945598739697849,921.649773787757,921.367377165543,0.282396622214151,1322.87384937954,-0.509944765117456,-0.978625301836303,0.327772052567141,0.675160084824232,0.978625301836303,FALSE,TRUE,FALSE,FALSE,FALSE
"INPPL1","turquoise",0.982235747223997,1397.49628628233,1397.39578527025,0.100501012084351,1322.87384937954,-0.438866784233447,-0.842220900311548,0.399670187251812,0.675160084824232,0.842220900311548,FALSE,TRUE,TRUE,FALSE,FALSE
"INSIG1","turquoise",0.950984531848044,921.603575318031,921.546688295284,0.0568870227476737,1322.87384937954,-0.545602306420909,-1.04705501130257,0.295081582567008,0.675160084824232,1.04705501130257,FALSE,TRUE,FALSE,FALSE,FALSE
"EIF3E","turquoise",0.941807204968561,787.78893313301,787.753745831834,0.0351873011766202,1322.87384937954,-0.565893333393559,-1.08599513531993,0.277488773930883,0.675160084824232,1.08599513531993,FALSE,TRUE,FALSE,FALSE,FALSE
"IRAK1","turquoise",0.967194941842205,1141.389667123,1141.37482550963,0.0148416133781666,1322.87384937954,-0.634278072941681,-1.21723098861056,0.223524714500709,0.675160084824232,1.21723098861056,FALSE,TRUE,FALSE,FALSE,FALSE
"IRF1","turquoise",0.963176823456983,1009.1646341523,1009.15297597692,0.0116581753765104,1322.87384937954,-0.505016408172379,-0.96916738573862,0.332468512089271,0.675160084824232,0.96916738573862,FALSE,TRUE,FALSE,FALSE,FALSE
"IRF3","turquoise",0.926179705533564,695.87449041245,695.868530365164,0.00596004728572552,1322.87384937954,-0.373292099449182,-0.716377769683388,0.473762993367987,0.675160084824232,0.716377769683388,FALSE,TRUE,FALSE,FALSE,FALSE
"IRF4","turquoise",0.88820812588066,379.892849615943,379.882316486477,0.0105331294656708,1322.87384937954,-0.20555535125275,-0.394477365832858,0.693231086465284,0.752916720650697,0.394477365832858,FALSE,TRUE,FALSE,FALSE,FALSE
"IRF5","turquoise",0.85452034261076,311.004507465038,310.997017354898,0.00749011013942891,1322.87384937954,-0.39261316257314,-0.753456454523161,0.451180839015788,0.675160084824232,0.753456454523161,FALSE,TRUE,FALSE,FALSE,FALSE
"IRF7","turquoise",0.711790665047081,48.7766832614171,48.7763525385345,0.000330722882608825,1322.87384937954,-0.376342356581777,-0.722231460144112,0.470157106218758,0.675160084824232,0.722231460144112,FALSE,FALSE,FALSE,FALSE,FALSE
"ISG20","turquoise",0.906623340907466,464.534651538128,464.533242606108,0.00140893201995596,1322.87384937954,-0.375158794193569,-0.71996010807104,0.471554461502574,0.675160084824232,0.71996010807104,FALSE,TRUE,FALSE,FALSE,FALSE
"ITGA2B","grey",NA,0.168292531585166,0.0274732241946418,0.140819307390524,1.16729646183719,-0.525792274120919,-1.00903795501511,0.31296354730282,0.675160084824232,1.00903795501511,FALSE,NA,FALSE,FALSE,FALSE
"ITGA4","turquoise",0.959261314963901,1058.28879903818,1058.17676764241,0.11203139577492,1322.87384937954,-0.460479963655997,-0.883698341954003,0.376865267253397,0.675160084824232,0.883698341954003,FALSE,TRUE,FALSE,FALSE,FALSE
"ITGA5","turquoise",0.944815028856537,808.45158186681,808.381230001864,0.0703518649456782,1322.87384937954,-0.609417461281947,-1.16952146151356,0.242201723615262,0.675160084824232,1.16952146151356,FALSE,TRUE,FALSE,FALSE,FALSE
"ITGAL","turquoise",0.942491403196093,849.365370040011,849.335503310259,0.0298667297520296,1322.87384937954,-0.374707794957742,-0.719094604013581,0.472087528976792,0.675160084824232,0.719094604013581,FALSE,TRUE,FALSE,FALSE,FALSE
"ITGAM","turquoise",0.882267972220266,404.126667497822,403.694147735306,0.432519762516847,1322.87384937954,-0.852693678568378,-1.63638822406713,0.101767533538414,0.675160084824232,1.63638822406713,FALSE,TRUE,FALSE,FALSE,FALSE
"ITGAX","turquoise",0.911991839875474,532.844126526879,532.756919022299,0.0872075045791689,1322.87384937954,-0.491082078411632,-0.942426278464274,0.345981073702208,0.675160084824232,0.942426278464274,FALSE,TRUE,FALSE,FALSE,FALSE
"ITGB1","turquoise",0.921977192035978,692.714145687459,692.519615767288,0.194529920170339,1322.87384937954,-0.693771391988811,-1.33140348589334,0.183065128290145,0.675160084824232,1.33140348589334,FALSE,TRUE,FALSE,FALSE,FALSE
"ITGB2","turquoise",0.94143345051952,848.326806481024,848.135424843958,0.191381637066229,1322.87384937954,-0.726272272168366,-1.39377530702251,0.163394493645858,0.675160084824232,1.39377530702251,FALSE,TRUE,FALSE,FALSE,FALSE
"ITGB3","turquoise",0.591101160141294,10.1516782886154,10.0891518056946,0.062526482920779,1322.87384937954,-0.495908384279921,-0.951688350281052,0.341261762920994,0.675160084824232,0.951688350281052,FALSE,FALSE,FALSE,FALSE,FALSE
"EIF6","turquoise",0.953305570091686,953.379580368053,953.37704962208,0.00253074597230807,1322.87384937954,-0.77101174104125,-1.47963397098906,0.138980136285303,0.675160084824232,1.47963397098906,FALSE,TRUE,FALSE,FALSE,FALSE
"ITGB7","turquoise",0.959186889135392,1037.73581453744,1037.71631104879,0.0195034886517078,1322.87384937954,-0.552590287303137,-1.06046551253308,0.288940336150351,0.675160084824232,1.06046551253308,FALSE,TRUE,FALSE,FALSE,FALSE
"ITK","turquoise",0.971028156431854,1175.54447405127,1175.52977705617,0.0146969951085794,1322.87384937954,-0.588992441256143,-1.13011393958683,0.258439089495735,0.675160084824232,1.13011393958683,FALSE,TRUE,FALSE,FALSE,FALSE
"STT3A","turquoise",0.957591510868435,1020.28386871207,1020.21725146944,0.0666172426243747,1322.87384937954,-0.480604807433923,-0.922319546962443,0.356368406198547,0.675160084824232,0.922319546962443,FALSE,TRUE,FALSE,FALSE,FALSE
"ITPKB","turquoise",0.977186978809651,1275.39453443466,1275.38730087959,0.00723355507352608,1322.87384937954,-0.490208666512075,-0.940750130296276,0.346839545359227,0.675160084824232,0.940750130296276,FALSE,TRUE,FALSE,FALSE,FALSE
"ITPR3","turquoise",0.918321613677656,616.579675997337,616.471019422911,0.108656574426391,1322.87384937954,-0.313102291628784,-0.600868654039975,0.547931441639045,0.680390089214384,0.600868654039975,FALSE,TRUE,FALSE,FALSE,FALSE
"IVD","turquoise",0.971009208811004,1178.80408701533,1178.79163889662,0.012448118709699,1322.87384937954,-0.247070425036857,-0.474148154498313,0.63539727867601,0.71247553679514,0.474148154498313,FALSE,TRUE,FALSE,FALSE,FALSE
"JAK1","turquoise",0.966968183397571,1190.25843315083,1190.02008991692,0.238343233913838,1322.87384937954,-0.687145619546593,-1.31868809199245,0.187282210773361,0.675160084824232,1.31868809199245,FALSE,TRUE,FALSE,FALSE,FALSE
"JAK3","turquoise",0.961592225806967,950.650455192218,950.637033391946,0.0134218002723401,1322.87384937954,-0.461957595937151,-0.886534037966717,0.375336034067994,0.675160084824232,0.886534037966717,FALSE,TRUE,FALSE,FALSE,FALSE
"JUNB","turquoise",0.581238933549202,6.32938051837906,6.26103552030111,0.0683449980779507,1322.87384937954,-0.772878431379856,-1.48321630092166,0.13802613637088,0.675160084824232,1.48321630092166,FALSE,FALSE,FALSE,FALSE,FALSE
"JUND","turquoise",0.815997840945125,124.413178649472,124.176953710125,0.236224939347224,1322.87384937954,-0.917963382679432,-1.76164607208472,0.0781380189480468,0.675160084824232,1.76164607208472,FALSE,TRUE,FALSE,FALSE,FALSE
"CD82","turquoise",0.921922041958132,590.166834853086,590.165917939491,0.000916913595233382,1322.87384937954,-0.458029673165879,-0.878996036068138,0.379409580581189,0.675160084824232,0.878996036068138,FALSE,TRUE,FALSE,FALSE,FALSE
"KARS1","turquoise",0.96992139481681,1173.94888191992,1173.89823009027,0.0506518296563172,1322.87384937954,-0.386903332598382,-0.742498828394389,0.457790244271483,0.675160084824232,0.742498828394389,FALSE,TRUE,FALSE,FALSE,FALSE
"KCNJ2","turquoise",0.929542437516125,655.310791882616,655.264039835039,0.0467520475765468,1322.87384937954,-0.214995487510269,-0.412593751814901,0.67990685767846,0.744280135116021,0.412593751814901,FALSE,TRUE,FALSE,FALSE,FALSE
"KCNJ15","turquoise",0.916386204298186,561.871778816174,561.821968206888,0.0498106092859416,1322.87384937954,-0.567075628700221,-1.0882640557609,0.276486197499391,0.675160084824232,1.0882640557609,FALSE,TRUE,FALSE,FALSE,FALSE
"KCNN4","turquoise",0.897914476490456,429.929188043444,429.845074795957,0.0841132474870392,1322.87384937954,-0.145448658831736,-0.279127755371913,0.78014846587203,0.81890767746577,0.279127755371913,FALSE,TRUE,FALSE,FALSE,FALSE
"KCNQ1","turquoise",0.945354094663546,849.334474283606,849.326761795293,0.00771248831313187,1322.87384937954,-0.70472974004009,-1.3524334432591,0.176245609693217,0.675160084824232,1.3524334432591,FALSE,TRUE,FALSE,FALSE,FALSE
"KEL","blue",0.932610931959646,10.4361970300769,10.41445162798,0.0217454020969114,19.5381539006617,0.255946003773699,0.491181108877821,0.62330150054511,0.706485236743652,0.491181108877821,FALSE,TRUE,FALSE,FALSE,FALSE
"KIR2DS4","turquoise",0.672345928457331,18.7449092991214,18.7346584665263,0.0102508325950161,1322.87384937954,0.0487112576510384,0.093480848284801,0.925522109721959,0.940432202937096,0.093480848284801,FALSE,FALSE,FALSE,FALSE,FALSE
"KIR3DL1","turquoise",0.705923789291144,32.8967247488185,32.8943650326116,0.00235971620686115,1322.87384937954,-0.125371086266539,-0.240597267648932,0.80986870553602,0.842884464461051,0.240597267648932,FALSE,FALSE,FALSE,FALSE,FALSE
"KIR3DL2","turquoise",0.673653089630206,19.0959106055557,19.0913687378275,0.00454186772829246,1322.87384937954,0.177856593528834,0.341321206593113,0.732863874946956,0.782682559673181,0.341321206593113,FALSE,FALSE,FALSE,FALSE,FALSE
"KLRB1","turquoise",0.834300324738849,189.098532071687,189.096861688701,0.00167038298610578,1322.87384937954,-0.214393961213002,-0.411439374136193,0.680752957122432,0.744454215476316,0.411439374136193,FALSE,TRUE,FALSE,FALSE,FALSE
"KLRC3","turquoise",0.891645453255805,417.026617074311,417.000514369731,0.0261027045801825,1322.87384937954,-0.487708248088755,-0.935951624847014,0.349304682360804,0.675160084824232,0.935951624847014,FALSE,TRUE,FALSE,FALSE,FALSE
"KLRD1","turquoise",0.932194314417662,705.446707116882,705.429375268238,0.0173318486437211,1322.87384937954,-0.357332817751559,-0.685750615652639,0.492875015854419,0.675160084824232,0.685750615652639,FALSE,TRUE,FALSE,FALSE,FALSE
"KLC1","turquoise",0.977581373698142,1298.84086871352,1298.69356642091,0.147302292605673,1322.87384937954,-0.574813706943236,-1.10311405457295,0.269985374762498,0.675160084824232,1.10311405457295,FALSE,TRUE,FALSE,FALSE,FALSE
"KIF22","turquoise",0.958571218688516,1040.79166517491,1040.78584232187,0.00582285303516983,1322.87384937954,-0.387615071255888,-0.743864712517879,0.456963419212131,0.675160084824232,0.743864712517879,FALSE,TRUE,FALSE,FALSE,FALSE
"KPNB1","turquoise",0.974568118997888,1246.15311358869,1246.11348191077,0.0396316779217614,1322.87384937954,-0.383068280494265,-0.735139052827157,0.462259836937355,0.675160084824232,0.735139052827157,FALSE,TRUE,FALSE,FALSE,FALSE
"KRT1","blue",0.794464470172389,2.03203436004647,2.03089050951899,0.00114385052747634,19.5381539006617,-0.0268375989096523,-0.0515035257347346,0.958924592260516,0.967268950189405,0.0515035257347346,FALSE,FALSE,FALSE,FALSE,FALSE
"LAG3","turquoise",0.828969425000347,179.729446764519,179.72847030375,0.000976460769464893,1322.87384937954,-0.354462840748103,-0.680242897359613,0.496355264094579,0.675160084824232,0.680242897359613,FALSE,TRUE,FALSE,FALSE,FALSE
"LAIR1","turquoise",0.94293384346917,846.726075557148,846.719340218412,0.00673533873634824,1322.87384937954,-0.323353152996805,-0.620540887165166,0.534905865417121,0.676813488619187,0.620540887165166,FALSE,TRUE,FALSE,FALSE,FALSE
"LAIR2","turquoise",0.64099177334291,10.7584573490237,10.7575934641408,0.00086388488292144,1322.87384937954,-0.363254626524032,-0.697115046261205,0.485735521698938,0.675160084824232,0.697115046261205,FALSE,FALSE,FALSE,FALSE,FALSE
"LAMP1","turquoise",0.953664474982598,972.562435289197,972.433200712711,0.129234576485601,1322.87384937954,-0.535574864506043,-1.02781153820148,0.304045733011346,0.675160084824232,1.02781153820148,FALSE,TRUE,FALSE,FALSE,FALSE
"LAMP2","turquoise",0.958190891026202,1022.97289372147,1022.84753533381,0.12535838765632,1322.87384937954,-0.623248913483684,-1.19606513842069,0.231679405716781,0.675160084824232,1.19606513842069,FALSE,TRUE,FALSE,FALSE,FALSE
"RPSA","turquoise",0.747033694673573,81.9717062853424,81.952755326501,0.0189509588414722,1322.87384937954,-0.846393668671947,-1.62412349076457,0.10435902882182,0.675160084824232,1.62412349076457,FALSE,FALSE,FALSE,FALSE,FALSE
"LASP1","turquoise",0.965884830314424,1156.6684890004,1156.61949289785,0.0489961025543835,1322.87384937954,-0.708442656167803,-1.3595588299965,0.173978508025755,0.675160084824232,1.3595588299965,FALSE,TRUE,FALSE,FALSE,FALSE
"LBR","turquoise",0.962355525689425,1078.84132066648,1078.6906580614,0.150662605074103,1322.87384937954,-0.651568655805094,-1.25027678449567,0.211207342627956,0.675160084824232,1.25027678449567,FALSE,TRUE,FALSE,FALSE,FALSE
"LCK","turquoise",0.922565852887132,696.013980388009,696.013193290361,0.000787097647958035,1322.87384937954,-0.553574547102385,-1.06220229706923,0.288152755797347,0.675160084824232,1.06220229706923,FALSE,TRUE,FALSE,FALSE,FALSE
"LCN2","grey",NA,0.513764043575524,0.51200860747093,0.00175543610459428,1.16729646183719,-0.777449427140523,-1.49198841196578,0.135711376886909,0.675160084824232,1.49198841196578,FALSE,NA,FALSE,FALSE,FALSE
"LCP1","turquoise",0.97100264119863,1229.54693463261,1229.4633440266,0.0835906060165144,1322.87384937954,-0.757595837508171,-1.45388776563005,0.145986571635124,0.675160084824232,1.45388776563005,FALSE,TRUE,FALSE,FALSE,FALSE
"LCP2","turquoise",0.978513832591655,1343.55495538207,1343.49077720592,0.0641781761512448,1322.87384937954,-0.560404609511658,-1.0754618296895,0.282175574803925,0.675160084824232,1.0754618296895,FALSE,TRUE,TRUE,FALSE,FALSE
"LDHA","turquoise",0.953335678127919,971.762521965831,971.69533700595,0.0671849598817289,1322.87384937954,-0.561006245218816,-1.07661641733465,0.281659236225543,0.675160084824232,1.07661641733465,FALSE,TRUE,FALSE,FALSE,FALSE
"LDHB","turquoise",0.950060216353555,889.8097746687,889.802259031089,0.00751563761139096,1322.87384937954,-0.571942502400232,-1.09760398053212,0.272385156384985,0.675160084824232,1.09760398053212,FALSE,TRUE,FALSE,FALSE,FALSE
"LFNG","turquoise",0.938164547448003,817.450566460153,817.448626300022,0.00194016013051623,1322.87384937954,-0.341209671782249,-0.654808992814071,0.512595129340382,0.675272681317988,0.654808992814071,FALSE,TRUE,FALSE,FALSE,FALSE
"LGALS2","turquoise",0.780769834273019,75.0534010188069,75.0485830228174,0.004817995989427,1322.87384937954,-1.34823789973486,-2.58710824466868,0.00968271877800767,0.675160084824232,2.58710824466868,FALSE,FALSE,FALSE,FALSE,FALSE
"LGALS3","blue",0.766793827154964,1.39375059112908,1.38537312132141,0.00837746980767484,19.5381539006617,-0.146556434913979,-0.281253667386329,0.778517540502952,0.817796162433789,0.281253667386329,FALSE,FALSE,FALSE,FALSE,FALSE
"LGALS3BP","turquoise",0.737325546950753,69.3520878840619,69.351927928556,0.000159955505949938,1322.87384937954,-0.410048554318428,-0.786916383277281,0.431336251285219,0.675160084824232,0.786916383277281,FALSE,FALSE,FALSE,FALSE,FALSE
"LGALS9","turquoise",0.77738160836734,96.4732537792974,96.4657800466754,0.0074737326219747,1322.87384937954,-0.993969196768383,-1.90750738460742,0.0564632559692115,0.675160084824232,1.90750738460742,FALSE,FALSE,FALSE,FALSE,FALSE
"ABLIM1","turquoise",0.978492062776416,1309.15567681859,1309.14006862064,0.0156081979548617,1322.87384937954,-0.443642469438875,-0.851385826976813,0.394561003889545,0.675160084824232,0.851385826976813,FALSE,TRUE,FALSE,FALSE,FALSE
"LIMK1","turquoise",0.947957021239448,894.728454283795,894.714598121838,0.013856161957051,1322.87384937954,-0.427087083430619,-0.819614700498803,0.412441483645491,0.675160084824232,0.819614700498803,FALSE,TRUE,FALSE,FALSE,FALSE
"LIMK2","turquoise",0.916304150710519,569.98589039736,569.899623915347,0.0862664820126611,1322.87384937954,-0.446061314370041,-0.855927100859963,0.392044548257438,0.675160084824232,0.855927100859963,FALSE,TRUE,FALSE,FALSE,FALSE
"LIMS1","turquoise",0.932749006234457,685.134930004514,685.084903146418,0.0500268580967713,1322.87384937954,-0.387494412981874,-0.743633159518606,0.45710352854613,0.675160084824232,0.743633159518606,FALSE,TRUE,FALSE,FALSE,FALSE
"LIPA","turquoise",0.912432464188636,583.99490137233,583.981717022049,0.0131843502813354,1322.87384937954,-0.28882515795411,-0.55427886844893,0.579391622315268,0.690044682051626,0.55427886844893,FALSE,TRUE,FALSE,FALSE,FALSE
"LMO2","turquoise",0.859762129539707,307.034564973665,307.022668025784,0.0118969478813256,1322.87384937954,-0.206777099121366,-0.396821998935262,0.691501195016704,0.751799398080264,0.396821998935262,FALSE,TRUE,FALSE,FALSE,FALSE
"PRICKLE3","turquoise",0.938984325509882,772.817583002586,772.81163496144,0.00594804114609815,1322.87384937954,-0.688814637167485,-1.32189107197135,0.186213238444576,0.675160084824232,1.32189107197135,FALSE,TRUE,FALSE,FALSE,FALSE
"LNPEP","turquoise",0.985339282437841,1428.2538755544,1428.16614736596,0.0877281884431795,1322.87384937954,-0.48857494937891,-0.937614894812115,0.34844895353416,0.675160084824232,0.937614894812115,FALSE,TRUE,TRUE,FALSE,FALSE
"IRAG2","turquoise",0.942497380599136,815.421894639839,815.26658877692,0.155305862919136,1322.87384937954,-0.575556562765814,-1.10453965505622,0.269366856960223,0.675160084824232,1.10453965505622,FALSE,TRUE,FALSE,FALSE,FALSE
"LRCH4","turquoise",0.954418055584251,895.014094349103,894.997581243581,0.0165131055223355,1322.87384937954,-0.498333204004746,-0.956341775705586,0.338906328255669,0.675160084824232,0.956341775705586,FALSE,TRUE,FALSE,FALSE,FALSE
"LSP1","turquoise",0.906626613643005,536.325987441658,536.324991511091,0.000995930567455616,1322.87384937954,-0.712754201747547,-1.367833035132,0.171373302746066,0.675160084824232,1.367833035132,FALSE,TRUE,FALSE,FALSE,FALSE
"LTB","turquoise",0.909102118175911,564.998554338598,564.998285982998,0.000268355599700953,1322.87384937954,-0.673577554106459,-1.29251926723793,0.196186206223725,0.675160084824232,1.29251926723793,FALSE,TRUE,FALSE,FALSE,FALSE
"CYP4F3","turquoise",0.921272670130379,582.306683253054,582.237247395289,0.0694358577646881,1322.87384937954,-0.832170236626753,-1.59700207690232,0.110274453029293,0.675160084824232,1.59700207690232,FALSE,TRUE,FALSE,FALSE,FALSE
"LTBP3","turquoise",0.910627446119429,582.16221452754,582.15755641641,0.00465811112962911,1322.87384937954,-0.256522103712058,-0.492286691314644,0.622519836781653,0.706060156778971,0.492286691314644,FALSE,TRUE,FALSE,FALSE,FALSE
"LTBR","turquoise",0.92313794084542,616.45441770378,616.439971703113,0.0144460006667941,1322.87384937954,-0.360929307258398,-0.692652570275844,0.488532298486613,0.675160084824232,0.692652570275844,FALSE,TRUE,FALSE,FALSE,FALSE
"LTF","grey",NA,1.57328849977978,1.57264703648422,0.000641463295556477,1.16729646183719,-0.371779301162378,-0.712908011278787,0.475921832909418,0.675160084824232,0.712908011278787,FALSE,NA,TRUE,FALSE,FALSE
"BCAM","blue",0.805090240344163,2.0500959958386,2.0460250544315,0.00407094140709852,19.5381539006617,0.5787161405765,1.11060314075147,0.266746992906908,0.675160084824232,1.11060314075147,FALSE,TRUE,FALSE,FALSE,FALSE
"LY6E","turquoise",0.661317070615379,27.4530549916214,27.4529095656337,0.00014542598778533,1322.87384937954,0.171502503084532,0.329086405757433,0.742092598293276,0.789000319584186,0.329086405757433,FALSE,FALSE,FALSE,FALSE,FALSE
"LY9","turquoise",0.955113814112412,985.256464407779,985.249045677436,0.0074187303432609,1322.87384937954,-0.302136265015131,-0.57982396089118,0.562037144670078,0.685148728078903,0.57982396089118,FALSE,TRUE,FALSE,FALSE,FALSE
"LYN","turquoise",0.946794221530137,910.717752251481,910.595814539691,0.12193771179011,1322.87384937954,-0.603501395713614,-1.15816805257886,0.246803524077491,0.675160084824232,1.15816805257886,FALSE,TRUE,FALSE,FALSE,FALSE
"SH2D1A","turquoise",0.96010945490616,985.707445400338,985.673634034645,0.0338113656930545,1322.87384937954,-0.37923916590054,-0.727790671823212,0.46674670175647,0.675160084824232,0.727790671823212,FALSE,TRUE,FALSE,FALSE,FALSE
"LYZ","turquoise",0.929363949716824,688.457332144976,688.369168176112,0.0881639688641371,1322.87384937954,-1.05468974813744,-2.02403504010266,0.042974279728354,0.675160084824232,2.02403504010266,FALSE,TRUE,FALSE,FALSE,FALSE
"M6PR","turquoise",0.982432035182272,1415.90296407543,1415.85591666403,0.0470474114079025,1322.87384937954,-0.518813476386882,-0.995645076989681,0.31942964590516,0.675160084824232,0.995645076989681,FALSE,TRUE,TRUE,FALSE,FALSE
"CAPRIN1","turquoise",0.978529044445074,1346.64384869259,1346.57289938645,0.0709493061378907,1322.87384937954,-0.528052391810723,-1.01337530389615,0.310888076589997,0.675160084824232,1.01337530389615,FALSE,TRUE,TRUE,FALSE,FALSE
"NBR1","turquoise",0.941068667778314,881.852382157103,881.316478624369,0.535903532733983,1322.87384937954,-0.570126468360741,-1.09411886413989,0.273910530626618,0.675160084824232,1.09411886413989,FALSE,TRUE,FALSE,FALSE,FALSE
"MARCKS","turquoise",0.91591665473557,592.596717675941,592.515365854646,0.081351821294902,1322.87384937954,-0.508998966091296,-0.976810236910125,0.328669993763405,0.675160084824232,0.976810236910125,FALSE,TRUE,FALSE,FALSE,FALSE
"MXD1","turquoise",0.964896404116529,1098.83508214023,1098.74652703615,0.0885551040817063,1322.87384937954,-0.545877847314879,-1.04743305933438,0.294908673082702,0.675160084824232,1.04743305933438,FALSE,TRUE,FALSE,FALSE,FALSE
"SMAD3","turquoise",0.981891372835002,1393.25366722762,1393.19799995218,0.0556672754362353,1322.87384937954,-0.498862984314609,-0.957358467024159,0.338393099391527,0.675160084824232,0.957358467024159,FALSE,TRUE,TRUE,FALSE,FALSE
"MAN1A1","turquoise",0.786680567579957,138.948464587947,136.68768327464,2.26078131330726,1322.87384937954,-0.42019450417667,-0.806387282719011,0.420025166263325,0.675160084824232,0.806387282719011,FALSE,FALSE,FALSE,FALSE,FALSE
"MAN2A2","brown",0.923422187874379,15.2920534483485,5.13115557829462,10.1608978700539,7.78987287898542,-0.26544200185161,-0.509404698217132,0.610471859837055,0.699535462364124,0.509404698217132,FALSE,TRUE,FALSE,FALSE,FALSE
"MAN2C1","turquoise",0.922028451288506,640.352725620561,640.339615538596,0.0131100819658059,1322.87384937954,-0.486348700163183,-0.933342542275656,0.350649704165778,0.675160084824232,0.933342542275656,FALSE,TRUE,FALSE,FALSE,FALSE
"MAN2B1","turquoise",0.966450458275244,1121.56420532827,1121.53864162954,0.0255636987262733,1322.87384937954,-0.597229420536955,-1.14613162428264,0.251748687195995,0.675160084824232,1.14613162428264,FALSE,TRUE,FALSE,FALSE,FALSE
"MARK3","brown",0.910170859093631,6.83340660265944,3.64289137882807,3.19051522383137,7.78987287898542,-0.124360604315839,-0.238658070952255,0.811372157095389,0.844244342984503,0.238658070952255,FALSE,TRUE,FALSE,FALSE,FALSE
"MARS1","turquoise",0.977600283771428,1305.58008215982,1305.44298847638,0.137093683438025,1322.87384937954,-0.519086941473397,-0.996169878637111,0.319174636965953,0.675160084824232,0.996169878637111,FALSE,TRUE,FALSE,FALSE,FALSE
"MAT2A","turquoise",0.97387398218263,1236.66202072605,1236.61830096463,0.0437197614162415,1322.87384937954,-0.537052032452158,-1.03064634311765,0.30271396001184,0.675160084824232,1.03064634311765,FALSE,TRUE,FALSE,FALSE,FALSE
"MATK","turquoise",0.914101975264499,604.718392675292,604.717357264385,0.00103541090777526,1322.87384937954,-0.293615797305805,-0.563472493331934,0.573116867682697,0.688257984588534,0.563472493331934,FALSE,TRUE,FALSE,FALSE,FALSE
"MAX","turquoise",0.967723385869327,1131.23055897853,1131.22288382288,0.00767515564439236,1322.87384937954,-0.504485980204885,-0.968149451512603,0.332976559676273,0.675160084824232,0.968149451512603,FALSE,TRUE,FALSE,FALSE,FALSE
"MAZ","turquoise",0.972075288897509,1172.03986476045,1172.02733462645,0.0125301339953694,1322.87384937954,-0.665503067561987,-1.27715428202469,0.201556426057749,0.675160084824232,1.27715428202469,FALSE,TRUE,FALSE,FALSE,FALSE
"MBNL1","turquoise",0.953664079456602,989.277620651295,989.155312547726,0.122308103568571,1322.87384937954,-0.650301741930325,-1.24798170706715,0.2120462726336,0.675160084824232,1.24798170706715,FALSE,TRUE,FALSE,FALSE,FALSE
"MBP","turquoise",0.95561661774258,1002.94266540435,1002.73169796217,0.210967442185279,1322.87384937954,-0.42889351362848,-0.823081386341181,0.410467433332618,0.675160084824232,0.823081386341181,FALSE,TRUE,FALSE,FALSE,FALSE
"MCL1","turquoise",0.956352277052231,973.704922536255,973.485463091228,0.219459445027496,1322.87384937954,-0.752703573773867,-1.4443026337267,0.148664457358182,0.675160084824232,1.4443026337267,FALSE,TRUE,FALSE,FALSE,FALSE
"MCM5","turquoise",0.972815893542515,1241.48337024054,1241.41691140976,0.0664588307784015,1322.87384937954,-0.316166959514964,-0.606749999903874,0.544020849230429,0.678834478822713,0.606749999903874,FALSE,TRUE,FALSE,FALSE,FALSE
"MCM7","turquoise",0.975209996166484,1266.83858356373,1266.78775749655,0.050826067179969,1322.87384937954,-0.25737096325631,-0.493915721524453,0.621368862667373,0.706060156778971,0.493915721524453,FALSE,TRUE,FALSE,FALSE,FALSE
"CD46","turquoise",0.949500387844761,862.879431217762,862.818684608843,0.0607466089187483,1322.87384937954,-0.711388913291716,-1.36486212934362,0.172311407110304,0.675160084824232,1.36486212934362,FALSE,TRUE,FALSE,FALSE,FALSE
"MDH1","turquoise",0.924594726948596,597.00826445358,596.997655704665,0.0106087489155016,1322.87384937954,-0.639477813142837,-1.22720971115447,0.21975220024788,0.675160084824232,1.22720971115447,FALSE,TRUE,FALSE,FALSE,FALSE
"MDH2","turquoise",0.98158010983299,1366.57220783707,1366.55652279336,0.015685043714484,1322.87384937954,-0.532398722397961,-1.02171626427807,0.306922414442428,0.675160084824232,1.02171626427807,FALSE,TRUE,TRUE,FALSE,FALSE
"MDM4","turquoise",0.978010321996343,1252.85606259649,1252.83452365803,0.0215389384591163,1322.87384937954,-0.533932450458061,-1.02465961263347,0.30553104960998,0.675160084824232,1.02465961263347,FALSE,TRUE,FALSE,FALSE,FALSE
"MEA1","turquoise",0.980773420430737,1331.32510187071,1331.29159371107,0.0335081596369946,1322.87384937954,-0.386121068838119,-0.740997600887275,0.458699965937069,0.675160084824232,0.740997600887275,FALSE,TRUE,TRUE,FALSE,FALSE
"MECP2","turquoise",0.990657764068674,1486.86132691824,1486.82278860499,0.0385383132484094,1322.87384937954,-0.400003462355428,-0.767639038304439,0.442706945234197,0.675160084824232,0.767639038304439,FALSE,TRUE,TRUE,FALSE,FALSE
"MEF2D","turquoise",0.985815661121689,1450.93038922438,1450.8488544173,0.081534807078242,1322.87384937954,-0.450475939245168,-0.864499808939609,0.387319428783351,0.675160084824232,0.864499808939609,FALSE,TRUE,TRUE,FALSE,FALSE
"MEFV","turquoise",0.917797692574522,633.636260049207,633.478271466847,0.157988582359849,1322.87384937954,-0.572656948913805,-1.0989750612507,0.271786654892324,0.675160084824232,1.0989750612507,FALSE,TRUE,FALSE,FALSE,FALSE
"MAP3K1","turquoise",0.95665417496935,1051.65168270225,1051.44590256128,0.205780140973047,1322.87384937954,-0.506278079660795,-0.971588635500611,0.331262087402139,0.675160084824232,0.971588635500611,FALSE,TRUE,FALSE,FALSE,FALSE
"MAP3K3","turquoise",0.975416229157897,1194.92302950662,1194.89755461771,0.0254748889101393,1322.87384937954,-0.573665919899474,-1.10091135828312,0.270942961137908,0.675160084824232,1.10091135828312,FALSE,TRUE,FALSE,FALSE,FALSE
"RAB8A","turquoise",0.961220709372182,1067.81879505383,1067.76208263248,0.0567124213489478,1322.87384937954,-0.561661784119591,-1.07787444957367,0.281097366804712,0.675160084824232,1.07787444957367,FALSE,TRUE,FALSE,FALSE,FALSE
"MEN1","turquoise",0.972019945604568,1231.51058527607,1231.49061596726,0.0199693088104596,1322.87384937954,-0.400947335687302,-0.769450407667329,0.441631270786744,0.675160084824232,0.769450407667329,FALSE,TRUE,FALSE,FALSE,FALSE
"MFAP1","turquoise",0.964705682400158,1116.93017322685,1116.86446110731,0.0657121195331456,1322.87384937954,-0.404924222000267,-0.777082374567701,0.437115529219032,0.675160084824232,0.777082374567701,FALSE,TRUE,FALSE,FALSE,FALSE
"MFNG","turquoise",0.921342035739294,681.665862906829,681.665262637464,0.000600269364667838,1322.87384937954,-0.591051373773273,-1.13427545221766,0.256686947066035,0.675160084824232,1.13427545221766,FALSE,TRUE,FALSE,FALSE,FALSE
"MGAT1","turquoise",0.971024814935295,1210.62585691033,1210.60200266717,0.0238542431600308,1322.87384937954,-0.547405609810067,-1.05051569654583,0.293488476749469,0.675160084824232,1.05051569654583,FALSE,TRUE,FALSE,FALSE,FALSE
"MGAT2","turquoise",0.968829886638002,1196.98809732218,1196.88972668183,0.0983706403505948,1322.87384937954,-0.455408441988817,-0.873965681160495,0.382143060285147,0.675160084824232,0.873965681160495,FALSE,TRUE,FALSE,FALSE,FALSE
"CD99","turquoise",0.977346652497307,1227.73100412862,1227.71487302821,0.016131100413304,1322.87384937954,-0.819728227430966,-1.57312485364683,0.115699131200338,0.675160084824232,1.57312485364683,FALSE,TRUE,FALSE,FALSE,FALSE
"MICB","turquoise",0.968059120180834,1157.78706731746,1157.72543307064,0.0616342468199491,1322.87384937954,-0.390347226418219,-0.749107939536365,0.453797285384063,0.675160084824232,0.749107939536365,FALSE,TRUE,FALSE,FALSE,FALSE
"MIF","turquoise",0.924500263727646,637.885579276098,637.884465042165,0.00111423393298082,1322.87384937954,-0.365994399558961,-0.702372892594135,0.482451410426273,0.675160084824232,0.702372892594135,FALSE,TRUE,FALSE,FALSE,FALSE
"MAP3K11","turquoise",0.949155710080671,894.750744385513,894.744612615761,0.0061317697523009,1322.87384937954,-0.521096303882753,-1.00002600782769,0.317304973965663,0.675160084824232,1.00002600782769,FALSE,TRUE,FALSE,FALSE,FALSE
"KMT2A","turquoise",0.975477165942411,1225.56964845056,1225.53479122808,0.0348572224759209,1322.87384937954,-0.411643384267136,-0.789976991105214,0.429546665095616,0.675160084824232,0.789976991105214,FALSE,TRUE,FALSE,FALSE,FALSE
"MLLT1","turquoise",0.974935135593748,1230.09679497125,1230.06670116238,0.0300938088685143,1322.87384937954,-0.497133606385452,-0.954039650725457,0.340070293003345,0.675160084824232,0.954039650725457,FALSE,TRUE,FALSE,FALSE,FALSE
"MLLT6","turquoise",0.956429104216926,1014.86159926842,1014.85050549215,0.0110937762771073,1322.87384937954,-0.369125890488516,-0.708309037720218,0.478758317165292,0.675160084824232,0.708309037720218,FALSE,TRUE,FALSE,FALSE,FALSE
"FOXO4","blue",0.918641605413654,9.56806999273847,9.26790094073013,0.300169052008348,19.5381539006617,0.155639755378689,0.298685294965457,0.765181986867837,0.806573280368511,0.298685294965457,FALSE,TRUE,FALSE,FALSE,FALSE
"MME","turquoise",0.96021549468869,966.578097924254,966.486015735836,0.0920821884180896,1322.87384937954,-0.96628438129771,-1.85437798168076,0.0636936766292597,0.675160084824232,1.85437798168076,FALSE,TRUE,FALSE,FALSE,FALSE
"MMP9","turquoise",0.723949322664771,34.1123803134386,34.0783888462722,0.0339914671664587,1322.87384937954,-0.908836182573819,-1.74390765024434,0.0811852269036159,0.675160084824232,1.74390765024434,FALSE,FALSE,FALSE,FALSE,FALSE
"MNDA","turquoise",0.931093942024805,688.617023631297,688.551750362451,0.0652732688466813,1322.87384937954,-0.527910502046797,-1.01310300594831,0.311018106454526,0.675160084824232,1.01310300594831,FALSE,TRUE,FALSE,FALSE,FALSE
"MOV10","turquoise",0.914347172666947,613.911298607142,613.902172037601,0.00912656954062641,1322.87384937954,-0.179792928008779,-0.345037189273033,0.730068527476163,0.780474554921551,0.345037189273033,FALSE,TRUE,FALSE,FALSE,FALSE
"MPG","turquoise",0.935066895158975,753.752897726288,753.751225901005,0.00167182528241483,1322.87384937954,-0.571028844629488,-1.09585059727803,0.273151853261326,0.675160084824232,1.09585059727803,FALSE,TRUE,FALSE,FALSE,FALSE
"MPI","turquoise",0.97787312729282,1319.04259650877,1319.01391795084,0.0286785579307889,1322.87384937954,-0.266740107375039,-0.511895867842902,0.608727184754312,0.699352857330657,0.511895867842902,FALSE,TRUE,FALSE,FALSE,FALSE
"MPP1","blue",0.9749597331812,21.4290583662816,21.2211123028645,0.207946063417143,19.5381539006617,-0.247105264187021,-0.474215013648905,0.635349605802707,0.71247553679514,0.474215013648905,FALSE,TRUE,TRUE,FALSE,FALSE
"MPST","turquoise",0.904236341771695,413.404471543666,413.373084183089,0.0313873605769004,1322.87384937954,-0.68082727390688,-1.30656267502235,0.191370037391865,0.675160084824232,1.30656267502235,FALSE,TRUE,FALSE,FALSE,FALSE
"MPV17","turquoise",0.978011864912874,1320.44601027221,1320.42451032961,0.0214999426041231,1322.87384937954,-0.379308468501702,-0.727923669127273,0.466665280488723,0.675160084824232,0.727923669127273,FALSE,TRUE,FALSE,FALSE,FALSE
"MSN","turquoise",0.955971981898328,1061.95891296771,1061.73639741066,0.222515557053157,1322.87384937954,-0.695154170275823,-1.3340571494096,0.182193981872465,0.675160084824232,1.3340571494096,FALSE,TRUE,FALSE,FALSE,FALSE
"MT1F","turquoise",0.837107302977148,174.366534388006,174.365888116663,0.000646271343413218,1322.87384937954,-0.0323075570082519,-0.0620008183072764,0.950562541470152,0.959843516712563,0.0620008183072764,FALSE,TRUE,FALSE,FALSE,FALSE
"MT1X","turquoise",0.92416409732378,582.076131024476,582.070638759524,0.00549226495206767,1322.87384937954,-0.48608050873477,-0.932827861205206,0.350915417391132,0.675160084824232,0.932827861205206,FALSE,TRUE,FALSE,FALSE,FALSE
"MT2A","turquoise",0.637700804475367,11.3110657856959,11.3107512188892,0.000314566806675742,1322.87384937954,-0.0258611752532602,-0.0496296896630245,0.960417775722042,0.968092089323581,0.0496296896630245,FALSE,FALSE,FALSE,FALSE,FALSE
"MT-ATP6","turquoise",0.87754574524756,344.16404751583,344.163878454666,0.000169061163603601,1322.87384937954,-0.490258168223083,-0.940845128088568,0.346790854187539,0.675160084824232,0.940845128088568,FALSE,TRUE,FALSE,FALSE,FALSE
"MT-ATP8","turquoise",0.885374633167874,398.896507379308,398.896354949622,0.000152429685385869,1322.87384937954,-0.572191600087186,-1.09808201916641,0.27217638155303,0.675160084824232,1.09808201916641,FALSE,TRUE,FALSE,FALSE,FALSE
"MT-CO1","turquoise",0.878190566516623,339.304868748189,339.304635332641,0.000233415547882032,1322.87384937954,-0.509554417349923,-0.977876192858323,0.328142455453878,0.675160084824232,0.977876192858323,FALSE,TRUE,FALSE,FALSE,FALSE
"MT-CO2","turquoise",0.862575865713244,277.113596979682,277.113483852403,0.000113127278325464,1322.87384937954,-0.398800304891357,-0.76533008169389,0.444080279662205,0.675160084824232,0.76533008169389,FALSE,TRUE,FALSE,FALSE,FALSE
"MT-CO3","turquoise",0.856808579009102,258.875053789882,258.874910695074,0.000143094808095157,1322.87384937954,-0.398469789295462,-0.764695795498757,0.444457969448688,0.675160084824232,0.764695795498757,FALSE,TRUE,FALSE,FALSE,FALSE
"MT-CYB","turquoise",0.866278894202203,313.600500665426,313.600412413103,8.82523239056354e-05,1322.87384937954,-0.533929801148687,-1.02465452839423,0.305533449393293,0.675160084824232,1.02465452839423,FALSE,TRUE,FALSE,FALSE,FALSE
"MT-ND1","turquoise",0.789986833367117,115.642469004353,115.642413503694,5.550065883142e-05,1322.87384937954,-0.501117868421673,-0.961685772236075,0.336214248321887,0.675160084824232,0.961685772236075,FALSE,FALSE,FALSE,FALSE,FALSE
"MT-ND2","turquoise",0.813568345841881,153.979316395524,153.97926768198,4.87135442313047e-05,1322.87384937954,-0.385749552924871,-0.740284631762755,0.459132369374286,0.675160084824232,0.740284631762755,FALSE,TRUE,FALSE,FALSE,FALSE
"MT-ND3","turquoise",0.877334549060158,347.257280726402,347.257091594713,0.000189131689467104,1322.87384937954,-0.659528413594487,-1.26568843720723,0.205633243662587,0.675160084824232,1.26568843720723,FALSE,TRUE,FALSE,FALSE,FALSE
"MT-ND4","turquoise",0.885636330403738,392.745929859287,392.745679828251,0.000250031035591292,1322.87384937954,-0.437498606443702,-0.839595256331956,0.401141209563963,0.675160084824232,0.839595256331956,FALSE,TRUE,FALSE,FALSE,FALSE
"MT-ND4L","turquoise",0.934966524666781,727.799836168295,727.79231705853,0.00751910976498493,1322.87384937954,-0.546388939839379,-1.04856462453766,0.294385930098733,0.675160084824232,1.04856462453766,FALSE,TRUE,FALSE,FALSE,FALSE
"MT-ND5","turquoise",0.906564982055269,507.929424698652,507.928799634586,0.000625064065957304,1322.87384937954,-0.490101539276367,-0.940544544455317,0.346944933396294,0.675160084824232,0.940544544455317,FALSE,TRUE,FALSE,FALSE,FALSE
"MT-ND6","turquoise",0.7819935867148,115.54726500175,115.547228289318,3.67124316227319e-05,1322.87384937954,-0.436371933119731,-0.837433078980281,0.402355011345483,0.675160084824232,0.837433078980281,FALSE,FALSE,FALSE,FALSE,FALSE
"MTX1","turquoise",0.926291823993414,588.272532455641,588.265174023129,0.0073584325111824,1322.87384937954,-0.522249072414832,-1.00223826399703,0.316235599158993,0.675160084824232,1.00223826399703,FALSE,TRUE,FALSE,FALSE,FALSE
"MX1","turquoise",0.566012205445703,12.8938421520753,12.8919286664222,0.00191348565305738,1322.87384937954,-0.373678668913273,-0.717119627791081,0.473305167260643,0.675160084824232,0.717119627791081,FALSE,FALSE,FALSE,FALSE,FALSE
"MX2","turquoise",0.833182710450848,232.89321958653,232.876005787198,0.0172137993321542,1322.87384937954,-0.463906785171461,-0.890274689961298,0.373324650061879,0.675160084824232,0.890274689961298,FALSE,TRUE,FALSE,FALSE,FALSE
"MXI1","blue",0.930236433100848,12.4802954183303,11.9733870210817,0.506908397248617,19.5381539006617,-0.284194498251219,-0.545392257467839,0.585487309564524,0.691291908175511,0.545392257467839,FALSE,TRUE,FALSE,FALSE,FALSE
"MYC","turquoise",0.954288357260852,938.452937047454,938.432678942289,0.0202581051649986,1322.87384937954,-0.326754819632274,-0.627068960920597,0.53061820454186,0.676813488619187,0.627068960920597,FALSE,TRUE,FALSE,FALSE,FALSE
"MYD88","turquoise",0.917318894060507,641.211274273863,641.160024392982,0.0512498808809596,1322.87384937954,-0.467262338583997,-0.896714268707468,0.369877696012589,0.675160084824232,0.896714268707468,FALSE,TRUE,FALSE,FALSE,FALSE
"GADD45B","turquoise",0.906884109998438,506.906238522313,506.904734557407,0.00150396490550975,1322.87384937954,-0.494396552485394,-0.948787022632551,0.342735625738919,0.675160084824232,0.948787022632551,FALSE,TRUE,FALSE,FALSE,FALSE
"MYH9","turquoise",0.901372241634987,510.512211957189,510.209806572592,0.302405384596966,1322.87384937954,-0.726865137610522,-1.39491306381887,0.163051086537514,0.675160084824232,1.39491306381887,FALSE,TRUE,FALSE,FALSE,FALSE
"MYL6","turquoise",0.387252458298689,1.54491659164406,1.3935756267688,0.151340964875265,1322.87384937954,-0.415951755955802,-0.798245105286703,0.424733791674054,0.675160084824232,0.798245105286703,FALSE,FALSE,FALSE,FALSE,FALSE
"MYO9B","turquoise",0.964284877756564,1100.02662517834,1099.9111757816,0.115449396738541,1322.87384937954,-0.631815212640016,-1.21250456023838,0.225327646322946,0.675160084824232,1.21250456023838,FALSE,TRUE,FALSE,FALSE,FALSE
"PPP1R12A","turquoise",0.959255041234914,1025.84773076995,1025.6960221704,0.151708599548101,1322.87384937954,-0.573149867173617,-1.09992101130997,0.271374255951175,0.675160084824232,1.09992101130997,FALSE,TRUE,FALSE,FALSE,FALSE
"NACA","turquoise",0.893231775960104,443.559685972753,443.348938551817,0.210747420936116,1322.87384937954,-0.474666803075684,-0.910924035713203,0.362341799574191,0.675160084824232,0.910924035713203,FALSE,TRUE,FALSE,FALSE,FALSE
"NAGA","turquoise",0.922305531866436,711.093258695782,711.01900869553,0.0742500002522775,1322.87384937954,-0.569781390313517,-1.09345663142133,0.274201037017021,0.675160084824232,1.09345663142133,FALSE,TRUE,FALSE,FALSE,FALSE
"NAP1L1","turquoise",0.962159903981012,1035.901242477,1035.8470900166,0.0541524604018377,1322.87384937954,-0.474998370684996,-0.91156034080728,0.362006611672475,0.675160084824232,0.91156034080728,FALSE,TRUE,FALSE,FALSE,FALSE
"NAP1L4","turquoise",0.9273171585404,651.765229574975,651.464255884152,0.300973690823184,1322.87384937954,-0.408757364738786,-0.784438485907721,0.432788278841838,0.675160084824232,0.784438485907721,FALSE,TRUE,FALSE,FALSE,FALSE
"NARS1","turquoise",0.978258751677393,1339.48302694432,1339.33183227952,0.151194664798595,1322.87384937954,-0.54139714225507,-1.03898496071559,0.298819052056665,0.675160084824232,1.03898496071559,FALSE,TRUE,TRUE,FALSE,FALSE
"NUBP1","turquoise",0.949130575502511,942.867666850025,942.858873666424,0.00879318360136949,1322.87384937954,-0.396589316420635,-0.761087015762977,0.446610325682912,0.675160084824232,0.761087015762977,FALSE,TRUE,FALSE,FALSE,FALSE
"NCF2","turquoise",0.901691142272979,521.463543735167,521.389115025923,0.0744287092442164,1322.87384937954,-0.715147036102782,-1.37242507804198,0.169940118605529,0.675160084824232,1.37242507804198,FALSE,TRUE,FALSE,FALSE,FALSE
"NCF4","turquoise",0.896525667281658,427.950436103361,427.904736188649,0.0456999147116903,1322.87384937954,-0.552398208706333,-1.06009689815044,0.289107980896677,0.675160084824232,1.06009689815044,FALSE,TRUE,FALSE,FALSE,FALSE
"NCL","turquoise",0.932652897033359,753.116671048253,753.000600532793,0.116070515459796,1322.87384937954,-0.436009276295203,-0.836737111164463,0.402746181409312,0.675160084824232,0.836737111164463,FALSE,TRUE,FALSE,FALSE,FALSE
"NDUFA1","turquoise",0.896636251607523,401.509991105159,401.460666545051,0.0493245601080616,1322.87384937954,-0.619294298114306,-1.18847591126467,0.23465419034194,0.675160084824232,1.18847591126467,FALSE,TRUE,FALSE,FALSE,FALSE
"NDUFA6","turquoise",0.895149576076673,451.779910346693,451.617631869883,0.162278476809831,1322.87384937954,-0.278772111529718,-0.534986258220488,0.592662826513065,0.694686338974684,0.534986258220488,FALSE,TRUE,FALSE,FALSE,FALSE
"NDUFA7","turquoise",0.917706887049664,555.768379678112,555.7636492645,0.00473041361146898,1322.87384937954,-0.155755345914037,-0.29890712256382,0.765012722630987,0.806573280368511,0.29890712256382,FALSE,TRUE,FALSE,FALSE,FALSE
"NDUFAB1","turquoise",0.926062015218007,615.72723896702,615.716976348251,0.0102626187684791,1322.87384937954,-0.5426240560504,-1.04133950764972,0.297725344086458,0.675160084824232,1.04133950764972,FALSE,TRUE,FALSE,FALSE,FALSE
"NDUFB1","turquoise",0.871152550969261,310.978715378496,310.893129295901,0.0855860825955119,1322.87384937954,-0.710368115570496,-1.36325394252246,0.172811437014873,0.675160084824232,1.36325394252246,FALSE,TRUE,FALSE,FALSE,FALSE
"NDUFB2","turquoise",0.880525260724021,314.616186323715,314.608453735747,0.00773258796778009,1322.87384937954,-0.364684991543539,-0.699860032570906,0.484019464228309,0.675160084824232,0.699860032570906,FALSE,TRUE,FALSE,FALSE,FALSE
"NDUFB4","turquoise",0.891717248042574,422.904341700282,422.90323343526,0.00110826502225336,1322.87384937954,-0.616357239688434,-1.18283945828947,0.236880975032021,0.675160084824232,1.18283945828947,FALSE,TRUE,FALSE,FALSE,FALSE
"NDUFB7","turquoise",0.901206868488563,470.445345183349,470.444687181759,0.000658001589386004,1322.87384937954,-0.440185724310403,-0.844752053132811,0.398255179872512,0.675160084824232,0.844752053132811,FALSE,TRUE,FALSE,FALSE,FALSE
"NDUFB8","turquoise",0.933676940477573,673.656777324106,673.653523230534,0.00325409357219542,1322.87384937954,-0.441944837473804,-0.848127933754119,0.396372642731226,0.675160084824232,0.848127933754119,FALSE,TRUE,FALSE,FALSE,FALSE
"NDUFB9","turquoise",0.894692718553848,500.176943183094,500.176728965799,0.00021421729428539,1322.87384937954,-0.542927677195227,-1.04192218121522,0.297455100471814,0.675160084824232,1.04192218121522,FALSE,TRUE,FALSE,FALSE,FALSE
"NDUFB10","turquoise",0.943485721966065,742.647999304298,742.612914306907,0.0350849973910954,1322.87384937954,-0.731777324973482,-1.40433994917898,0.160226695163003,0.675160084824232,1.40433994917898,FALSE,TRUE,FALSE,FALSE,FALSE
"NDUFC2","turquoise",0.925552479451631,607.674064279613,607.670329761606,0.00373451800680868,1322.87384937954,-0.139934299624386,-0.268545253475883,0.788281260849407,0.825222925990507,0.268545253475883,FALSE,TRUE,FALSE,FALSE,FALSE
"NDUFS2","turquoise",0.969564322616534,1131.81912674817,1131.76697160109,0.0521551470792474,1322.87384937954,-0.44297629406394,-0.850107382482493,0.395271319290977,0.675160084824232,0.850107382482493,FALSE,TRUE,FALSE,FALSE,FALSE
"NDUFS3","turquoise",0.932175711603249,711.21191612455,711.210662340882,0.00125378366851692,1322.87384937954,-0.329468156142534,-0.632276073421742,0.527210708280291,0.676813488619187,0.632276073421742,FALSE,TRUE,FALSE,FALSE,FALSE
"NDUFV1","turquoise",0.92715591182237,737.687454011289,737.687086279408,0.000367731881055988,1322.87384937954,-0.390954964082849,-0.750274237332066,0.453094700083845,0.675160084824232,0.750274237332066,FALSE,TRUE,FALSE,FALSE,FALSE
"NDUFS5","turquoise",0.916191902497893,553.380841009137,553.311884623143,0.068956385994511,1322.87384937954,-0.747399392566241,-1.43431996203341,0.151490089685187,0.675160084824232,1.43431996203341,FALSE,TRUE,FALSE,FALSE,FALSE
"NDUFS6","turquoise",0.932246774731224,677.307505611856,677.305657989259,0.00184762259698346,1322.87384937954,-0.438751332216893,-0.841999338541967,0.399794192189446,0.675160084824232,0.841999338541967,FALSE,TRUE,FALSE,FALSE,FALSE
"NDUFS8","turquoise",0.912773967859665,598.972937029004,598.972487319638,0.00044970936687605,1322.87384937954,-0.369468604992898,-0.709040174178338,0.478304364133673,0.675160084824232,0.709040174178338,FALSE,TRUE,FALSE,FALSE,FALSE
"SEPTIN2","turquoise",0.978248647291108,1345.01078767812,1344.85876300755,0.152024670573837,1322.87384937954,-0.561029116621536,-1.0766603094087,0.281639620080865,0.675160084824232,1.0766603094087,FALSE,TRUE,TRUE,FALSE,FALSE
"RPL10A","turquoise",0.821525230178752,194.095621971956,194.09500198567,0.000619986286693575,1322.87384937954,-0.445673238244223,-0.854872355985083,0.392637813557111,0.675160084824232,0.854872355985083,FALSE,TRUE,FALSE,FALSE,FALSE
"NEDD8","turquoise",0.931605354306382,666.840311618598,666.838453708484,0.00185791011381298,1322.87384937954,-0.484869255217702,-0.930503367613302,0.352117067820127,0.675160084824232,0.930503367613302,FALSE,TRUE,FALSE,FALSE,FALSE
"NELL2","turquoise",0.924775475343886,674.208130264615,674.202086004506,0.00604426010852421,1322.87384937954,-0.320786627210662,-0.615615516332981,0.538152391311576,0.676813488619187,0.615615516332981,FALSE,TRUE,FALSE,FALSE,FALSE
"NFATC2","turquoise",0.957774558783543,1046.8374363661,1046.77736363142,0.0600727346811709,1322.87384937954,-0.465452929782608,-0.893241866683697,0.371733926800186,0.675160084824232,0.893241866683697,FALSE,TRUE,FALSE,FALSE,FALSE
"NFATC3","turquoise",0.978287726980626,1330.55270483588,1330.50942275413,0.0432820817441097,1322.87384937954,-0.480347038369641,-0.92182486725281,0.356626415635484,0.675160084824232,0.92182486725281,FALSE,TRUE,TRUE,FALSE,FALSE
"NFE2L1","turquoise",0.972994167717812,1258.52639789289,1258.48952385291,0.0368740399851504,1322.87384937954,-0.280327356893772,-0.537970900024737,0.590600628079268,0.693960588073155,0.537970900024737,FALSE,TRUE,FALSE,FALSE,FALSE
"NFE2L2","turquoise",0.965539718204806,1155.1018498613,1155.00628107674,0.0955687845605553,1322.87384937954,-0.672697449621035,-1.29096088382879,0.196725939365958,0.675160084824232,1.29096088382879,FALSE,TRUE,FALSE,FALSE,FALSE
"NFIC","turquoise",0.928524038160813,669.754065060467,669.75283316817,0.00123189229748277,1322.87384937954,-0.466458069323473,-0.895170810863249,0.370702065102054,0.675160084824232,0.895170810863249,FALSE,TRUE,FALSE,FALSE,FALSE
"NFIL3","turquoise",0.854242694130576,283.680598912064,283.591146035399,0.0894528766650637,1322.87384937954,-0.654058197724061,-1.25519064994968,0.209418107378519,0.675160084824232,1.25519064994968,FALSE,TRUE,FALSE,FALSE,FALSE
"NFKB1","turquoise",0.981532082859562,1364.12672824308,1364.06212961736,0.0645986257184177,1322.87384937954,-0.550318200164347,-1.0561051933101,0.290927593758738,0.675160084824232,1.0561051933101,FALSE,TRUE,TRUE,FALSE,FALSE
"NFKB2","turquoise",0.936029852309569,711.094099689955,711.089131243659,0.00496844629594761,1322.87384937954,-0.484077279851465,-0.928983502747836,0.352904171101517,0.675160084824232,0.928983502747836,FALSE,TRUE,FALSE,FALSE,FALSE
"NFKBIA","turquoise",0.947534929669217,811.331874517959,811.231924502032,0.0999500159269928,1322.87384937954,-0.709500437120312,-1.36158879730813,0.173336632809354,0.675160084824232,1.36158879730813,FALSE,TRUE,FALSE,FALSE,FALSE
"NFKBIE","turquoise",0.951374660034399,964.154804279639,964.144429111121,0.0103751685180669,1322.87384937954,-0.533664817875946,-1.02414600403432,0.3057735382907,0.675160084824232,1.02414600403432,FALSE,TRUE,FALSE,FALSE,FALSE
"SNU13","turquoise",0.928034675934385,705.123659700816,705.122323537853,0.00133616296261607,1322.87384937954,-0.53423988107785,-1.02524959688993,0.305252659340498,0.675160084824232,1.02524959688993,FALSE,TRUE,FALSE,FALSE,FALSE
"NINJ1","turquoise",0.885758138750107,392.896473049065,392.892772257702,0.00370079136229151,1322.87384937954,-0.823759222072133,-1.58086065881095,0.113919118701479,0.675160084824232,1.58086065881095,FALSE,TRUE,FALSE,FALSE,FALSE
"NIT1","turquoise",0.991747269646452,1511.12220915801,1511.06439893714,0.0578102208764903,1322.87384937954,-0.346076099370877,-0.664148061461414,0.506600014674706,0.675272681317988,0.664148061461414,FALSE,TRUE,TRUE,FALSE,FALSE
"NKG7","turquoise",0.865300659093911,303.390208770554,303.389803110856,0.000405659698174077,1322.87384937954,-0.199683413666536,-0.383139450595869,0.701619586096843,0.759129446172805,0.383139450595869,FALSE,TRUE,FALSE,FALSE,FALSE
"NME2","turquoise",0.948786839641559,823.058705842628,823.051182738785,0.00752310384291377,1322.87384937954,-0.687283249790114,-1.31895221557567,0.18719389030617,0.675160084824232,1.31895221557567,FALSE,TRUE,FALSE,FALSE,FALSE
"NME3","turquoise",0.868976892127132,357.130093763818,357.129765410245,0.00032835357347949,1322.87384937954,-0.17251262467913,-0.331065697592368,0.740596882994861,0.788215175623803,0.331065697592368,FALSE,TRUE,FALSE,FALSE,FALSE
"NME4","brown",0.60062815477724,0.0613942184589627,0.044228322455077,0.0171658960038856,7.78987287898542,-0.138829417434964,-0.266424895076149,0.789913595319452,0.826528277708009,0.266424895076149,FALSE,FALSE,FALSE,FALSE,FALSE
"NQO2","turquoise",0.844932306187774,181.810393456611,181.804864001036,0.00552945557518569,1322.87384937954,-0.685722036327431,-1.31595612050683,0.188197562380148,0.675160084824232,1.31595612050683,FALSE,TRUE,FALSE,FALSE,FALSE
"NMT1","turquoise",0.987971987392395,1494.74514812743,1494.72291110911,0.0222370183175826,1322.87384937954,-0.522444100218811,-1.00261253814708,0.316054914321633,0.675160084824232,1.00261253814708,FALSE,TRUE,TRUE,FALSE,FALSE
"NOP2","turquoise",0.964667282761396,1157.66765793578,1157.6622615177,0.00539641807313274,1322.87384937954,-0.274271952013636,-0.526350087666365,0.598648390151459,0.695822020816178,0.526350087666365,FALSE,TRUE,FALSE,FALSE,FALSE
"NONO","turquoise",0.992038538891811,1564.88504332971,1564.85050812436,0.034535205356633,1322.87384937954,-0.532691940512082,-1.02227897358517,0.306656089356515,0.675160084824232,1.02227897358517,FALSE,TRUE,TRUE,FALSE,FALSE
"CNOT2","turquoise",0.986523473832747,1442.65111458302,1442.62449169406,0.0266228889602189,1322.87384937954,-0.429929706739276,-0.825069924836286,0.409337629098069,0.675160084824232,0.825069924836286,FALSE,TRUE,TRUE,FALSE,FALSE
"PNP","brown",0.862070500841086,4.67961636942298,3.28921199831447,1.39040437110851,7.78987287898542,-0.466347689184667,-0.89495898243781,0.37081529275404,0.675160084824232,0.89495898243781,FALSE,TRUE,FALSE,FALSE,FALSE
"NPM1","turquoise",0.937340900031917,743.103082315864,743.080162493697,0.0229198221668412,1322.87384937954,-0.546403548034014,-1.0485926588462,0.29437302187472,0.675160084824232,1.0485926588462,FALSE,TRUE,FALSE,FALSE,FALSE
"NRGN","turquoise",0.527547971157378,4.18925621522757,4.07341895990951,0.11583725531806,1322.87384937954,-0.507340774685959,-0.973628033315631,0.33024812565812,0.675160084824232,0.973628033315631,FALSE,FALSE,FALSE,FALSE,FALSE
"NUMA1","turquoise",0.974620687624902,1285.46212684737,1285.3992648909,0.0628619564683959,1322.87384937954,-0.395951523589132,-0.759863039668047,0.447341677146962,0.675160084824232,0.759863039668047,FALSE,TRUE,FALSE,FALSE,FALSE
"OAS1","turquoise",0.67479089639968,37.0370369431426,37.0356776513385,0.00135929180409278,1322.87384937954,-0.0915042712587769,-0.175604106965008,0.860606011845096,0.886015166779553,0.175604106965008,FALSE,FALSE,FALSE,FALSE,FALSE
"OAS2","turquoise",0.750369305685792,88.0805428184281,88.0790880468719,0.0014547715561406,1322.87384937954,-0.23584137448421,-0.452598697109751,0.650840598639041,0.724300811510858,0.452598697109751,FALSE,FALSE,FALSE,FALSE,FALSE
"OAS3","turquoise",0.588124909505168,16.8576444576785,16.856437909433,0.00120654824555189,1322.87384937954,0.00582516815242018,0.0111789694323,0.991080723650945,0.993164771901613,0.0111789694323,FALSE,FALSE,FALSE,FALSE,FALSE
"OGDH","turquoise",0.951964648940851,999.8466211182,999.636082507438,0.210538610762796,1322.87384937954,-0.550333621043167,-1.05613478722541,0.290914075135532,0.675160084824232,1.05613478722541,FALSE,TRUE,FALSE,FALSE,FALSE
"ORM1","turquoise",0.695855055805864,17.7812801420905,17.7757622733071,0.00551786878341431,1322.87384937954,-0.00976099623670434,-0.0187201039503055,0.985064755888622,0.988753273579756,0.0187201039503055,FALSE,FALSE,FALSE,FALSE,FALSE
"OSBP","turquoise",0.978978704983952,1376.25593246415,1376.14713363722,0.108798826927568,1322.87384937954,-0.422014746649059,-0.809880475434787,0.418014490776271,0.675160084824232,0.809880475434787,FALSE,TRUE,TRUE,FALSE,FALSE
"OXA1L","turquoise",0.976713921136526,1300.59572184563,1300.59004021398,0.00568163164939506,1322.87384937954,-0.654587405272298,-1.25620624209231,0.209049757094829,0.675160084824232,1.25620624209231,FALSE,TRUE,FALSE,FALSE,FALSE
"P2RX4","turquoise",0.928256186510385,704.524400064959,704.52110861765,0.00329144730903863,1322.87384937954,-0.174345431923453,-0.334583003123037,0.737941713277687,0.786538769445328,0.334583003123037,FALSE,TRUE,FALSE,FALSE,FALSE
"P2RX7","turquoise",0.925587746784322,656.909104274599,656.888995071719,0.0201092028804624,1322.87384937954,-0.183429637699458,-0.352016329686235,0.72482817782273,0.77680860936574,0.352016329686235,FALSE,TRUE,FALSE,FALSE,FALSE
"P2RY11","turquoise",0.866563511414996,372.651361290919,372.651088806624,0.000272484295805953,1322.87384937954,-0.322056556890344,-0.618052614232797,0.536544758920094,0.676813488619187,0.618052614232797,FALSE,TRUE,FALSE,FALSE,FALSE
"P4HB","turquoise",0.979460239763501,1357.80950062404,1357.7894268976,0.0200737264447071,1322.87384937954,-0.572545599825173,-1.09876137333207,0.27187987424402,0.675160084824232,1.09876137333207,FALSE,TRUE,TRUE,FALSE,FALSE
"PEBP1","turquoise",0.941413768106624,848.479551147173,848.478924482639,0.000626664534365773,1322.87384937954,-0.441352200634891,-0.846990615665899,0.397006259617554,0.675160084824232,0.846990615665899,FALSE,TRUE,FALSE,FALSE,FALSE
"PAFAH1B2","turquoise",0.975548153208611,1215.67379092097,1215.63781184917,0.0359790717968735,1322.87384937954,-0.529146186960492,-1.01547438536891,0.309886910851873,0.675160084824232,1.01547438536891,FALSE,TRUE,FALSE,FALSE,FALSE
"PAFAH1B3","turquoise",0.92659840424253,739.337032960659,739.335644743163,0.00138821749612816,1322.87384937954,-0.445421765222299,-0.854800439680423,0.392667603023424,0.675160084824232,0.854800439680423,FALSE,TRUE,FALSE,FALSE,FALSE
"PAK2","turquoise",0.974281764422513,1278.85531823659,1278.69246252118,0.162855715408568,1322.87384937954,-0.711903860535218,-1.36620116148116,0.171884786544051,0.675160084824232,1.36620116148116,FALSE,TRUE,FALSE,FALSE,FALSE
"PCBP1","turquoise",0.888068957507437,432.989646608359,431.444423058979,1.54522354937973,1322.87384937954,-0.700328741565456,-1.34398757077401,0.178961292592209,0.675160084824232,1.34398757077401,FALSE,TRUE,FALSE,FALSE,FALSE
"PCNA","turquoise",0.935877620754684,769.65447517365,769.610398100604,0.0440770730467648,1322.87384937954,-0.439254663670915,-0.842965272364237,0.399253742373626,0.675160084824232,0.842965272364237,FALSE,TRUE,FALSE,FALSE,FALSE
"CHMP1A","turquoise",0.938987406396734,724.789661758532,724.78257830753,0.00708345100258612,1322.87384937954,-0.294697116821138,-0.565547633051881,0.571705033051025,0.688257984588534,0.565547633051881,FALSE,TRUE,FALSE,FALSE,FALSE
"PCYT1A","turquoise",0.979263675996542,1349.16146521886,1349.06436499511,0.0971002237454286,1322.87384937954,-0.594058115504055,-1.14004563309824,0.254275248046059,0.675160084824232,1.14004563309824,FALSE,TRUE,TRUE,FALSE,FALSE
"PDE7A","turquoise",0.970002368792702,1174.18116669991,1174.12612945814,0.0550372417699236,1322.87384937954,-0.374257696762949,-0.718230829126837,0.472619862332014,0.675160084824232,0.718230829126837,FALSE,TRUE,FALSE,FALSE,FALSE
"PDHB","turquoise",0.976567078977836,1302.40380020193,1302.36424406174,0.0395561401874147,1322.87384937954,-0.45366460749958,-0.870619121552242,0.383968243181226,0.675160084824232,0.870619121552242,FALSE,TRUE,FALSE,FALSE,FALSE
"SERPINF1","turquoise",0.856504073575842,253.568085801527,253.566137752206,0.00194804932115744,1322.87384937954,-0.601274738476086,-1.15389491701552,0.248551290496268,0.675160084824232,1.15389491701552,FALSE,TRUE,FALSE,FALSE,FALSE
"PEPD","turquoise",0.984153697481997,1409.37603143608,1409.34213375999,0.0338976760986043,1322.87384937954,-0.620382025315821,-1.19056334785332,0.233833284012107,0.675160084824232,1.19056334785332,FALSE,TRUE,TRUE,FALSE,FALSE
"PER1","turquoise",0.805679072691219,106.208871216846,105.83888437759,0.369986839255489,1322.87384937954,-0.760442598133616,-1.45935092981351,0.144477698930965,0.675160084824232,1.45935092981351,FALSE,TRUE,FALSE,FALSE,FALSE
"PF4","turquoise",0.44682838208698,0.714794698146091,0.713399780504981,0.00139491764110999,1322.87384937954,0.0361551153209493,0.0693845943015822,0.944683895660716,0.954925578243887,0.0693845943015822,FALSE,FALSE,FALSE,FALSE,FALSE
"PF4V1","grey",NA,0.0134493203404864,0.00146756875202326,0.0119817515884631,1.16729646183719,0.0883789097391601,0.169606285103305,0.865320779244061,0.889801204070433,0.169606285103305,FALSE,NA,FALSE,FALSE,FALSE
"CFP","turquoise",0.888328515711793,436.07723600262,436.075977059363,0.00125894325697118,1322.87384937954,-0.60492987028047,-1.16090941095682,0.245686817755578,0.675160084824232,1.16090941095682,FALSE,TRUE,FALSE,FALSE,FALSE
"PFDN2","turquoise",0.913172515298569,496.238553193768,496.198577288364,0.039975905403935,1322.87384937954,-0.140394952888913,-0.269429284396242,0.787600973501586,0.824712054528394,0.269429284396242,FALSE,TRUE,FALSE,FALSE,FALSE
"PFDN5","turquoise",0.786437698290144,104.721403537255,104.718659428259,0.00274410899605471,1322.87384937954,-0.251581834824716,-0.482736281658696,0.62928666416723,0.709705627823626,0.482736281658696,FALSE,FALSE,FALSE,FALSE,FALSE
"PFKFB4","turquoise",0.934596533410474,738.94421853188,738.900326461132,0.0438920707479156,1322.87384937954,-0.460509576360439,-0.883755171131995,0.376834582747739,0.675160084824232,0.883755171131995,FALSE,TRUE,FALSE,FALSE,FALSE
"PFKL","turquoise",0.971037726496074,1218.92642275106,1218.91505592965,0.0113668214128211,1322.87384937954,-0.530998820842183,-1.01902973982233,0.308196032739839,0.675160084824232,1.01902973982233,FALSE,TRUE,FALSE,FALSE,FALSE
"PFN1","turquoise",0.953910587315349,946.295199131428,946.292162702219,0.00303642920869152,1322.87384937954,-0.683509652212113,-1.31171037622092,0.189626650692365,0.675160084824232,1.31171037622092,FALSE,TRUE,FALSE,FALSE,FALSE
"PGAM1","turquoise",0.956703739508177,922.582980766401,922.572920327687,0.0100604387134808,1322.87384937954,-0.675296087474152,-1.29594788031808,0.195002158982649,0.675160084824232,1.29594788031808,FALSE,TRUE,FALSE,FALSE,FALSE
"PGAM2","turquoise",0.934077248500176,676.995358436082,676.964438686031,0.0309197500505434,1322.87384937954,-0.150706664065214,-0.289218293231409,0.772416081148923,0.812780316989139,0.289218293231409,FALSE,TRUE,FALSE,FALSE,FALSE
"PGD","turquoise",0.904074965145808,503.119887226554,502.958589130941,0.16129809561329,1322.87384937954,-0.960946955374366,-1.84413502908557,0.065172079578203,0.675160084824232,1.84413502908557,FALSE,TRUE,FALSE,FALSE,FALSE
"PGK1","turquoise",0.951710972811736,895.125358691538,895.02643999798,0.0989186935578346,1322.87384937954,-0.746500030758533,-1.43259401389014,0.151983003662623,0.675160084824232,1.43259401389014,FALSE,TRUE,FALSE,FALSE,FALSE
"PHB1","turquoise",0.973622366727126,1185.35565052375,1185.32484036305,0.0308101606979108,1322.87384937954,-0.348259546334752,-0.668338273010255,0.503922183605148,0.675272681317988,0.668338273010255,FALSE,TRUE,FALSE,FALSE,FALSE
"SLC25A3","turquoise",0.974087178031364,1218.25713366716,1218.25134850652,0.00578516063978896,1322.87384937954,-0.581500244369996,-1.11594606140019,0.264453038714008,0.675160084824232,1.11594606140019,FALSE,TRUE,FALSE,FALSE,FALSE
"PHF1","turquoise",0.930956652294076,741.574795126154,741.573715278879,0.00107984727571875,1322.87384937954,-0.226500498222223,-0.434672799097646,0.663802678571084,0.732642740193355,0.434672799097646,FALSE,TRUE,FALSE,FALSE,FALSE
"PHKG2","turquoise",0.981979869170776,1335.6893660782,1335.67726988344,0.0120961947568503,1322.87384937954,-0.266683052062006,-0.511786374076602,0.608803821371652,0.699352857330657,0.511786374076602,FALSE,TRUE,TRUE,FALSE,FALSE
"SERPINA1","turquoise",0.904725070229267,499.677300828874,499.646911814672,0.030389014202683,1322.87384937954,-0.613958070426406,-1.17823525818033,0.238711001223741,0.675160084824232,1.17823525818033,FALSE,TRUE,FALSE,FALSE,FALSE
"PI3","turquoise",0.677726015859952,21.2792000035122,21.2790570385078,0.00014296500435762,1322.87384937954,-0.25603415076658,-0.37013873491622,0.713210609802955,0.768004093759697,0.37013873491622,FALSE,FALSE,FALSE,FALSE,FALSE
"SERPINB9","turquoise",0.977740539376733,1304.14892333226,1304.09503293117,0.053890401090257,1322.87384937954,-0.619430692335602,-1.18873766282114,0.234551142015501,0.675160084824232,1.18873766282114,FALSE,TRUE,FALSE,FALSE,FALSE
"PIGC","turquoise",0.964060311873828,1066.42530587253,1066.40102323864,0.0242826338903797,1322.87384937954,-0.386521121179413,-0.741765333728222,0.458234604628675,0.675160084824232,0.741765333728222,FALSE,TRUE,FALSE,FALSE,FALSE
"PIK3CD","turquoise",0.974019021351727,1243.83729716778,1243.76326102606,0.0740361417256281,1322.87384937954,-0.475920770931458,-0.91333050158028,0.361075162532885,0.675160084824232,0.91333050158028,FALSE,TRUE,FALSE,FALSE,FALSE
"PIK3R2","brown",0.727271988729645,1.54044934089487,0.650718021109409,0.889731319785464,7.78987287898542,-0.410786732266138,-0.788333006539843,0.430507392250406,0.675160084824232,0.788333006539843,FALSE,FALSE,FALSE,FALSE,FALSE
"PI4KA","turquoise",0.961802590894519,1093.59921219906,1093.38020194928,0.219010249772737,1322.87384937954,-0.498505305803174,-0.956672052994333,0.338739548525696,0.675160084824232,0.956672052994333,FALSE,TRUE,FALSE,FALSE,FALSE
"PI4KB","turquoise",0.981263794830499,1377.91662939782,1377.80947991715,0.107149480666976,1322.87384937954,-0.409880697905106,-0.786594253226363,0.431524856970574,0.675160084824232,0.786594253226363,FALSE,TRUE,TRUE,FALSE,FALSE
"PIN1","turquoise",0.897132805312075,508.168151418345,508.167937976527,0.000213441817493276,1322.87384937954,-0.449752440686214,-0.863111356612873,0.388082277283713,0.675160084824232,0.863111356612873,FALSE,TRUE,FALSE,FALSE,FALSE
"PIP4K2A","brown",0.907253240848241,5.26770158333365,4.09367317797756,1.17402840535609,7.78987287898542,-0.553533782505503,-1.06227615623482,0.28811781196863,0.675160084824232,1.06227615623482,FALSE,TRUE,FALSE,FALSE,FALSE
"PITPNA","turquoise",0.973255083884197,1203.41975642046,1203.3559946562,0.0637617642560144,1322.87384937954,-0.542014113140323,-1.04016897780941,0.298268730782443,0.675160084824232,1.04016897780941,FALSE,TRUE,FALSE,FALSE,FALSE
"PKM","turquoise",0.961053546726155,1047.05175116327,1047.01278989469,0.0389612685798966,1322.87384937954,-0.753669378757705,-1.44635257330596,0.148087471266203,0.675160084824232,1.44635257330596,FALSE,TRUE,FALSE,FALSE,FALSE
"PLAGL2","turquoise",0.953272006289956,1007.29492309422,1007.26016549364,0.0347576005874544,1322.87384937954,-0.105574847260428,-0.20260668180947,0.839443668272279,0.868396983410469,0.20260668180947,FALSE,TRUE,FALSE,FALSE,FALSE
"PLAUR","turquoise",0.901519125974433,429.390687810114,429.378481036112,0.0122067740023226,1322.87384937954,-0.563844850441076,-1.08206393063894,0.279231726076246,0.675160084824232,1.08206393063894,FALSE,TRUE,FALSE,FALSE,FALSE
"PLCB2","turquoise",0.943705898284432,837.503513772951,837.333425572945,0.170088200006603,1322.87384937954,-0.500091610955633,-0.959716301047889,0.337204779376869,0.675160084824232,0.959716301047889,FALSE,TRUE,FALSE,FALSE,FALSE
"PLCG1","turquoise",0.955486647505491,1021.71108566681,1021.67669807527,0.0343875915406215,1322.87384937954,-0.321436789572493,-0.616863230558351,0.537329034306258,0.676813488619187,0.616863230558351,FALSE,TRUE,FALSE,FALSE,FALSE
"PLCG2","turquoise",0.946045402687508,874.397292406844,874.226605503892,0.170686902952411,1322.87384937954,-0.470801402347963,-0.903506018679508,0.366263738362348,0.675160084824232,0.903506018679508,FALSE,TRUE,FALSE,FALSE,FALSE
"PLEC","turquoise",0.940495366357048,819.145997592591,819.035511308824,0.110486283767045,1322.87384937954,-0.811181672415197,-1.55672332243386,0.119545411822541,0.675160084824232,1.55672332243386,FALSE,TRUE,FALSE,FALSE,FALSE
"PLEK","turquoise",0.943784554952105,857.981164918134,857.923223841572,0.0579410765615194,1322.87384937954,-0.697795583203114,-1.33912623473034,0.180538451971398,0.675160084824232,1.33912623473034,FALSE,TRUE,FALSE,FALSE,FALSE
"PLP2","turquoise",0.92161049045941,628.360370371554,628.357002530904,0.00336784064961648,1322.87384937954,-0.881051247275849,-1.69080869493774,0.0908824283067914,0.675160084824232,1.69080869493774,FALSE,TRUE,FALSE,FALSE,FALSE
"PLSCR1","turquoise",0.792302205172114,134.686952778663,134.6759557381,0.0109970405628701,1322.87384937954,-0.113489147003967,-0.217794863952218,0.827590241595484,0.859024319279576,0.217794863952218,FALSE,FALSE,FALSE,FALSE,FALSE
"PML","turquoise",0.890521629990501,463.014552251635,463.010546529992,0.00400572164255664,1322.87384937954,-0.24931892419023,-0.478463206467013,0.632323604493577,0.71190906812825,0.478463206467013,FALSE,TRUE,FALSE,FALSE,FALSE
"EXOSC10","turquoise",0.970829740990431,1244.61392441017,1244.5962547745,0.0176696356688808,1322.87384937954,-0.36898093307783,-0.708104292279499,0.478885304348278,0.675160084824232,0.708104292279499,FALSE,TRUE,FALSE,FALSE,FALSE
"PNN","turquoise",0.949052982923502,910.121402385557,910.008331194576,0.113071190980577,1322.87384937954,-0.35510163948949,-0.681468803877074,0.495579499080671,0.675160084824232,0.681468803877074,FALSE,TRUE,FALSE,FALSE,FALSE
"POLD2","turquoise",0.944152852967379,888.36976834006,888.368516862988,0.00125147707240103,1322.87384937954,-0.381703731423267,-0.73252037265271,0.463856016358756,0.675160084824232,0.73252037265271,FALSE,TRUE,FALSE,FALSE,FALSE
"POLG","turquoise",0.968024236632229,1182.27153246826,1182.15768123719,0.11385123107334,1322.87384937954,-0.411812531043433,-0.790301597467179,0.429357115955782,0.675160084824232,0.790301597467179,FALSE,TRUE,FALSE,FALSE,FALSE
"POLR2A","turquoise",0.948608649541728,942.575611012442,942.36530149965,0.210309512791582,1322.87384937954,-0.422804394050583,-0.811395872747441,0.417143996912182,0.675160084824232,0.811395872747441,FALSE,TRUE,FALSE,FALSE,FALSE
"POLR2C","turquoise",0.960643168007369,997.78080392392,997.777095799046,0.00370812487346939,1322.87384937954,-0.496012296877488,-0.951887766971085,0.341160609291967,0.675160084824232,0.951887766971085,FALSE,TRUE,FALSE,FALSE,FALSE
"POLR2E","turquoise",0.966591877354044,1137.8845544268,1137.88027018062,0.00428424617530254,1322.87384937954,-0.531942588841366,-1.02084090704326,0.307337017339144,0.675160084824232,1.02084090704326,FALSE,TRUE,FALSE,FALSE,FALSE
"POLR2G","turquoise",0.934401041982586,711.169526050674,711.165408745262,0.00411730541259203,1322.87384937954,-0.713205767844609,-1.36869962704208,0.171102147521282,0.675160084824232,1.36869962704208,FALSE,TRUE,FALSE,FALSE,FALSE
"POLR2I","turquoise",0.837359097854662,161.150350724975,161.137836713138,0.0125140118365437,1322.87384937954,-0.440563062337053,-0.845476195364449,0.397850913682079,0.675160084824232,0.845476195364449,FALSE,TRUE,FALSE,FALSE,FALSE
"POLR2L","turquoise",0.890196325983092,389.987268042806,389.985509952458,0.00175809034857366,1322.87384937954,-0.456958477867805,-0.876940325541015,0.380525191202901,0.675160084824232,0.876940325541015,FALSE,TRUE,FALSE,FALSE,FALSE
"POLRMT","turquoise",0.957921255760273,998.151755496971,998.142355296263,0.00940020070765968,1322.87384937954,-0.336582958533866,-0.645929955398781,0.518329038536473,0.675868213972517,0.645929955398781,FALSE,TRUE,FALSE,FALSE,FALSE
"POR","turquoise",0.886386090639568,375.598416178704,375.571924898913,0.0264912797908892,1322.87384937954,-0.733390422252509,-1.40743561349317,0.159307315660092,0.675160084824232,1.40743561349317,FALSE,TRUE,FALSE,FALSE,FALSE
"POU2AF1","turquoise",0.842368650412617,200.627365906675,200.616910495231,0.0104554114436155,1322.87384937954,-0.433731913022854,-0.832366666613904,0.405207804213828,0.675160084824232,0.832366666613904,FALSE,TRUE,FALSE,FALSE,FALSE
"POU2F2","turquoise",0.897492683359012,496.713601957104,496.713107387243,0.000494569860222782,1322.87384937954,-0.356383162352612,-0.683928150034778,0.494025156097335,0.675160084824232,0.683928150034778,FALSE,TRUE,FALSE,FALSE,FALSE
"PPARD","turquoise",0.968508643957,1140.7213547564,1140.70611661729,0.0152381391076233,1322.87384937954,-0.267901584861628,-0.514124837201236,0.60716802450452,0.698911341143287,0.514124837201236,FALSE,TRUE,FALSE,FALSE,FALSE
"PPBP","turquoise",0.544405517099471,3.22130991640466,3.2166775727886,0.00463234361605158,1322.87384937954,-0.649381799555604,-1.24514864526816,0.213112592147144,0.675160084824232,1.24514864526816,FALSE,FALSE,FALSE,FALSE,FALSE
"CTSA","turquoise",0.860759111046245,313.228998756956,313.202336799046,0.0266619579097664,1322.87384937954,-0.609316345296036,-1.16932741174778,0.242279866027075,0.675160084824232,1.16932741174778,FALSE,TRUE,FALSE,FALSE,FALSE
"PPIA","turquoise",0.888858682027235,409.013239785406,408.974739914181,0.0384998712259517,1322.87384937954,-0.463512945921645,-0.889518880546061,0.373730517049706,0.675160084824232,0.889518880546061,FALSE,TRUE,FALSE,FALSE,FALSE
"PPIB","turquoise",0.950391126096353,879.673683598641,879.660040723699,0.0136428749423203,1322.87384937954,-0.525910049279381,-1.00926397508215,0.312855169312162,0.675160084824232,1.00926397508215,FALSE,TRUE,FALSE,FALSE,FALSE
"PPM1A","brown",0.92398815577038,7.39349195294151,4.79162725870143,2.60186469424008,7.78987287898542,-0.209902347884355,-0.402819604407866,0.687083447636281,0.749441490568819,0.402819604407866,FALSE,TRUE,FALSE,FALSE,FALSE
"PPM1G","turquoise",0.976010929719832,1269.16005791363,1269.12014466369,0.0399132499460393,1322.87384937954,-0.538547900832731,-1.03351703568198,0.301369286644345,0.675160084824232,1.03351703568198,FALSE,TRUE,FALSE,FALSE,FALSE
"PPP1CA","turquoise",0.965652915596119,1098.13068800405,1098.12671465213,0.00397335192337778,1322.87384937954,-0.492924704451273,-0.945962427058327,0.344174411991308,0.675160084824232,0.945962427058327,FALSE,TRUE,FALSE,FALSE,FALSE
"PPP1CB","turquoise",0.917517124119549,653.192136065581,652.735033962035,0.457102103546731,1322.87384937954,-0.656783208352177,-1.26042016602841,0.20752640201544,0.675160084824232,1.26042016602841,FALSE,TRUE,FALSE,FALSE,FALSE
"PPP1CC","turquoise",0.973274825543404,1225.09298402858,1225.02848493387,0.0644990947082533,1322.87384937954,-0.597832853636538,-1.14728966126941,0.251269925119964,0.675160084824232,1.14728966126941,FALSE,TRUE,FALSE,FALSE,FALSE
"PPP1R2","turquoise",0.958909694093737,1006.27527331899,1006.21202186795,0.0632514510330111,1322.87384937954,-0.4690011344556,-0.900051158800431,0.368099342808054,0.675160084824232,0.900051158800431,FALSE,TRUE,FALSE,FALSE,FALSE
"PPP1R3D","turquoise",0.952763027753474,902.412555068873,902.37109514135,0.0414599275235332,1322.87384937954,-0.296357566290162,-0.568734170053457,0.569540277409214,0.687930346152088,0.568734170053457,FALSE,TRUE,FALSE,FALSE,FALSE
"PPP1R8","turquoise",0.969178034968686,1134.21313780104,1134.18864369626,0.0244941047794782,1322.87384937954,-0.182410695100034,-0.350060896319474,0.726295145289881,0.778186329789733,0.350060896319474,FALSE,TRUE,FALSE,FALSE,FALSE
"PPP1R10","turquoise",0.984697637972161,1422.84029387442,1422.79262665678,0.0476672176412194,1322.87384937954,-0.426767146204026,-0.819000715051042,0.412791693838125,0.675160084824232,0.819000715051042,FALSE,TRUE,TRUE,FALSE,FALSE
"PPP2CA","turquoise",0.9761037895479,1277.36482325008,1277.24883114427,0.115992105811983,1322.87384937954,-0.7022085837734,-1.34759514020897,0.177797532313951,0.675160084824232,1.34759514020897,FALSE,TRUE,FALSE,FALSE,FALSE
"PPP2R1A","turquoise",0.947258269903961,947.422109940777,947.419428328642,0.00268161213580242,1322.87384937954,-0.4295402577623,-0.824322540710173,0.409762044269121,0.675160084824232,0.824322540710173,FALSE,TRUE,FALSE,FALSE,FALSE
"PTPA","turquoise",0.779660866712491,80.4265302956141,80.4257314342931,0.00079886132101592,1322.87384937954,-0.420042621961214,-0.806095808447458,0.420193194827726,0.675160084824232,0.806095808447458,FALSE,FALSE,FALSE,FALSE,FALSE
"PPP2R5A","turquoise",0.969585522115358,1108.09162163789,1108.00574276553,0.0858788723655834,1322.87384937954,-0.568058156364828,-1.09014960591871,0.275654903506806,0.675160084824232,1.09014960591871,FALSE,TRUE,FALSE,FALSE,FALSE
"PPP2R5C","turquoise",0.986742846852081,1438.34244648114,1438.26375254759,0.0786939335464467,1322.87384937954,-0.710091014217842,-1.36272216258583,0.172979033795752,0.675160084824232,1.36272216258583,FALSE,TRUE,TRUE,FALSE,FALSE
"PPP2R5D","turquoise",0.974804075676527,1295.81843478938,1295.78293048578,0.0355043035976905,1322.87384937954,-0.435735940988788,-0.836212558575555,0.403041157805989,0.675160084824232,0.836212558575555,FALSE,TRUE,FALSE,FALSE,FALSE
"PPP3CA","turquoise",0.955526408724592,1030.06534986767,1029.73410892409,0.331240943577768,1322.87384937954,-0.600898996954637,-1.15317383860665,0.248847072284365,0.675160084824232,1.15317383860665,FALSE,TRUE,FALSE,FALSE,FALSE
"PPP4C","turquoise",0.939246744186317,756.688381898981,756.68550869373,0.0028732052506939,1322.87384937954,-0.755778622789784,-1.45040038341941,0.146956041157186,0.675160084824232,1.45040038341941,FALSE,TRUE,FALSE,FALSE,FALSE
"PPP5C","turquoise",0.960496938101551,1050.18185215011,1050.15616236339,0.0256897867234329,1322.87384937954,-0.375001722080569,-0.7196586739658,0.471740078318894,0.675160084824232,0.7196586739658,FALSE,TRUE,FALSE,FALSE,FALSE
"PPP6C","turquoise",0.982798572554447,1357.23671828281,1357.17929459791,0.0574236849024601,1322.87384937954,-0.52558803614639,-1.0086460058019,0.313151547926492,0.675160084824232,1.0086460058019,FALSE,TRUE,TRUE,FALSE,FALSE
"PPT1","turquoise",0.976067116711109,1201.93073169431,1201.87239852924,0.0583331650630043,1322.87384937954,-0.74059425364164,-1.42126034932694,0.155250174141289,0.675160084824232,1.42126034932694,FALSE,TRUE,FALSE,FALSE,FALSE
"PRCC","turquoise",0.987353727042635,1466.10866322166,1466.06790701857,0.0407562030886766,1322.87384937954,-0.539491849096815,-1.03532854884585,0.300522798123169,0.675160084824232,1.03532854884585,FALSE,TRUE,TRUE,FALSE,FALSE
"PRCP","turquoise",0.958280451747915,1027.99853326193,1027.90578562409,0.0927476378460597,1322.87384937954,-0.757646611581943,-1.45398520518953,0.14595955454192,0.675160084824232,1.45398520518953,FALSE,TRUE,FALSE,FALSE,FALSE
"PRF1","turquoise",0.877150017468949,348.68093422636,348.676986383565,0.00394784279495752,1322.87384937954,-0.0493363023902458,-0.0946803597582194,0.924569271396927,0.939909363598345,0.0946803597582194,FALSE,TRUE,FALSE,FALSE,FALSE
"SRGN","turquoise",0.852386185647485,228.485031602984,228.467790712397,0.0172408905875443,1322.87384937954,-0.965678864906473,-1.8529547105779,0.0638990370324888,0.675160084824232,1.8529547105779,FALSE,TRUE,FALSE,FALSE,FALSE
"PRKAB1","turquoise",0.968796971973664,1174.14447138715,1174.05395711065,0.0905142765020628,1322.87384937954,-0.395193332831604,-0.758408010202718,0.44821197316451,0.675160084824232,0.758408010202718,FALSE,TRUE,FALSE,FALSE,FALSE
"PRKACA","turquoise",0.946418436505136,904.569927084246,904.55569220048,0.0142348837663349,1322.87384937954,-0.684346092242525,-1.31331557237788,0.189085415430845,0.675160084824232,1.31331557237788,FALSE,TRUE,FALSE,FALSE,FALSE
"PRKACB","turquoise",0.957509668577029,1012.05376370795,1011.97157857393,0.0821851340206194,1322.87384937954,-0.355758477447744,-0.682729329112598,0.494782502553277,0.675160084824232,0.682729329112598,FALSE,TRUE,FALSE,FALSE,FALSE
"PRKAG1","turquoise",0.981701636499116,1319.91269943306,1319.87455914489,0.0381402881762369,1322.87384937954,-0.510009117756165,-0.978748799761545,0.327711014100093,0.675160084824232,0.978748799761545,FALSE,TRUE,FALSE,FALSE,FALSE
"PRKAR1A","turquoise",0.944303625846863,922.519166383092,922.195297521521,0.323868861571668,1322.87384937954,-0.675197215455436,-1.29575813690707,0.19506754135059,0.675160084824232,1.29575813690707,FALSE,TRUE,FALSE,FALSE,FALSE
"PRKAR2A","turquoise",0.972226400083902,1139.51638382412,1139.50326922489,0.0131145992320398,1322.87384937954,-0.542337842126387,-1.04079023995067,0.297980244268753,0.675160084824232,1.04079023995067,FALSE,TRUE,FALSE,FALSE,FALSE
"PRKAR2B","turquoise",0.817992260936194,156.551656362428,156.529318278911,0.0223380835169849,1322.87384937954,-0.641119138891754,-1.23035954818844,0.218570929146044,0.675160084824232,1.23035954818844,FALSE,TRUE,FALSE,FALSE,FALSE
"PRKCB","turquoise",0.987033006099214,1430.14589035049,1430.07792476122,0.0679655892768096,1322.87384937954,-0.814493170466569,-1.56307835537416,0.118043388278102,0.675160084824232,1.56307835537416,FALSE,TRUE,TRUE,FALSE,FALSE
"PRKCD","turquoise",0.941977426777127,864.691431327141,864.538615296629,0.152816030512213,1322.87384937954,-0.655941967889876,-1.2588057574539,0.208109064564323,0.675160084824232,1.2588057574539,FALSE,TRUE,FALSE,FALSE,FALSE
"PRKCH","turquoise",0.961313297341989,1088.56224012148,1088.53521445615,0.0270256653236629,1322.87384937954,-0.446461564378336,-0.856795898468378,0.391563676608638,0.675160084824232,0.856795898468378,FALSE,TRUE,FALSE,FALSE,FALSE
"PKN1","turquoise",0.961883501667221,1072.92534367641,1072.92221006674,0.0031336096690211,1322.87384937954,-0.490666757885141,-0.94162924473945,0.346389120964002,0.675160084824232,0.94162924473945,FALSE,TRUE,FALSE,FALSE,FALSE
"PRKCQ","turquoise",0.967232658831786,1158.11781493084,1158.08960424864,0.0282106822066908,1322.87384937954,-0.490738866406602,-0.9417676268318,0.346318253258168,0.675160084824232,0.9417676268318,FALSE,TRUE,FALSE,FALSE,FALSE
"PRKCSH","turquoise",0.958327738302961,1022.46973570233,1022.46666284131,0.00307286101451609,1322.87384937954,-0.589023687291797,-1.13038415764871,0.258322288051166,0.675160084824232,1.13038415764871,FALSE,TRUE,FALSE,FALSE,FALSE
"MAPK3","turquoise",0.901837841703681,458.49629089492,458.492512167404,0.00377872751602126,1322.87384937954,-0.641309241045656,-1.23072436961709,0.218434406945094,0.675160084824232,1.23072436961709,FALSE,TRUE,FALSE,FALSE,FALSE
"MAP2K1","turquoise",0.982734788242488,1425.73740676724,1425.62120321599,0.1162035512491,1322.87384937954,-0.423609421332793,-0.81294078529666,0.416257649689062,0.675160084824232,0.81294078529666,FALSE,TRUE,TRUE,FALSE,FALSE
"MAP2K3","brown",0.911101613726889,5.74879169190468,4.61222606000881,1.13656563189588,7.78987287898542,-0.522524494921692,-1.00276682209263,0.315980451833386,0.675160084824232,1.00276682209263,FALSE,TRUE,FALSE,FALSE,FALSE
"EIF2AK2","turquoise",0.89949625336984,509.792882218805,509.780586199643,0.0122960191623065,1322.87384937954,-0.309121971559807,-0.593230097483735,0.553031082931742,0.681096310354657,0.593230097483735,FALSE,TRUE,FALSE,FALSE,FALSE
"THAP12","turquoise",0.952489428172417,935.560650031666,935.474456681624,0.0861933500420946,1322.87384937954,-0.464371543270146,-0.891166598390835,0.372846049563732,0.675160084824232,0.891166598390835,FALSE,TRUE,FALSE,FALSE,FALSE
"PRKY","turquoise",0.957011858218566,979.918755756909,979.889311725933,0.0294440309756965,1322.87384937954,-0.589797347294304,-1.13186887384792,0.257697476557626,0.675160084824232,1.13186887384792,FALSE,TRUE,FALSE,FALSE,FALSE
"PRNP","turquoise",0.974604868778833,1250.87394544776,1250.78999943018,0.0839460175784552,1322.87384937954,-0.478460174543406,-0.918203822763711,0.358518621897824,0.675160084824232,0.918203822763711,FALSE,TRUE,FALSE,FALSE,FALSE
"PRPS1","turquoise",0.986480991199814,1428.90246514439,1428.84316329793,0.0593018464624038,1322.87384937954,-0.464097748512978,-0.890641164078722,0.373127953032194,0.675160084824232,0.890641164078722,FALSE,TRUE,TRUE,FALSE,FALSE
"PRPS2","turquoise",0.945719441466232,844.275478999838,844.258137579993,0.0173414198447972,1322.87384937954,-0.382794280502121,-0.734613224652505,0.462580101892153,0.675160084824232,0.734613224652505,FALSE,TRUE,FALSE,FALSE,FALSE
"PSAP","turquoise",0.930800877097793,776.233420032592,776.10948906182,0.123930970772108,1322.87384937954,-0.638213629297098,-1.22478363997532,0.220665158859683,0.675160084824232,1.22478363997532,FALSE,TRUE,FALSE,FALSE,FALSE
"PSMA1","turquoise",0.978810139789452,1299.85319256946,1299.82377621208,0.0294163573773858,1322.87384937954,-0.570254396209678,-1.09436436804216,0.273802887126235,0.675160084824232,1.09436436804216,FALSE,TRUE,FALSE,FALSE,FALSE
"PSMA2","turquoise",0.899209579179949,436.961574586624,436.949235571581,0.0123390150421869,1322.87384937954,-0.26846973322371,-0.515215159919231,0.606405995685358,0.698851950798586,0.515215159919231,FALSE,TRUE,FALSE,FALSE,FALSE
"PSMA3","turquoise",0.960676252676162,991.524876203949,991.487665142377,0.0372110615724068,1322.87384937954,-0.715619786174289,-1.37333232371458,0.169658031721753,0.675160084824232,1.37333232371458,FALSE,TRUE,FALSE,FALSE,FALSE
"PSMA5","turquoise",0.97586932205594,1217.7327978587,1217.71265528809,0.0201425706127338,1322.87384937954,-0.565547111575559,-1.08533070761262,0.277782835275645,0.675160084824232,1.08533070761262,FALSE,TRUE,FALSE,FALSE,FALSE
"PSMA6","turquoise",0.878733768593197,365.953624551524,365.857307424513,0.0963171270104226,1322.87384937954,-0.424953821004007,-0.815520797141136,0.414779925922156,0.675160084824232,0.815520797141136,FALSE,TRUE,FALSE,FALSE,FALSE
"PSMA7","turquoise",0.962222607689961,958.997615417686,958.968832817297,0.0287826003890359,1322.87384937954,-0.49477077067364,-0.949505177641632,0.342370427465533,0.675160084824232,0.949505177641632,FALSE,TRUE,FALSE,FALSE,FALSE
"PSMB1","turquoise",0.953605648780597,876.281954930356,876.269915472168,0.0120394581883829,1322.87384937954,-0.451976997118758,-0.867380460561314,0.385739650022741,0.675160084824232,0.867380460561314,FALSE,TRUE,FALSE,FALSE,FALSE
"PSMB2","turquoise",0.977840840025319,1340.02899767826,1340.00521273785,0.0237849404152257,1322.87384937954,-0.676806234660844,-1.29884597506772,0.194005521457123,0.675160084824232,1.29884597506772,FALSE,TRUE,TRUE,FALSE,FALSE
"PSMB3","turquoise",0.910567740730402,538.95455549346,538.954299647175,0.000255846285313055,1322.87384937954,-0.47668350812289,-0.914794256020459,0.36030607930691,0.675160084824232,0.914794256020459,FALSE,TRUE,FALSE,FALSE,FALSE
"PSMB4","turquoise",0.96304443885214,1011.2261340908,1011.22138066654,0.00475342426091174,1322.87384937954,-0.500563160569623,-0.960621242945303,0.336749412771076,0.675160084824232,0.960621242945303,FALSE,TRUE,FALSE,FALSE,FALSE
"PSMB8","turquoise",0.969361828813067,1094.87721915996,1094.86312137839,0.0140977815701717,1322.87384937954,-0.407786409671539,-0.782575144501451,0.4338820428564,0.675160084824232,0.782575144501451,FALSE,TRUE,FALSE,FALSE,FALSE
"PSMB9","turquoise",0.901220987840526,439.490630456025,439.489750099669,0.00088035635678807,1322.87384937954,-0.492878760005836,-0.945874255946751,0.344219386361569,0.675160084824232,0.945874255946751,FALSE,TRUE,FALSE,FALSE,FALSE
"PSMB10","turquoise",0.929735204560932,677.979028344074,677.978447968102,0.000580375972049296,1322.87384937954,-0.510819774069491,-0.980304514877341,0.326942738558136,0.675160084824232,0.980304514877341,FALSE,TRUE,FALSE,FALSE,FALSE
"PSMC5","turquoise",0.983264191601723,1361.10760994335,1361.09337288738,0.0142370559733536,1322.87384937954,-0.417053178715934,-0.800358824761468,0.423508471321156,0.675160084824232,0.800358824761468,FALSE,TRUE,TRUE,FALSE,FALSE
"PSMD3","turquoise",0.967083484204377,1181.12273090103,1181.05148336121,0.071247539822707,1322.87384937954,-0.518724492395309,-0.995474309503536,0.319512653111343,0.675160084824232,0.995474309503536,FALSE,TRUE,FALSE,FALSE,FALSE
"PSMD4","turquoise",0.613915634105206,18.2893398966176,15.8363537568704,2.45298613974723,1322.87384937954,-0.237164848470964,-0.455138550871091,0.649012444855045,0.722799923026997,0.455138550871091,FALSE,FALSE,FALSE,FALSE,FALSE
"PSMD5","turquoise",0.97493934922081,1273.25394431537,1273.10950435941,0.14443995595866,1322.87384937954,-0.439187517187878,-0.842836412825469,0.399325815174753,0.675160084824232,0.842836412825469,FALSE,TRUE,FALSE,FALSE,FALSE
"PSMD7","turquoise",0.963606189475061,1053.98377635336,1053.90026193053,0.0835144228299214,1322.87384937954,-0.566076438465198,-1.08634652878106,0.277333340531362,0.675160084824232,1.08634652878106,FALSE,TRUE,FALSE,FALSE,FALSE
"PSMD8","turquoise",0.966378280042164,1110.83924411234,1110.82098525159,0.01825886075585,1322.87384937954,-0.559282737208673,-1.07330886588591,0.283140106819664,0.675160084824232,1.07330886588591,FALSE,TRUE,FALSE,FALSE,FALSE
"PSMD11","turquoise",0.986790976047467,1456.86258434288,1456.83732770846,0.0252566344197476,1322.87384937954,-0.390302584953653,-0.7490222689506,0.453848918113192,0.675160084824232,0.7490222689506,FALSE,TRUE,TRUE,FALSE,FALSE
"PSMD13","turquoise",0.976654347418371,1249.29128739307,1249.28602080484,0.00526658823764592,1322.87384937954,-0.442142542951519,-0.848507346576915,0.396161402062945,0.675160084824232,0.848507346576915,FALSE,TRUE,FALSE,FALSE,FALSE
"PSME1","turquoise",0.883932634765162,359.118212835985,359.117027034386,0.00118580159937665,1322.87384937954,-0.50509365539962,-0.969315629423517,0.332394565949206,0.675160084824232,0.969315629423517,FALSE,TRUE,FALSE,FALSE,FALSE
"PSME2","turquoise",0.85395081847982,231.654944217465,231.653247871684,0.00169634578142563,1322.87384937954,-0.271334238391479,-0.520712377316441,0.602570510819824,0.697107615282832,0.520712377316441,FALSE,TRUE,FALSE,FALSE,FALSE
"PTAFR","turquoise",0.940125497559289,752.388905000811,752.381044040115,0.00786096069623454,1322.87384937954,-0.59983196478633,-1.1511261174627,0.249688376179513,0.675160084824232,1.1511261174627,FALSE,TRUE,FALSE,FALSE,FALSE
"PTBP1","turquoise",0.979867696408528,1358.33248456136,1358.25479578115,0.0776887802146575,1322.87384937954,-0.659682117851989,-1.26598340812503,0.205527617805825,0.675160084824232,1.26598340812503,FALSE,TRUE,TRUE,FALSE,FALSE
"PTGDS","turquoise",0.724561663956148,41.335617348162,41.3352343005772,0.000383047584783469,1322.87384937954,0.0396290048645409,0.0760512696666294,0.939378752365071,0.951281953675304,0.0760512696666294,FALSE,FALSE,FALSE,FALSE,FALSE
"PTGER2","turquoise",0.96572664464193,1124.73558022315,1124.61411773722,0.121462485929897,1322.87384937954,-0.625155964657098,-1.19972492406389,0.230254473818752,0.675160084824232,1.19972492406389,FALSE,TRUE,FALSE,FALSE,FALSE
"PTGER4","turquoise",0.944969665265586,861.250648760907,860.996763171217,0.253885589690071,1322.87384937954,-0.405673198778232,-0.778519721660059,0.436268053372269,0.675160084824232,0.778519721660059,FALSE,TRUE,FALSE,FALSE,FALSE
"PTGIR","turquoise",0.925757857900667,708.763772700647,708.761951252401,0.00182144824646002,1322.87384937954,-0.460990325680051,-0.884677768009531,0.376336648807319,0.675160084824232,0.884677768009531,FALSE,TRUE,FALSE,FALSE,FALSE
"PTGS2","turquoise",0.347022735742834,0.926754658199452,0.498596224414389,0.428158433785063,1322.87384937954,-0.545412193991229,-1.04318547061264,0.296957009382061,0.675160084824232,1.04318547061264,FALSE,FALSE,FALSE,FALSE,FALSE
"PTMA","turquoise",0.909727593466392,493.547859518917,493.543886482469,0.0039730364484285,1322.87384937954,-0.421662639167203,-0.809204752661889,0.418402992732369,0.675160084824232,0.809204752661889,FALSE,TRUE,FALSE,FALSE,FALSE
"PTPN1","turquoise",0.990059291962228,1536.83800517186,1536.79601881763,0.0419863542272196,1322.87384937954,-0.509187599583912,-0.977172239858828,0.328490777991858,0.675160084824232,0.977172239858828,FALSE,TRUE,TRUE,FALSE,FALSE
"PTPN6","turquoise",0.962720730134153,1089.02532947281,1089.00100942448,0.024320048332811,1322.87384937954,-0.546757128702867,-1.04927120878425,0.294060703491428,0.675160084824232,1.04927120878425,FALSE,TRUE,FALSE,FALSE,FALSE
"PTPN7","turquoise",0.947807809200336,901.617156861463,901.615169297143,0.00198756432030223,1322.87384937954,-0.581149124289865,-1.11527223353117,0.264741591293864,0.675160084824232,1.11527223353117,FALSE,TRUE,FALSE,FALSE,FALSE
"PTPN12","turquoise",0.93349557035529,790.668661161481,790.547675420816,0.120985740664992,1322.87384937954,-0.582952388196804,-1.11873284300485,0.263261961329155,0.675160084824232,1.11873284300485,FALSE,TRUE,FALSE,FALSE,FALSE
"PTPRA","turquoise",0.982645468335714,1412.59121851151,1412.47827934026,0.112939171246808,1322.87384937954,-0.411092767621754,-0.788920313171362,0.43016403338298,0.675160084824232,0.788920313171362,FALSE,TRUE,TRUE,FALSE,FALSE
"PTPRC","turquoise",0.944732671947418,900.536425839024,900.287227727574,0.249198111449687,1322.87384937954,-0.645975201428154,-1.23953893401031,0.215154987722163,0.675160084824232,1.23953893401031,FALSE,TRUE,FALSE,FALSE,FALSE
"PTPRCAP","turquoise",0.861965170970199,338.351808670366,338.35149092836,0.000317742006302524,1322.87384937954,-0.323619165645404,-0.621051386980705,0.534569938652014,0.676813488619187,0.621051386980705,FALSE,TRUE,FALSE,FALSE,FALSE
"PTPRJ","turquoise",0.973373328541893,1205.15142163423,1205.06607490564,0.0853467285942315,1322.87384937954,-0.580363474247136,-1.11376450747377,0.265388028974682,0.675160084824232,1.11376450747377,FALSE,TRUE,FALSE,FALSE,FALSE
"PEX19","turquoise",0.99125505399146,1521.27722322089,1521.23420539846,0.0430178224273732,1322.87384937954,-0.406775399242023,-0.780634933611127,0.435022624758101,0.675160084824232,0.780634933611127,FALSE,TRUE,TRUE,FALSE,FALSE
"PXN","turquoise",0.971860293109224,1207.88544415389,1207.84923003491,0.0362141189800695,1322.87384937954,-0.610742270214662,-1.17206387714431,0.24117954923452,0.675160084824232,1.17206387714431,FALSE,TRUE,FALSE,FALSE,FALSE
"PYGB","turquoise",0.978450932291434,1320.60993559923,1320.59378527569,0.0161503235308373,1322.87384937954,-0.268425977407949,-0.515131188965247,0.606464667958111,0.698851950798586,0.515131188965247,FALSE,TRUE,FALSE,FALSE,FALSE
"PYGL","turquoise",0.858715985164233,292.177462560981,291.833037981471,0.34442457950945,1322.87384937954,-0.855091632422419,-1.64099009170992,0.100808637477201,0.675160084824232,1.64099009170992,FALSE,TRUE,FALSE,FALSE,FALSE
"QARS1","turquoise",0.988815662324671,1490.45482894023,1490.42509174283,0.0297371973979352,1322.87384937954,-0.620095863574128,-1.19001418029637,0.234049052339572,0.675160084824232,1.19001418029637,FALSE,TRUE,TRUE,FALSE,FALSE
"RAB1A","turquoise",0.916634682110209,652.537336712202,652.189454611569,0.347882100633797,1322.87384937954,-0.646501047646947,-1.24068786694036,0.214729561213849,0.675160084824232,1.24068786694036,FALSE,TRUE,FALSE,FALSE,FALSE
"RAB2A","turquoise",0.975396655026442,1219.45707822194,1219.37050803047,0.0865701914638066,1322.87384937954,-0.593374024837311,-1.13873280770808,0.254822564809411,0.675160084824232,1.13873280770808,FALSE,TRUE,FALSE,FALSE,FALSE
"RAB5B","turquoise",0.984465980112589,1422.3307963444,1422.26795521456,0.0628411298353058,1322.87384937954,-0.553561780822022,-1.06232988727165,0.288093427628163,0.675160084824232,1.06232988727165,FALSE,TRUE,TRUE,FALSE,FALSE
"RAB6A","turquoise",0.865661247806137,374.863318656793,373.670463740133,1.19285491666045,1322.87384937954,-0.63026037660451,-1.20952070396876,0.22647119528454,0.675160084824232,1.20952070396876,FALSE,TRUE,FALSE,FALSE,FALSE
"MAP4K2","turquoise",0.980660626381883,1306.31943008134,1306.29483955464,0.0245905266988302,1322.87384937954,-0.222479292814865,-0.426955780265978,0.669414214905835,0.735662741444982,0.426955780265978,FALSE,TRUE,FALSE,FALSE,FALSE
"RAB27A","turquoise",0.962524355980511,1004.98908751086,1004.91417054378,0.0749169670859828,1322.87384937954,-0.786303024921508,-1.50897918311088,0.131313310230886,0.675160084824232,1.50897918311088,FALSE,TRUE,FALSE,FALSE,FALSE
"RABGGTA","turquoise",0.95127599026073,946.320278544308,946.311107435773,0.00917110853470149,1322.87384937954,-0.297481206641215,-0.570890526884479,0.56807759157769,0.687266112133024,0.570890526884479,FALSE,TRUE,FALSE,FALSE,FALSE
"RAB5C","turquoise",0.940232988669506,854.471261726135,854.141328609822,0.329933116312873,1322.87384937954,-0.530462748425397,-1.01800097344101,0.308684671261509,0.675160084824232,1.01800097344101,FALSE,TRUE,FALSE,FALSE,FALSE
"RAC1","turquoise",0.942142253564166,761.646386899509,761.644160437273,0.00222646223664924,1322.87384937954,-0.687588026368514,-1.31953710651178,0.186998417701923,0.675160084824232,1.31953710651178,FALSE,TRUE,FALSE,FALSE,FALSE
"RAC2","turquoise",0.975822162882176,1262.99221587917,1262.97128244992,0.0209334292505901,1322.87384937954,-0.607279902088428,-1.16541931231223,0.243857405219406,0.675160084824232,1.16541931231223,FALSE,TRUE,FALSE,FALSE,FALSE
"RAD21","turquoise",0.976154355134005,1320.58880664218,1320.4291121989,0.159694443271064,1322.87384937954,-0.616176553626176,-1.18249270710325,0.237018451558225,0.675160084824232,1.18249270710325,FALSE,TRUE,FALSE,FALSE,FALSE
"RAD23A","blue",0.95705657959093,15.5658718901684,15.4129437910995,0.152928099068951,19.5381539006617,-0.177005553821848,-0.339687992474458,0.734093584376675,0.783410645282796,0.339687992474458,FALSE,TRUE,FALSE,FALSE,FALSE
"RALB","turquoise",0.955666568065477,929.82543744237,929.799453530455,0.0259839119153185,1322.87384937954,-0.52711380906847,-1.01157408760319,0.311748873855309,0.675160084824232,1.01157408760319,FALSE,TRUE,FALSE,FALSE,FALSE
"RAN","turquoise",0.945663057573331,813.249677026635,813.240211882334,0.00946514430108891,1322.87384937954,-0.381568043229407,-0.732259976020064,0.464014905055238,0.675160084824232,0.732259976020064,FALSE,TRUE,FALSE,FALSE,FALSE
"RANBP1","turquoise",0.971702007956565,1186.95122350315,1186.92790206011,0.0233214430370481,1322.87384937954,-0.337058543278808,-0.646842641039275,0.51773811867638,0.67583731433186,0.646842641039275,FALSE,TRUE,FALSE,FALSE,FALSE
"RAP1GAP","blue",0.952639208510838,14.4727253651583,14.4524585356601,0.0202668294981709,19.5381539006617,-0.0334959858627692,-0.0641962698012934,0.948816160735793,0.958650768762265,0.0641962698012934,FALSE,TRUE,FALSE,FALSE,FALSE
"RAP2B","turquoise",0.98139378883502,1347.58321031941,1347.51819467956,0.0650156398498893,1322.87384937954,-0.472360861736078,-0.906498747537199,0.364678293208177,0.675160084824232,0.906498747537199,FALSE,TRUE,TRUE,FALSE,FALSE
"RARG","turquoise",0.942958120212123,846.700996361364,846.694776966874,0.00621939448967623,1322.87384937954,-0.222327550821182,-0.426664575091365,0.669626333084917,0.735662741444982,0.426664575091365,FALSE,TRUE,FALSE,FALSE,FALSE
"RARS1","turquoise",0.968718095925533,1143.76061789059,1143.72606412279,0.0345537678017536,1322.87384937954,-0.448154716257482,-0.860045194043365,0.38977013938323,0.675160084824232,0.860045194043365,FALSE,TRUE,FALSE,FALSE,FALSE
"PLAAT4","turquoise",0.945705811555516,795.243071004002,795.240170957781,0.00290004622104334,1322.87384937954,-0.41687773350437,-0.80002213119215,0.423703513501093,0.675160084824232,0.80002213119215,FALSE,TRUE,FALSE,FALSE,FALSE
"RBBP4","turquoise",0.982457568651161,1398.37392020143,1398.34175120079,0.0321690006335302,1322.87384937954,-0.539263159960306,-1.03488967587264,0.300727730220581,0.675160084824232,1.03488967587264,FALSE,TRUE,TRUE,FALSE,FALSE
"RBL2","turquoise",0.972183305054459,1202.87603152599,1202.82850508745,0.047526438542036,1322.87384937954,-0.590243813777014,-1.13247086138452,0.257448796725234,0.675160084824232,1.13247086138452,FALSE,TRUE,FALSE,FALSE,FALSE
"RBM3","turquoise",0.962921858215764,1053.42024516835,1053.39235393562,0.0278912327241869,1322.87384937954,-0.615208239631598,-1.18063443412931,0.237756162349729,0.675160084824232,1.18063443412931,FALSE,TRUE,FALSE,FALSE,FALSE
"RBM4","turquoise",0.986670851569176,1395.36263123824,1395.31836467,0.04426656824171,1322.87384937954,-0.522835276417767,-1.00336323695205,0.31569271081131,0.675160084824232,1.00336323695205,FALSE,TRUE,TRUE,FALSE,FALSE
"RELA","turquoise",0.969560273439032,1217.51173209145,1217.49474609103,0.0169860004243674,1322.87384937954,-0.606978876233569,-1.16484161931836,0.24409120686453,0.675160084824232,1.16484161931836,FALSE,TRUE,FALSE,FALSE,FALSE
"RELB","turquoise",0.941530983347293,738.853243741649,738.842277504965,0.0109662366841121,1322.87384937954,-0.754418272149636,-1.44778976037377,0.147684994059669,0.675160084824232,1.44778976037377,FALSE,TRUE,FALSE,FALSE,FALSE
"RENBP","turquoise",0.882714329335031,349.95627792431,349.955040798544,0.00123712576623802,1322.87384937954,-0.645990936638806,-1.2397089226047,0.21509155424463,0.675160084824232,1.2397089226047,FALSE,TRUE,FALSE,FALSE,FALSE
"UPF1","turquoise",0.968782133667835,1146.66126575832,1146.59296922497,0.0682965333421635,1322.87384937954,-0.40297683377949,-0.773345178863943,0.439323452367338,0.675160084824232,0.773345178863943,FALSE,TRUE,FALSE,FALSE,FALSE
"DPF2","turquoise",0.971951426279709,1196.98579565463,1196.95951962339,0.0262760312389219,1322.87384937954,-0.453332420792237,-0.869981628358908,0.384316530137999,0.675160084824232,0.869981628358908,FALSE,TRUE,FALSE,FALSE,FALSE
"TRIM27","turquoise",0.975519616723417,1211.81676466203,1211.69941455842,0.117350103606213,1322.87384937954,-0.71709020212099,-1.37615417099707,0.168782888411029,0.675160084824232,1.37615417099707,FALSE,TRUE,FALSE,FALSE,FALSE
"RFX5","turquoise",0.976374119887186,1298.60806309514,1298.57110312601,0.0369599691309759,1322.87384937954,-0.472541369257681,-0.906845156089452,0.364495055152839,0.675160084824232,0.906845156089452,FALSE,TRUE,FALSE,FALSE,FALSE
"RGS2","turquoise",0.764431466070567,82.3058854126572,82.1607097927654,0.145175619891802,1322.87384937954,-0.750547025582402,-1.44036052470063,0.149774550111977,0.675160084824232,1.44036052470063,FALSE,FALSE,FALSE,FALSE,FALSE
"RING1","turquoise",0.979467846191769,1308.63954690346,1308.6304664218,0.00908048166365916,1322.87384937954,-0.431966867754285,-0.828979401802371,0.407121829564438,0.675160084824232,0.828979401802371,FALSE,TRUE,FALSE,FALSE,FALSE
"RMRP","turquoise",0.482197612881417,0.611798809862615,0.592351934290102,0.0194468755725129,1322.87384937954,-1.00335585421135,-1.92552114041339,0.054172448217929,0.675160084824232,1.92552114041339,FALSE,FALSE,FALSE,FALSE,FALSE
"RN7SL1","grey",NA,0.569229878259559,0.511796694994562,0.0574331832649967,1.16729646183719,-0.588746942963194,-1.12918679380533,0.258843809430248,0.675160084824232,1.12918679380533,FALSE,NA,FALSE,FALSE,FALSE
"RNASE2","turquoise",0.660996975406191,14.7833955720148,14.7650305278193,0.0183650441955798,1322.87384937954,-0.689911508190162,-1.32382473647102,0.185571200409877,0.675160084824232,1.32382473647102,FALSE,FALSE,FALSE,FALSE,FALSE
"RNASE3","grey",NA,0.339477478774147,0.302820083644997,0.0366573951291498,1.16729646183719,-0.437007231578342,-0.838652268171627,0.401670313074682,0.675160084824232,0.838652268171627,FALSE,NA,FALSE,FALSE,FALSE
"RNASE6","turquoise",0.895665358709108,405.877509554192,405.874459004729,0.00305054946380778,1322.87384937954,-0.28235354188743,-0.541859313116962,0.587918945960197,0.693123793079518,0.541859313116962,FALSE,TRUE,FALSE,FALSE,FALSE
"BRD2","turquoise",0.988120962281438,1492.47140595484,1492.43802134263,0.0333846122118757,1322.87384937954,-0.55064165678557,-1.05672593276117,0.290644125916726,0.675160084824232,1.05672593276117,FALSE,TRUE,TRUE,FALSE,FALSE
"RNF4","turquoise",0.98267583509718,1423.18373152274,1423.13919265212,0.0445388706280028,1322.87384937954,-0.422126931279038,-0.810095766824922,0.417890755183616,0.675160084824232,0.810095766824922,FALSE,TRUE,TRUE,FALSE,FALSE
"RNH1","turquoise",0.953029656283702,1018.32491119582,1018.3138050846,0.0111061112208972,1322.87384937954,-0.429377189636645,-0.824009599771066,0.409939830956769,0.675160084824232,0.824009599771066,FALSE,TRUE,FALSE,FALSE,FALSE
"RNPEP","turquoise",0.87407386429331,355.737729452393,355.65888422596,0.0788452264324633,1322.87384937954,-0.936031927906184,-1.79632107364533,0.0724522613209992,0.675160084824232,1.79632107364533,FALSE,TRUE,FALSE,FALSE,FALSE
"ABCE1","turquoise",0.968983933498991,1131.4606715849,1131.42612109096,0.0345504939314196,1322.87384937954,-0.289673555520056,-0.555907012084955,0.57827804917277,0.689763622884486,0.555907012084955,FALSE,TRUE,FALSE,FALSE,FALSE
"RP2","turquoise",0.899961746924266,537.25017483013,536.95180931605,0.298365514080047,1322.87384937954,-0.487964345722897,-0.936443096946849,0.349051688149417,0.675160084824232,0.936443096946849,FALSE,TRUE,FALSE,FALSE,FALSE
"RPA2","turquoise",0.984810652955549,1369.3083718276,1369.25338051972,0.0549913078825739,1322.87384937954,-0.542360237372868,-1.04083321824233,0.297960293957573,0.675160084824232,1.04083321824233,FALSE,TRUE,TRUE,FALSE,FALSE
"RPL3","turquoise",0.893287921553607,459.69957343024,459.698900596936,0.000672833303895004,1322.87384937954,-0.459700294948188,-0.882045195674349,0.377760674186973,0.675160084824232,0.882045195674349,FALSE,TRUE,FALSE,FALSE,FALSE
"RPL4","turquoise",0.897417082086757,454.570991198302,454.568318747865,0.00267245043716002,1322.87384937954,-0.513042128955676,-0.984462098308204,0.324895593051748,0.675160084824232,0.984462098308204,FALSE,TRUE,FALSE,FALSE,FALSE
"RPL5","turquoise",0.850510976144277,260.370585267629,260.364359295714,0.00622597191505747,1322.87384937954,-0.289002154508324,-0.55404321470509,0.579566781196995,0.690044682051626,0.55404321470509,FALSE,TRUE,FALSE,FALSE,FALSE
"RPL6","turquoise",0.872673446308846,342.083721034753,342.078810979227,0.00491005552578372,1322.87384937954,-0.484708309739899,-0.930061924935372,0.352346811416643,0.675160084824232,0.930061924935372,FALSE,TRUE,FALSE,FALSE,FALSE
"RPL7","turquoise",0.768592384559072,108.649933742896,108.631106151672,0.0188275912237401,1322.87384937954,-0.614189228714234,-1.17645824922101,0.239476035758713,0.675160084824232,1.17645824922101,FALSE,FALSE,FALSE,FALSE,FALSE
"RPL7A","turquoise",0.888253172638547,408.776882350722,408.774216270966,0.00266607975561328,1322.87384937954,-0.634444775735885,-1.21755090477297,0.223403054000463,0.675160084824232,1.21755090477297,FALSE,TRUE,FALSE,FALSE,FALSE
"RPL8","turquoise",0.892746973885627,446.258169561665,446.257725895805,0.000443665860132114,1322.87384937954,-0.511450400372904,-0.981514737824489,0.326345890774974,0.675160084824232,0.981514737824489,FALSE,TRUE,FALSE,FALSE,FALSE
"RPL9","turquoise",0.759781755887214,100.79167181057,100.790216951272,0.00145485929795086,1322.87384937954,-0.662139860933317,-1.10154831375586,0.273763413581353,0.675160084824232,1.10154831375586,FALSE,FALSE,FALSE,FALSE,FALSE
"RPL10","turquoise",0.73794372030598,90.7589257429,90.7569484571652,0.00197728573475331,1322.87384937954,-0.613326612302451,-1.17687455553785,0.239254701174683,0.675160084824232,1.17687455553785,FALSE,FALSE,FALSE,FALSE,FALSE
"RPL11","turquoise",0.889664579600088,388.850493834528,388.821909425274,0.0285844092537673,1322.87384937954,-0.564355716394566,-1.08281760004694,0.278900643422006,0.675160084824232,1.08281760004694,FALSE,TRUE,FALSE,FALSE,FALSE
"RPL12","turquoise",0.693322535431909,41.3819652760304,41.38174398758,0.000221288450418911,1322.87384937954,-0.23844848005303,-0.457601943831223,0.647241344199605,0.721605959259711,0.457601943831223,FALSE,FALSE,FALSE,FALSE,FALSE
"RPL13","turquoise",0.643862028979685,33.2678881226014,33.2654805431633,0.00240757943806358,1322.87384937954,-0.52411277945049,-1.00581486872967,0.314511726408697,0.675160084824232,1.00581486872967,FALSE,FALSE,FALSE,FALSE,FALSE
"RPL15","turquoise",0.899939921817657,479.658655174053,479.646780552487,0.0118746215660508,1322.87384937954,-0.567733277212125,-1.08952613651453,0.275929587339014,0.675160084824232,1.08952613651453,FALSE,TRUE,FALSE,FALSE,FALSE
"RPL17","turquoise",0.747542405002361,93.1256421622902,93.123256384914,0.00238577737627566,1322.87384937954,-0.636133817902371,-1.19562676815414,0.232368489872016,0.675160084824232,1.19562676815414,FALSE,FALSE,FALSE,FALSE,FALSE
"RPL18","turquoise",0.888695492412636,459.095631440272,459.095464573567,0.000166866704944368,1322.87384937954,-0.550084387147999,-1.05565648719652,0.291132616342132,0.675160084824232,1.05565648719652,FALSE,TRUE,FALSE,FALSE,FALSE
"RPL18A","turquoise",0.769160323254688,122.689371974644,122.687199599725,0.00217237491966671,1322.87384937954,-0.483870629958191,-0.928586924867223,0.353109732685365,0.675160084824232,0.928586924867223,FALSE,FALSE,FALSE,FALSE,FALSE
"RPL19","turquoise",0.908916432337749,553.169378963006,553.16837299815,0.001005964855608,1322.87384937954,-0.453002329376188,-0.869348156199251,0.384662811643276,0.675160084824232,0.869348156199251,FALSE,TRUE,FALSE,FALSE,FALSE
"RPL21","turquoise",0.099967848966372,0.132174810324979,0.128098116709634,0.00407669361534485,1322.87384937954,-0.345142944298836,-0.66227890216635,0.507797291586793,0.675272681317988,0.66227890216635,FALSE,FALSE,FALSE,FALSE,FALSE
"RPL22","turquoise",0.923930198121062,623.05326030251,623.032657644501,0.0206026580088974,1322.87384937954,-0.769232242860881,-1.47621896986933,0.139894295400302,0.675160084824232,1.47621896986933,FALSE,TRUE,FALSE,FALSE,FALSE
"RPL23A","turquoise",0.874408474368408,327.149446997435,327.14228921542,0.00715778201424655,1322.87384937954,-0.643750013510651,-1.23526275757334,0.216741849201077,0.675160084824232,1.23526275757334,FALSE,TRUE,FALSE,FALSE,FALSE
"RPL24","turquoise",0.740862546459303,72.8877891194023,72.8838452572603,0.00394386214203735,1322.87384937954,-0.406388813332995,-0.778551041176128,0.436283772192863,0.675160084824232,0.778551041176128,FALSE,FALSE,FALSE,FALSE,FALSE
"RPL26","turquoise",0.780155894355173,116.749697785949,116.742106867026,0.00759091892240349,1322.87384937954,-0.851163711921693,-0.976316035720815,0.341249894606668,0.675160084824232,0.976316035720815,FALSE,FALSE,FALSE,FALSE,FALSE
"RPL27","turquoise",0.762078063665485,99.1536596030826,99.1528790078461,0.000780595236435033,1322.87384937954,-0.678080335955442,-1.22783028560213,0.220897235588097,0.675160084824232,1.22783028560213,FALSE,FALSE,FALSE,FALSE,FALSE
"RPL30","turquoise",0.734785614905939,73.0375640821018,73.0344512927138,0.00311278938798409,1322.87384937954,-0.493930445649635,-0.947688368950642,0.343298178539544,0.675160084824232,0.947688368950642,FALSE,FALSE,FALSE,FALSE,FALSE
"RPL27A","turquoise",0.936937499346265,739.419311920289,739.406305637175,0.0130062831138957,1322.87384937954,-0.515518090387098,-0.98922154478091,0.322561832486574,0.675160084824232,0.98922154478091,FALSE,TRUE,FALSE,FALSE,FALSE
"RPL28","turquoise",0.929895858307453,745.737250350667,745.736698082704,0.000552267963144004,1322.87384937954,-0.495796048510923,-0.9514727688429,0.34137113767558,0.675160084824232,0.9514727688429,FALSE,TRUE,FALSE,FALSE,FALSE
"RPL29","turquoise",0.823012213754218,223.553882313812,223.553562893625,0.000319420187025798,1322.87384937954,-0.506622061569198,-0.972248764640008,0.330933659742837,0.675160084824232,0.972248764640008,FALSE,TRUE,FALSE,FALSE,FALSE
"RPL31","turquoise",0.762988965273044,103.394697329331,103.384575364384,0.010121964947686,1322.87384937954,-0.393136271838553,-0.751927582940396,0.452161003599116,0.675160084824232,0.751927582940396,FALSE,FALSE,FALSE,FALSE,FALSE
"RPL32","turquoise",0.822834180336331,195.645922305487,195.645138296514,0.000784008972544825,1322.87384937954,-0.205382949244513,-0.39407022633475,0.693532616760965,0.753053517288045,0.39407022633475,FALSE,TRUE,FALSE,FALSE,FALSE
"RPL34","turquoise",0.779776432080999,122.394528269748,122.384424118747,0.0101041510011299,1322.87384937954,-0.789968040850872,-1.32535674810588,0.188388788915221,0.675160084824232,1.32535674810588,FALSE,FALSE,FALSE,FALSE,FALSE
"RPL35A","turquoise",0.727883214920905,77.5294205814131,77.5284526006792,0.000967980733832974,1322.87384937954,-0.355749676479004,-0.68220519231532,0.495126509523672,0.675160084824232,0.68220519231532,FALSE,FALSE,FALSE,FALSE,FALSE
"RPL36AL","turquoise",0.853635453979616,284.905132802093,284.425652044382,0.479480757710519,1322.87384937954,-0.539095279120477,-1.03456749894528,0.300878230259931,0.675160084824232,1.03456749894528,FALSE,TRUE,FALSE,FALSE,FALSE
"RPL37","turquoise",0.745829846935379,73.4415456384648,73.4326041614088,0.00894147705598414,1322.87384937954,-0.38652799704319,-0.74163967955045,0.458312668195428,0.675160084824232,0.74163967955045,FALSE,FALSE,FALSE,FALSE,FALSE
"RPL37A","turquoise",0.8746982932422,377.028678578597,377.02796394584,0.000714632757194522,1322.87384937954,-0.532008578655456,-1.02083454243658,0.307340952964446,0.675160084824232,1.02083454243658,FALSE,TRUE,FALSE,FALSE,FALSE
"RPL38","turquoise",0.871154206871058,320.784196102611,320.778150829393,0.00604527321740989,1322.87384937954,-0.594882818056973,-1.14162830408533,0.253616520857077,0.675160084824232,1.14162830408533,FALSE,TRUE,FALSE,FALSE,FALSE
"RPL39","turquoise",0.697682354525623,59.4886083702544,59.485251466168,0.00335690408641653,1322.87384937954,-0.741115139387034,-0.842257365005301,0.410418544769056,0.675160084824232,0.842257365005301,FALSE,FALSE,FALSE,FALSE,FALSE
"RPL41","turquoise",0.158907768888501,0.66465442770706,0.660455780039802,0.00419864766725775,1322.87384937954,-0.372650471749851,-0.694601333871046,0.487713166490786,0.675160084824232,0.694601333871046,FALSE,FALSE,FALSE,FALSE,FALSE
"RPL36A","turquoise",0.786069322662159,111.928742759767,111.8435853563,0.0851574034673206,1322.87384937954,-0.762291842417509,-1.46247804112877,0.143626867072018,0.675160084824232,1.46247804112877,FALSE,FALSE,FALSE,FALSE,FALSE
"RPLP0","turquoise",0.88775018228259,405.957725765436,405.955008357997,0.00271740743897908,1322.87384937954,-0.696979064891207,-1.33755926996454,0.181049014855914,0.675160084824232,1.33755926996454,FALSE,TRUE,FALSE,FALSE,FALSE
"RPLP1","turquoise",0.762847513429994,81.7666173081677,81.7625100693394,0.00410723882825437,1322.87384937954,-0.471555358372046,-0.904952921348408,0.365496682757898,0.675160084824232,0.904952921348408,FALSE,FALSE,FALSE,FALSE,FALSE
"RPLP2","turquoise",0.731481717328998,74.6476899531287,74.6461010361925,0.00158891693615715,1322.87384937954,-0.632634554202523,-1.21407694305072,0.224726699778513,0.675160084824232,1.21407694305072,FALSE,FALSE,FALSE,FALSE,FALSE
"MRPL12","turquoise",0.878806613140796,371.520018415593,371.519854412437,0.000164003155759929,1322.87384937954,-0.186668466123564,-0.358231903726703,0.720171977435675,0.773651286007375,0.358231903726703,FALSE,TRUE,FALSE,FALSE,FALSE
"MRPS12","turquoise",0.830642187704536,245.746438105094,245.746274748678,0.0001633564157828,1322.87384937954,-0.408858441991864,-0.78463246134206,0.432674508858389,0.675160084824232,0.78463246134206,FALSE,TRUE,FALSE,FALSE,FALSE
"RPN1","turquoise",0.947383535835249,891.256932350358,891.253432244441,0.00350010591682803,1322.87384937954,-0.569263893447323,-1.09246351302592,0.274637089838537,0.675160084824232,1.09246351302592,FALSE,TRUE,FALSE,FALSE,FALSE
"RPN2","turquoise",0.973086678078749,1268.13396745834,1268.11724013622,0.0167273221195501,1322.87384937954,-0.578846261807051,-1.11085285393069,0.266639475892575,0.675160084824232,1.11085285393069,FALSE,TRUE,FALSE,FALSE,FALSE
"RPS2","turquoise",0.854812228461915,249.946317718647,249.936907748719,0.00940996992721921,1322.87384937954,-0.771865181501934,-1.48127179234849,0.138543344600854,0.675160084824232,1.48127179234849,FALSE,TRUE,FALSE,FALSE,FALSE
"RPS3","turquoise",0.876850215269516,369.569142855024,369.567414578892,0.00172827613170057,1322.87384937954,-0.445013314730776,-0.853906704950915,0.393163385206461,0.675160084824232,0.853906704950915,FALSE,TRUE,FALSE,FALSE,FALSE
"RPS3A","turquoise",0.767218790217227,109.330590666304,109.326534875429,0.00405579087428976,1322.87384937954,-0.73946595543681,-1.35594299059835,0.176288775703894,0.675160084824232,1.35594299059835,FALSE,FALSE,FALSE,FALSE,FALSE
"RPS4X","turquoise",0.958139385386389,988.712629588445,988.698504036924,0.0141255515217154,1322.87384937954,-0.526396046407454,-1.01009473496889,0.312457129211423,0.675160084824232,1.01009473496889,FALSE,TRUE,FALSE,FALSE,FALSE
"RPS4Y1","turquoise",0.955284438250526,946.054123270534,946.000066903067,0.0540563674665009,1322.87384937954,-0.55263282759607,-1.06054715080031,0.2889032161669,0.675160084824232,1.06054715080031,FALSE,TRUE,FALSE,FALSE,FALSE
"RPS5","turquoise",0.78138987313334,137.386635050355,137.386281749523,0.000353300831108072,1322.87384937954,-0.438798429244408,-0.841905460613815,0.399849808883224,0.675160084824232,0.841905460613815,FALSE,FALSE,FALSE,FALSE,FALSE
"RPS6","turquoise",0.837105218914284,226.74217307849,226.741918320389,0.000254758101362995,1322.87384937954,-0.320690162399278,-0.614888438597978,0.53864571160085,0.676813488619187,0.614888438597978,FALSE,TRUE,FALSE,FALSE,FALSE
"RPS6KA1","turquoise",0.981292401930559,1313.92661152387,1313.89628457456,0.0303269493122116,1322.87384937954,-0.645544938412119,-1.23885301588878,0.215408410721334,0.675160084824232,1.23885301588878,FALSE,TRUE,FALSE,FALSE,FALSE
"RPS6KA3","turquoise",0.974146064865235,1264.29663583665,1264.12569643161,0.170939405037643,1322.87384937954,-0.567695770117729,-1.08945415736289,0.27596131143305,0.675160084824232,1.08945415736289,FALSE,TRUE,FALSE,FALSE,FALSE
"RPS6KB2","turquoise",0.963492589704187,995.262521979042,995.244767134128,0.0177548449134974,1322.87384937954,-0.3879011760457,-0.744413770779554,0.45663128854264,0.675160084824232,0.744413770779554,FALSE,TRUE,FALSE,FALSE,FALSE
"RPS7","turquoise",0.723697257052221,70.4473551151331,70.4405788405161,0.0067762746170672,1322.87384937954,-0.628683179963213,-0.62832290748851,0.54039204275665,0.677574058876686,0.62832290748851,FALSE,FALSE,FALSE,FALSE,FALSE
"RPS8","turquoise",0.828512080844314,221.547359068376,221.547117477905,0.000241590470579922,1322.87384937954,-0.433549954542686,-0.831830029929948,0.405513865559251,0.675160084824232,0.831830029929948,FALSE,TRUE,FALSE,FALSE,FALSE
"RPS9","turquoise",0.75570467028119,97.4267819017647,97.4234492741085,0.0033326276562633,1322.87384937954,-0.50707165597631,-0.973111572717394,0.330504712893992,0.675160084824232,0.973111572717394,FALSE,FALSE,FALSE,FALSE,FALSE
"RPS10","turquoise",0.703225412625816,60.3258285134693,60.3236212538324,0.00220725963691848,1322.87384937954,-0.310614541597978,-0.595639548022776,0.551431115287415,0.681096310354657,0.595639548022776,FALSE,FALSE,FALSE,FALSE,FALSE
"RPS11","turquoise",0.78728341930008,123.139874575504,123.139688621136,0.000185954368532748,1322.87384937954,-0.410971177587956,-0.788686972049606,0.430300433273909,0.675160084824232,0.788686972049606,FALSE,FALSE,FALSE,FALSE,FALSE
"RPS13","turquoise",0.881049912911843,378.497424030273,378.495176154137,0.00224787613592525,1322.87384937954,-0.605238439700458,-1.16136696315915,0.245501398912507,0.675160084824232,1.16136696315915,FALSE,TRUE,FALSE,FALSE,FALSE
"RPS14","turquoise",0.699978137919212,47.5141667907804,47.5140238028732,0.000142987907132408,1322.87384937954,-0.502707303740109,-0.964604066704447,0.334751069911084,0.675160084824232,0.964604066704447,FALSE,FALSE,FALSE,FALSE,FALSE
"RPS15","turquoise",0.865053011659608,341.128750011549,341.1279462828,0.000803728748905996,1322.87384937954,-0.500344539043638,-0.960201690532001,0.336960482275963,0.675160084824232,0.960201690532001,FALSE,TRUE,FALSE,FALSE,FALSE
"RPS15A","turquoise",0.718310893956592,68.2783337225602,68.2706582603468,0.00767546221335635,1322.87384937954,-0.585949804388011,-1.06493369718145,0.28806822615412,0.675160084824232,1.06493369718145,FALSE,FALSE,FALSE,FALSE,FALSE
"RPS16","turquoise",0.891347021117787,447.368958759303,447.368131431024,0.000827328278774075,1322.87384937954,-0.586710297869391,-1.1257830401063,0.260266737101688,0.675160084824232,1.1257830401063,FALSE,TRUE,FALSE,FALSE,FALSE
"RPS17","turquoise",0.77421080478419,112.778413826107,112.775201509005,0.00321231710182701,1322.87384937954,-0.502344527884091,-0.844145838156882,0.400791372723932,0.675160084824232,0.844145838156882,FALSE,FALSE,FALSE,FALSE,FALSE
"RPS18","turquoise",0.731807148908245,77.5612217383657,77.5603071558307,0.000914582534932151,1322.87384937954,-0.655962402267328,-1.25169073581507,0.210854341884368,0.675160084824232,1.25169073581507,FALSE,FALSE,FALSE,FALSE,FALSE
"RPS19","turquoise",0.923036774654821,658.958122719045,658.957108371869,0.00101434717623761,1322.87384937954,-0.512503060172195,-0.983534877228363,0.325351193565003,0.675160084824232,0.983534877228363,FALSE,TRUE,FALSE,FALSE,FALSE
"RPS20","turquoise",0.823898446128679,193.600139112787,193.597447487888,0.00269162489962582,1322.87384937954,-0.590513847226593,-1.13270379960675,0.257359785780994,0.675160084824232,1.13270379960675,FALSE,TRUE,FALSE,FALSE,FALSE
"RPS21","turquoise",0.845234466845185,247.042662250492,247.014980306006,0.0276819444856926,1322.87384937954,-0.232881919319361,-0.446873422441273,0.654969338792515,0.726831199559967,0.446873422441273,FALSE,TRUE,FALSE,FALSE,FALSE
"RPS23","turquoise",0.855995328482302,267.173470111828,267.145179044284,0.028291067543762,1322.87384937954,-0.515777895330047,-0.989679834001484,0.322338920661161,0.675160084824232,0.989679834001484,FALSE,TRUE,FALSE,FALSE,FALSE
"RPS24","turquoise",0.796118300704039,127.774053949397,127.752160935766,0.0218930136303044,1322.87384937954,-0.437709796732321,-0.823356854900233,0.410657236134816,0.675160084824232,0.823356854900233,FALSE,FALSE,FALSE,FALSE,FALSE
"RPS25","turquoise",0.776807345285384,97.6223831729773,97.6216888291937,0.000694343783592899,1322.87384937954,-0.632868256226133,-1.20795964918764,0.227223787948898,0.675160084824232,1.20795964918764,FALSE,FALSE,FALSE,FALSE,FALSE
"RPS26","turquoise",0.468068373852585,1.45724315834114,1.44579346815996,0.0114496901811858,1322.87384937954,0.979033942441848,1.43526758261278,0.158503260046555,0.675160084824232,1.43526758261278,FALSE,FALSE,FALSE,FALSE,FALSE
"RPS27","turquoise",0.627031557207219,26.498526887939,26.493934854195,0.0045920337440144,1322.87384937954,-0.456801584968842,-0.409341806893839,0.690469871692601,0.751579178112585,0.409341806893839,FALSE,FALSE,FALSE,FALSE,FALSE
"RPS27A","turquoise",0.879574051513243,379.500189057016,379.449738676133,0.0504503808836034,1322.87384937954,-0.654343988207098,-1.25543877393992,0.209333193001139,0.675160084824232,1.25543877393992,FALSE,TRUE,FALSE,FALSE,FALSE
"RPS28","turquoise",0.655885759090392,17.6222709867346,17.6222226809802,4.83057543689824e-05,1322.87384937954,-0.595236457309792,-1.14203423689813,0.253452533005409,0.675160084824232,1.14203423689813,FALSE,FALSE,FALSE,FALSE,FALSE
"RPS29","turquoise",0.745845515459222,78.458716362635,78.4484787185613,0.0102376440736975,1322.87384937954,-0.356325349051071,-0.683817201627144,0.49409522089665,0.675160084824232,0.683817201627144,FALSE,FALSE,FALSE,FALSE,FALSE
"RRAS","turquoise",0.828636534350223,186.123350319963,186.122043259571,0.00130706039198003,1322.87384937954,-0.421185403553513,-0.808288898870573,0.418929895461305,0.675160084824232,0.808288898870573,FALSE,TRUE,FALSE,FALSE,FALSE
"RRBP1","turquoise",0.904373151009585,524.255224311775,524.172993445328,0.0822308664472757,1322.87384937954,-0.518305186636135,-0.99466962779445,0.319903985293915,0.675160084824232,0.99466962779445,FALSE,TRUE,FALSE,FALSE,FALSE
"RXRB","turquoise",0.944214835370719,832.787322177739,832.775600471386,0.0117217063524322,1322.87384937954,-0.488157477682657,-0.936813732818306,0.348860973583194,0.675160084824232,0.936813732818306,FALSE,TRUE,FALSE,FALSE,FALSE
"S100A4","turquoise",0.910738366749799,519.605526580292,519.604151675575,0.00137490471684032,1322.87384937954,-0.936382854217449,-1.79699452965621,0.0723452790281422,0.675160084824232,1.79699452965621,FALSE,TRUE,FALSE,FALSE,FALSE
"S100A6","turquoise",0.927164970282412,644.380178314142,644.343725831619,0.036452482523373,1322.87384937954,-0.73281694214494,-1.40633505872379,0.159633710431913,0.675160084824232,1.40633505872379,FALSE,TRUE,FALSE,FALSE,FALSE
"S100A8","turquoise",0.671089651722002,32.3989623264894,32.395233507023,0.00372881946633186,1322.87384937954,-0.890234215848157,-1.25051917057279,0.219121946362718,0.675160084824232,1.25051917057279,FALSE,FALSE,FALSE,FALSE,FALSE
"S100A9","turquoise",0.717868296679778,42.0988191087,42.0963845968499,0.00243451185009746,1322.87384937954,-0.911543388985318,-1.74895923006866,0.0803112881059969,0.675160084824232,1.74895923006866,FALSE,FALSE,FALSE,FALSE,FALSE
"S100A10","turquoise",0.910486197586855,562.856700810916,562.853821554733,0.00287925618215468,1322.87384937954,-0.985950283042958,-1.89211843976134,0.0584836130241327,0.675160084824232,1.89211843976134,FALSE,TRUE,FALSE,FALSE,FALSE
"S100A11","turquoise",0.887619485744988,385.617141158566,385.608771071899,0.00837008666655947,1322.87384937954,-0.682797122758011,-1.31034297449472,0.190088606897108,0.675160084824232,1.31034297449472,FALSE,TRUE,FALSE,FALSE,FALSE
"S100A12","turquoise",0.557867340841508,9.09680545478875,9.0894663643839,0.00733909040484448,1322.87384937954,-0.987402285301596,-1.51760063555323,0.135053092399261,0.675160084824232,1.51760063555323,FALSE,FALSE,FALSE,FALSE,FALSE
"S100B","turquoise",0.488691492115023,0.816602410356502,0.816559385619025,4.30247374775261e-05,1322.87384937954,0.378746685119579,0.726845561321283,0.46732552763631,0.675160084824232,0.726845561321283,FALSE,FALSE,FALSE,FALSE,FALSE
"S100P","turquoise",0.367486691616072,0.1037386544516,0.103230998718623,0.000507655732977536,1322.87384937954,-3.24675285724495,-5.95392507737851,8.41069773409650e-09,3.60734825815399e-05,5.95392507737851,FALSE,FALSE,FALSE,TRUE,FALSE
"VPS52","turquoise",0.979157057924591,1345.08835106051,1345.04717893377,0.0411721267350913,1322.87384937954,-0.222634752903264,-0.427254120765459,0.669196926599356,0.735662741444982,0.427254120765459,FALSE,TRUE,TRUE,FALSE,FALSE
"TSPAN31","turquoise",0.935761375616952,789.413840716031,789.41165673246,0.00218398357128535,1322.87384937954,-0.329201495013985,-0.631764329120662,0.527545094615712,0.676813488619187,0.631764329120662,FALSE,TRUE,FALSE,FALSE,FALSE
"SAT1","turquoise",0.789816120048298,104.507307335411,104.425505767357,0.0818015680540753,1322.87384937954,-0.812206259619402,-1.55868958825432,0.119079090033866,0.675160084824232,1.55868958825432,FALSE,FALSE,FALSE,FALSE,FALSE
"SBF1","turquoise",0.96427154773393,1129.47596541943,1129.44379018682,0.0321752326092337,1322.87384937954,-0.359262806692218,-0.689454420728779,0.490542009124573,0.675160084824232,0.689454420728779,FALSE,TRUE,FALSE,FALSE,FALSE
"CCL4","turquoise",0.85829246756405,250.909625107545,250.905042010284,0.00458309726158745,1322.87384937954,-0.475066823881429,-0.911691708034876,0.361937435259998,0.675160084824232,0.911691708034876,FALSE,TRUE,FALSE,FALSE,FALSE
"CCL5","turquoise",0.880204341059917,369.63632576587,369.635384446468,0.000941319401931651,1322.87384937954,-0.61921306728262,-1.18832002272023,0.234715576952563,0.675160084824232,1.18832002272023,FALSE,TRUE,FALSE,FALSE,FALSE
"SDCBP","turquoise",0.957540090419587,1001.80748446196,1001.53888288935,0.268601572608645,1322.87384937954,-0.844743325403125,-1.62113085248836,0.104998767067643,0.675160084824232,1.62113085248836,FALSE,TRUE,FALSE,FALSE,FALSE
"SDF2","turquoise",0.951008782612503,837.181115568128,837.161363174876,0.0197523932528156,1322.87384937954,-0.284140003711737,-0.545287678033364,0.585559221823649,0.691291908175511,0.545287678033364,FALSE,TRUE,FALSE,FALSE,FALSE
"SDHB","turquoise",0.897328012282019,461.836810145572,461.486947607403,0.349862538169589,1322.87384937954,-0.415803725493782,-0.797961022841927,0.424898631669423,0.675160084824232,0.797961022841927,FALSE,TRUE,FALSE,FALSE,FALSE
"SDHD","turquoise",0.965600094089473,1066.19491663356,1066.16466676674,0.0302498668165754,1322.87384937954,-0.548548564952389,-1.05270912002549,0.292481740758508,0.675160084824232,1.05270912002549,FALSE,TRUE,FALSE,FALSE,FALSE
"SEC13","turquoise",0.961082041320047,1070.69612454307,1070.68797336612,0.00815117695265144,1322.87384937954,-0.513759335836881,-0.985945771967639,0.324166676370347,0.675160084824232,0.985945771967639,FALSE,TRUE,FALSE,FALSE,FALSE
"SEC14L1","turquoise",0.754026466034304,83.3710229802898,82.6455673098169,0.725455670472897,1322.87384937954,-0.549302292457346,-1.05415558414768,0.291819114158964,0.675160084824232,1.05415558414768,FALSE,FALSE,FALSE,FALSE,FALSE
"SECTM1","turquoise",0.875712532582337,340.06144590048,340.060909349442,0.000536551038123889,1322.87384937954,-0.495325346821136,-0.9505694541807,0.341829676294562,0.675160084824232,0.9505694541807,FALSE,TRUE,FALSE,FALSE,FALSE
"TRAPPC2","turquoise",0.957852119872586,950.29296429643,950.270572178186,0.0223921182440563,1322.87384937954,-0.385548288266477,-0.739898388583997,0.459366714519669,0.675160084824232,0.739898388583997,FALSE,TRUE,FALSE,FALSE,FALSE
"SELL","turquoise",0.955283208847916,923.008813047636,922.986454522709,0.0223585249267444,1322.87384937954,-0.83261408768243,-1.59785386302318,0.11008471220279,0.675160084824232,1.59785386302318,FALSE,TRUE,FALSE,FALSE,FALSE
"SELPLG","turquoise",0.961100351629417,1023.37517508899,1023.35420051063,0.0209745783625976,1322.87384937954,-0.514446707041336,-0.987264892975339,0.323519758124321,0.675160084824232,0.987264892975339,FALSE,TRUE,FALSE,FALSE,FALSE
"SELENOW","turquoise",0.942152723499247,839.010360841084,839.009638200271,0.000722640813705766,1322.87384937954,-0.392821166546327,-0.753855630992787,0.45094108815224,0.675160084824232,0.753855630992787,FALSE,TRUE,FALSE,FALSE,FALSE
"SET","turquoise",0.975183003382016,1233.66847731005,1233.61280094834,0.055676361709402,1322.87384937954,-0.507602966920906,-0.974131201447977,0.329998266419718,0.675160084824232,0.974131201447977,FALSE,TRUE,FALSE,FALSE,FALSE
"SFPQ","turquoise",0.979573184217208,1371.20176192679,1371.07764317879,0.124118748000456,1322.87384937954,-0.588904246036099,-1.13015494020615,0.258418842887029,0.675160084824232,1.13015494020615,FALSE,TRUE,TRUE,FALSE,FALSE
"SFRP2","blue",0.884461417222747,6.05929074569983,6.02049935751132,0.0387913881885069,19.5381539006617,0.141807373229805,0.272139833414441,0.785516139756065,0.823735629196519,0.272139833414441,FALSE,TRUE,FALSE,FALSE,FALSE
"SRSF1","turquoise",0.975861950733721,1308.49490293097,1308.35981326374,0.135089667223383,1322.87384937954,-0.496291688650298,-0.952423942409484,0.340888730820641,0.675160084824232,0.952423942409484,FALSE,TRUE,FALSE,FALSE,FALSE
"SRSF2","turquoise",0.973299851966012,1200.24836197699,1200.22839105367,0.0199709233193062,1322.87384937954,-0.41351692429201,-0.79357246614048,0.42744985455865,0.675160084824232,0.79357246614048,FALSE,TRUE,FALSE,FALSE,FALSE
"SRSF3","turquoise",0.978894218419069,1294.02113004694,1293.94026196148,0.080868085459997,1322.87384937954,-0.521087093259744,-1.00000833189622,0.317313527810031,0.675160084824232,1.00000833189622,FALSE,TRUE,FALSE,FALSE,FALSE
"SRSF4","turquoise",0.988953892964337,1516.78410725606,1516.73878449702,0.0453227590392089,1322.87384937954,-0.614659367903703,-1.17958110483343,0.238175040148561,0.675160084824232,1.17958110483343,FALSE,TRUE,TRUE,FALSE,FALSE
"SRSF5","turquoise",0.9485560065225,898.407283871334,898.285047815332,0.122236056002862,1322.87384937954,-0.635849696710126,-1.22024706189923,0.22237961753537,0.675160084824232,1.22024706189923,FALSE,TRUE,FALSE,FALSE,FALSE
"SRSF6","turquoise",0.958747856208236,1022.24007692663,1022.09066783688,0.149409089745859,1322.87384937954,-0.631573617071906,-1.2120409187777,0.225505063630636,0.675160084824232,1.2120409187777,FALSE,TRUE,FALSE,FALSE,FALSE
"SRSF7","turquoise",0.966750110160769,1122.43454833936,1122.34666357383,0.087884765532408,1322.87384937954,-0.395248671828253,-0.758514210218885,0.448148419286253,0.675160084824232,0.758514210218885,FALSE,TRUE,FALSE,FALSE,FALSE
"SFSWAP","turquoise",0.983875629854417,1371.96276697728,1371.93744993699,0.0253170402872911,1322.87384937954,-0.356059547810591,-0.683307107520907,0.494417417767379,0.675160084824232,0.683307107520907,FALSE,TRUE,TRUE,FALSE,FALSE
"TRA2B","turquoise",0.968980657211258,1168.23081272629,1168.12964748948,0.101165236811767,1322.87384937954,-0.529567932059947,-1.01628374836954,0.309501451222921,0.675160084824232,1.01628374836954,FALSE,TRUE,FALSE,FALSE,FALSE
"SGK1","turquoise",0.837029052171777,192.252772208748,192.043184364428,0.209587844320708,1322.87384937954,-0.864454694436469,-1.65895856597693,0.0971332814386109,0.675160084824232,1.65895856597693,FALSE,TRUE,FALSE,FALSE,FALSE
"SGTA","turquoise",0.98429552295461,1360.48064853096,1360.46102612174,0.0196224092153443,1322.87384937954,-0.374453285231125,-0.718606179236882,0.472388498287118,0.675160084824232,0.718606179236882,FALSE,TRUE,TRUE,FALSE,FALSE
"SH3BGRL","turquoise",0.9064494469767,562.888979336927,562.260660993735,0.628318343192632,1322.87384937954,-0.691440417322554,-1.32693015673619,0.184540617624699,0.675160084824232,1.32693015673619,FALSE,TRUE,FALSE,FALSE,FALSE
"SH3BP2","turquoise",0.987500529864256,1452.67547147406,1452.62607375881,0.0493977152470961,1322.87384937954,-0.374244251081366,-0.718205025774988,0.472635769688711,0.675160084824232,0.718205025774988,FALSE,TRUE,TRUE,FALSE,FALSE
"SHC1","turquoise",0.974769696760096,1297.70537829816,1297.63128235136,0.074095946807347,1322.87384937954,-0.449875884737166,-0.863348255743693,0.387952054573408,0.675160084824232,0.863348255743693,FALSE,TRUE,FALSE,FALSE,FALSE
"SHMT2","turquoise",0.970508296373366,1194.93772116914,1194.92506399394,0.0126571752002747,1322.87384937954,-0.559531070938031,-1.0737854384237,0.282926409110126,0.675160084824232,1.0737854384237,FALSE,TRUE,FALSE,FALSE,FALSE
"SIAH2","blue",0.923710083781984,12.5912157592462,11.8404316499294,0.750784109316761,19.5381539006617,-0.541674561482321,-1.03951735067931,0.298571517826555,0.675160084824232,1.03951735067931,FALSE,TRUE,FALSE,FALSE,FALSE
"ST6GAL1","turquoise",0.985178097660243,1440.1067329415,1440.08202637801,0.0247065634848695,1322.87384937954,-0.408125626570117,-0.78314399535621,0.433548144865199,0.675160084824232,0.78314399535621,FALSE,TRUE,TRUE,FALSE,FALSE
"ST3GAL1","turquoise",0.891783757723028,404.452126078623,403.775820053987,0.676306024635721,1322.87384937954,-0.357223035344415,-0.685539934322666,0.493007901387731,0.675160084824232,0.685539934322666,FALSE,TRUE,FALSE,FALSE,FALSE
"ST3GAL2","turquoise",0.953315185077655,894.766769819097,894.758541101926,0.00822871717105045,1322.87384937954,-0.54337252849991,-1.04277588689492,0.2970594485359,0.675160084824232,1.04277588689492,FALSE,TRUE,FALSE,FALSE,FALSE
"ST3GAL4","turquoise",0.952849567022447,858.76889257493,858.759293659101,0.00959891582920136,1322.87384937954,-0.27517199345095,-0.528077340073894,0.597449072733917,0.695822020816178,0.528077340073894,FALSE,TRUE,FALSE,FALSE,FALSE
"SIPA1","turquoise",0.949194870848444,869.751523454988,869.671189633275,0.0803338217134524,1322.87384937954,-0.642113145979449,-1.2322671282888,0.217857758604471,0.675160084824232,1.2322671282888,FALSE,TRUE,FALSE,FALSE,FALSE
"SKIC2","turquoise",0.959250684547295,977.730760940452,977.70618455761,0.0245763828418148,1322.87384937954,-0.475444790717091,-0.912417057001932,0.361555624324748,0.675160084824232,0.912417057001932,FALSE,TRUE,FALSE,FALSE,FALSE
"SLA","turquoise",0.959404246395244,970.766303230455,970.745063691825,0.0212395386300841,1322.87384937954,-0.223217266767187,-0.428323320765133,0.668418603322264,0.735277606988763,0.428323320765133,FALSE,TRUE,FALSE,FALSE,FALSE
"SLC1A5","blue",0.962298295219843,18.1803370678706,17.8454886571039,0.33484841076675,19.5381539006617,-0.0880469890086356,-0.168969302341023,0.86582178337633,0.890102979122982,0.168969302341023,FALSE,TRUE,FALSE,FALSE,FALSE
"SLC2A3","turquoise",0.918918393074873,582.615719464445,582.42698290568,0.18873655876564,1322.87384937954,-0.790460985326012,-1.51695864585709,0.129286337898293,0.675160084824232,1.51695864585709,FALSE,TRUE,FALSE,FALSE,FALSE
"SLC4A1","blue",0.98381364915358,22.6298311508797,22.5652099355332,0.0646212153465733,19.5381539006617,0.160038628629787,0.307127088974468,0.758748503332592,0.80095307181725,0.307127088974468,FALSE,TRUE,TRUE,FALSE,FALSE
"SLC4A2","turquoise",0.963789098320976,1118.29957988442,1118.28273471194,0.016845172478952,1322.87384937954,-0.411291119667241,-0.789300966810075,0.429941575635181,0.675160084824232,0.789300966810075,FALSE,TRUE,FALSE,FALSE,FALSE
"SLC6A8","blue",0.958110515026785,14.7075664545938,14.693073955517,0.0144924990767734,19.5381539006617,0.0799848984775797,0.153497497708283,0.878006866139337,0.901765193695311,0.153497497708283,FALSE,TRUE,FALSE,FALSE,FALSE
"SLC6A9","blue",0.963846277227287,17.9025331796539,17.8750715466125,0.0274616330413124,19.5381539006617,0.169386422106299,0.325066261681434,0.745132904672579,0.790471191724139,0.325066261681434,FALSE,TRUE,FALSE,FALSE,FALSE
"SLC9A1","turquoise",0.957114791897317,979.64438939109,979.615829275887,0.0285601152029358,1322.87384937954,-0.584655879101542,-1.12200198000725,0.261869449578117,0.675160084824232,1.12200198000725,FALSE,TRUE,FALSE,FALSE,FALSE
"SLC11A1","turquoise",0.862021292603797,290.53223285866,290.122922896061,0.40930996259948,1322.87384937954,-0.565516015716362,-1.08527103214054,0.277809256731445,0.675160084824232,1.08527103214054,FALSE,TRUE,FALSE,FALSE,FALSE
"SLC14A1","blue",0.918696284848389,9.93172266806771,9.88073161863032,0.050991049437382,19.5381539006617,0.451536147082638,0.866534433640019,0.386203211072389,0.675160084824232,0.866534433640019,FALSE,TRUE,FALSE,FALSE,FALSE
"SLC20A1","turquoise",0.979348816319425,1342.00709784428,1341.97972336794,0.0273744763487684,1322.87384937954,-0.418692604868656,-0.803505016316502,0.421688464689583,0.675160084824232,0.803505016316502,FALSE,TRUE,TRUE,FALSE,FALSE
"SLC25A1","turquoise",0.93729536826467,802.529600619694,802.528579890803,0.00102072889069404,1322.87384937954,-0.193151949371907,-0.370674233141339,0.710882472487464,0.765881669052683,0.370674233141339,FALSE,TRUE,FALSE,FALSE,FALSE
"SLPI","turquoise",0.448109646451584,1.78640293268269,1.7759265574893,0.0104763751933907,1322.87384937954,-0.130847564564255,-0.251012910596507,0.801807450082126,0.836931650864502,0.251012910596507,FALSE,FALSE,FALSE,FALSE,FALSE
"SMARCA2","turquoise",0.972466204963038,1248.78075736989,1248.63107408457,0.149683285318588,1322.87384937954,-0.48903199220697,-0.938491997012506,0.347998233868469,0.675160084824232,0.938491997012506,FALSE,TRUE,FALSE,FALSE,FALSE
"SMARCA4","turquoise",0.961316481380653,1056.19561067651,1056.14944939413,0.0461612823830819,1322.87384937954,-0.428539168067592,-0.822401368513372,0.410854215692688,0.675160084824232,0.822401368513372,FALSE,TRUE,FALSE,FALSE,FALSE
"SMARCB1","turquoise",0.956976090280989,1017.93181985122,1017.9252763891,0.0065434621166105,1322.87384937954,-0.277735546616611,-0.532997006206639,0.59403910463783,0.694715786461695,0.532997006206639,FALSE,TRUE,FALSE,FALSE,FALSE
"SMARCC1","turquoise",0.975171300387904,1285.31722315938,1285.13410332447,0.183119834908666,1322.87384937954,-0.539762936526662,-1.03584878757759,0.300279992801911,0.675160084824232,1.03584878757759,FALSE,TRUE,FALSE,FALSE,FALSE
"SMARCC2","turquoise",0.981353713944481,1377.51181049293,1377.46397032441,0.0478401685177232,1322.87384937954,-0.427029673332517,-0.819504525871221,0.412504313007442,0.675160084824232,0.819504525871221,FALSE,TRUE,TRUE,FALSE,FALSE
"SMARCD1","turquoise",0.98260649986919,1428.6825179661,1428.67091530721,0.0116026588948444,1322.87384937954,-0.406412958968867,-0.77993938137493,0.435431936582564,0.675160084824232,0.77993938137493,FALSE,TRUE,TRUE,FALSE,FALSE
"SMARCD2","turquoise",0.981020279955928,1375.22268014357,1375.20482865756,0.0178514860135692,1322.87384937954,-0.527975326264272,-1.0132274088714,0.310958696138062,0.675160084824232,1.0132274088714,FALSE,TRUE,TRUE,FALSE,FALSE
"SMPD1","turquoise",0.941719259899925,854.193079053594,854.186045099759,0.00703395383482075,1322.87384937954,-0.478778597595489,-0.918814902387962,0.358198855157037,0.675160084824232,0.918814902387962,FALSE,TRUE,FALSE,FALSE,FALSE
"SUMO3","turquoise",0.96260066873709,1087.0426251323,1087.03261580073,0.0100093315716094,1322.87384937954,-0.44921119184361,-0.862072656251197,0.388653561943903,0.675160084824232,0.862072656251197,FALSE,TRUE,FALSE,FALSE,FALSE
"SUMO2","turquoise",0.969254085105468,1121.28181556538,1121.25814093982,0.0236746255520757,1322.87384937954,-0.578394699974365,-1.1099862702043,0.26701272177577,0.675160084824232,1.1099862702043,FALSE,TRUE,FALSE,FALSE,FALSE
"SNCA","blue",0.940774091080524,12.8197383304278,12.6746828135351,0.145055516892697,19.5381539006617,0.2523235130715,0.484229255855029,0.628226266966066,0.709069068162489,0.484229255855029,FALSE,TRUE,FALSE,FALSE,FALSE
"SNRNP70","turquoise",0.956685712502094,990.427901030259,990.408559858985,0.0193411712739362,1322.87384937954,-0.342618916182515,-0.657513446945008,0.510855238139466,0.675272681317988,0.657513446945008,FALSE,TRUE,FALSE,FALSE,FALSE
"SNRPA","turquoise",0.972723860721643,1243.90502065015,1243.90042876148,0.0045918886698928,1322.87384937954,-0.456978939285703,-0.876979592659016,0.38050386252483,0.675160084824232,0.876979592659016,FALSE,TRUE,FALSE,FALSE,FALSE
"SNRPA1","turquoise",0.946593971992644,864.340106577762,864.316782098208,0.023324479554617,1322.87384937954,-0.288301716090176,-0.553274341121409,0.580079173084879,0.690122958963235,0.553274341121409,FALSE,TRUE,FALSE,FALSE,FALSE
"SNRPB","turquoise",0.852418223146453,326.750938914816,326.750870791734,6.81230816326206e-05,1322.87384937954,-0.546064718543376,-1.04794241761376,0.29467251910007,0.675160084824232,1.04794241761376,FALSE,TRUE,FALSE,FALSE,FALSE
"SNRPB2","turquoise",0.95068392415063,884.674726343363,884.67103696408,0.00368937928340074,1322.87384937954,-0.518461043918923,-0.994968730542131,0.319758489289019,0.675160084824232,0.994968730542131,FALSE,TRUE,FALSE,FALSE,FALSE
"SNRPC","turquoise",0.965869448655371,1070.10426863077,1070.09823980446,0.00602882630482782,1322.87384937954,-0.532802539919158,-1.02249122280417,0.306555673553907,0.675160084824232,1.02249122280417,FALSE,TRUE,FALSE,FALSE,FALSE
"SNRPD2","turquoise",0.815681558462004,169.339921455346,169.331429687942,0.00849176740368307,1322.87384937954,-0.58373966215167,-1.12024368548115,0.262617773537649,0.675160084824232,1.12024368548115,FALSE,TRUE,FALSE,FALSE,FALSE
"SNX1","turquoise",0.987484956920801,1498.32202909215,1498.21587101662,0.10615807552972,1322.87384937954,-0.484580815241396,-0.92994982793963,0.352403604590561,0.675160084824232,0.92994982793963,FALSE,TRUE,TRUE,FALSE,FALSE
"SOD2","turquoise",0.894127270951797,460.036960220816,459.752937012466,0.284023208349652,1322.87384937954,-0.778337972222428,-1.49369360193625,0.135264916852269,0.675160084824232,1.49369360193625,FALSE,TRUE,FALSE,FALSE,FALSE
"CAPN15","turquoise",0.92238990832571,689.900550529313,689.882997161432,0.017553367881419,1322.87384937954,-0.354371624597218,-0.680067846178979,0.496466090925987,0.675160084824232,0.680067846178979,FALSE,TRUE,FALSE,FALSE,FALSE
"SON","turquoise",0.986638225465946,1471.10482314126,1470.97934049685,0.125482644412614,1322.87384937954,-0.58736977441906,-1.12721016490477,0.25966151635908,0.675160084824232,1.12721016490477,FALSE,TRUE,TRUE,FALSE,FALSE
"SP1","turquoise",0.986775506261219,1450.99425413581,1450.92119623316,0.0730579026428586,1322.87384937954,-0.55791644186678,-1.07068683447619,0.284317795708662,0.675160084824232,1.07068683447619,FALSE,TRUE,TRUE,FALSE,FALSE
"SP100","turquoise",0.949697663809694,953.51504261111,953.402566310835,0.112476300275034,1322.87384937954,-0.412689086894105,-0.791983779131978,0.428375609575632,0.675160084824232,0.791983779131978,FALSE,TRUE,FALSE,FALSE,FALSE
"SPARC","turquoise",0.452618151688361,1.85183006812032,1.80910462268055,0.0427254454397632,1322.87384937954,-0.609839727149083,-1.17033182390955,0.241875588274364,0.675160084824232,1.17033182390955,FALSE,FALSE,FALSE,FALSE,FALSE
"SPG7","turquoise",0.980969456578042,1357.60934461863,1357.58130505016,0.0280395684737869,1322.87384937954,-0.422545188936441,-0.810898437141829,0.41742962231813,0.675160084824232,0.810898437141829,FALSE,TRUE,TRUE,FALSE,FALSE
"SPI1","turquoise",0.896820893081071,488.143966238887,488.134242706074,0.00972353281383675,1322.87384937954,-0.633126960729757,-1.21502191105373,0.224366095328957,0.675160084824232,1.21502191105373,FALSE,TRUE,FALSE,FALSE,FALSE
"SPIB","turquoise",0.852757374409834,229.394798281558,229.391588293922,0.0032099876362679,1322.87384937954,-0.519036479393285,-0.996073037818735,0.319221683334433,0.675160084824232,0.996073037818735,FALSE,TRUE,FALSE,FALSE,FALSE
"SPN","turquoise",0.957433178314469,989.934070851384,989.918811524623,0.0152593267606562,1322.87384937954,-0.3861389607528,-0.741031936920515,0.458679147490516,0.675160084824232,0.741031936920515,FALSE,TRUE,FALSE,FALSE,FALSE
"SPTAN1","turquoise",0.957403362530582,1016.73525149473,1016.68418336509,0.0510681296411803,1322.87384937954,-0.580442489696962,-1.113916144521,0.265322965444515,0.675160084824232,1.113916144521,FALSE,TRUE,FALSE,FALSE,FALSE
"SPTB","blue",0.957581007716607,15.3695742162427,15.2172123458804,0.152361870362379,19.5381539006617,0.1724986106327,0.33103880350235,0.74061719696058,0.788215175623803,0.33103880350235,FALSE,TRUE,FALSE,FALSE,FALSE
"SRC","turquoise",0.849088455902478,283.759562933573,283.705181164851,0.0543817687211572,1322.87384937954,-0.339846888485891,-0.652193701304159,0.51428059160249,0.67551064465149,0.652193701304159,FALSE,TRUE,FALSE,FALSE,FALSE
"SRI","turquoise",0.963710614032062,1076.57945085808,1076.53873194084,0.040718917246295,1322.87384937954,-0.403172926863551,-0.77372149737274,0.439100835052949,0.675160084824232,0.77372149737274,FALSE,TRUE,FALSE,FALSE,FALSE
"SREBF1","turquoise",0.966783711373925,1119.94880923214,1119.93633248857,0.0124767435715967,1322.87384937954,-0.357678574143499,-0.686414150169649,0.492456622318262,0.675160084824232,0.686414150169649,FALSE,TRUE,FALSE,FALSE,FALSE
"SREBF2","turquoise",0.970224432174367,1236.96436039366,1236.89613221055,0.0682281831059299,1322.87384937954,-0.40893911843129,-0.784787285962852,0.43258371393673,0.675160084824232,0.784787285962852,FALSE,TRUE,FALSE,FALSE,FALSE
"SRF","turquoise",0.984826083313431,1379.28362809549,1379.22763748841,0.0559906070780016,1322.87384937954,-0.501619600654047,-0.96264863702249,0.335730664704909,0.675160084824232,0.96264863702249,FALSE,TRUE,TRUE,FALSE,FALSE
"SRM","turquoise",0.912177002462858,596.437645937895,596.436942497317,0.000703440578149639,1322.87384937954,-0.379529768788937,-0.72834836230035,0.466405335087477,0.675160084824232,0.72834836230035,FALSE,TRUE,FALSE,FALSE,FALSE
"SRP9","turquoise",0.932471259336674,708.588626335537,708.546348728886,0.0422776066513961,1322.87384937954,-0.430625516664391,-0.826405240432338,0.408579998100978,0.675160084824232,0.826405240432338,FALSE,TRUE,FALSE,FALSE,FALSE
"SRP14","turquoise",0.925818229084399,640.000013351032,639.861586714656,0.138426636376266,1322.87384937954,-0.394026368932035,-0.756168511973563,0.449553360485144,0.675160084824232,0.756168511973563,FALSE,TRUE,FALSE,FALSE,FALSE
"SRP54","turquoise",0.973521236819164,1234.17374561433,1234.11600888847,0.0577367258651975,1322.87384937954,-0.45749718836337,-0.877974154609155,0.379963892294755,0.675160084824232,0.877974154609155,FALSE,TRUE,FALSE,FALSE,FALSE
"SRP68","turquoise",0.969769148295099,1215.09808078614,1215.06641510347,0.0316656826623785,1322.87384937954,-0.5068714237028,-0.972727310768836,0.330695705067994,0.675160084824232,0.972727310768836,FALSE,TRUE,FALSE,FALSE,FALSE
"SRP72","turquoise",0.935076111209126,762.393536555355,762.232342031696,0.161194523658423,1322.87384937954,-0.521599340660825,-1.00099137614295,0.316838036680187,0.675160084824232,1.00099137614295,FALSE,TRUE,FALSE,FALSE,FALSE
"SRPRA","turquoise",0.989904163738509,1535.96395974603,1535.92860576909,0.0353539769480449,1322.87384937954,-0.414057504504408,-0.794609883346642,0.426845963325747,0.675160084824232,0.794609883346642,FALSE,TRUE,TRUE,FALSE,FALSE
"TRIM21","turquoise",0.931790350494551,745.307342622094,745.296162214005,0.0111804080883076,1322.87384937954,-0.445800347638862,-0.85552696999708,0.392265454160352,0.675160084824232,0.85552696999708,FALSE,TRUE,FALSE,FALSE,FALSE
"SSR1","turquoise",0.979807139258191,1340.34663915919,1340.29234680977,0.0542923494251681,1322.87384937954,-0.490368775348705,-0.941057392120089,0.346682073864322,0.675160084824232,0.941057392120089,FALSE,TRUE,TRUE,FALSE,FALSE
"SSR2","turquoise",0.89412353613074,472.914381026852,472.914068236907,0.000312789945326131,1322.87384937954,-0.680504931328555,-1.30594407350982,0.191580332135443,0.675160084824232,1.30594407350982,FALSE,TRUE,FALSE,FALSE,FALSE
"SSR3","turquoise",0.965700995977128,1102.91604528644,1102.89260980623,0.0234354802071266,1322.87384937954,-0.322210053014839,-0.618347185726497,0.536350608536367,0.676813488619187,0.618347185726497,FALSE,TRUE,FALSE,FALSE,FALSE
"SSR4","turquoise",0.914099969795952,600.227047078741,600.226451955346,0.000595123394873553,1322.87384937954,-0.413799363189871,-0.794114489258624,0.427134275261776,0.675160084824232,0.794114489258624,FALSE,TRUE,FALSE,FALSE,FALSE
"SSRP1","turquoise",0.969756951176474,1221.10543654108,1221.09640795047,0.00902859061716299,1322.87384937954,-0.537687825978486,-1.03186648238403,0.302141942561705,0.675160084824232,1.03186648238403,FALSE,TRUE,FALSE,FALSE,FALSE
"ST13","brown",0.934782719870588,6.34581826167964,5.30408612541686,1.04173213626278,7.78987287898542,-0.34066822015098,-0.653769903284525,0.513264440623481,0.675506535372884,0.653769903284525,FALSE,TRUE,FALSE,FALSE,FALSE
"STAT1","turquoise",0.91699111099724,582.961767283069,582.939663832765,0.0221034503038027,1322.87384937954,-0.427582641390322,-0.820565716355941,0.411899383038615,0.675160084824232,0.820565716355941,FALSE,TRUE,FALSE,FALSE,FALSE
"STAT2","turquoise",0.882874878556565,408.552964325156,408.526773903359,0.0261904217966844,1322.87384937954,-0.393747827795873,-0.755633968975779,0.449873870729039,0.675160084824232,0.755633968975779,FALSE,TRUE,FALSE,FALSE,FALSE
"STAT3","turquoise",0.976156740796553,1237.8883295766,1237.84410664107,0.0442229355332984,1322.87384937954,-0.426513116726314,-0.818513211910887,0.413069885445887,0.675160084824232,0.818513211910887,FALSE,TRUE,FALSE,FALSE,FALSE
"STAT4","turquoise",0.975423642541254,1267.40030960125,1267.35892562191,0.0413839793484385,1322.87384937954,-0.426827083094789,-0.81911573879837,0.412726072213821,0.675160084824232,0.81911573879837,FALSE,TRUE,FALSE,FALSE,FALSE
"STAT5A","turquoise",0.979229532721782,1330.50574803322,1330.47472281113,0.0310252220945131,1322.87384937954,-0.397928075167119,-0.763656202216066,0.445077398197427,0.675160084824232,0.763656202216066,FALSE,TRUE,TRUE,FALSE,FALSE
"STAT5B","turquoise",0.971167526238382,1163.76956583567,1163.6367839489,0.13278188677009,1322.87384937954,-0.631564060883909,-1.21202257967903,0.225512083330884,0.675160084824232,1.21202257967903,FALSE,TRUE,FALSE,FALSE,FALSE
"STAT6","turquoise",0.952653083653262,920.544370932836,920.449789442107,0.0945814907287286,1322.87384937954,-0.546921969393724,-1.04958755141953,0.293915175412025,0.675160084824232,1.04958755141953,FALSE,TRUE,FALSE,FALSE,FALSE
"STIM1","turquoise",0.933883491143961,800.915008866763,800.713265442333,0.201743424430447,1322.87384937954,-0.63329999501017,-1.21535397785093,0.224239475261503,0.675160084824232,1.21535397785093,FALSE,TRUE,FALSE,FALSE,FALSE
"STK4","turquoise",0.986989600334313,1410.81949066816,1410.77103817589,0.0484524922653691,1322.87384937954,-0.668183611229655,-1.28229846240519,0.199746630296291,0.675160084824232,1.28229846240519,FALSE,TRUE,TRUE,FALSE,FALSE
"STK10","turquoise",0.964810602439754,1132.38647067401,1132.31877301079,0.0676976632125843,1322.87384937954,-0.501965320180826,-0.963312100792269,0.335397711230232,0.675160084824232,0.963312100792269,FALSE,TRUE,FALSE,FALSE,FALSE
"STK11","brown",0.875575451987106,3.51931950056533,2.36040167376101,1.15891782680432,7.78987287898542,-0.589626171220135,-1.131540373099,0.257835628773543,0.675160084824232,1.131540373099,FALSE,TRUE,FALSE,FALSE,FALSE
"SULT1A2","turquoise",0.704098263387923,29.9759658896851,29.9746024847272,0.00136340495792808,1322.87384937954,-0.543807370689084,-1.04361038427139,0.296673039002358,0.675160084824232,1.04361038427139,FALSE,FALSE,FALSE,FALSE,FALSE
"STX3","turquoise",0.961401150466709,1032.53946069387,1032.47933355466,0.060127139211545,1322.87384937954,-0.528506178588634,-1.01424615747261,0.310472460557184,0.675160084824232,1.01424615747261,FALSE,TRUE,FALSE,FALSE,FALSE
"STXBP3","turquoise",0.949979095321491,898.235430381356,898.116886783297,0.118543598059205,1322.87384937954,-0.556169148465914,-1.0673336369364,0.285828713430153,0.675160084824232,1.0673336369364,FALSE,TRUE,FALSE,FALSE,FALSE
"SULT1A1","turquoise",0.674093071892388,14.5131013195964,14.5125051392099,0.000596180386505551,1322.87384937954,-0.588644440003083,-1.12949492385494,0.258698508414571,0.675160084824232,1.12949492385494,FALSE,FALSE,FALSE,FALSE,FALSE
"SULT1A3","turquoise",0.945969023252244,863.172562056016,863.127849828774,0.0447122272422575,1322.87384937954,-0.266644175186485,-0.511711766204055,0.608856043197173,0.699352857330657,0.511711766204055,FALSE,TRUE,FALSE,FALSE,FALSE
"SUOX","turquoise",0.983788309959596,1382.44555622018,1382.42293912089,0.0226170992918924,1322.87384937954,-0.482880386265817,-0.926686567027255,0.354095811922993,0.675160084824232,0.926686567027255,FALSE,TRUE,TRUE,FALSE,FALSE
"SURF1","turquoise",0.941917207830283,744.780459726114,744.772480818994,0.00797890711976379,1322.87384937954,-0.414070375229242,-0.794634583309926,0.426831591286855,0.675160084824232,0.794634583309926,FALSE,TRUE,FALSE,FALSE,FALSE
"SURF2","turquoise",0.95458085360436,945.962356092096,945.958552014933,0.00380407716284026,1322.87384937954,-0.394682407795829,-0.757427503682104,0.448798985016541,0.675160084824232,0.757427503682104,FALSE,TRUE,FALSE,FALSE,FALSE
"SURF4","turquoise",0.989935524488729,1543.80656738172,1543.76824519969,0.0383221820284234,1322.87384937954,-0.514705572511254,-0.987761676776178,0.323276345569883,0.675160084824232,0.987761676776178,FALSE,TRUE,TRUE,FALSE,FALSE
"VAMP1","turquoise",0.969351088571824,1173.13018154505,1173.08458015081,0.0456013942330173,1322.87384937954,-0.359218016382882,-0.689368464497847,0.490596085112246,0.675160084824232,0.689368464497847,FALSE,TRUE,FALSE,FALSE,FALSE
"VAMP2","turquoise",0.930387353604045,708.442114498752,708.441465179012,0.000649319740432475,1322.87384937954,-0.645323354017695,-1.238427777491,0.215565958865708,0.675160084824232,1.238427777491,FALSE,TRUE,FALSE,FALSE,FALSE
"XCL2","turquoise",0.879453295152886,312.295343571482,312.275666331167,0.0196772403143655,1322.87384937954,-0.377958755212513,-0.725333460019584,0.468252429988989,0.675160084824232,0.725333460019584,FALSE,TRUE,FALSE,FALSE,FALSE
"SYPL1","turquoise",0.94166317414558,815.733444062747,815.722791112782,0.0106529499649923,1322.87384937954,-0.471459252505947,-0.904768486408287,0.365594402601001,0.675160084824232,0.904768486408287,FALSE,TRUE,FALSE,FALSE,FALSE
"TACC1","turquoise",0.986321933569804,1380.71622698404,1380.67508460574,0.0411423782968541,1322.87384937954,-0.408339600997274,-0.78363676345541,0.433258686711693,0.675160084824232,0.78363676345541,FALSE,TRUE,TRUE,FALSE,FALSE
"TAGLN","turquoise",0.954143670603975,962.991833893127,962.9854020312,0.00643186192689882,1322.87384937954,-0.301278111393196,-0.578177094593623,0.563148355971411,0.68529570072663,0.578177094593623,FALSE,TRUE,FALSE,FALSE,FALSE
"TAF6","turquoise",0.976491299745872,1292.52359072684,1292.45051098355,0.0730797432911459,1322.87384937954,-0.254756463259858,-0.488898284297524,0.624916835265211,0.70738144799485,0.488898284297524,FALSE,TRUE,FALSE,FALSE,FALSE
"TAF7","turquoise",0.906414375473252,542.78046775295,542.55675423105,0.223713521899413,1322.87384937954,-0.538149291298719,-1.03275207170506,0.301727217329471,0.675160084824232,1.03275207170506,FALSE,TRUE,FALSE,FALSE,FALSE
"TAF10","turquoise",0.978663863056002,1199.15972131935,1199.12555227557,0.0341690437803663,1322.87384937954,-0.488687553000012,-0.937830990280148,0.348337873350669,0.675160084824232,0.937830990280148,FALSE,TRUE,FALSE,FALSE,FALSE
"TALDO1","turquoise",0.765674229566629,88.6307073404519,87.835905746761,0.794801593690877,1322.87384937954,-0.583688562338821,-1.12014562080201,0.262659552953326,0.675160084824232,1.12014562080201,FALSE,FALSE,FALSE,FALSE,FALSE
"TAP1","turquoise",0.965220427042741,1058.36956865531,1058.34163508011,0.0279335751918097,1322.87384937954,-0.444659468251992,-0.853337530060232,0.393478110277392,0.675160084824232,0.853337530060232,FALSE,TRUE,FALSE,FALSE,FALSE
"TAP2","turquoise",0.977807010296135,1289.33773777951,1289.2963825567,0.0413552228164917,1322.87384937954,-0.38775848471852,-0.744139934566924,0.456796917761755,0.675160084824232,0.744139934566924,FALSE,TRUE,FALSE,FALSE,FALSE
"TAPBP","turquoise",0.973506509649117,1192.0745440846,1192.06317436668,0.0113697179165229,1322.87384937954,-0.578306416199455,-1.10981684649063,0.267085736161848,0.675160084824232,1.10981684649063,FALSE,TRUE,FALSE,FALSE,FALSE
"TARS1","turquoise",0.821503556962938,190.024402250147,189.10853858998,0.915863660166536,1322.87384937954,-0.11806935153837,-0.226584647378899,0.820748081204923,0.853379035221312,0.226584647378899,FALSE,TRUE,FALSE,FALSE,FALSE
"TAFAZZIN","turquoise",0.93521832943269,782.560960212786,782.557203459496,0.00375675328905345,1322.87384937954,-0.332021698723832,-0.637176528432392,0.524014115785027,0.676021301912766,0.637176528432392,FALSE,TRUE,FALSE,FALSE,FALSE
"TBCC","turquoise",0.97296835327792,1152.04411338477,1152.01047819588,0.0336351888909121,1322.87384937954,-0.42245735050124,-0.810729868071133,0.417526440104008,0.675160084824232,0.810729868071133,FALSE,TRUE,FALSE,FALSE,FALSE
"TBL1X","turquoise",0.969994628272925,1122.45643485532,1122.3669411997,0.0894936556153425,1322.87384937954,-0.50552090096049,-0.970135548255056,0.331985770220645,0.675160084824232,0.970135548255056,FALSE,TRUE,FALSE,FALSE,FALSE
"TBP","turquoise",0.97496794129428,1224.87695652907,1224.81612831125,0.0608282178179707,1322.87384937954,-0.419756640389457,-0.805546986651208,0.420509685793229,0.675160084824232,0.805546986651208,FALSE,TRUE,FALSE,FALSE,FALSE
"TBXAS1","turquoise",0.956110899928925,925.183688290545,925.152005928291,0.0316823622540596,1322.87384937954,-0.560289643884842,-1.07524120134122,0.282274314140778,0.675160084824232,1.07524120134122,FALSE,TRUE,FALSE,FALSE,FALSE
"TCF7","turquoise",0.911796531888191,606.88980307351,606.889293857261,0.000509216249270139,1322.87384937954,-0.537568290595886,-1.03144996909968,0.302339709333951,0.675160084824232,1.03144996909968,FALSE,TRUE,FALSE,FALSE,FALSE
"VPS72","turquoise",0.987629995042462,1455.78477009602,1455.76878650499,0.015983591033546,1322.87384937954,-0.386805250366983,-0.742310600649203,0.457904251950114,0.675160084824232,0.742310600649203,FALSE,TRUE,TRUE,FALSE,FALSE
"MLX","turquoise",0.980366879853211,1332.25517722897,1332.2287528664,0.0264243625649669,1322.87384937954,-0.418344777765689,-0.802837507937336,0.422074220630298,0.675160084824232,0.802837507937336,FALSE,TRUE,TRUE,FALSE,FALSE
"TCOF1","turquoise",0.956701788907735,1031.26031317378,1031.25729692629,0.00301624749317853,1322.87384937954,-0.302166288533217,-0.579881578453823,0.561998286820829,0.685148728078903,0.579881578453823,FALSE,TRUE,FALSE,FALSE,FALSE
"TCP1","turquoise",0.970914137456822,1212.4305101785,1212.31070178502,0.119808393475978,1322.87384937954,-0.396722127957865,-0.761341891858584,0.446458117506133,0.675160084824232,0.761341891858584,FALSE,TRUE,FALSE,FALSE,FALSE
"PPP1R11","turquoise",0.952026748513954,970.131122430177,970.123801111283,0.00732131889390075,1322.87384937954,-0.468095413677334,-0.898313007277676,0.369025003360425,0.675160084824232,0.898313007277676,FALSE,TRUE,FALSE,FALSE,FALSE
"DYNLT1","turquoise",0.959681083159172,917.369487516669,917.347811156765,0.0216763599033811,1322.87384937954,-0.547292575172846,-1.05029877392296,0.293588165933576,0.675160084824232,1.05029877392296,FALSE,TRUE,FALSE,FALSE,FALSE
"PRDX2","blue",0.90749393864395,8.31580813941536,8.29230824950609,0.0234998899092709,19.5381539006617,-0.044313711371312,-0.0850416008413152,0.93222881395384,0.946574191062505,0.0850416008413152,FALSE,TRUE,FALSE,FALSE,FALSE
"TMBIM6","turquoise",0.987748890418398,1450.78650046783,1450.76040070754,0.0260997602856605,1322.87384937954,-0.582603800567674,-1.11806387511438,0.263547541602217,0.675160084824232,1.11806387511438,FALSE,TRUE,TRUE,FALSE,FALSE
"TEP1","turquoise",0.96666870980218,1179.04245817716,1178.88163758314,0.160820594017423,1322.87384937954,-0.376656411828009,-0.722834157595211,0.469786705947995,0.675160084824232,0.722834157595211,FALSE,TRUE,FALSE,FALSE,FALSE
"TERF2","turquoise",0.986682106473026,1426.81330711498,1426.79684427704,0.0164628379386613,1322.87384937954,-0.483778924704807,-0.928410935059282,0.353200979233773,0.675160084824232,0.928410935059282,FALSE,TRUE,TRUE,FALSE,FALSE
"TESK1","turquoise",0.968633823542782,1170.38205960462,1170.35903486903,0.0230247355896154,1322.87384937954,-0.380509060637786,-0.730227702665663,0.465255997308994,0.675160084824232,0.730227702665663,FALSE,TRUE,FALSE,FALSE,FALSE
"TFDP1","brown",0.831491409194099,5.20627628537102,2.33725997611465,2.86901630925637,7.78987287898542,-0.330584761028315,-0.634418928625143,0.525811689398522,0.676629563705449,0.634418928625143,FALSE,TRUE,FALSE,FALSE,FALSE
"TFE3","turquoise",0.808904727308257,168.867709009017,167.481032721044,1.38667628797259,1322.87384937954,-0.519426909215638,-0.996822304266559,0.318857799473539,0.675160084824232,0.996822304266559,FALSE,TRUE,FALSE,FALSE,FALSE
"TGFB1","turquoise",0.955428783625103,974.854280974809,974.830436750404,0.0238442244044563,1322.87384937954,-0.707010051353986,-1.35680954534013,0.174850659770018,0.675160084824232,1.35680954534013,FALSE,TRUE,FALSE,FALSE,FALSE
"TGFBI","turquoise",0.938261069316699,819.978825918803,819.833533455726,0.145292463076885,1322.87384937954,-1.09379809244618,-2.09908711999733,0.0358165090892311,0.675160084824232,2.09908711999733,FALSE,TRUE,FALSE,FALSE,FALSE
"TGFBR2","turquoise",0.983227654444626,1404.43909644829,1404.30599616175,0.133100286539729,1322.87384937954,-0.565675029370056,-1.08557619221961,0.277674164385779,0.675160084824232,1.08557619221961,FALSE,TRUE,TRUE,FALSE,FALSE
"TGFBR3","turquoise",0.94007542178623,792.269169997871,792.213417896344,0.0557521015272187,1322.87384937954,-0.26625805630013,-0.510970772791531,0.609374810186057,0.699399548753232,0.510970772791531,FALSE,TRUE,FALSE,FALSE,FALSE
"TGM2","blue",0.804107214808924,1.97009053430753,1.95304493377123,0.0170456005362978,19.5381539006617,0.27875884375161,0.534960796279817,0.592680433296754,0.694686338974684,0.534960796279817,FALSE,TRUE,FALSE,FALSE,FALSE
"KLF10","turquoise",0.83673957854684,236.48890905858,236.056687174483,0.432221884097487,1322.87384937954,-0.466029097554595,-0.894347579298747,0.371142223597159,0.675160084824232,0.894347579298747,FALSE,TRUE,FALSE,FALSE,FALSE
"TIMP1","turquoise",0.907002906334638,468.417812560075,468.401710281356,0.0161022787184493,1322.87384937954,-0.566259517951357,-1.08669787314159,0.277177988161038,0.675160084824232,1.08669787314159,FALSE,TRUE,FALSE,FALSE,FALSE
"TIMP2","turquoise",0.946945794282544,898.975909984192,898.948235519142,0.0276744650500405,1322.87384937954,-0.662745226506872,-1.2718617616978,0.203430860269479,0.675160084824232,1.2718617616978,FALSE,TRUE,FALSE,FALSE,FALSE
"TKT","turquoise",0.933093898098581,678.318594435905,678.238110120049,0.0804843158567792,1322.87384937954,-0.924201001413498,-1.77361656758527,0.0761354630467748,0.675160084824232,1.77361656758527,FALSE,TRUE,FALSE,FALSE,FALSE
"TLE3","turquoise",0.928275451962157,677.340370734884,677.307597772289,0.0327729625948905,1322.87384937954,-0.429199304751515,-0.823668224270599,0.410133824057493,0.675160084824232,0.823668224270599,FALSE,TRUE,FALSE,FALSE,FALSE
"TLN1","turquoise",0.847471115531617,273.284702018394,272.921099693996,0.363602324397675,1322.87384937954,-0.646136834692201,-1.23998891278463,0.214987974888863,0.675160084824232,1.23998891278463,FALSE,TRUE,FALSE,FALSE,FALSE
"SEC62","brown",0.846768438672247,4.60811034790431,1.87925348932019,2.72885685858412,7.78987287898542,-0.284563008397261,-0.546099458281669,0.585001122700322,0.691291908175511,0.546099458281669,FALSE,TRUE,FALSE,FALSE,FALSE
"TLR1","turquoise",0.94929476083914,916.590132899605,916.479677873274,0.11045502633101,1322.87384937954,-0.405691192571071,-0.778554253205733,0.436247704844601,0.675160084824232,0.778554253205733,FALSE,TRUE,FALSE,FALSE,FALSE
"TLR2","turquoise",0.9382721324654,782.244366135805,782.224883122989,0.0194830128164085,1322.87384937954,-0.518138114279198,-0.994349002411232,0.320059998880715,0.675160084824232,0.994349002411232,FALSE,TRUE,FALSE,FALSE,FALSE
"TLR4","turquoise",0.935599932736878,793.175950202098,792.940870134824,0.235080067273429,1322.87384937954,-0.645435350922506,-1.23864270862134,0.215486317865974,0.675160084824232,1.23864270862134,FALSE,TRUE,FALSE,FALSE,FALSE
"TMOD1","blue",0.97652305524089,20.5841525460258,20.4983556461591,0.0857968998667253,19.5381539006617,0.140514401978527,0.269658516872725,0.787424598917587,0.824712054528394,0.269658516872725,FALSE,TRUE,TRUE,FALSE,FALSE
"TMPO","turquoise",0.945385145333676,911.029971093538,910.864139022719,0.16583207081851,1322.87384937954,-0.51472441326699,-0.987797833712243,0.323258634170657,0.675160084824232,0.987797833712243,FALSE,TRUE,FALSE,FALSE,FALSE
"TMSB4X","turquoise",0.744205825198922,55.2683688279822,55.2414302586247,0.0269385693575401,1322.87384937954,-0.44800489537657,-0.85975767563974,0.389928641223064,0.675160084824232,0.85975767563974,FALSE,FALSE,FALSE,FALSE,FALSE
"TNF","turquoise",0.776529438660481,79.7893831450024,79.7858370114122,0.00354613359026246,1322.87384937954,-0.064304169384055,-0.123404908683216,0.901787193025468,0.920239179368601,0.123404908683216,FALSE,FALSE,FALSE,FALSE,FALSE
"TNFAIP1","turquoise",0.990270431593763,1519.76083123301,1519.73259496252,0.0282362704951993,1322.87384937954,-0.266296740040541,-0.511045010022159,0.609322828092479,0.699399548753232,0.511045010022159,FALSE,TRUE,TRUE,FALSE,FALSE
"TNFAIP2","turquoise",0.960132946133605,1027.61433883107,1027.53951500772,0.0748238233502434,1322.87384937954,-0.603925466691242,-1.15898187912806,0.246471637186395,0.675160084824232,1.15898187912806,FALSE,TRUE,FALSE,FALSE,FALSE
"TNFRSF1A","turquoise",0.957616732372631,984.761845064245,984.71688920269,0.0449558615555361,1322.87384937954,-0.5179561134952,-0.993999728167514,0.320230009372942,0.675160084824232,0.993999728167514,FALSE,TRUE,FALSE,FALSE,FALSE
"TNFRSF1B","turquoise",0.962161749421939,1072.17252648804,1072.11318278294,0.0593437050986267,1322.87384937954,-0.484722547874061,-0.930221824339846,0.352262788711154,0.675160084824232,0.930221824339846,FALSE,TRUE,FALSE,FALSE,FALSE
"TNS1","blue",0.971403024658691,18.3677463260459,18.3349683016922,0.0327780243537603,19.5381539006617,0.35717378579756,0.685445420453806,0.493067521477936,0.675160084824232,0.685445420453806,FALSE,TRUE,FALSE,FALSE,FALSE
"TOP1","turquoise",0.740122219666241,72.9442778125512,69.9369813089068,3.00729650364443,1322.87384937954,-0.485748364090572,-0.932190448734453,0.351244669748949,0.675160084824232,0.932190448734453,FALSE,FALSE,FALSE,FALSE,FALSE
"TOP2B","turquoise",0.957436929717329,1051.1993927272,1051.03057563631,0.168817090896937,1322.87384937954,-0.534465060809155,-1.02568173503035,0.30504885722813,0.675160084824232,1.02568173503035,FALSE,TRUE,FALSE,FALSE,FALSE
"TP53","turquoise",0.965623789654104,1177.33624404895,1177.32560160377,0.010642445176245,1322.87384937954,-0.475371747267001,-0.91227688070583,0.361629390970314,0.675160084824232,0.91227688070583,FALSE,TRUE,FALSE,FALSE,FALSE
"TPD52L2","turquoise",0.969541233764555,1126.46238469012,1126.42481418582,0.0375705042936261,1322.87384937954,-0.774653838517424,-1.48662345099896,0.137123478876246,0.675160084824232,1.48662345099896,FALSE,TRUE,FALSE,FALSE,FALSE
"TPI1","turquoise",0.934740955226454,747.109430841123,747.106774819314,0.00265602180911628,1322.87384937954,-0.524724271846933,-1.0069883721598,0.313947463154892,0.675160084824232,1.0069883721598,FALSE,TRUE,FALSE,FALSE,FALSE
"TPM3","turquoise",0.986031811615707,1429.4136629081,1429.35904783682,0.0546150712755207,1322.87384937954,-0.729375484077149,-1.39973062198725,0.161603041153757,0.675160084824232,1.39973062198725,FALSE,TRUE,TRUE,FALSE,FALSE
"TPM4","turquoise",0.976268606400426,1241.3508675982,1241.29025870252,0.0606088956828899,1322.87384937954,-0.611997164546865,-1.17447212099469,0.240214123317628,0.675160084824232,1.17447212099469,FALSE,TRUE,FALSE,FALSE,FALSE
"TPT1","turquoise",0.742087964544333,74.5090180574593,74.4944223843102,0.01459567314906,1322.87384937954,-0.583808425126605,-1.12016235536134,0.262655469610745,0.675160084824232,1.12016235536134,FALSE,FALSE,FALSE,FALSE,FALSE
"TRAF1","turquoise",0.958384488618707,1021.19313250919,1021.18339594124,0.00973656795656552,1322.87384937954,-0.489156563378884,-0.938731059179732,0.347875450446069,0.675160084824232,0.938731059179732,FALSE,TRUE,FALSE,FALSE,FALSE
"CCT3","turquoise",0.962690284458491,1095.78652912233,1095.7169572769,0.069571845432165,1322.87384937954,-0.503572154564099,-0.966395746102306,0.333853003107392,0.675160084824232,0.966395746102306,FALSE,TRUE,FALSE,FALSE,FALSE
"TSG101","turquoise",0.895701453916396,431.493106147216,430.910018070207,0.583088077008483,1322.87384937954,-0.168710373418487,-0.323768869500119,0.746114999610158,0.791121689327063,0.323768869500119,FALSE,TRUE,FALSE,FALSE,FALSE
"TSPYL1","turquoise",0.979911972348038,1345.62812486756,1345.56634865738,0.0617762101790049,1322.87384937954,-0.386402224893398,-0.741537162126612,0.458372883195004,0.675160084824232,0.741537162126612,FALSE,TRUE,TRUE,FALSE,FALSE
"TST","turquoise",0.75752305516391,76.5208008028428,76.5206965642859,0.000104238556929204,1322.87384937954,-0.593279031987413,-1.13855050873618,0.254898629969711,0.675160084824232,1.13855050873618,FALSE,FALSE,FALSE,FALSE,FALSE
"GFUS","blue",0.928183650607792,11.3840589910653,11.3736463888245,0.0104126022407858,19.5381539006617,0.369266047128001,0.708651449231571,0.478545614847513,0.675160084824232,0.708651449231571,FALSE,TRUE,FALSE,FALSE,FALSE
"TTF1","turquoise",0.953541661975601,876.008620645812,875.984292913447,0.0243277323651228,1322.87384937954,-0.144261554645832,-0.276849606302231,0.781897256584339,0.820385100222641,0.276849606302231,FALSE,TRUE,FALSE,FALSE,FALSE
"TUBA4A","turquoise",0.902208708263314,420.973998183921,420.922560277355,0.0514379065655248,1322.87384937954,-0.709029563649496,-1.36068515298422,0.173622146021447,0.675160084824232,1.36068515298422,FALSE,TRUE,FALSE,FALSE,FALSE
"TUBB2A","grey",NA,0.912792083701065,0.89628866886577,0.0165034148352948,1.16729646183719,1.18877268443105,1.90040310457576,0.0617682118268687,0.675160084824232,1.90040310457576,FALSE,NA,FALSE,FALSE,FALSE
"TUFM","turquoise",0.963248998061434,1071.66447456275,1071.64970795786,0.0147666048897008,1322.87384937954,-0.401808563324415,-0.771103173248961,0.440651089696199,0.675160084824232,0.771103173248961,FALSE,TRUE,FALSE,FALSE,FALSE
"TXK","turquoise",0.955726717039349,965.817217962627,965.805487461984,0.0117305006430115,1322.87384937954,-0.349102652446779,-0.669956261917685,0.502890181025062,0.675272681317988,0.669956261917685,FALSE,TRUE,FALSE,FALSE,FALSE
"TYK2","turquoise",0.982131726797221,1340.50539655898,1340.42133667495,0.084059884033195,1322.87384937954,-0.501076626102306,-0.961606624885224,0.336254018754088,0.675160084824232,0.961606624885224,FALSE,TRUE,TRUE,FALSE,FALSE
"TYROBP","turquoise",0.904310790113102,498.037235101948,498.036130953412,0.00110414853651264,1322.87384937954,-0.45784666355085,-0.878644825795971,0.379600035760363,0.675160084824232,0.878644825795971,FALSE,TRUE,FALSE,FALSE,FALSE
"UBB","blue",0.954078094611597,15.489174052561,15.4712465409983,0.0179275115627018,19.5381539006617,0.09299993362565,0.178474404172371,0.858351474662963,0.884118509805343,0.178474404172371,FALSE,TRUE,FALSE,FALSE,FALSE
"UBA1","turquoise",0.958596717972877,1033.23610499869,1033.13694660537,0.0991583933143829,1322.87384937954,-0.593173996539876,-1.13834893720612,0.254982755083015,0.675160084824232,1.13834893720612,FALSE,TRUE,FALSE,FALSE,FALSE
"UBA7","turquoise",0.953709940109116,972.563733059105,972.544287066576,0.0194459925289721,1322.87384937954,-0.266932335345365,-0.512264768885428,0.608469016030016,0.699352857330657,0.512264768885428,FALSE,TRUE,FALSE,FALSE,FALSE
"UBE2A","turquoise",0.970845060014203,1185.1717670348,1185.11654850208,0.0552185327237567,1322.87384937954,-0.625477043488475,-1.20034110034368,0.230015180764513,0.675160084824232,1.20034110034368,FALSE,TRUE,FALSE,FALSE,FALSE
"UBE2B","turquoise",0.810490478116787,170.059701883115,169.184759112448,0.874942770666223,1322.87384937954,-0.654484016755482,-1.25600783115568,0.209121682848099,0.675160084824232,1.25600783115568,FALSE,TRUE,FALSE,FALSE,FALSE
"UBE2D1","turquoise",0.890394245477286,441.930156528917,441.807475633288,0.122680895628889,1322.87384937954,-0.825799770956748,-1.58477663737318,0.1130263079455,0.675160084824232,1.58477663737318,FALSE,TRUE,FALSE,FALSE,FALSE
"UBE2D2","turquoise",0.974253812791971,1222.57987368637,1222.53798738151,0.0418863048603271,1322.87384937954,-0.43591836802996,-0.83656265084131,0.402844272893987,0.675160084824232,0.83656265084131,FALSE,TRUE,FALSE,FALSE,FALSE
"UBE2D3","turquoise",0.84617913224911,292.121933578608,290.427141167805,1.6947924108029,1322.87384937954,-0.57613753359529,-1.10565458512756,0.268883806274963,0.675160084824232,1.10565458512756,FALSE,TRUE,FALSE,FALSE,FALSE
"UBE2G1","turquoise",0.97043063599589,1177.00120748032,1176.90331406685,0.0978934134727751,1322.87384937954,-0.69391164332338,-1.33167263956255,0.182976629922936,0.675160084824232,1.33167263956255,FALSE,TRUE,FALSE,FALSE,FALSE
"UBE2G2","turquoise",0.977487315652025,1286.86023496759,1286.82536518638,0.0348697812012233,1322.87384937954,-0.438522529865404,-0.841560248300037,0.400040013043664,0.675160084824232,0.841560248300037,FALSE,TRUE,FALSE,FALSE,FALSE
"UBE2H","brown",0.961999036970896,9.46998852258103,8.21850561228626,1.25148291029477,7.78987287898542,-0.430302672154117,-0.82578567567175,0.40893142270292,0.675160084824232,0.82578567567175,FALSE,TRUE,TRUE,FALSE,FALSE
"UBE2I","turquoise",0.984786037657036,1391.15164388079,1391.13776981549,0.0138740652967044,1322.87384937954,-0.63241376658462,-1.21365323373161,0.224888523748214,0.675160084824232,1.21365323373161,FALSE,TRUE,TRUE,FALSE,FALSE
"UBE2L3","turquoise",0.985421127997996,1412.75874172053,1412.71635558576,0.0423861347687762,1322.87384937954,-0.642526803968191,-1.23306097146905,0.217561464765628,0.675160084824232,1.23306097146905,FALSE,TRUE,TRUE,FALSE,FALSE
"UBE2N","turquoise",0.937792003549588,770.113832279199,770.108382921738,0.00544935746097508,1322.87384937954,-0.40162214549383,-0.77074542233513,0.440863149877516,0.675160084824232,0.77074542233513,FALSE,TRUE,FALSE,FALSE,FALSE
"UBE2V1","brown",0.96079666818492,10.8582802436916,7.79518089668808,3.06309934700355,7.78987287898542,-0.460228975810453,-0.883216675952302,0.377125401224155,0.675160084824232,0.883216675952302,FALSE,TRUE,TRUE,FALSE,FALSE
"SUMO1","turquoise",0.961799298924611,1042.50778716369,1042.42952427262,0.078262891074246,1322.87384937954,-0.407266519244545,-0.781577432669032,0.434468346598777,0.675160084824232,0.781577432669032,FALSE,TRUE,FALSE,FALSE,FALSE
"UBP1","turquoise",0.97579463235356,1303.40054760601,1303.29403404485,0.10651356116,1322.87384937954,-0.321929727900093,-0.617809219129335,0.536705205910807,0.676813488619187,0.617809219129335,FALSE,TRUE,FALSE,FALSE,FALSE
"UBTF","turquoise",0.984491737544359,1421.48237536446,1421.45282115471,0.0295542097460384,1322.87384937954,-0.408444124716962,-0.783837352938283,0.433140963793017,0.675160084824232,0.783837352938283,FALSE,TRUE,TRUE,FALSE,FALSE
"UCP2","turquoise",0.780947218071284,88.7541008944184,87.8697057708983,0.884395123520079,1322.87384937954,-0.400530289279717,-0.768650061836917,0.442106368298578,0.675160084824232,0.768650061836917,FALSE,FALSE,FALSE,FALSE,FALSE
"UGP2","turquoise",0.977387666632234,1298.17281746222,1298.05982317313,0.112994289085691,1322.87384937954,-0.727995270290022,-1.39708187995395,0.162397984689072,0.675160084824232,1.39708187995395,FALSE,TRUE,FALSE,FALSE,FALSE
"NR1H2","turquoise",0.958974668030267,927.114629881431,927.052948930972,0.0616809504591629,1322.87384937954,-0.469757325731256,-0.90150235109812,0.367327612066703,0.675160084824232,0.90150235109812,FALSE,TRUE,FALSE,FALSE,FALSE
"UPP1","turquoise",0.946108507156378,772.755161637141,772.731005373839,0.0241562633019612,1322.87384937954,-0.467162472284348,-0.896522617190828,0.369979996122192,0.675160084824232,0.896522617190828,FALSE,TRUE,FALSE,FALSE,FALSE
"UQCRC1","turquoise",0.965622767979242,1139.82761051744,1139.82396284235,0.00364767508358455,1322.87384937954,-0.543739733634915,-1.04348058328689,0.296733120560022,0.675160084824232,1.04348058328689,FALSE,TRUE,FALSE,FALSE,FALSE
"UQCRC2","turquoise",0.972321279962743,1208.78900870234,1208.63554414891,0.153464553430013,1322.87384937954,-0.561311098590818,-1.07720145564389,0.281397848415784,0.675160084824232,1.07720145564389,FALSE,TRUE,FALSE,FALSE,FALSE
"UQCRFS1","turquoise",0.937584580406765,770.451889105647,770.443879604995,0.00800950065217876,1322.87384937954,-0.495012312158576,-0.94996871531232,0.342134840136952,0.675160084824232,0.94996871531232,FALSE,TRUE,FALSE,FALSE,FALSE
"UQCRH","turquoise",0.794342269348903,103.565842987826,103.532185739226,0.0336572485999369,1322.87384937954,-0.523741846306034,-1.00510301798566,0.314854334942056,0.675160084824232,1.00510301798566,FALSE,FALSE,FALSE,FALSE,FALSE
"UROD","brown",0.864532615820615,3.00992631874846,2.34416163011739,0.665764688631073,7.78987287898542,-0.128229706386257,-0.246083191162335,0.805619306537404,0.839684375635219,0.246083191162335,FALSE,TRUE,FALSE,FALSE,FALSE
"USF1","turquoise",0.979349495010145,1245.1306335878,1245.0828434543,0.0477901334970738,1322.87384937954,-0.513785145380665,-0.98599530257233,0.324142370548938,0.675160084824232,0.98599530257233,FALSE,TRUE,FALSE,FALSE,FALSE
"USF2","turquoise",0.972112443815035,1156.84887329901,1156.81886932895,0.0300039700643993,1322.87384937954,-0.632919305968903,-1.21462340475086,0.2245181168349,0.675160084824232,1.21462340475086,FALSE,TRUE,FALSE,FALSE,FALSE
"VARS1","turquoise",0.946690906962411,886.515051768105,886.498669279847,0.0163824882578183,1322.87384937954,-0.563459268527535,-1.08132396772073,0.279560629270286,0.675160084824232,1.08132396772073,FALSE,TRUE,FALSE,FALSE,FALSE
"VASP","turquoise",0.956260596801587,990.236100079977,990.207259193828,0.0288408861484868,1322.87384937954,-0.706135729247382,-1.3551316504111,0.175384537282444,0.675160084824232,1.3551316504111,FALSE,TRUE,FALSE,FALSE,FALSE
"VAV1","turquoise",0.977319158822472,1277.06960701592,1277.0118263438,0.0577806721198613,1322.87384937954,-0.424467181205449,-0.814586895957466,0.415314467294483,0.675160084824232,0.814586895957466,FALSE,TRUE,FALSE,FALSE,FALSE
"VCL","turquoise",0.919266580563749,673.015326512893,672.807295232678,0.208031280215096,1322.87384937954,-0.726318642039839,-1.3938642945611,0.16336761505539,0.675160084824232,1.3938642945611,FALSE,TRUE,FALSE,FALSE,FALSE
"VDAC1","turquoise",0.957987810755837,1017.16584452702,1017.11723986883,0.0486046581931987,1322.87384937954,-0.671782889903532,-1.28920576966582,0.197335250520839,0.675160084824232,1.28920576966582,FALSE,TRUE,FALSE,FALSE,FALSE
"VEGFB","turquoise",0.937493510287696,776.087695725517,776.086682494954,0.00101323056276215,1322.87384937954,-0.477304895170845,-0.915986748088147,0.359680282992195,0.675160084824232,0.915986748088147,FALSE,TRUE,FALSE,FALSE,FALSE
"VHL","turquoise",0.938819807945964,734.644577073544,734.641523426045,0.00305364749988257,1322.87384937954,-0.447250222438872,-0.858309397155554,0.390727637369038,0.675160084824232,0.858309397155554,FALSE,TRUE,FALSE,FALSE,FALSE
"EZR","turquoise",0.966064463408507,1151.52066725706,1151.48098311381,0.0396841432545898,1322.87384937954,-0.534863789154262,-1.02644692701539,0.304688204019989,0.675160084824232,1.02644692701539,FALSE,TRUE,FALSE,FALSE,FALSE
"VIM","turquoise",0.936479561335455,772.030858671017,771.675001203598,0.355857467418446,1322.87384937954,-1.03057465082926,-1.97775621542134,0.047964203357178,0.675160084824232,1.97775621542134,FALSE,TRUE,FALSE,FALSE,FALSE
"WARS1","turquoise",0.836601065235642,221.186117764319,221.122660887212,0.0634568771072281,1322.87384937954,-0.27908470484057,-0.535586150099199,0.592248074181758,0.694686338974684,0.535586150099199,FALSE,TRUE,FALSE,FALSE,FALSE
"WAS","turquoise",0.891604812980161,458.05013159008,458.048891800283,0.00123978979752337,1322.87384937954,-0.545988068928882,-1.04779532079612,0.29474029932978,0.675160084824232,1.04779532079612,FALSE,TRUE,FALSE,FALSE,FALSE
"WIPF1","turquoise",0.970036652347104,1223.87325331706,1223.70149114437,0.171762172685931,1322.87384937954,-0.702684302846777,-1.3485080836366,0.177503922620799,0.675160084824232,1.3485080836366,FALSE,TRUE,FALSE,FALSE,FALSE
"EIF4H","turquoise",0.98041136245915,1320.16460597603,1320.11932459228,0.0452813837548547,1322.87384937954,-0.585121032727684,-1.122894647486,0.261490097926795,0.675160084824232,1.122894647486,FALSE,TRUE,FALSE,FALSE,FALSE
"LAT2","turquoise",0.943690649456057,795.793372575228,795.785098347087,0.00827422814131751,1322.87384937954,-0.342592711442285,-0.65746315792633,0.510887563036077,0.675272681317988,0.65746315792633,FALSE,TRUE,FALSE,FALSE,FALSE
"XBP1","turquoise",0.935451677212772,753.534995705425,753.527363267885,0.00763243754033738,1322.87384937954,-0.640210017443083,-1.22861487050378,0.219224663941755,0.675160084824232,1.22861487050378,FALSE,TRUE,FALSE,FALSE,FALSE
"XRCC1","turquoise",0.971730905155563,1137.75945508646,1137.74733160397,0.0121234824814564,1322.87384937954,-0.280228107577021,-0.537780432548243,0.590732130346255,0.693960588073155,0.537780432548243,FALSE,TRUE,FALSE,FALSE,FALSE
"XRCC3","turquoise",0.945214935127811,850.416857405294,850.40413060415,0.0127268011440265,1322.87384937954,-0.350338443895265,-0.672327845787172,0.501379533550397,0.675272681317988,0.672327845787172,FALSE,TRUE,FALSE,FALSE,FALSE
"XRCC5","turquoise",0.987905528492637,1460.68242123123,1460.61195856048,0.0704626707577063,1322.87384937954,-0.672796918972571,-1.29115177356986,0.196659752629751,0.675160084824232,1.29115177356986,FALSE,TRUE,TRUE,FALSE,FALSE
"YY1","turquoise",0.972960252519197,1148.07702260857,1147.98013163665,0.0968909719183557,1322.87384937954,-0.605522957348406,-1.162047593071,0.245224216040029,0.675160084824232,1.162047593071,FALSE,TRUE,FALSE,FALSE,FALSE
"YWHAB","turquoise",0.988649274326346,1453.65243270796,1453.6260445016,0.0263882063577512,1322.87384937954,-0.741359950116669,-1.422729782872,0.15482359451093,0.675160084824232,1.422729782872,FALSE,TRUE,TRUE,FALSE,FALSE
"YWHAE","turquoise",0.958791431662995,1029.75434748197,1029.73001156588,0.0243359160936052,1322.87384937954,-0.58469330566309,-1.12207380460982,0.261838912637464,0.675160084824232,1.12207380460982,FALSE,TRUE,FALSE,FALSE,FALSE
"YWHAG","turquoise",0.964234868399449,1144.7892470739,1144.64514964208,0.144097431814089,1322.87384937954,-0.577516880445699,-1.10830166343909,0.267739325874543,0.675160084824232,1.10830166343909,FALSE,TRUE,FALSE,FALSE,FALSE
"YWHAH","turquoise",0.934103946659675,829.931692822855,829.485660829069,0.446031993785141,1322.87384937954,-0.327669303201857,-0.628823928949538,0.529468518450385,0.676813488619187,0.628823928949538,FALSE,TRUE,FALSE,FALSE,FALSE
"YWHAZ","turquoise",0.981666032580107,1343.44914184026,1343.36324214926,0.0858996910067162,1322.87384937954,-0.824641249325223,-1.58255334054009,0.113532522190293,0.675160084824232,1.58255334054009,FALSE,TRUE,TRUE,FALSE,FALSE
"ZAP70","turquoise",0.924680098530806,703.628333750904,703.625266537069,0.00306721383492459,1322.87384937954,-0.244960753864641,-0.470099524668355,0.638286901534278,0.714555823367573,0.470099524668355,FALSE,TRUE,FALSE,FALSE,FALSE
"SF1","turquoise",0.989490897435771,1507.94018831734,1507.90635865343,0.0338296639145028,1322.87384937954,-0.539881215548499,-1.03607577459925,0.300174094625441,0.675160084824232,1.03607577459925,FALSE,TRUE,TRUE,FALSE,FALSE
"ZFP36","turquoise",0.782961454195702,79.8842057404379,79.8185260369299,0.0656797035080245,1322.87384937954,-0.398859446358632,-0.765443578959127,0.444012716319606,0.675160084824232,0.765443578959127,FALSE,FALSE,FALSE,FALSE,FALSE
"ZFPL1","turquoise",0.950213918620944,839.871569450122,839.850503843282,0.0210656068406934,1322.87384937954,-0.514482054217454,-0.987332727068879,0.323486513950348,0.675160084824232,0.987332727068879,FALSE,TRUE,FALSE,FALSE,FALSE
"CNBP","turquoise",0.959489016828583,1046.4406026671,1046.15936394788,0.28123871922071,1322.87384937954,-0.587220010399328,-1.12692275562236,0.259783022217192,0.675160084824232,1.12692275562236,FALSE,TRUE,FALSE,FALSE,FALSE
"ZNF76","turquoise",0.968324584815822,1159.81090009229,1159.78446356512,0.0264365271657425,1322.87384937954,-0.10234527686559,-0.196408874676924,0.844291313758596,0.872359779501474,0.196408874676924,FALSE,TRUE,FALSE,FALSE,FALSE
"TRIM25","turquoise",0.949688634337999,938.956357665111,938.86405975635,0.0922979087611111,1322.87384937954,-0.383316636553085,-0.735536104586936,0.462018299878123,0.675160084824232,0.735536104586936,FALSE,TRUE,FALSE,FALSE,FALSE
"ZBTB17","turquoise",0.986669003965881,1380.9290965473,1380.8936961795,0.0354003678028221,1322.87384937954,-0.323953927253986,-0.621693821618045,0.534147345486029,0.676813488619187,0.621693821618045,FALSE,TRUE,TRUE,FALSE,FALSE
"VEZF1","turquoise",0.966747952318701,1180.1481605508,1179.88625538814,0.261905162659559,1322.87384937954,-0.548103829138837,-1.05185563598262,0.292873196283268,0.675160084824232,1.05185563598262,FALSE,TRUE,FALSE,FALSE,FALSE
"TRIM26","turquoise",0.956396170911857,1047.81138946662,1047.78607885134,0.0253106152756573,1322.87384937954,-0.325094814144828,-0.623883275955623,0.532708391794008,0.676813488619187,0.623883275955623,FALSE,TRUE,FALSE,FALSE,FALSE
"ZNF185","turquoise",0.760059693154039,91.2259791369865,91.0975423224783,0.128436814508149,1322.87384937954,-0.73361747037684,-1.40787133723112,0.159178231401034,0.675160084824232,1.40787133723112,FALSE,FALSE,FALSE,FALSE,FALSE
"ZNF207","turquoise",0.983388384572937,1431.39203126559,1431.2840492618,0.107982003790084,1322.87384937954,-0.608608671799798,-1.16796932899798,0.242827252350942,0.675160084824232,1.16796932899798,FALSE,TRUE,TRUE,FALSE,FALSE
"ZNF213","turquoise",0.880361027000581,370.026929624475,369.569838591751,0.457091032724065,1322.87384937954,-0.129556206378876,-0.24862885207399,0.80364937645833,0.837834753434559,0.24862885207399,FALSE,TRUE,FALSE,FALSE,FALSE
"ZFAND5","turquoise",0.82700896220687,231.001628456027,227.9140507001,3.08757775592679,1322.87384937954,-0.477762458588355,-0.916864849341852,0.359219909525198,0.675160084824232,0.916864849341852,FALSE,TRUE,FALSE,FALSE,FALSE
"ZNF217","turquoise",0.961661917114023,1090.98015246582,1090.74355444461,0.236598021208238,1322.87384937954,-0.353939205697721,-0.679237999291655,0.496991655641053,0.675160084824232,0.679237999291655,FALSE,TRUE,FALSE,FALSE,FALSE
"ZYX","turquoise",0.925460993222183,671.672565141259,671.664227013562,0.00833812769644737,1322.87384937954,-0.538461275115865,-1.03335079391599,0.301447047987366,0.675160084824232,1.03335079391599,FALSE,TRUE,FALSE,FALSE,FALSE
"PRDM2","turquoise",0.987841269630191,1450.21024756036,1450.14924497134,0.0610025890186989,1322.87384937954,-0.415480432192521,-0.79734059681509,0.4252587663263,0.675160084824232,0.79734059681509,FALSE,TRUE,TRUE,FALSE,FALSE
"PTP4A1","turquoise",0.947509028149836,922.672472650087,922.509933825164,0.162538824922876,1322.87384937954,-0.62528518612765,-1.1999729105308,0.230158146597693,0.675160084824232,1.1999729105308,FALSE,TRUE,FALSE,FALSE,FALSE
"LAPTM5","turquoise",0.977739480317872,1248.31397442231,1248.2904191784,0.0235552439123694,1322.87384937954,-0.684560745960261,-1.31372751024582,0.18894670326653,0.675160084824232,1.31372751024582,FALSE,TRUE,FALSE,FALSE,FALSE
"CSDE1","brown",0.937623823369931,27.1804097946011,7.74210071966146,19.4383090749397,7.78987287898542,-0.606622995179519,-1.16415865475482,0.24436781662225,0.675160084824232,1.16415865475482,FALSE,TRUE,FALSE,FALSE,FALSE
"BTG2","turquoise",0.841843846473349,172.469946231429,172.453025748367,0.016920483061341,1322.87384937954,-0.766388967112548,-1.47076249344727,0.141364528987408,0.675160084824232,1.47076249344727,FALSE,TRUE,FALSE,FALSE,FALSE
"MOGS","turquoise",0.969847111070707,1199.81243943242,1199.79127094075,0.0211684916714603,1322.87384937954,-0.370016950743212,-0.710092494080648,0.477651606374767,0.675160084824232,0.710092494080648,FALSE,TRUE,FALSE,FALSE,FALSE
"TUBA1A","turquoise",0.842403983916739,220.926886926674,220.821077315992,0.10580961068203,1322.87384937954,-0.826609751510147,-1.58633105565095,0.112673445931954,0.675160084824232,1.58633105565095,FALSE,TRUE,FALSE,FALSE,FALSE
"IL1R2","turquoise",0.651054964542184,17.5470384060145,17.4738969534823,0.0731414525321377,1322.87384937954,-0.629764790655633,-1.20856963439813,0.226836556958637,0.675160084824232,1.20856963439813,FALSE,FALSE,FALSE,FALSE,FALSE
"CXCR4","turquoise",0.930616015526714,642.890522812722,642.858077775558,0.032445037163825,1322.87384937954,-0.84289203356346,-1.61757807352226,0.105762749694035,0.675160084824232,1.61757807352226,FALSE,TRUE,FALSE,FALSE,FALSE
"MAPKAPK3","turquoise",0.958206550365512,1061.1402615084,1061.11877992194,0.0214815864551383,1322.87384937954,-0.497989935845633,-0.95568301630888,0.339239138550078,0.675160084824232,0.95568301630888,FALSE,TRUE,FALSE,FALSE,FALSE
"MANF","turquoise",0.930972645956621,631.674428942307,631.665914065936,0.00851487637123682,1322.87384937954,-0.706665182060763,-1.3561477132374,0.175061098385672,0.675160084824232,1.3561477132374,FALSE,TRUE,FALSE,FALSE,FALSE
"RAB7A","turquoise",0.973686024265383,1241.64031966209,1241.53963537369,0.100684288399407,1322.87384937954,-0.719277513786147,-1.38035179922065,0.167487345759478,0.675160084824232,1.38035179922065,FALSE,TRUE,FALSE,FALSE,FALSE
"ST8SIA4","turquoise",0.955180920561022,995.876742314554,995.734221534398,0.142520780155451,1322.87384937954,-0.288806705814888,-0.554243457299427,0.579415853043326,0.690044682051626,0.554243457299427,FALSE,TRUE,FALSE,FALSE,FALSE
"REEP5","turquoise",0.976968113146615,1279.96241309263,1279.9143611053,0.048051987330382,1322.87384937954,-0.523705925953804,-1.00503408392075,0.314887525424013,0.675160084824232,1.00503408392075,FALSE,TRUE,FALSE,FALSE,FALSE
"PRRC2A","turquoise",0.978386871152887,1316.74580429507,1316.70691687238,0.0388874226880489,1322.87384937954,-0.503385744089053,-0.96603800930435,0.334031970584007,0.675160084824232,0.96603800930435,FALSE,TRUE,FALSE,FALSE,FALSE
"GPANK1","turquoise",0.961208102088769,943.286438301735,943.282087788227,0.00435051350837057,1322.87384937954,-0.49431224663355,-0.948625232875401,0.342817933893512,0.675160084824232,0.948625232875401,FALSE,TRUE,FALSE,FALSE,FALSE
"DDX39B","turquoise",0.976840665524198,1311.68586018911,1311.67769150021,0.00816868890024125,1322.87384937954,-0.445595078078058,-0.855133041086263,0.392483470574207,0.675160084824232,0.855133041086263,FALSE,TRUE,FALSE,FALSE,FALSE
"ABHD16A","turquoise",0.96557299903915,1030.30755560614,1030.22289785281,0.0846577533336585,1322.87384937954,-0.458473148699112,-0.879847101531017,0.378948306526524,0.675160084824232,0.879847101531017,FALSE,TRUE,FALSE,FALSE,FALSE
"LST1","turquoise",0.856310700425653,279.663125523072,279.663006830108,0.000118692963383182,1322.87384937954,-0.439934214662455,-0.844269385750037,0.398524775527416,0.675160084824232,0.844269385750037,FALSE,TRUE,FALSE,FALSE,FALSE
"TFEB","turquoise",0.90392966328108,503.671137239032,503.668833645998,0.00230359303373007,1322.87384937954,-0.647860316147642,-1.24329641327275,0.213767120450155,0.675160084824232,1.24329641327275,FALSE,TRUE,FALSE,FALSE,FALSE
"BRD3","turquoise",0.977940826746517,1220.25983357389,1220.24536967344,0.0144639004483906,1322.87384937954,-0.334324184858805,-0.641595185790885,0.521140345405907,0.675868213972517,0.641595185790885,FALSE,TRUE,FALSE,FALSE,FALSE
"NCOA4","brown",0.91359927848009,5.6023957850756,4.49000481450225,1.11239097057335,7.78987287898542,-0.393845304244471,-0.755821034174712,0.449761692313474,0.675160084824232,0.755821034174712,FALSE,TRUE,FALSE,FALSE,FALSE
"RASSF7","turquoise",0.873647679763435,370.146977971747,370.146610868624,0.00036710312355126,1322.87384937954,-0.239613192432977,-0.459837121211886,0.645636049684408,0.720377996122899,0.459837121211886,FALSE,TRUE,FALSE,FALSE,FALSE
"PTP4A2","turquoise",0.970345485084196,1179.96589335804,1179.78559678945,0.180296568594258,1322.87384937954,-0.67210622423522,-1.28982627443337,0.197119676401961,0.675160084824232,1.28982627443337,FALSE,TRUE,FALSE,FALSE,FALSE
"MLF2","turquoise",0.925720344189296,657.543711026971,657.539360149887,0.00435087708387982,1322.87384937954,-0.757274030917552,-1.45327019272134,0.146157895262304,0.675160084824232,1.45327019272134,FALSE,TRUE,FALSE,FALSE,FALSE
"CDK2AP1","turquoise",0.890475921287557,429.664778787626,429.606393100433,0.0583856871934358,1322.87384937954,-0.620177010582051,-1.19016990797622,0.233987852495508,0.675160084824232,1.19016990797622,FALSE,TRUE,FALSE,FALSE,FALSE
"PABPN1","turquoise",0.981179837438189,1313.42724349254,1313.41754469294,0.00969879960075559,1322.87384937954,-0.409431755409406,-0.785732696219772,0.432029529542694,0.675160084824232,0.785732696219772,FALSE,TRUE,FALSE,FALSE,FALSE
"TCL1A","turquoise",0.664274524611918,14.6563442232588,14.655176691429,0.00116753182986074,1322.87384937954,-0.732394354679582,-1.40552407915477,0.159874548535011,0.675160084824232,1.40552407915477,FALSE,FALSE,FALSE,FALSE,FALSE
"NPRL3","blue",0.616295683734015,0.171888643661326,0.158925633335695,0.012963010325631,19.5381539006617,0.496143644362215,0.952139833431374,0.341032776667728,0.675160084824232,0.952139833431374,FALSE,FALSE,FALSE,FALSE,FALSE
"SF3A2","turquoise",0.893082686563489,507.673828725331,507.67367174353,0.000156981800387257,1322.87384937954,-0.421620830789299,-0.809124518998865,0.418449136615316,0.675160084824232,0.809124518998865,FALSE,TRUE,FALSE,FALSE,FALSE
"ELL","turquoise",0.962025119122902,1035.42359998854,1035.33676240874,0.0868375798088437,1322.87384937954,-0.438481980949142,-0.841482431645899,0.400083587498687,0.675160084824232,0.841482431645899,FALSE,TRUE,FALSE,FALSE,FALSE
"SYMPK","turquoise",0.958610649055469,1063.51299466762,1063.49079944669,0.0221952209340088,1322.87384937954,-0.371218377743107,-0.712398129790302,0.476223117389038,0.675160084824232,0.712398129790302,FALSE,TRUE,FALSE,FALSE,FALSE
"CLPP","turquoise",0.964746910001667,1078.30686733259,1078.30351836866,0.00334896392928385,1322.87384937954,-0.431335990433644,-0.827768697132834,0.407807262616438,0.675160084824232,0.827768697132834,FALSE,TRUE,FALSE,FALSE,FALSE
"GATD3","turquoise",0.961600397792312,1101.21025111107,1101.18817192645,0.022079184618633,1322.87384937954,-0.309056677284851,-0.593104792482276,0.553114932480252,0.681096310354657,0.593104792482276,FALSE,TRUE,FALSE,FALSE,FALSE
"LZTR1","turquoise",0.946169199191395,915.246603201992,915.224370564345,0.0222326376472211,1322.87384937954,-0.338977643495539,-0.650525549772381,0.515357159263764,0.675623884585818,0.650525549772381,FALSE,TRUE,FALSE,FALSE,FALSE
"GTPBP6","turquoise",0.939123293499368,822.002409688614,821.999437502533,0.00297218608068306,1322.87384937954,-0.308164439457607,-0.591392515834441,0.554261349783468,0.681096310354657,0.591392515834441,FALSE,TRUE,FALSE,FALSE,FALSE
"AKAP17A","turquoise",0.968965257552901,1142.20663049162,1142.11030567714,0.0963248144805675,1322.87384937954,-0.368551378907201,-0.707279943038872,0.479397330696824,0.675160084824232,0.707279943038872,FALSE,TRUE,FALSE,FALSE,FALSE
"USP11","turquoise",0.960446910798997,1074.70075706047,1074.69218721712,0.00856984335246125,1322.87384937954,-0.239150551361527,-0.458949275529058,0.646273499451035,0.720714258748177,0.458949275529058,FALSE,TRUE,FALSE,FALSE,FALSE
"RBM10","turquoise",0.982700220507173,1401.00999034946,1400.91903748093,0.0909528685310761,1322.87384937954,-0.419146029548077,-0.80437517499664,0.421185906857126,0.675160084824232,0.80437517499664,FALSE,TRUE,TRUE,FALSE,FALSE
"KDM5C","turquoise",0.972962947576746,1221.49454888439,1221.40465508639,0.089893798007779,1322.87384937954,-0.223637526628337,-0.429178524752913,0.667796004725104,0.73490607059096,0.429178524752913,FALSE,TRUE,FALSE,FALSE,FALSE
"F8A1","turquoise",0.935452489551759,690.168052847828,690.130929224521,0.0371236233075933,1322.87384937954,-0.527945732539229,-1.01317061611641,0.310985817365606,0.675160084824232,1.01317061611641,FALSE,TRUE,FALSE,FALSE,FALSE
"UBL4A","turquoise",0.940576735840069,788.860104314012,788.856807667785,0.00329664622654491,1322.87384937954,-0.595789219776975,-1.14336776239043,0.252893908485333,0.675160084824232,1.14336776239043,FALSE,TRUE,FALSE,FALSE,FALSE
"LAGE3","turquoise",0.911414161287363,502.243868760128,502.235579288249,0.00828947187937956,1322.87384937954,-0.688661433258679,-1.32159706126322,0.186311174095876,0.675160084824232,1.32159706126322,FALSE,TRUE,FALSE,FALSE,FALSE
"ARID1A","turquoise",0.985240929569057,1424.05447475325,1423.99318595039,0.0612888028656471,1322.87384937954,-0.527159004045881,-1.01166082042493,0.311707388456826,0.675160084824232,1.01166082042493,FALSE,TRUE,TRUE,FALSE,FALSE
"DYSF","turquoise",0.743132942532314,63.7067774822543,63.5857414400423,0.121036042212026,1322.87384937954,-0.752782344624679,-1.44465028296875,0.148565272848129,0.675160084824232,1.44465028296875,FALSE,FALSE,FALSE,FALSE,FALSE
"PICALM","turquoise",0.945578908321717,937.361195178444,937.068353031915,0.292842146528983,1322.87384937954,-0.600709656445008,-1.15281047883504,0.248996213387443,0.675160084824232,1.15281047883504,FALSE,TRUE,FALSE,FALSE,FALSE
"KLRC4","turquoise",0.879228265158483,359.131759576681,359.101785964656,0.0299736120253442,1322.87384937954,-0.352492736914082,-0.676462108554431,0.498751855510308,0.675272681317988,0.676462108554431,FALSE,TRUE,FALSE,FALSE,FALSE
"SNN","turquoise",0.930049067219303,713.740147846617,713.704402700888,0.0357451457293791,1322.87384937954,-0.545856362824656,-1.04754256611597,0.294856789676878,0.675160084824232,1.04754256611597,FALSE,TRUE,FALSE,FALSE,FALSE
"BAP1","turquoise",0.972742149329786,1182.05758210242,1181.90360820418,0.153973898248978,1322.87384937954,-0.424566274592029,-0.814777064191332,0.415205586826531,0.675160084824232,0.814777064191332,FALSE,TRUE,FALSE,FALSE,FALSE
"EOMES","turquoise",0.957569629899838,1011.72958343045,1011.70176042152,0.0278230089280669,1322.87384937954,-0.305295436838225,-0.585886667463364,0.557955531025596,0.683305476810284,0.585886667463364,FALSE,TRUE,FALSE,FALSE,FALSE
"H2AC6","turquoise",0.661858858103512,11.2524325708441,11.250772124345,0.00166044649913033,1322.87384937954,-0.485933400638626,-0.932545548855244,0.351061220338604,0.675160084824232,0.932545548855244,FALSE,FALSE,FALSE,FALSE,FALSE
"H2BC8","turquoise",0.488336020585896,0.855867160333536,0.854344701459087,0.00152245887444902,1322.87384937954,-0.20427941637661,-0.392028743474713,0.695039410831366,0.753926159093507,0.392028743474713,FALSE,FALSE,FALSE,FALSE,FALSE
"H2BC21","turquoise",0.823272808797227,177.087801164174,177.048365148782,0.0394360153923685,1322.87384937954,-0.378206970859891,-0.725809805948502,0.467960325102219,0.675160084824232,0.725809805948502,FALSE,TRUE,FALSE,FALSE,FALSE
"H4C3","grey",NA,0.00899464664636682,0.0047903056309761,0.00420434101539072,1.16729646183719,-0.585635489194387,-1.12388193110856,0.261070980423467,0.675160084824232,1.12388193110856,FALSE,NA,FALSE,FALSE,FALSE
"MAD1L1","turquoise",0.886443615864227,423.055366110283,423.0550059141,0.000360196183237349,1322.87384937954,-0.41869555801852,-0.80351068365025,0.421685190398684,0.675160084824232,0.80351068365025,FALSE,TRUE,FALSE,FALSE,FALSE
"PIP5K1A","turquoise",0.977798715648287,1308.32479988411,1308.25095181058,0.0738480735290068,1322.87384937954,-0.465032805046882,-0.892435613292285,0.372165748139471,0.675160084824232,0.892435613292285,FALSE,TRUE,FALSE,FALSE,FALSE
"PIP4K2B","turquoise",0.973672237755476,1275.8693892629,1275.83942152186,0.0299677410400818,1322.87384937954,-0.416857212654781,-0.799982750019919,0.423726329931468,0.675160084824232,0.799982750019919,FALSE,TRUE,FALSE,FALSE,FALSE
"PLA2G6","turquoise",0.961140638453687,1057.34671722907,1057.32600647714,0.0207107519329384,1322.87384937954,-0.284696184847309,-0.546355034674528,0.584825465052775,0.691291908175511,0.546355034674528,FALSE,TRUE,FALSE,FALSE,FALSE
"SLC25A11","turquoise",0.959708391620162,1068.85737802055,1068.85320918369,0.00416883685829816,1322.87384937954,-0.346213415222353,-0.66441158170084,0.506431387083261,0.675272681317988,0.66441158170084,FALSE,TRUE,FALSE,FALSE,FALSE
"SPOP","turquoise",0.979407975709834,1266.8886864188,1266.8609166414,0.0277697774058652,1322.87384937954,-0.457574777277472,-0.87812305401881,0.379883091988449,0.675160084824232,0.87812305401881,FALSE,TRUE,FALSE,FALSE,FALSE
"TAGLN2","turquoise",0.787992604578336,106.221896169979,106.212656737705,0.00923943227320478,1322.87384937954,-0.923028606176291,-1.77136664617933,0.0765086260243688,0.675160084824232,1.77136664617933,FALSE,FALSE,FALSE,FALSE,FALSE
"ULK1","turquoise",0.93310905384585,674.70378847567,674.631140623583,0.0726478520866749,1322.87384937954,-0.510325044003162,-0.979355087814633,0.327411465120787,0.675160084824232,0.979355087814633,FALSE,TRUE,FALSE,FALSE,FALSE
"UXT","turquoise",0.900191369305668,505.565218595238,505.564847328136,0.000371267101570538,1322.87384937954,-0.539807645793528,-1.03593458828146,0.30023996054589,0.675160084824232,1.03593458828146,FALSE,TRUE,FALSE,FALSE,FALSE
"LTBP4","turquoise",0.890043799470562,424.604593083552,424.600838019012,0.00375506453991648,1322.87384937954,-0.565628423015855,-1.08548675085151,0.277713754851509,0.675160084824232,1.08548675085151,FALSE,TRUE,FALSE,FALSE,FALSE
"CAVIN2","turquoise",0.836738106814166,178.45940423619,178.4554538076,0.00395042858980332,1322.87384937954,-0.686526989707494,-1.31750089123185,0.187679579665526,0.675160084824232,1.31750089123185,FALSE,TRUE,FALSE,FALSE,FALSE
"NSMAF","turquoise",0.979198957351414,1364.10060113709,1363.97089252798,0.129708609110139,1322.87384937954,-0.440249664237932,-0.844874759031876,0.398186659558625,0.675160084824232,0.844874759031876,FALSE,TRUE,TRUE,FALSE,FALSE
"DHX16","turquoise",0.989786915030059,1512.22475673999,1512.17570042621,0.0490563137775553,1322.87384937954,-0.369132931343557,-0.70839598926092,0.478704194764945,0.675160084824232,0.70839598926092,FALSE,TRUE,TRUE,FALSE,FALSE
"CUL4B","turquoise",0.97305088565451,1245.35025091433,1245.19465994404,0.155590970285857,1322.87384937954,-0.484171796726873,-0.929164888286137,0.352810177229121,0.675160084824232,0.929164888286137,FALSE,TRUE,FALSE,FALSE,FALSE
"CUL1","turquoise",0.980250360146749,1371.41399437225,1371.36801606078,0.0459783114786205,1322.87384937954,-0.39491446610283,-0.757872842366344,0.448532314578307,0.675160084824232,0.757872842366344,FALSE,TRUE,TRUE,FALSE,FALSE
"OGT","turquoise",0.954118060639846,952.128002989962,952.040526407833,0.0874765821291703,1322.87384937954,-0.57011894907687,-1.09332452957565,0.274279257364426,0.675160084824232,1.09332452957565,FALSE,TRUE,FALSE,FALSE,FALSE
"RAE1","turquoise",0.978043218504391,1312.13694441624,1312.10525181204,0.0316926041946317,1322.87384937954,-0.367749076690581,-0.705740260111206,0.48035447041299,0.675160084824232,0.705740260111206,FALSE,TRUE,FALSE,FALSE,FALSE
"RANBP3","turquoise",0.982440434191126,1392.41388491024,1392.39956273215,0.0143221780901968,1322.87384937954,-0.456878475255106,-0.876786794048282,0.380608591787866,0.675160084824232,0.876786794048282,FALSE,TRUE,TRUE,FALSE,FALSE
"NIPSNAP1","turquoise",0.9725443426522,1183.45961421359,1183.44811975229,0.0114944612992076,1322.87384937954,-0.360971442590482,-0.692733431390418,0.488481543123066,0.675160084824232,0.692733431390418,FALSE,TRUE,FALSE,FALSE,FALSE
"NDST2","turquoise",0.989393804523215,1487.17486059706,1487.11695033854,0.0579102585136297,1322.87384937954,-0.370694931837944,-0.711393594707336,0.476845203221131,0.675160084824232,0.711393594707336,FALSE,TRUE,TRUE,FALSE,FALSE
"KCNAB2","turquoise",0.980056638507168,1350.58917831409,1350.57907906138,0.0100992527113704,1322.87384937954,-0.498678171252049,-0.95700379579013,0.338572081800281,0.675160084824232,0.95700379579013,FALSE,TRUE,TRUE,FALSE,FALSE
"IFITM1","turquoise",0.863368757694332,291.31882471521,291.317998645338,0.000826069872289281,1322.87384937954,-0.443097120999723,-0.850339259157359,0.395142429147188,0.675160084824232,0.850339259157359,FALSE,TRUE,FALSE,FALSE,FALSE
"GAS7","turquoise",0.891861117862186,471.193287446523,470.807009086338,0.386278360184747,1322.87384937954,-0.749454956567906,-1.43826475582124,0.150368068366969,0.675160084824232,1.43826475582124,FALSE,TRUE,FALSE,FALSE,FALSE
"DGKZ","turquoise",0.970600157939092,1165.43429039497,1165.42111825781,0.0131721371583353,1322.87384937954,-0.471754150583677,-0.905334419701598,0.36529460383793,0.675160084824232,0.905334419701598,FALSE,TRUE,FALSE,FALSE,FALSE
"DGKD","turquoise",0.974770427747533,1221.47644535072,1221.38089488662,0.095550464093094,1322.87384937954,-0.421271495022636,-0.808454115371887,0.418834815384903,0.675160084824232,0.808454115371887,FALSE,TRUE,FALSE,FALSE,FALSE
"CST7","turquoise",0.910526542737728,493.777014445894,493.774835518526,0.00217892736782233,1322.87384937954,-0.373257351525901,-0.716202866031921,0.473872036589894,0.675160084824232,0.716202866031921,FALSE,TRUE,FALSE,FALSE,FALSE
"YBX3","blue",0.905849225884862,9.30339883226703,8.84536167239389,0.458037159873138,19.5381539006617,-0.306257374766628,-0.587732704249945,0.556715588071031,0.682507099052812,0.587732704249945,FALSE,TRUE,FALSE,FALSE,FALSE
"COPS3","turquoise",0.725503932230567,61.6964369512617,59.8697211118827,1.82671583937907,1322.87384937954,0.0126112788294895,0.024202065390765,0.98069157140857,0.985055304396102,0.024202065390765,FALSE,FALSE,FALSE,FALSE,FALSE
"CAMK1","turquoise",0.899660854195178,533.171120870456,533.168445265613,0.00267560484246587,1322.87384937954,-0.278111641092147,-0.533718761962982,0.59353958382337,0.694686338974684,0.533718761962982,FALSE,TRUE,FALSE,FALSE,FALSE
"API5","turquoise",0.971064339776577,1209.50348693166,1209.41101968442,0.0924672472417569,1322.87384937954,-0.561328847441164,-1.07723551712509,0.2813826352444,0.675160084824232,1.07723551712509,FALSE,TRUE,FALSE,FALSE,FALSE
"APOL1","turquoise",0.934012895879355,687.02074442456,687.013170780614,0.00757364394587512,1322.87384937954,-0.322827300299326,-0.619531733252834,0.535570237159011,0.676813488619187,0.619531733252834,FALSE,TRUE,FALSE,FALSE,FALSE
"LMO4","turquoise",0.977370397016311,1253.96067586828,1253.95052207502,0.0101537932594056,1322.87384937954,-0.298801891732202,-0.573425028528987,0.566360705966853,0.68667660733274,0.573425028528987,FALSE,TRUE,FALSE,FALSE,FALSE
"BHLHE40","turquoise",0.95208437551275,1000.91054630499,1000.76816987063,0.142376434360358,1322.87384937954,-0.361960820541067,-0.69463212780178,0.487290576089376,0.675160084824232,0.69463212780178,FALSE,TRUE,FALSE,FALSE,FALSE
"CDK10","turquoise",0.902245829625552,489.869086854952,489.860196065558,0.00889078939383126,1322.87384937954,-0.0724953718735758,-0.139124489620306,0.889352592999553,0.91014871662493,0.139124489620306,FALSE,TRUE,FALSE,FALSE,FALSE
"DEGS1","turquoise",0.980271320786991,1286.22790950279,1286.18370352254,0.0442059802508084,1322.87384937954,-0.584469693532662,-1.12164467482244,0.262021397987381,0.675160084824232,1.12164467482244,FALSE,TRUE,FALSE,FALSE,FALSE
"YARS1","turquoise",0.965461841776604,1159.64947584877,1159.58298841633,0.0664874324415905,1322.87384937954,-0.439453188936877,-0.843346258427068,0.399040697747943,0.675160084824232,0.843346258427068,FALSE,TRUE,FALSE,FALSE,FALSE
"MADD","turquoise",0.963790612944955,1145.85607025961,1145.74574613733,0.110324122273369,1322.87384937954,-0.419633131641673,-0.805309963361928,0.420646414109321,0.675160084824232,0.805309963361928,FALSE,TRUE,FALSE,FALSE,FALSE
"KHSRP","turquoise",0.964095348544387,1133.89577917962,1133.89050377897,0.00527540065718313,1322.87384937954,-0.412916501015335,-0.792420205247617,0.428121180483669,0.675160084824232,0.792420205247617,FALSE,TRUE,FALSE,FALSE,FALSE
"AKR7A2","turquoise",0.980688430858172,1284.95237790352,1284.90796124459,0.0444166589256838,1322.87384937954,-0.466080053767116,-0.894445368397234,0.371089921579757,0.675160084824232,0.894445368397234,FALSE,TRUE,FALSE,FALSE,FALSE
"SCARF1","turquoise",0.92306541178903,582.508754213463,582.493037328151,0.0157168853115763,1322.87384937954,-0.598007606237125,-1.14762502566217,0.251131395618482,0.675160084824232,1.14762502566217,FALSE,TRUE,FALSE,FALSE,FALSE
"NOP14","turquoise",0.977092722176126,1319.18234209936,1319.14131651871,0.0410255806484656,1322.87384937954,-0.471525535618621,-0.904895689069407,0.365527004601768,0.675160084824232,0.904895689069407,FALSE,TRUE,FALSE,FALSE,FALSE
"SKAP1","turquoise",0.967934627106625,1147.34573350408,1147.33942761649,0.00630588759781858,1322.87384937954,-0.4707850602142,-0.903474656801359,0.366280375543341,0.675160084824232,0.903474656801359,FALSE,TRUE,FALSE,FALSE,FALSE
"RNASET2","turquoise",0.848820961180648,211.897764449869,211.896757414162,0.00100703570709015,1322.87384937954,-0.988584472650283,-1.89717366294609,0.0578134096939454,0.675160084824232,1.89717366294609,FALSE,TRUE,FALSE,FALSE,FALSE
"EIF4EBP3","turquoise",0.964751543242882,1067.10643145035,1067.10195297957,0.00447847078021368,1322.87384937954,-0.503890615409138,-0.967006898254298,0.333547400884301,0.675160084824232,0.967006898254298,FALSE,TRUE,FALSE,FALSE,FALSE
"OASL","turquoise",0.67197321700874,30.5418197800915,30.5414170002851,0.000402779806417897,1322.87384937954,-0.625865055806102,-1.20108572740415,0.229726239722925,0.675160084824232,1.20108572740415,FALSE,FALSE,FALSE,FALSE,FALSE
"NUMB","turquoise",0.94024712980061,863.631345766861,863.333881090217,0.297464676643699,1322.87384937954,-0.501128628621807,-0.96170642193154,0.336203872637836,0.675160084824232,0.96170642193154,FALSE,TRUE,FALSE,FALSE,FALSE
"SOCS1","turquoise",0.868766206212168,276.763060113487,276.747179580105,0.0158805333815621,1322.87384937954,-0.308616441617305,-0.59225994458403,0.553680436574933,0.681096310354657,0.59225994458403,FALSE,TRUE,FALSE,FALSE,FALSE
"DDX3Y","turquoise",0.943489373109127,849.789694620951,849.550832658373,0.238861962577971,1322.87384937954,-0.656405978961284,-1.25969623227759,0.207787533265869,0.675160084824232,1.25969623227759,FALSE,TRUE,FALSE,FALSE,FALSE
"DYNLL1","brown",0.888427186414702,7.17264599852616,3.7249121473311,3.44773385119506,7.78987287898542,-0.335475275400395,-0.643804221760586,0.519706698876797,0.675868213972517,0.643804221760586,FALSE,TRUE,FALSE,FALSE,FALSE
"EIF3A","turquoise",0.924369820604183,689.296361881531,689.129562946814,0.166798934717121,1322.87384937954,-0.52082542642575,-0.999506172050855,0.317556599222806,0.675160084824232,0.999506172050855,FALSE,TRUE,FALSE,FALSE,FALSE
"EIF3C","turquoise",0.972054680604586,1191.15185104302,1191.07128116748,0.0805698755466437,1322.87384937954,-0.492937867962763,-0.945987688902916,0.344161527106694,0.675160084824232,0.945987688902916,FALSE,TRUE,FALSE,FALSE,FALSE
"EIF3D","turquoise",0.98326571853608,1376.31449572633,1376.29640734051,0.0180883858258767,1322.87384937954,-0.542926607977407,-1.04192012929963,0.297456051861127,0.675160084824232,1.04192012929963,FALSE,TRUE,TRUE,FALSE,FALSE
"EIF3F","turquoise",0.968508755108557,1098.73856778324,1098.72606456992,0.0125032133266814,1322.87384937954,-0.688991244743394,-1.32222999621198,0.186100389209038,0.675160084824232,1.32222999621198,FALSE,TRUE,FALSE,FALSE,FALSE
"EIF3G","turquoise",0.923095991381358,697.658156876003,697.657874582914,0.000282293088957886,1322.87384937954,-0.414671223277324,-0.795787659373521,0.426160970947166,0.675160084824232,0.795787659373521,FALSE,TRUE,FALSE,FALSE,FALSE
"EIF3H","turquoise",0.956174623728754,948.244160270714,948.216015955692,0.0281443150223595,1322.87384937954,-0.44524292572956,-0.854457232210646,0.392857662016225,0.675160084824232,0.854457232210646,FALSE,TRUE,FALSE,FALSE,FALSE
"EIF3I","turquoise",0.973228190001336,1193.1452304277,1193.13750946275,0.00772096494893049,1322.87384937954,-0.538059970568737,-1.03258065799064,0.301807461507706,0.675160084824232,1.03258065799064,FALSE,TRUE,FALSE,FALSE,FALSE
"EIF3J","turquoise",0.731525345350282,60.7828215028042,59.4866013386457,1.29622016415855,1322.87384937954,-0.482772371878682,-0.926479278670863,0.354203477198584,0.675160084824232,0.926479278670863,FALSE,FALSE,FALSE,FALSE,FALSE
"VAMP8","turquoise",0.881821562632041,386.85677611862,386.85648346582,0.000292652800112592,1322.87384937954,-0.688755332716855,-1.32177726192786,0.186251144320395,0.675160084824232,1.32177726192786,FALSE,TRUE,FALSE,FALSE,FALSE
"STX16","turquoise",0.972690568034706,1135.46665369762,1135.44012832115,0.0265253764682711,1322.87384937954,-0.543529327700519,-1.04307679725918,0.296920074826624,0.675160084824232,1.04307679725918,FALSE,TRUE,FALSE,FALSE,FALSE
"STX11","turquoise",0.880345357563143,413.789397909509,413.500006808082,0.289391101426645,1322.87384937954,-0.508221647018485,-0.975318498658675,0.329409173119697,0.675160084824232,0.975318498658675,FALSE,TRUE,FALSE,FALSE,FALSE
"STX10","turquoise",0.943797902570955,746.34649514866,746.336723171079,0.0097719775810674,1322.87384937954,-0.675095092774323,-1.29556215521167,0.195135090203964,0.675160084824232,1.29556215521167,FALSE,TRUE,FALSE,FALSE,FALSE
"BECN1","turquoise",0.920634015420182,700.13957522126,699.052945718094,1.08662950316523,1322.87384937954,-0.326986305460489,-0.627513200971685,0.530327061478734,0.676813488619187,0.627513200971685,FALSE,TRUE,FALSE,FALSE,FALSE
"JMJD7-PLA2G4B","turquoise",0.960089408290179,1017.38553314011,1017.35095072946,0.0345824106465216,1322.87384937954,-0.211780296235894,-0.406423539379007,0.684433961511292,0.747526677087326,0.406423539379007,FALSE,TRUE,FALSE,FALSE,FALSE
"PEA15","turquoise",0.935821449774547,806.227693661313,806.187822747502,0.039870913810887,1322.87384937954,-0.340181609111061,-0.652836057291012,0.513866349214543,0.675506535372884,0.652836057291012,FALSE,TRUE,FALSE,FALSE,FALSE
"SRSF9","turquoise",0.961554839733977,977.540538476517,977.528471245062,0.0120672314550347,1322.87384937954,-0.762633808413461,-1.4635560397944,0.143324451730958,0.675160084824232,1.4635560397944,FALSE,TRUE,FALSE,FALSE,FALSE
"MARCO","turquoise",0.701595051017673,32.8196098768118,32.8107635918039,0.00884628500792672,1322.87384937954,-0.039765139455997,-0.0763125229724133,0.939170907930247,0.951281953675304,0.0763125229724133,FALSE,FALSE,FALSE,FALSE,FALSE
"DGAT1","turquoise",0.965480821725105,1041.887686313,1041.87563513961,0.0120511733828153,1322.87384937954,-0.442252270579325,-0.848717922780902,0.396044191670575,0.675160084824232,0.848717922780902,FALSE,TRUE,FALSE,FALSE,FALSE
"S1PR4","turquoise",0.889306399013125,419.455247395314,419.454963539187,0.00028385612722559,1322.87384937954,-0.560499516838476,-1.07564396453568,0.282094080382982,0.675160084824232,1.07564396453568,FALSE,TRUE,FALSE,FALSE,FALSE
"B3GALT4","turquoise",0.965215288739515,1097.95108809414,1097.94771414544,0.00337394869688978,1322.87384937954,-0.424664709248034,-0.814965968267877,0.415097446850968,0.675160084824232,0.814965968267877,FALSE,TRUE,FALSE,FALSE,FALSE
"TRADD","turquoise",0.968504446884749,1098.25715277958,1098.25039241482,0.00676036476738773,1322.87384937954,-0.582903298737654,-1.11863863635726,0.263302164923048,0.675160084824232,1.11863863635726,FALSE,TRUE,FALSE,FALSE,FALSE
"TNFRSF25","turquoise",0.897908455657142,526.741238804176,526.740364849021,0.000873955154020223,1322.87384937954,-0.26120837245728,-0.501280020551434,0.616177280249455,0.702681296195138,0.501280020551434,FALSE,TRUE,FALSE,FALSE,FALSE
"MBTPS1","turquoise",0.983892922553902,1422.97318946814,1422.82885142933,0.144338038806836,1322.87384937954,-0.40943374199786,-0.785736508643898,0.432027295593519,0.675160084824232,0.785736508643898,FALSE,TRUE,TRUE,FALSE,FALSE
"EDF1","turquoise",0.956361398968508,922.290883474988,922.285721124852,0.00516235013674304,1322.87384937954,-0.46376488758775,-0.890002377006664,0.373470849697913,0.675160084824232,0.890002377006664,FALSE,TRUE,FALSE,FALSE,FALSE
"SNX3","brown",0.83231491825543,3.327330802022,2.34026384148091,0.987066960541092,7.78987287898542,-0.462913208280239,-0.888367935442805,0.374349094808666,0.675160084824232,0.888367935442805,FALSE,TRUE,FALSE,FALSE,FALSE
"ADAM19","turquoise",0.965025725315372,1042.8645088603,1042.81039819094,0.0541106693588063,1322.87384937954,-0.724299746355352,-1.3899898702435,0.164540970624594,0.675160084824232,1.3899898702435,FALSE,TRUE,FALSE,FALSE,FALSE
"GBF1","turquoise",0.977168438234122,1338.65090036415,1338.54399225946,0.106908104691911,1322.87384937954,-0.417600118124929,-0.801408445780895,0.422900776910748,0.675160084824232,0.801408445780895,FALSE,TRUE,TRUE,FALSE,FALSE
"GPAA1","turquoise",0.942494720971515,878.61784475153,878.616677716598,0.00116703493210935,1322.87384937954,-0.495501739847555,-0.950907966683483,0.341657795166521,0.675160084824232,0.950907966683483,FALSE,TRUE,FALSE,FALSE,FALSE
"TNFSF14","turquoise",0.927050861648885,606.497184230813,606.480362498004,0.0168217328089213,1322.87384937954,-0.213749142638676,-0.410201915071812,0.681660397323638,0.745071587770046,0.410201915071812,FALSE,TRUE,FALSE,FALSE,FALSE
"TNFSF13","turquoise",0.929207929004597,698.42741389896,698.391961040641,0.0354528583194451,1322.87384937954,-0.511761532599786,-0.982111825764737,0.326051684884437,0.675160084824232,0.982111825764737,FALSE,TRUE,FALSE,FALSE,FALSE
"TNFSF12","turquoise",0.942984744366336,884.632283382784,884.629456536399,0.00282684638580122,1322.87384937954,-0.651000043860946,-1.24932180502358,0.211555918043335,0.675160084824232,1.24932180502358,FALSE,TRUE,FALSE,FALSE,FALSE
"TNFSF10","turquoise",0.881928858533595,382.70193018882,382.681450350865,0.0204798379552926,1322.87384937954,-0.0946418965282362,-0.181625463955831,0.855877736724064,0.882082606257184,0.181625463955831,FALSE,TRUE,FALSE,FALSE,FALSE
"ADAM15","turquoise",0.926690744979421,705.866992971579,705.86072468383,0.00626828774909427,1322.87384937954,-0.555042481471956,-1.06517147173254,0.286805836285294,0.675160084824232,1.06517147173254,FALSE,TRUE,FALSE,FALSE,FALSE
"CDS2","turquoise",0.972816737934921,1183.42933306382,1183.38410618778,0.0452268760445804,1322.87384937954,-0.544579790303217,-1.04509272006486,0.295987480784698,0.675160084824232,1.04509272006486,FALSE,TRUE,FALSE,FALSE,FALSE
"PABPC4","turquoise",0.943063229929235,798.876238461331,798.874055454771,0.00218300655967596,1322.87384937954,-0.650077542267717,-1.24755144975792,0.212203881911481,0.675160084824232,1.24755144975792,FALSE,TRUE,FALSE,FALSE,FALSE
"CD164","turquoise",0.96839528787215,1151.1410579687,1151.07014384574,0.0709141229631314,1322.87384937954,-0.540342620143174,-1.03684389516385,0.29981638918954,0.675160084824232,1.03684389516385,FALSE,TRUE,FALSE,FALSE,FALSE
"TNFRSF14","turquoise",0.946288840750302,833.024783813575,833.023000962577,0.00178285099866571,1322.87384937954,-0.368976661377599,-0.708096094540816,0.478890394722203,0.675160084824232,0.708096094540816,FALSE,TRUE,FALSE,FALSE,FALSE
"RIPK2","turquoise",0.970112216112065,1170.5839147945,1170.44118454493,0.142730249563328,1322.87384937954,-0.543178104611907,-1.04240277170854,0.297232326348388,0.675160084824232,1.04240277170854,FALSE,TRUE,FALSE,FALSE,FALSE
"FADD","turquoise",0.959540066917114,953.756770376979,953.742875011486,0.0138953654928855,1322.87384937954,-0.503206519214102,-0.965694062254898,0.334204097696109,0.675160084824232,0.965694062254898,FALSE,TRUE,FALSE,FALSE,FALSE
"SNAP23","turquoise",0.96382604781969,1065.64900591649,1065.56209314674,0.0869127697483236,1322.87384937954,-0.847671579842253,-1.6267504099,0.103799300322221,0.675160084824232,1.6267504099,FALSE,TRUE,FALSE,FALSE,FALSE
"SIGLEC5","turquoise",0.791648671913891,93.4404820199959,93.4248522059862,0.0156298140097562,1322.87384937954,0.154961551907213,0.297383767579785,0.766175335343828,0.807401968867243,0.297383767579785,FALSE,FALSE,FALSE,FALSE,FALSE
"TNFRSF10C","turquoise",0.908056013978015,511.020651449488,511.009191783839,0.0114596656485446,1322.87384937954,-0.7693927982092,-1.47615985886823,0.139916091384917,0.675160084824232,1.47615985886823,FALSE,TRUE,FALSE,FALSE,FALSE
"PEX11B","turquoise",0.963781714684518,1055.91806480618,1055.90811549821,0.0099493079731019,1322.87384937954,-0.40482904318137,-0.776899718706236,0.43722329298935,0.675160084824232,0.776899718706236,FALSE,TRUE,FALSE,FALSE,FALSE
"SUCLG1","turquoise",0.977862383086727,1255.34714097751,1255.22963598296,0.117504994548653,1322.87384937954,-0.587306688205045,-1.12708909735108,0.259712694379323,0.675160084824232,1.12708909735108,FALSE,TRUE,FALSE,FALSE,FALSE
"IL18RAP","turquoise",0.770138554296474,63.649116542555,63.6483948581336,0.000721684421449709,1322.87384937954,-0.0236731667346689,-0.0454307241212689,0.963764256335558,0.970552922146797,0.0454307241212689,FALSE,FALSE,FALSE,FALSE,FALSE
"CCNK","turquoise",0.969523906196636,1231.97092804477,1231.85626735958,0.114660685184163,1322.87384937954,-0.378179076862248,-0.725756275108046,0.467993146252752,0.675160084824232,0.725756275108046,FALSE,TRUE,FALSE,FALSE,FALSE
"BANF1","turquoise",0.940347959781792,828.443070982564,828.44241342859,0.000657553973496761,1322.87384937954,-0.467830903112949,-0.897805390083389,0.36929561014635,0.675160084824232,0.897805390083389,FALSE,TRUE,FALSE,FALSE,FALSE
"DPM2","blue",0.749072046591334,0.95045192233101,0.933489566636636,0.0169623556943735,19.5381539006617,0.00236264808619505,0.00453411301506946,0.996382339982874,0.996847178956507,0.00453411301506946,FALSE,FALSE,FALSE,FALSE,FALSE
"CES2","turquoise",0.970043586627227,1189.60125664313,1189.5951844718,0.00607217133301674,1322.87384937954,-0.360547153096178,-0.691919185490014,0.488992763409816,0.675160084824232,0.691919185490014,FALSE,TRUE,FALSE,FALSE,FALSE
"IQGAP1","turquoise",0.921761090072459,715.310185829566,714.527127863172,0.783057966393699,1322.87384937954,-0.712107015101167,-1.36659103154557,0.171762484479083,0.675160084824232,1.36659103154557,FALSE,TRUE,FALSE,FALSE,FALSE
"CD84","turquoise",0.978862946938787,1262.66984870284,1262.64969468165,0.0201540211921838,1322.87384937954,-0.548149799866965,-1.05194385753281,0.292832716653224,0.675160084824232,1.05194385753281,FALSE,TRUE,FALSE,FALSE,FALSE
"CFLAR","turquoise",0.926484510864853,659.069925394608,658.765225118044,0.304700276563835,1322.87384937954,-0.549094836392275,-1.0537574591581,0.292001394892546,0.675160084824232,1.0537574591581,FALSE,TRUE,FALSE,FALSE,FALSE
"HDAC3","turquoise",0.970814798441613,1187.74534908072,1187.73571554885,0.00963353186261884,1322.87384937954,-0.412442307789683,-0.791510190045333,0.428651803565953,0.675160084824232,0.791510190045333,FALSE,TRUE,FALSE,FALSE,FALSE
"HCAR3","turquoise",0.870001469898844,302.852322258596,302.847235899176,0.0050863594196926,1322.87384937954,-0.357822747141242,-0.686690829828083,0.492282217468701,0.675160084824232,0.686690829828083,FALSE,TRUE,FALSE,FALSE,FALSE
"ALKBH1","turquoise",0.969497728491536,1149.70857045483,1149.6792848423,0.0292856125320213,1322.87384937954,-0.177396825246316,-0.340438874024897,0.733528131987073,0.783196952475119,0.340438874024897,FALSE,TRUE,FALSE,FALSE,FALSE
"KAT2B","brown",0.86139608553329,3.45714097513556,2.64709625774878,0.810044717386782,7.78987287898542,-0.164868066929095,-0.316395172180051,0.751704505622749,0.795475110934115,0.316395172180051,FALSE,TRUE,FALSE,FALSE,FALSE
"LDB1","turquoise",0.976129128601009,1260.48027770651,1260.47386343568,0.00641427082427981,1322.87384937954,-0.379408035864337,-0.728114746959573,0.46654831598003,0.675160084824232,0.728114746959573,FALSE,TRUE,FALSE,FALSE,FALSE
"IER3","turquoise",0.907322692816604,497.163802958548,497.115076601982,0.0487263565656235,1322.87384937954,-0.389199009707925,-0.746904418681659,0.455126376380779,0.675160084824232,0.746904418681659,FALSE,TRUE,FALSE,FALSE,FALSE
"CDC123","turquoise",0.969448492847091,1102.46185960506,1102.40061021071,0.0612493943463051,1322.87384937954,-0.561613185397751,-1.07778118469072,0.281138995158338,0.675160084824232,1.07778118469072,FALSE,TRUE,FALSE,FALSE,FALSE
"VNN2","turquoise",0.899197953558751,441.333823110446,441.183469221073,0.150353889372298,1322.87384937954,-1.05419150102636,-2.02269436429645,0.0431154170288243,0.675160084824232,2.02269436429645,FALSE,TRUE,FALSE,FALSE,FALSE
"VNN1","turquoise",0.714997800247772,31.3302809682676,31.2837871469918,0.0464938212758277,1322.87384937954,-0.290599498779377,-0.557683972186561,0.577063842475675,0.689422512640159,0.557683972186561,FALSE,FALSE,FALSE,FALSE,FALSE
"SQSTM1","turquoise",0.90388650085528,503.214043251608,502.376369308928,0.837673942679771,1322.87384937954,-0.689402457670322,-1.32301914712059,0.18583782704349,0.675160084824232,1.32301914712059,FALSE,TRUE,FALSE,FALSE,FALSE
"CDC16","turquoise",0.903553311737657,541.187721972443,540.746036270713,0.441685701730194,1322.87384937954,-0.29067967436909,-0.557837835636193,0.57695876326661,0.689422512640159,0.557837835636193,FALSE,TRUE,FALSE,FALSE,FALSE
"DDX18","turquoise",0.967124106895304,1145.23530244754,1145.21266581351,0.0226366340289132,1322.87384937954,-0.43927495709495,-0.843004217088411,0.39923196162787,0.675160084824232,0.843004217088411,FALSE,TRUE,FALSE,FALSE,FALSE
"TAX1BP1","turquoise",0.606751284668177,17.9371915586972,15.3869280420574,2.55026351663983,1322.87384937954,-0.363210913057637,-0.697031156579082,0.485788018024296,0.675160084824232,0.697031156579082,FALSE,FALSE,FALSE,FALSE,FALSE
"EIF2B4","turquoise",0.977878526784903,1293.97053827098,1293.95349375432,0.0170445166600075,1322.87384937954,-0.31651614703008,-0.607420119024127,0.543576159714407,0.678833475375363,0.607420119024127,FALSE,TRUE,FALSE,FALSE,FALSE
"EIF2S2","turquoise",0.91306701651326,567.60038988196,567.380192714159,0.220197167800279,1322.87384937954,-0.365717521460569,-0.701841541100512,0.482782749558431,0.675160084824232,0.701841541100512,FALSE,TRUE,FALSE,FALSE,FALSE
"CPNE3","turquoise",0.936953170068925,774.317724672496,774.230152305959,0.0875723665365058,1322.87384937954,-0.546092488011594,-1.04799570947216,0.2946479655086,0.675160084824232,1.04799570947216,FALSE,TRUE,FALSE,FALSE,FALSE
"CPNE1","turquoise",0.904616285668933,461.159596397032,461.147662333864,0.0119340631680984,1322.87384937954,-0.293863122308167,-0.563947130040935,0.572793799700462,0.688257984588534,0.563947130040935,FALSE,TRUE,FALSE,FALSE,FALSE
"AP1G2","turquoise",0.965224294242577,1109.97386262898,1109.95011668083,0.0237459481559199,1322.87384937954,-0.301551416629517,-0.578701589475585,0.562794341806123,0.685275834367877,0.578701589475585,FALSE,TRUE,FALSE,FALSE,FALSE
"SNURF","turquoise",0.957147031060202,999.566584843962,999.561633692508,0.00495115145417913,1322.87384937954,-0.54234026142033,-1.04079488277167,0.29797808905113,0.675160084824232,1.04079488277167,FALSE,TRUE,FALSE,FALSE,FALSE
"MBD4","turquoise",0.978419425020761,1298.45899593649,1298.37667181376,0.0823241227310518,1322.87384937954,-0.35470963727133,-0.680716519874357,0.49605547462028,0.675160084824232,0.680716519874357,FALSE,TRUE,FALSE,FALSE,FALSE
"MBD2","turquoise",0.965403889066286,1147.78018042363,1147.66617761564,0.114002807995121,1322.87384937954,-0.576394569845995,-1.1061478585086,0.268670282276899,0.675160084824232,1.1061478585086,FALSE,TRUE,FALSE,FALSE,FALSE
"RAB29","turquoise",0.965884968318864,1117.47331345252,1117.4647788036,0.00853464891861222,1322.87384937954,-0.310257764945698,-0.595409776972817,0.55157351864778,0.681096310354657,0.595409776972817,FALSE,TRUE,FALSE,FALSE,FALSE
"AP3D1","turquoise",0.96852461488982,1183.30918342499,1183.12894974123,0.180233683758843,1322.87384937954,-0.444534040122788,-0.853096823322566,0.393611567924155,0.675160084824232,0.853096823322566,FALSE,TRUE,FALSE,FALSE,FALSE
"SNORD73A","turquoise",0.724143269954128,39.588418925001,39.5792292306688,0.00918969433218564,1322.87384937954,-0.360700679181902,-0.692213814481739,0.488807748772815,0.675160084824232,0.692213814481739,FALSE,FALSE,FALSE,FALSE,FALSE
"H1-10","turquoise",0.877765651809764,348.285016426076,348.284280452693,0.000735973382688826,1322.87384937954,-0.707397246230259,-1.35755260366445,0.174614619231233,0.675160084824232,1.35755260366445,FALSE,TRUE,FALSE,FALSE,FALSE
"MGAM","turquoise",0.827317311813714,193.804564462438,193.457436846024,0.347127616414156,1322.87384937954,-0.440087847500944,-0.844416525531479,0.398444556531888,0.675160084824232,0.844416525531479,FALSE,TRUE,FALSE,FALSE,FALSE
"PLOD3","turquoise",0.95978076261038,1046.58836187275,1046.49257454772,0.0957873250274588,1322.87384937954,-0.468881130167099,-0.899820860852321,0.36822190588661,0.675160084824232,0.899820860852321,FALSE,TRUE,FALSE,FALSE,FALSE
"RPS6KA4","turquoise",0.907200746208031,588.023794738898,588.017613052182,0.00618168671599051,1322.87384937954,-0.645358216793303,-1.23849468198073,0.215541165673234,0.675160084824232,1.23849468198073,FALSE,TRUE,FALSE,FALSE,FALSE
"SELENBP1","blue",0.973206627647585,20.1520880991292,20.1403040605478,0.0117840385813359,19.5381539006617,0.281187577322975,0.53962173269282,0.589461427537664,0.693607698959957,0.53962173269282,FALSE,TRUE,TRUE,FALSE,FALSE
"PGLYRP1","turquoise",0.518377712733905,2.07251333429875,2.06756142548643,0.00495190881231933,1322.87384937954,-0.623147219892015,-1.19586998018269,0.231755565757887,0.675160084824232,1.19586998018269,FALSE,FALSE,FALSE,FALSE,FALSE
"TAF1C","turquoise",0.941338633588339,827.422709383333,827.410761193724,0.0119481896089155,1322.87384937954,-0.0784523971826896,-0.150556503614675,0.880326460261685,0.90285035582553,0.150556503614675,FALSE,TRUE,FALSE,FALSE,FALSE
"MPZL1","turquoise",0.817832287742451,159.167098988987,159.09035719066,0.076741798326708,1322.87384937954,-0.576766503380615,-1.10686162908235,0.268361517527492,0.675160084824232,1.10686162908235,FALSE,TRUE,FALSE,FALSE,FALSE
"SOCS3","turquoise",0.612148711415392,8.36177710846484,8.35714028877632,0.00463681968851759,1322.87384937954,-0.746509536523996,-1.43261225622388,0.151977787452045,0.675160084824232,1.43261225622388,FALSE,FALSE,FALSE,FALSE,FALSE
"CLIC3","turquoise",0.823557030629654,159.755602978831,159.755432607587,0.000170371244621492,1322.87384937954,-0.0222406538900151,-0.0426816159611708,0.965955582903705,0.972531336871828,0.0426816159611708,FALSE,TRUE,FALSE,FALSE,FALSE
"BAZ1B","turquoise",0.966715411221685,1165.12586440776,1165.04342092569,0.0824434820779061,1322.87384937954,-0.400664909027987,-0.768908408035949,0.441952978086722,0.675160084824232,0.768908408035949,FALSE,TRUE,FALSE,FALSE,FALSE
"UBA3","turquoise",0.953229657507774,955.205492692811,955.066304049472,0.139188643339594,1322.87384937954,-0.618957567510732,-1.18782969796648,0.234908733755729,0.675160084824232,1.18782969796648,FALSE,TRUE,FALSE,FALSE,FALSE
"RPL14","turquoise",0.910334328541956,568.974178746719,568.973538330162,0.000640416556848322,1322.87384937954,-0.490141305485725,-0.940620859031518,0.346905810408367,0.675160084824232,0.940620859031518,FALSE,TRUE,FALSE,FALSE,FALSE
"DOK2","turquoise",0.924333796104939,723.72262292275,723.72053849593,0.00208442681923771,1322.87384937954,-0.349771436975766,-0.671239713589933,0.502072351623094,0.675272681317988,0.671239713589933,FALSE,TRUE,FALSE,FALSE,FALSE
"SH2D2A","turquoise",0.940334033604784,793.89813262468,793.89234291434,0.00578971033962716,1322.87384937954,-0.248611283633389,-0.477105186930582,0.633290259997962,0.71190906812825,0.477105186930582,FALSE,TRUE,FALSE,FALSE,FALSE
"AIP","turquoise",0.955971452750691,962.875465553657,962.871831801604,0.00363375205290595,1322.87384937954,-0.468415642477288,-0.898927552278328,0.368697559279178,0.675160084824232,0.898927552278328,FALSE,TRUE,FALSE,FALSE,FALSE
"PSTPIP2","turquoise",0.965964395960258,1082.15902381614,1082.09506794766,0.0639558684820258,1322.87384937954,-0.483696315433048,-0.928252401176713,0.353283188063335,0.675160084824232,0.928252401176713,FALSE,TRUE,FALSE,FALSE,FALSE
"PSTPIP1","turquoise",0.954590596012283,891.164259767685,891.152370395007,0.0118893726781835,1322.87384937954,-0.289940699519826,-0.556419683055015,0.577927614970218,0.68970573654207,0.556419683055015,FALSE,TRUE,FALSE,FALSE,FALSE
"SLC7A7","turquoise",0.905732685708668,561.191654773134,561.136395501998,0.0552592711351281,1322.87384937954,-0.559051725860635,-1.0728655364007,0.283338996325936,0.675160084824232,1.0728655364007,FALSE,TRUE,FALSE,FALSE,FALSE
"SLC7A6","turquoise",0.978789878655137,1324.67189773343,1324.64704256528,0.0248551681459048,1322.87384937954,-0.463731372561324,-0.889938058956757,0.373505386006784,0.675160084824232,0.889938058956757,FALSE,TRUE,TRUE,FALSE,FALSE
"PAPSS1","turquoise",0.843231039644034,227.279196219178,227.159372579823,0.119823639354337,1322.87384937954,-0.322030621302559,-0.61800284173946,0.536577567176742,0.676813488619187,0.61800284173946,FALSE,TRUE,FALSE,FALSE,FALSE
"ASH2L","turquoise",0.887632396771801,437.321193960242,436.850563041432,0.4706309188104,1322.87384937954,-0.242739810866941,-0.465837355194012,0.641334881286629,0.716510889772949,0.465837355194012,FALSE,TRUE,FALSE,FALSE,FALSE
"CLDN9","turquoise",0.853031886551483,231.995977351827,231.992104425244,0.00387292658371052,1322.87384937954,-0.307416378500017,-0.58995692627555,0.555223412537423,0.681360004684695,0.58995692627555,FALSE,TRUE,FALSE,FALSE,FALSE
"EIF1AY","brown",0.775719729110154,1.31323615429064,1.05300422704679,0.260231927243852,7.78987287898542,0.280878371424327,0.538971637749805,0.589910039113554,0.693768747016011,0.538971637749805,FALSE,FALSE,FALSE,FALSE,FALSE
"SART1","turquoise",0.972716579100632,1192.87856096817,1192.85357952112,0.0249814470478213,1322.87384937954,-0.496711009672701,-0.953228653409942,0.340480946517868,0.675160084824232,0.953228653409942,FALSE,TRUE,FALSE,FALSE,FALSE
"DNAJA3","turquoise",0.977844510342004,1322.90469484014,1322.87696468894,0.0277301512021495,1322.87384937954,-0.293395753424878,-0.563050211304311,0.573404372378578,0.688257984588534,0.563050211304311,FALSE,TRUE,TRUE,FALSE,FALSE
"UNC119","turquoise",0.955305307550711,925.779107794873,925.767594155811,0.0115136390618318,1322.87384937954,-0.56435260787278,-1.08303835827081,0.278799008155872,0.675160084824232,1.08303835827081,FALSE,TRUE,FALSE,FALSE,FALSE
"USP10","turquoise",0.973702955918668,1162.88769245093,1162.8100255624,0.0776668885314393,1322.87384937954,-0.559805922997572,-1.0743129017847,0.282690019143068,0.675160084824232,1.0743129017847,FALSE,TRUE,FALSE,FALSE,FALSE
"NMI","turquoise",0.911719752213983,577.334666401864,577.237633008048,0.0970333938161048,1322.87384937954,-0.40886509196904,-0.784645223186806,0.432667024420362,0.675160084824232,0.784645223186806,FALSE,TRUE,FALSE,FALSE,FALSE
"MTA1","turquoise",0.978092735426422,1348.85891367274,1348.76959497207,0.0893187006718108,1322.87384937954,-0.344156289808545,-0.660463791436655,0.508960680942195,0.675272681317988,0.660463791436655,FALSE,TRUE,TRUE,FALSE,FALSE
"ATP6V0D1","turquoise",0.922983647118573,622.341875180963,622.336120564996,0.00575461596736204,1322.87384937954,-0.696742494986694,-1.3371052731593,0.181197140368169,0.675160084824232,1.3371052731593,FALSE,TRUE,FALSE,FALSE,FALSE
"SLC16A5","turquoise",0.968068172878409,1103.75331553092,1103.71334979768,0.039965733231611,1322.87384937954,-0.58387064175116,-1.12049504593988,0.262510705040254,0.675160084824232,1.12049504593988,FALSE,TRUE,FALSE,FALSE,FALSE
"SLC16A3","turquoise",0.923878339839999,585.991036957307,585.978160424316,0.0128765329914131,1322.87384937954,-0.465660797167287,-0.893640781028914,0.371520387179777,0.675160084824232,0.893640781028914,FALSE,TRUE,FALSE,FALSE,FALSE
"CNOT9","turquoise",0.986630731062438,1452.4700855393,1452.45506965987,0.0150158794297113,1322.87384937954,-0.459597172855836,-0.882004194916204,0.377780717386359,0.675160084824232,0.882004194916204,FALSE,TRUE,TRUE,FALSE,FALSE
"RRP9","turquoise",0.885327457475922,416.53874063268,416.538421984639,0.000318648041115921,1322.87384937954,-0.425495134532664,-0.816559621640584,0.414185807225376,0.675160084824232,0.816559621640584,FALSE,TRUE,FALSE,FALSE,FALSE
"ARHGEF1","turquoise",0.944514167798092,887.099336140912,887.090009169705,0.00932697120640569,1322.87384937954,-0.415070999094192,-0.796554861541699,0.425715112706908,0.675160084824232,0.796554861541699,FALSE,TRUE,FALSE,FALSE,FALSE
"SYNGR2","turquoise",0.949479244574971,906.793563245485,906.78962335447,0.00393989101507941,1322.87384937954,-0.493349583891519,-0.94677780511277,0.343758681235288,0.675160084824232,0.94677780511277,FALSE,TRUE,FALSE,FALSE,FALSE
"HGS","turquoise",0.967649433400265,1080.58621593774,1080.50907115016,0.0771447875793001,1322.87384937954,-0.371852277817655,-0.713614635369383,0.475470358855716,0.675160084824232,0.713614635369383,FALSE,TRUE,FALSE,FALSE,FALSE
"FIBP","turquoise",0.95583021738623,993.55375661221,993.551855842237,0.00190076997375854,1322.87384937954,-0.498883704927079,-0.957398231557536,0.338373036280273,0.675160084824232,0.957398231557536,FALSE,TRUE,FALSE,FALSE,FALSE
"PCSK7","turquoise",0.962913285596198,1088.86994955699,1088.84119215835,0.0287573986342977,1322.87384937954,-0.419272314038333,-0.804617525160517,0.421046000764437,0.675160084824232,0.804617525160517,FALSE,TRUE,FALSE,FALSE,FALSE
"TMSB10","turquoise",0.757976986238705,100.38457303779,100.384469553862,0.000103483927787806,1322.87384937954,-0.329724148977008,-0.632767344402525,0.526889801490472,0.676813488619187,0.632767344402525,FALSE,FALSE,FALSE,FALSE,FALSE
"LPAR2","turquoise",0.903634274811566,479.072142605332,479.011269860248,0.0608727450839979,1322.87384937954,-0.299209005357557,-0.574206312545898,0.565831962240132,0.686521438768862,0.574206312545898,FALSE,TRUE,FALSE,FALSE,FALSE
"MYOM2","turquoise",0.454398155908853,0.530548748804375,0.530036661650334,0.000512087154040497,1322.87384937954,-1.26471637639027,-1.63788050905967,0.112962285393847,0.675160084824232,1.63788050905967,FALSE,FALSE,FALSE,FALSE,FALSE
"ARHGEF2","turquoise",0.977860764724629,1337.21950042094,1337.09276143125,0.126738989690011,1322.87384937954,-0.503483304326039,-0.966225235299983,0.333938298017001,0.675160084824232,0.966225235299983,FALSE,TRUE,TRUE,FALSE,FALSE
"BUB3","turquoise",0.969367979400214,1155.54426742801,1155.49126258422,0.0530048437881305,1322.87384937954,-0.425459356972201,-0.81649096160463,0.414225059343993,0.675160084824232,0.81649096160463,FALSE,TRUE,FALSE,FALSE,FALSE
"DDX21","turquoise",0.965014635295877,1119.9998456037,1119.9490101398,0.0508354639009667,1322.87384937954,-0.661965238624163,-1.27036490178402,0.203963293310949,0.675160084824232,1.27036490178402,FALSE,TRUE,FALSE,FALSE,FALSE
"FCMR","turquoise",0.955403810700251,976.835531909598,976.832759524727,0.00277238487126397,1322.87384937954,-0.323754893877895,-0.621239027300173,0.534446814454243,0.676813488619187,0.621239027300173,FALSE,TRUE,FALSE,FALSE,FALSE
"MTA2","turquoise",0.971378946568455,1249.59310736657,1249.57650456766,0.0166027989102986,1322.87384937954,-0.51118401721772,-0.981003526976809,0.326597919095772,0.675160084824232,0.981003526976809,FALSE,TRUE,FALSE,FALSE,FALSE
"NOLC1","turquoise",0.970167452385193,1217.00124900688,1216.93614312865,0.0651058782348173,1322.87384937954,-0.486398730321319,-0.933438554200782,0.350600150430492,0.675160084824232,0.933438554200782,FALSE,TRUE,FALSE,FALSE,FALSE
"IL32","turquoise",0.899035508516265,508.934145514641,508.933804415594,0.000341099046863746,1322.87384937954,-0.705180329308503,-1.35196343062377,0.176428577952471,0.675160084824232,1.35196343062377,FALSE,TRUE,FALSE,FALSE,FALSE
"TBRG4","turquoise",0.954853186858946,996.236650662744,996.233045017351,0.00360564539255392,1322.87384937954,-0.294679742513004,-0.565514290347522,0.571727704894981,0.688257984588534,0.565514290347522,FALSE,TRUE,FALSE,FALSE,FALSE
"PNMA1","turquoise",0.940357877604783,813.405721601737,813.250208190948,0.155513410788899,1322.87384937954,-0.528372022744992,-1.01398870154413,0.310595293538204,0.675160084824232,1.01398870154413,FALSE,TRUE,FALSE,FALSE,FALSE
"NOG","turquoise",0.886305865275766,372.671286297244,372.664799482378,0.00648681486580927,1322.87384937954,-0.295178108368629,-0.566470694784332,0.571077553963135,0.688257984588534,0.566470694784332,FALSE,TRUE,FALSE,FALSE,FALSE
"UBE2L6","turquoise",0.879208863466112,357.1096602106,357.099957718985,0.00970249161520087,1322.87384937954,-0.351670606287209,-0.674884373301697,0.499753776794616,0.675272681317988,0.674884373301697,FALSE,TRUE,FALSE,FALSE,FALSE
"DHRS3","turquoise",0.883965123847573,429.441871629005,429.441692227724,0.00017940128122973,1322.87384937954,-0.234616201720902,-0.45024749135707,0.652534840546778,0.725433367316001,0.45024749135707,FALSE,TRUE,FALSE,FALSE,FALSE
"PDLIM7","turquoise",0.904914250063771,470.309754701502,470.302876674777,0.00687802672518956,1322.87384937954,-0.548097105271562,-1.05184273233679,0.292879117314915,0.675160084824232,1.05184273233679,FALSE,TRUE,FALSE,FALSE,FALSE
"MAPKAPK2","turquoise",0.960331350154964,1045.21371331133,1045.12709310804,0.0866202032887031,1322.87384937954,-0.678513521728164,-1.30212239721354,0.192883288598401,0.675160084824232,1.30212239721354,FALSE,TRUE,FALSE,FALSE,FALSE
"STK17B","turquoise",0.953426244923996,951.496478423782,951.347886129908,0.148592293873662,1322.87384937954,-0.870031333018698,-1.66966058703701,0.0949956577865877,0.675160084824232,1.66966058703701,FALSE,TRUE,FALSE,FALSE,FALSE
"CYTH1","turquoise",0.97934888792889,1329.6585050064,1329.58803891619,0.0704660902094929,1322.87384937954,-0.566060258030949,-1.08631547721738,0.277347073315199,0.675160084824232,1.08631547721738,FALSE,TRUE,TRUE,FALSE,FALSE
"BCL7C","turquoise",0.844276314797515,271.271268048376,271.271115481951,0.000152566424674205,1322.87384937954,-0.37754124412814,-0.724532222436783,0.46874399264051,0.675160084824232,0.724532222436783,FALSE,TRUE,FALSE,FALSE,FALSE
"BCL7B","turquoise",0.991183656358134,1500.03200471831,1500.01770393691,0.014300781395832,1322.87384937954,-0.511200190303712,-0.981034564438596,0.326582613938913,0.675160084824232,0.981034564438596,FALSE,TRUE,TRUE,FALSE,FALSE
"WDR46","turquoise",0.979474740504232,1328.74582272905,1328.72854537869,0.0172773503609278,1322.87384937954,-0.392905151912971,-0.754016805712882,0.450844304846721,0.675160084824232,0.754016805712882,FALSE,TRUE,TRUE,FALSE,FALSE
"ZBTB22","turquoise",0.937341194603606,685.363023866562,685.310759681437,0.0522641851249546,1322.87384937954,-0.439160576736969,-0.842784711918419,0.399354734359021,0.675160084824232,0.842784711918419,FALSE,TRUE,FALSE,FALSE,FALSE
"ADGRG1","turquoise",0.84554280742592,238.25676296705,238.238196077642,0.0185668894083619,1322.87384937954,-0.17477855067827,-0.335414193089396,0.737314713535022,0.786065823105073,0.335414193089396,FALSE,TRUE,FALSE,FALSE,FALSE
"SRSF11","turquoise",0.967171692212276,1094.24253727585,1094.21131910343,0.0312181724152651,1322.87384937954,-0.407398862508807,-0.781831410110891,0.434319053761702,0.675160084824232,0.781831410110891,FALSE,TRUE,FALSE,FALSE,FALSE
"ATP6V1F","turquoise",0.966791591501454,1109.05761352616,1109.05007933846,0.00753418770591452,1322.87384937954,-0.439068058244244,-0.842607161438324,0.399454057782536,0.675160084824232,0.842607161438324,FALSE,TRUE,FALSE,FALSE,FALSE
"SNORD30","turquoise",0.663427560417414,17.3807189502369,17.2333595465446,0.147359403692317,1322.87384937954,-0.106590295641925,-0.204555409489052,0.837920709985469,0.867239846797219,0.204555409489052,FALSE,FALSE,FALSE,FALSE,FALSE
"SNORD28","turquoise",0.622679305954281,8.07107174538013,8.07055692588536,0.000514819494771501,1322.87384937954,0.00745816146344187,0.0143128158431503,0.98858049832995,0.99158600498998,0.0143128158431503,FALSE,FALSE,FALSE,FALSE,FALSE
"SNORD27","turquoise",0.512783837674346,1.39033009207459,1.38897282372994,0.00135726834465877,1322.87384937954,-0.30337175309048,-0.582194962563046,0.560439191355245,0.684662336948533,0.582194962563046,FALSE,FALSE,FALSE,FALSE,FALSE
"SNORD26","turquoise",0.543393668182641,1.65883668350493,1.65506927940188,0.00376740410304599,1322.87384937954,-0.129913908980821,-0.249315312335456,0.803118380050374,0.837688407596317,0.249315312335456,FALSE,FALSE,FALSE,FALSE,FALSE
"SNORD22","turquoise",0.803008980456238,117.466996202517,117.466067919417,0.000928283100378735,1322.87384937954,-0.301096476205823,-0.577828521959435,0.563383688683166,0.68529570072663,0.577828521959435,FALSE,TRUE,FALSE,FALSE,FALSE
"KLF4","turquoise",0.766449794002555,96.4355879303062,96.277851888065,0.157736042241197,1322.87384937954,-0.336453785895068,-0.645682062643959,0.518489597309302,0.675868213972517,0.645682062643959,FALSE,FALSE,FALSE,FALSE,FALSE
"HMGN3","turquoise",0.959490626638928,1009.66683649847,1009.56715272416,0.0996837743140304,1322.87384937954,-0.325469535000088,-0.624602395623413,0.532236200117545,0.676813488619187,0.624602395623413,FALSE,TRUE,FALSE,FALSE,FALSE
"GTF3C5","turquoise",0.986494378044613,1445.21818741078,1445.20317631715,0.0150110936251622,1322.87384937954,-0.428405753989186,-0.822145336092449,0.410999898570029,0.675160084824232,0.822145336092449,FALSE,TRUE,TRUE,FALSE,FALSE
"B4GALT5","turquoise",0.919099384913525,627.072926111742,626.799497907928,0.273428203813751,1322.87384937954,-0.631984721040504,-1.21282986058645,0.225203226226716,0.675160084824232,1.21282986058645,FALSE,TRUE,FALSE,FALSE,FALSE
"CNOT8","turquoise",0.981737252929155,1388.80439489989,1388.68599931753,0.118395582364656,1322.87384937954,-0.554789173115434,-1.06468535248234,0.28702583284547,0.675160084824232,1.06468535248234,FALSE,TRUE,TRUE,FALSE,FALSE
"VAMP3","turquoise",0.946801011980651,869.07307780148,869.032011298509,0.0410665029706934,1322.87384937954,-0.85852316312547,-1.64757547702956,0.0994489726609474,0.675160084824232,1.64757547702956,FALSE,TRUE,FALSE,FALSE,FALSE
"SNAP29","turquoise",0.983538903641436,1365.84644271745,1365.80216074486,0.0442819725903973,1322.87384937954,-0.31273200018063,-0.600158034763133,0.548404881887183,0.680390089214384,0.600158034763133,FALSE,TRUE,TRUE,FALSE,FALSE
"EFTUD2","turquoise",0.967872770230788,1214.96284039184,1214.93797367643,0.0248667154112354,1322.87384937954,-0.453505719684522,-0.87031420296771,0.384134807777867,0.675160084824232,0.87031420296771,FALSE,TRUE,FALSE,FALSE,FALSE
"TAOK2","turquoise",0.99514760791796,1599.40388279138,1599.3766759865,0.0272068048768688,1322.87384937954,-0.380853499947245,-0.73088870959473,0.464852123559802,0.675160084824232,0.73088870959473,FALSE,TRUE,TRUE,FALSE,FALSE
"RPL23","turquoise",0.799989891142267,147.350891373446,147.34526022044,0.00563115300579398,1322.87384937954,-0.805967738032592,-1.53793529929693,0.124250061536184,0.675160084824232,1.53793529929693,FALSE,FALSE,FALSE,FALSE,FALSE
"NHERF1","turquoise",0.96846765191453,1162.49976117722,1162.48494408108,0.0148170961447249,1322.87384937954,-0.64324295335217,-1.23443532013384,0.217049188501165,0.675160084824232,1.23443532013384,FALSE,TRUE,FALSE,FALSE,FALSE
"TM9SF2","turquoise",0.970785396292553,1167.81693181236,1167.74826412312,0.0686676892414653,1322.87384937954,-0.548305209190883,-1.05224210061114,0.29269589843182,0.675160084824232,1.05224210061114,FALSE,TRUE,FALSE,FALSE,FALSE
"COX5A","turquoise",0.955942059531016,946.098751709177,946.069828633973,0.0289230752035792,1322.87384937954,-0.803022472166418,-1.54106515638843,0.123310150757796,0.675160084824232,1.54106515638843,FALSE,TRUE,FALSE,FALSE,FALSE
"CIAO1","turquoise",0.98552774541994,1424.12846196255,1424.10621082085,0.0222511417014175,1322.87384937954,-0.528786408404035,-1.01478394118261,0.310215985826861,0.675160084824232,1.01478394118261,FALSE,TRUE,TRUE,FALSE,FALSE
"GRAP2","turquoise",0.955385033106249,944.651768358431,944.591812085746,0.0599562726853264,1322.87384937954,-0.33626146246353,-0.645312978403636,0.518728698759155,0.675868213972517,0.645312978403636,FALSE,TRUE,FALSE,FALSE,FALSE
"SELENOF","turquoise",0.974518607488578,1235.19377418497,1235.12087934778,0.072894837184549,1322.87384937954,-0.63460947027938,-1.21786696693962,0.22328290565715,0.675160084824232,1.21786696693962,FALSE,TRUE,FALSE,FALSE,FALSE
"LPXN","turquoise",0.978981059752302,1344.28375571322,1344.25914133071,0.0246143825124818,1322.87384937954,-0.653718709860725,-1.25453914524672,0.209654652304384,0.675160084824232,1.25453914524672,FALSE,TRUE,TRUE,FALSE,FALSE
"ZRANB2","turquoise",0.960489080020502,1054.4649259072,1054.31366455029,0.151261356909572,1322.87384937954,-0.582480664930188,-1.11782756785398,0.26364847149263,0.675160084824232,1.11782756785398,FALSE,TRUE,FALSE,FALSE,FALSE
"SNRNP40","turquoise",0.954672652255715,986.851427414149,986.846399154961,0.00502825918795224,1322.87384937954,-0.26866637152277,-0.515592524739764,0.606142354283623,0.698851950798586,0.515592524739764,FALSE,TRUE,FALSE,FALSE,FALSE
"DDX23","turquoise",0.981710375624684,1390.85472473922,1390.80502471556,0.0497000236593976,1322.87384937954,-0.471525056862507,-0.904894770297652,0.36552749138278,0.675160084824232,0.904894770297652,FALSE,TRUE,TRUE,FALSE,FALSE
"KCNK6","turquoise",0.947174186947225,836.908357335398,836.904654364386,0.00370297101278538,1322.87384937954,-0.349095829220681,-0.669943167594229,0.502898528497498,0.675272681317988,0.669943167594229,FALSE,TRUE,FALSE,FALSE,FALSE
"CHST2","turquoise",0.875098336299463,355.71723104586,355.561377552957,0.155853492902452,1322.87384937954,0.0433179636960323,0.0831306804124156,0.933748115764037,0.947443971732187,0.0831306804124156,FALSE,TRUE,FALSE,FALSE,FALSE
"NCR1","turquoise",0.906801588902727,484.97944320721,484.97082532606,0.00861788114940509,1322.87384937954,0.0431176666469302,0.0827462941542504,0.934053756328804,0.947529933986339,0.0827462941542504,FALSE,TRUE,FALSE,FALSE,FALSE
"ITM2B","turquoise",0.962765713098411,974.676637465803,974.601459359457,0.0751781063456747,1322.87384937954,-0.827715955537269,-1.58845395076428,0.112192939907964,0.675160084824232,1.58845395076428,FALSE,TRUE,FALSE,FALSE,FALSE
"GSTO1","turquoise",0.907533757958287,476.961101830796,476.91523308384,0.0458687469562733,1322.87384937954,-0.545758360020564,-1.04735449079822,0.294943490418984,0.675160084824232,1.04735449079822,FALSE,TRUE,FALSE,FALSE,FALSE
"LY86","turquoise",0.849767921178547,253.275846050542,253.27443333934,0.0014127112025335,1322.87384937954,-0.83600923871143,-1.60436943280214,0.108641848154208,0.675160084824232,1.60436943280214,FALSE,TRUE,FALSE,FALSE,FALSE
"ITM2A","turquoise",0.85074356186767,256.977271455285,256.976250773168,0.00102068211663209,1322.87384937954,-0.193854694790105,-0.372022858510283,0.709878127693879,0.76518403862253,0.372022858510283,FALSE,TRUE,FALSE,FALSE,FALSE
"ARHGEF6","turquoise",0.981054062792458,1386.33042434845,1386.18946952941,0.140954819035869,1322.87384937954,-0.641644381425892,-1.23136753114791,0.218193874530343,0.675160084824232,1.23136753114791,FALSE,TRUE,TRUE,FALSE,FALSE
"IL27RA","turquoise",0.955666149099766,1026.2473718438,1026.24361083907,0.00376100473431507,1322.87384937954,-0.393922282582917,-0.755968761840235,0.449673114860342,0.675160084824232,0.755968761840235,FALSE,TRUE,FALSE,FALSE,FALSE
"EIF4E2","turquoise",0.980141440042307,1349.3362678724,1349.30641503723,0.0298528351681853,1322.87384937954,-0.44870508050664,-0.861101387608424,0.389188222219764,0.675160084824232,0.861101387608424,FALSE,TRUE,TRUE,FALSE,FALSE
"THEMIS2","turquoise",0.95996495892342,1012.08748483619,1012.00016788655,0.0873169496403534,1322.87384937954,-0.759285137694597,-1.45712966949478,0.145089741104414,0.675160084824232,1.45712966949478,FALSE,TRUE,FALSE,FALSE,FALSE
"PIGB","turquoise",0.943920241929618,793.747303136607,793.654131873744,0.0931712628629384,1322.87384937954,-0.261317415187253,-0.501489282381014,0.616030036243699,0.702681296195138,0.501489282381014,FALSE,TRUE,FALSE,FALSE,FALSE
"PGS1","turquoise",0.956697532162578,889.976381106451,889.964488107436,0.0118929990147763,1322.87384937954,-0.247768339075262,-0.475487508058169,0.634442561867909,0.712401465128115,0.475487508058169,FALSE,TRUE,FALSE,FALSE,FALSE
"LITAF","turquoise",0.959822641088721,978.994614764724,978.974669181016,0.0199455837077949,1322.87384937954,-0.747845697753419,-1.43517645783137,0.151245935368829,0.675160084824232,1.43517645783137,FALSE,TRUE,FALSE,FALSE,FALSE
"TECR","turquoise",0.925551419625949,734.236925675713,734.236447801618,0.000477874095508923,1322.87384937954,-0.554994209368402,-1.06507883365653,0.286847751490623,0.675160084824232,1.06507883365653,FALSE,TRUE,FALSE,FALSE,FALSE
"VPS4B","turquoise",0.964743330718411,1127.44414447324,1127.29604244941,0.148102023828869,1322.87384937954,-0.478114875720922,-0.917541166359543,0.358865580651282,0.675160084824232,0.917541166359543,FALSE,TRUE,FALSE,FALSE,FALSE
"MPDU1","turquoise",0.926501100007623,715.242358930797,715.238859813862,0.00349911693479044,1322.87384937954,-0.563194138795867,-1.08081516229428,0.279786938935039,0.675160084824232,1.08081516229428,FALSE,TRUE,FALSE,FALSE,FALSE
"GMFG","turquoise",0.86881471378994,279.463852235745,279.457421301051,0.00643093469386713,1322.87384937954,-0.627950903099004,-1.20495597578998,0.228229010597936,0.675160084824232,1.20495597578998,FALSE,TRUE,FALSE,FALSE,FALSE
"TP53I11","turquoise",0.924289221298619,602.319197132317,602.287458302195,0.0317388301216397,1322.87384937954,-0.610659797149942,-1.17190560465408,0.241243093651739,0.675160084824232,1.17190560465408,FALSE,TRUE,FALSE,FALSE,FALSE
"CIR1","turquoise",0.900814169750375,421.093825883844,421.080849881642,0.0129760022013556,1322.87384937954,-0.323287049086912,-0.620414028408695,0.534989359436628,0.676813488619187,0.620414028408695,FALSE,TRUE,FALSE,FALSE,FALSE
"RAB3D","turquoise",0.949959634843003,865.532459351124,865.486407583574,0.046051767549784,1322.87384937954,-0.814962270070709,-1.56397859550426,0.117831817366671,0.675160084824232,1.56397859550426,FALSE,TRUE,FALSE,FALSE,FALSE
"APBA3","turquoise",0.945575279591053,817.291378646661,817.235293302473,0.0560853441874087,1322.87384937954,-0.619000172793261,-1.18791146095401,0.234876516515643,0.675160084824232,1.18791146095401,FALSE,TRUE,FALSE,FALSE,FALSE
"ATP6V1G1","turquoise",0.914654933480735,570.617806579348,570.562592109928,0.0552144694195249,1322.87384937954,-0.551670494540452,-1.05870035573261,0.28974371870556,0.675160084824232,1.05870035573261,FALSE,TRUE,FALSE,FALSE,FALSE
"SPAG7","turquoise",0.960407598844187,973.928303740762,973.906778663864,0.0215250768980013,1322.87384937954,-0.45337562935931,-0.870064549098341,0.38427121642857,0.675160084824232,0.870064549098341,FALSE,TRUE,FALSE,FALSE,FALSE
"MRPL33","turquoise",0.907185723670829,483.621998336568,483.59795776551,0.0240405710579239,1322.87384937954,-0.313262414579434,-0.601175942949734,0.5477267772475,0.680335982512171,0.601175942949734,FALSE,TRUE,FALSE,FALSE,FALSE
"MACROH2A1","turquoise",0.96336679647876,1126.76037114177,1126.6909568427,0.0694142990687396,1322.87384937954,-0.486745829664154,-0.934104665949318,0.350256478700128,0.675160084824232,0.934104665949318,FALSE,TRUE,FALSE,FALSE,FALSE
"ATP5MJ","turquoise",0.851234511513939,261.177738947779,261.130838198352,0.0469007494273797,1322.87384937954,-0.695226576516862,-1.33419610284993,0.182148451005289,0.675160084824232,1.33419610284993,FALSE,TRUE,FALSE,FALSE,FALSE
"CCL4L2","turquoise",0.674022374206234,18.7608774946164,18.7554604706207,0.00541702399570099,1322.87384937954,-0.507271527056956,-0.973495141507596,0.330314136456243,0.675160084824232,0.973495141507596,FALSE,FALSE,FALSE,FALSE,FALSE
"NR1D1","turquoise",0.92536999479809,660.691073005021,660.688181815102,0.00289118991918258,1322.87384937954,-0.156609877720968,-0.300547038305076,0.763761743298144,0.805848491268325,0.300547038305076,FALSE,TRUE,FALSE,FALSE,FALSE
"BABAM2","turquoise",0.960304750292688,1043.10816285183,1043.10077505819,0.0073877936356439,1322.87384937954,-0.639263803558436,-1.22679900943056,0.219906561138931,0.675160084824232,1.22679900943056,FALSE,TRUE,FALSE,FALSE,FALSE
"APOBEC3B","turquoise",0.867071544559298,362.670871025276,362.546600699674,0.124270325602083,1322.87384937954,-0.298076845689483,-0.572033606455582,0.56730295485587,0.687005701525699,0.572033606455582,FALSE,TRUE,FALSE,FALSE,FALSE
"ENTPD4","turquoise",0.985495131070559,1427.54354526216,1427.47506888468,0.0684763774822841,1322.87384937954,-0.430887592839352,-0.826908185836173,0.408294853687795,0.675160084824232,0.826908185836173,FALSE,TRUE,TRUE,FALSE,FALSE
"RBM39","turquoise",0.954692482772383,991.747832281186,991.490678034951,0.257154246235814,1322.87384937954,-0.626041047033835,-1.20142346882272,0.229595269528819,0.675160084824232,1.20142346882272,FALSE,TRUE,FALSE,FALSE,FALSE
"MAD2L1BP","turquoise",0.901125161827611,481.85353811807,481.851359172005,0.00217894606515756,1322.87384937954,-0.337957355790985,-0.648567535039943,0.516622285780901,0.675818875712212,0.648567535039943,FALSE,TRUE,FALSE,FALSE,FALSE
"PRDX6","grey",NA,0.00170837588902589,9.01635714524656e-05,0.00161821231757342,1.16729646183719,-0.199680388896512,-0.383202837290878,0.701571748439737,0.759129446172805,0.383202837290878,FALSE,NA,FALSE,FALSE,FALSE
"WTAP","turquoise",0.969195042565528,1165.84856008383,1165.72942753096,0.119132552862084,1322.87384937954,-0.530521861623736,-1.01811441645587,0.308630763525709,0.675160084824232,1.01811441645587,FALSE,TRUE,FALSE,FALSE,FALSE
"IER2","turquoise",0.692290104929192,20.7032931736384,20.6868880476346,0.0164051260037219,1322.87384937954,-0.779307464230126,-1.49555413561276,0.134779079578775,0.675160084824232,1.49555413561276,FALSE,FALSE,FALSE,FALSE,FALSE
"CYTIP","turquoise",0.980115939837008,1344.9199431583,1344.87286966139,0.0470734969110254,1322.87384937954,-0.524187357882276,-1.00595799077996,0.314442872424845,0.675160084824232,1.00595799077996,FALSE,TRUE,TRUE,FALSE,FALSE
"PITPNM1","turquoise",0.97640836880647,1269.27845856915,1269.19787027831,0.0805882908439344,1322.87384937954,-0.597298742181396,-1.14626465813229,0.251693655279994,0.675160084824232,1.14626465813229,FALSE,TRUE,FALSE,FALSE,FALSE
"PDIA4","turquoise",0.934583759565655,747.479569771932,747.445002904104,0.0345668678282891,1322.87384937954,-0.519065269545982,-0.996128288453314,0.319194841393187,0.675160084824232,0.996128288453314,FALSE,TRUE,FALSE,FALSE,FALSE
"VPS9D1","turquoise",0.945024383386459,770.141329257318,770.136751597547,0.0045776597709164,1322.87384937954,-0.47839274287028,-0.918074415922067,0.358586361148549,0.675160084824232,0.918074415922067,FALSE,TRUE,FALSE,FALSE,FALSE
"NCOR2","turquoise",0.938032327201742,837.850515384482,837.670704915484,0.179810468997744,1322.87384937954,-0.544760466495162,-1.04543945230915,0.295827275440354,0.675160084824232,1.04543945230915,FALSE,TRUE,FALSE,FALSE,FALSE
"SEC24C","turquoise",0.973281880940301,1269.78109173035,1269.63926473558,0.141826994776011,1322.87384937954,-0.355908604140302,-0.683017434393539,0.494600437493774,0.675160084824232,0.683017434393539,FALSE,TRUE,FALSE,FALSE,FALSE
"ISG15","turquoise",0.447193553576803,3.75410771483996,3.75394189716926,0.000165817670705337,1322.87384937954,0.141017934738593,0.270595477170216,0.786703871106344,0.824308151092109,0.270595477170216,FALSE,FALSE,FALSE,FALSE,FALSE
"IKBKE","turquoise",0.974490557409133,1242.47297067266,1242.44487959245,0.0280910802125618,1322.87384937954,-0.538925603461799,-1.03424187761519,0.301030390278948,0.675160084824232,1.03424187761519,FALSE,TRUE,FALSE,FALSE,FALSE
"MORF4L2","turquoise",0.950548566066038,884.416290181509,884.374872589048,0.0414175924604478,1322.87384937954,-0.637657195835794,-1.22371579910064,0.221067860619692,0.675160084824232,1.22371579910064,FALSE,TRUE,FALSE,FALSE,FALSE
"MICAL2","blue",0.821013553227566,6.09436824342681,4.30287845438744,1.79148978903938,19.5381539006617,0.00395016347104527,0.00758068360259374,0.993951591595087,0.995344005685577,0.00758068360259374,FALSE,TRUE,FALSE,FALSE,FALSE
"PPM1F","turquoise",0.947699121438713,807.876919453866,807.847343932465,0.029575521401398,1322.87384937954,-0.352335158060305,-0.676159701972601,0.498943812321959,0.675272681317988,0.676159701972601,FALSE,TRUE,FALSE,FALSE,FALSE
"MDC1","turquoise",0.967390082138602,1203.42786822917,1203.33580247285,0.0920657563126497,1322.87384937954,-0.244071312630123,-0.468392614908442,0.639506823692398,0.715400304334036,0.468392614908442,FALSE,TRUE,FALSE,FALSE,FALSE
"LPIN2","turquoise",0.932868777316345,756.979190936527,756.406311743946,0.57287919258124,1322.87384937954,-0.50999004882002,-0.978712204928796,0.327729100213682,0.675160084824232,0.978712204928796,FALSE,TRUE,FALSE,FALSE,FALSE
"EIF5B","turquoise",0.953199636366124,922.028593456741,922.006299046158,0.0222944105825036,1322.87384937954,-0.353832136154647,-0.679032524167531,0.497121834431085,0.675160084824232,0.679032524167531,FALSE,TRUE,FALSE,FALSE,FALSE
"SLC25A44","turquoise",0.975702231283148,1211.99478139124,1211.95222904475,0.0425523464962225,1322.87384937954,-0.527058287358231,-1.01146753694485,0.311799843356583,0.675160084824232,1.01146753694485,FALSE,TRUE,FALSE,FALSE,FALSE
"KIAA0040","turquoise",0.958313012821238,1018.2430285493,1018.14499829032,0.0980302589804296,1322.87384937954,-0.55923669862738,-1.07322051412,0.283179736244043,0.675160084824232,1.07322051412,FALSE,TRUE,FALSE,FALSE,FALSE
"TTI1","turquoise",0.976061168548203,1313.14324207312,1313.08389109597,0.0593509771535992,1322.87384937954,-0.230140668240624,-0.441658580159977,0.658739069876931,0.730059914910118,0.441658580159977,FALSE,TRUE,FALSE,FALSE,FALSE
"FAM53B","turquoise",0.979847257960074,1337.11437952505,1337.06314698027,0.0512325447728017,1322.87384937954,-0.676418052510864,-1.2981010220852,0.194261348579344,0.675160084824232,1.2981010220852,FALSE,TRUE,TRUE,FALSE,FALSE
"N4BP1","turquoise",0.964773258616669,1112.85091204342,1112.74735497336,0.103557070058969,1322.87384937954,-0.446291369134315,-0.856469280011941,0.391744239217946,0.675160084824232,0.856469280011941,FALSE,TRUE,FALSE,FALSE,FALSE
"CLINT1","turquoise",0.973487642425556,1292.7165547478,1292.52613812059,0.19041662720565,1322.87384937954,-0.576777793746491,-1.10688329620881,0.268352148518538,0.675160084824232,1.10688329620881,FALSE,TRUE,FALSE,FALSE,FALSE
"BZW1","turquoise",0.958838208138585,1058.06584172203,1057.88590815103,0.179933570996127,1322.87384937954,-0.564173451728997,-1.08269454312204,0.278951635390385,0.675160084824232,1.08269454312204,FALSE,TRUE,FALSE,FALSE,FALSE
"EDEM1","turquoise",0.982600475146928,1376.25113239953,1376.19522157108,0.0559108284539889,1322.87384937954,-0.55488610301755,-1.06487136881431,0.286941636442244,0.675160084824232,1.06487136881431,FALSE,TRUE,TRUE,FALSE,FALSE
"PUM1","turquoise",0.982799958588733,1389.15460763744,1389.06260162235,0.0920060150917834,1322.87384937954,-0.512382376824491,-0.983303276110649,0.32546513152784,0.675160084824232,0.983303276110649,FALSE,TRUE,TRUE,FALSE,FALSE
"PPP6R2","turquoise",0.9761335959896,1278.87938405544,1278.84148392426,0.037900131180777,1322.87384937954,-0.456092817369524,-0.875279052939809,0.381428215593104,0.675160084824232,0.875279052939809,FALSE,TRUE,FALSE,FALSE,FALSE
"BLTP2","turquoise",0.961228419506155,1130.10414588391,1129.8783202771,0.225825606814396,1322.87384937954,-0.541492468480071,-1.0391678994613,0.298733979407986,0.675160084824232,1.0391678994613,FALSE,TRUE,FALSE,FALSE,FALSE
"DHX34","turquoise",0.913486394967525,511.027650529103,510.986330541384,0.0413199877193051,1322.87384937954,-0.374572093224975,-0.718834181398677,0.472247989287813,0.675160084824232,0.718834181398677,FALSE,TRUE,FALSE,FALSE,FALSE
"HERPUD1","turquoise",0.973611996281224,1241.26522152508,1241.21959647584,0.0456250492438812,1322.87384937954,-0.537352830207577,-1.03122359837022,0.302443245393963,0.675160084824232,1.03122359837022,FALSE,TRUE,FALSE,FALSE,FALSE
"FAM131B","turquoise",0.899206399756255,411.103219867507,411.083374973034,0.0198448944736356,1322.87384937954,-0.444593820669871,-0.853211547033712,0.393547956994294,0.675160084824232,0.853211547033712,FALSE,TRUE,FALSE,FALSE,FALSE
"TMEM63A","turquoise",0.964485688098684,1109.77383172095,1109.75440652503,0.0194251959212579,1322.87384937954,-0.262205337190276,-0.503193276612655,0.61483162139968,0.702343188759247,0.503193276612655,FALSE,TRUE,FALSE,FALSE,FALSE
"SART3","turquoise",0.971588897469869,1241.78482939449,1241.71328410195,0.0715452925394402,1322.87384937954,-0.344611575835117,-0.661337522192718,0.508400324100459,0.675272681317988,0.661337522192718,FALSE,TRUE,FALSE,FALSE,FALSE
"LAPTM4A","turquoise",0.953930932725276,956.900353048825,956.830699764099,0.0696532847256321,1322.87384937954,-0.498170689189699,-0.956029896614345,0.339063865836212,0.675160084824232,0.956029896614345,FALSE,TRUE,FALSE,FALSE,FALSE
"ACAP1","turquoise",0.924010958152852,673.08567743993,673.084249074594,0.00142836533530044,1322.87384937954,-0.539571642042602,-1.0354816779708,0.300451316259816,0.675160084824232,1.0354816779708,FALSE,TRUE,FALSE,FALSE,FALSE
"RIPOR2","turquoise",0.984213678106545,1344.51463095344,1344.45955966849,0.0550712849451429,1322.87384937954,-0.596095681876323,-1.14395588797773,0.252649911933236,0.675160084824232,1.14395588797773,FALSE,TRUE,TRUE,FALSE,FALSE
"KMT2B","turquoise",0.968688104473288,1141.93737045407,1141.87228289075,0.0650875633168653,1322.87384937954,-0.407983437369969,-0.78295325661091,0.433659965448256,0.675160084824232,0.78295325661091,FALSE,TRUE,FALSE,FALSE,FALSE
"KIAA0513","turquoise",0.953872807668087,957.886913352503,957.826633261244,0.060280091258619,1322.87384937954,-0.659801756994677,-1.26621300532875,0.205445428854844,0.675160084824232,1.26621300532875,FALSE,TRUE,FALSE,FALSE,FALSE
"SUSD6","turquoise",0.97678042180423,1254.40035559765,1254.30508550918,0.0952700884749902,1322.87384937954,-0.407130658827199,-0.781219572592137,0.434679319117844,0.675160084824232,0.781219572592137,FALSE,TRUE,FALSE,FALSE,FALSE
"TMEM94","turquoise",0.971976642558999,1256.0828840763,1256.03934595387,0.0435381224347111,1322.87384937954,-0.321616959765322,-0.617208991749366,0.537100981223168,0.676813488619187,0.617208991749366,FALSE,TRUE,FALSE,FALSE,FALSE
"EIF4A3","turquoise",0.971001445509185,1199.96067320158,1199.88700716283,0.0736660387458414,1322.87384937954,-0.507808778641656,-0.974526170807638,0.329802221445979,0.675160084824232,0.974526170807638,FALSE,TRUE,FALSE,FALSE,FALSE
"TM9SF4","turquoise",0.971217630320941,1245.25850130242,1245.12896295899,0.129538343431477,1322.87384937954,-0.497496554480641,-0.954736177513261,0.339717855877789,0.675160084824232,0.954736177513261,FALSE,TRUE,FALSE,FALSE,FALSE
"PIEZO1","turquoise",0.935475737550309,801.892275335045,801.693091380073,0.199183954972227,1322.87384937954,-0.456946690454307,-0.876917704539914,0.380537478561066,0.675160084824232,0.876917704539914,FALSE,TRUE,FALSE,FALSE,FALSE
"MATR3","turquoise",0.952237148934925,972.848091562525,972.694719557738,0.153372004786775,1322.87384937954,-0.523659166001762,-1.00494434778595,0.314930735164431,0.675160084824232,1.00494434778595,FALSE,TRUE,FALSE,FALSE,FALSE
"SNX17","turquoise",0.963830190259586,1098.45292099556,1098.44273492991,0.0101860656473036,1322.87384937954,-0.459201366878891,-0.881244611192332,0.378191610940595,0.675160084824232,0.881244611192332,FALSE,TRUE,FALSE,FALSE,FALSE
"DHX38","turquoise",0.955796021629944,1039.28347216431,1039.05725660526,0.226215559053344,1322.87384937954,-0.33097853714189,-0.63517461687682,0.52531877175303,0.676528608393947,0.63517461687682,FALSE,TRUE,FALSE,FALSE,FALSE
"SPCS2","turquoise",0.971471258391385,1150.79042971156,1150.76776026676,0.0226694448049329,1322.87384937954,-0.549145392929969,-1.05385448124823,0.29195696647326,0.675160084824232,1.05385448124823,FALSE,TRUE,FALSE,FALSE,FALSE
"PTDSS1","turquoise",0.98327265466818,1405.67470346306,1405.62571379159,0.04898967147642,1322.87384937954,-0.628143760147179,-1.20545874557421,0.228034567901339,0.675160084824232,1.20545874557421,FALSE,TRUE,TRUE,FALSE,FALSE
"MAML1","turquoise",0.982780978480656,1396.45241507651,1396.35382719092,0.0985878855929059,1322.87384937954,-0.372850346373591,-0.715530009756218,0.474286473091196,0.675160084824232,0.715530009756218,FALSE,TRUE,TRUE,FALSE,FALSE
"TATDN2","turquoise",0.982185902347004,1421.47755075821,1421.44121932844,0.0363314297737816,1322.87384937954,-0.479445252598957,-0.920094267328279,0.357529968271791,0.675160084824232,0.920094267328279,FALSE,TRUE,TRUE,FALSE,FALSE
"IST1","turquoise",0.989092720602161,1525.94418608987,1525.8804089011,0.0637771887652434,1322.87384937954,-0.502416766394527,-0.964178462636468,0.33496325540078,0.675160084824232,0.964178462636468,FALSE,TRUE,TRUE,FALSE,FALSE
"DAZAP2","turquoise",0.975421924773193,1273.36387089408,1273.22712999221,0.136740901863959,1322.87384937954,-0.678371499501384,-1.30184984505876,0.19297646026397,0.675160084824232,1.30184984505876,FALSE,TRUE,FALSE,FALSE,FALSE
"TOMM20","turquoise",0.946709039733166,838.564025329124,838.543356701127,0.0206686279966561,1322.87384937954,-0.606938105178874,-1.16476337636258,0.244122885147826,0.675160084824232,1.16476337636258,FALSE,TRUE,FALSE,FALSE,FALSE
"SPOCK2","turquoise",0.932466094528509,738.821652816839,738.819769931768,0.00188288507069956,1322.87384937954,-0.509600353102587,-0.977572782032541,0.328301703713882,0.675160084824232,0.977572782032541,FALSE,TRUE,FALSE,FALSE,FALSE
"IP6K1","turquoise",0.961685769911091,1028.33569778956,1028.28623877778,0.0494590117809821,1322.87384937954,-0.517560352255881,-0.993240230298772,0.320599901442976,0.675160084824232,0.993240230298772,FALSE,TRUE,FALSE,FALSE,FALSE
"EFCAB14","turquoise",0.987445701196105,1502.35338470432,1502.28739020274,0.0659945015750054,1322.87384937954,-0.53499305858971,-1.02669500553082,0.30457133948859,0.675160084824232,1.02669500553082,FALSE,TRUE,TRUE,FALSE,FALSE
"SFI1","turquoise",0.959165275678298,1003.63886466634,1003.60799977353,0.030864892810655,1322.87384937954,-0.340142970737134,-0.65276190712234,0.51391415829371,0.675506535372884,0.65276190712234,FALSE,TRUE,FALSE,FALSE,FALSE
"GIT2","turquoise",0.960471190956046,1115.18474996916,1114.91230331685,0.272446652312055,1322.87384937954,-0.489298611967487,-0.939003661924981,0.347735474050303,0.675160084824232,0.939003661924981,FALSE,TRUE,FALSE,FALSE,FALSE
"KEAP1","turquoise",0.966467977933746,1092.46798303158,1092.45073530379,0.0172477277944836,1322.87384937954,-0.308000837149888,-0.591078549756692,0.554471684967957,0.681096310354657,0.591078549756692,FALSE,TRUE,FALSE,FALSE,FALSE
"TRIM14","turquoise",0.952076258692031,1012.37685261147,1012.28879627901,0.0880563324534478,1322.87384937954,-0.391807510178777,-0.751910342333094,0.452110135699917,0.675160084824232,0.751910342333094,FALSE,TRUE,FALSE,FALSE,FALSE
"ZEB2","turquoise",0.951793074510828,996.000624724052,995.845140893105,0.155483830946878,1322.87384937954,-0.410785305615599,-0.788330268681922,0.430508993265029,0.675160084824232,0.788330268681922,FALSE,TRUE,FALSE,FALSE,FALSE
"PLEKHM1","turquoise",0.959170915765907,1021.62019868811,1021.51684368317,0.103355004942387,1322.87384937954,-0.478155321538322,-0.917618785158614,0.358824929489928,0.675160084824232,0.917618785158614,FALSE,TRUE,FALSE,FALSE,FALSE
"GAB2","turquoise",0.93895310799461,830.579293776147,830.477595873378,0.101697902769388,1322.87384937954,-0.467469223520464,-0.897111297655002,0.369665825081003,0.675160084824232,0.897111297655002,FALSE,TRUE,FALSE,FALSE,FALSE
"PSMD6","turquoise",0.967168317053498,1077.74985148964,1077.65218018808,0.0976713015654695,1322.87384937954,-0.55925618920471,-1.07325791811633,0.283162958544639,0.675160084824232,1.07325791811633,FALSE,TRUE,FALSE,FALSE,FALSE
"MED24","turquoise",0.947310046388844,945.712056172582,945.653187105946,0.0588690666360208,1322.87384937954,-0.344321453440732,-0.6607807538225,0.508757363481413,0.675272681317988,0.6607807538225,FALSE,TRUE,FALSE,FALSE,FALSE
"TRIM66","turquoise",0.952395094617635,924.94766269351,924.913192045988,0.0344706475216299,1322.87384937954,-0.303806604774857,-0.583029478161575,0.559877287830719,0.684362162164209,0.583029478161575,FALSE,TRUE,FALSE,FALSE,FALSE
"PJA2","turquoise",0.95656184450145,1043.28682930567,1043.09568536982,0.191143935853916,1322.87384937954,-0.616180954258338,-1.18250115227275,0.237015102630013,0.675160084824232,1.18250115227275,FALSE,TRUE,FALSE,FALSE,FALSE
"TOMM70","turquoise",0.967098013305408,1146.94415369648,1146.90032075738,0.0438329390922263,1322.87384937954,-0.388849515264746,-0.746233710541596,0.455531360109398,0.675160084824232,0.746233710541596,FALSE,TRUE,FALSE,FALSE,FALSE
"SETDB1","turquoise",0.971524596453819,1222.27940555655,1222.15645078492,0.122954771625928,1322.87384937954,-0.36592913597794,-0.702247646496823,0.482529500009373,0.675160084824232,0.702247646496823,FALSE,TRUE,FALSE,FALSE,FALSE
"AREL1","turquoise",0.97962379752487,1330.72927684212,1330.64197410933,0.0873027327918408,1322.87384937954,-0.467529710125479,-0.897227376348498,0.36960389498308,0.675160084824232,0.897227376348498,FALSE,TRUE,TRUE,FALSE,FALSE
"FCHSD2","turquoise",0.97787697765634,1279.34003728885,1279.2820284609,0.0580088279482425,1322.87384937954,-0.559089018680338,-1.07293710434185,0.283306882622273,0.675160084824232,1.07293710434185,FALSE,TRUE,FALSE,FALSE,FALSE
"DDX46","turquoise",0.982463651278691,1355.92358193752,1355.88206302747,0.0415189100501721,1322.87384937954,-0.431424885421158,-0.827939293812981,0.407710638742553,0.675160084824232,0.827939293812981,FALSE,TRUE,TRUE,FALSE,FALSE
"TRANK1","turquoise",0.948164097000555,929.005547140992,928.909231181597,0.0963159593959517,1322.87384937954,-0.365914440463286,-0.702219444614094,0.482547084524809,0.675160084824232,0.702219444614094,FALSE,TRUE,FALSE,FALSE,FALSE
"POM121","turquoise",0.973690977540294,1260.34776255845,1260.2236160303,0.124146528144593,1322.87384937954,-0.323613260850059,-0.621040055200242,0.53457739420513,0.676813488619187,0.621040055200242,FALSE,TRUE,FALSE,FALSE,FALSE
"TECPR2","turquoise",0.930803181530274,686.877258907513,686.821620349282,0.055638558230612,1322.87384937954,-0.450130274393031,-0.863836450094895,0.387683779658995,0.675160084824232,0.863836450094895,FALSE,TRUE,FALSE,FALSE,FALSE
"UBAP2L","turquoise",0.979589580589293,1381.91025091974,1381.79011939715,0.120131522596239,1322.87384937954,-0.468002762252284,-0.898135201689684,0.369119776101558,0.675160084824232,0.898135201689684,FALSE,TRUE,TRUE,FALSE,FALSE
"KLHL21","turquoise",0.961477725721827,1000.37019074854,1000.36158271526,0.00860803328362181,1322.87384937954,-0.37385262880083,-0.717453470903341,0.473099220652321,0.675160084824232,0.717453470903341,FALSE,TRUE,FALSE,FALSE,FALSE
"SGSM2","turquoise",0.958826888685975,1017.76608888795,1017.73906550785,0.0270233801024915,1322.87384937954,-0.224003510471841,-0.429880877387582,0.667284996018479,0.734784428221632,0.429880877387582,FALSE,TRUE,FALSE,FALSE,FALSE
"AP5Z1","turquoise",0.983710234541951,1386.18660882037,1386.16098181504,0.0256270053250773,1322.87384937954,-0.370478908755861,-0.710979028918319,0.477102064083622,0.675160084824232,0.710979028918319,FALSE,TRUE,TRUE,FALSE,FALSE
"G3BP2","turquoise",0.975569969482815,1304.38425736421,1304.25102360188,0.133233762323471,1322.87384937954,-0.514792978585645,-0.987929416111464,0.323194184148434,0.675160084824232,0.987929416111464,FALSE,TRUE,FALSE,FALSE,FALSE
"DENND4B","turquoise",0.965551742435746,1134.94157232952,1134.86251640394,0.0790559255724474,1322.87384937954,-0.415419738121757,-0.79722411997802,0.425326396747024,0.675160084824232,0.79722411997802,FALSE,TRUE,FALSE,FALSE,FALSE
"TMCC2","blue",0.960540302656828,17.0875978307133,17.0251655092126,0.0624323215006584,19.5381539006617,0.252509251769318,0.48458570345808,0.627973350239913,0.708970176146087,0.48458570345808,FALSE,TRUE,FALSE,FALSE,FALSE
"SUPT7L","turquoise",0.976905385526915,1299.53910830132,1299.43791560385,0.101192697468377,1322.87384937954,-0.332164804395387,-0.637451159805433,0.523835266778392,0.676021301912766,0.637451159805433,FALSE,TRUE,FALSE,FALSE,FALSE
"NCAPD2","turquoise",0.965979142075969,1134.65374795976,1134.57144519229,0.0823027674675814,1322.87384937954,-0.38920941808855,-0.746924393206994,0.455114318569812,0.675160084824232,0.746924393206994,FALSE,TRUE,FALSE,FALSE,FALSE
"SEC16A","turquoise",0.968080002808618,1181.66887687722,1181.53644270836,0.132434168852797,1322.87384937954,-0.490823157830016,-0.941929388899622,0.34623542399651,0.675160084824232,0.941929388899622,FALSE,TRUE,FALSE,FALSE,FALSE
"RNF10","blue",0.934382396217635,14.3188033868838,13.9368325847792,0.381970802104622,19.5381539006617,-0.0732569113275604,-0.140585945505326,0.888197877063136,0.90940097749434,0.140585945505326,FALSE,TRUE,FALSE,FALSE,FALSE
"IQSEC1","turquoise",0.973800565258345,1243.10098513698,1242.96111276015,0.139872376835228,1322.87384937954,-0.504970517082333,-0.96907931702036,0.332512447097935,0.675160084824232,0.96907931702036,FALSE,TRUE,FALSE,FALSE,FALSE
"MFN2","turquoise",0.774433373006994,104.537936584562,103.276639877471,1.26129670709081,1322.87384937954,-0.588340212927893,-1.12907251499361,0.25887513829617,0.675160084824232,1.12907251499361,FALSE,FALSE,FALSE,FALSE,FALSE
"MAFB","turquoise",0.765431522257889,90.1379575988005,90.0468725731521,0.0910850256483968,1322.87384937954,-0.331977951710165,-0.637092574370339,0.52406879568579,0.676021301912766,0.637092574370339,FALSE,FALSE,FALSE,FALSE,FALSE
"ARHGAP25","turquoise",0.970956088290548,1173.59966768763,1173.52757272463,0.0720949630044743,1322.87384937954,-0.477185996511707,-0.915758571932325,0.359799972486688,0.675160084824232,0.915758571932325,FALSE,TRUE,FALSE,FALSE,FALSE
"WDR1","turquoise",0.976363990706336,1287.88841542299,1287.82142883972,0.0669865832728647,1322.87384937954,-0.639805384312017,-1.22783834675628,0.219516080261273,0.675160084824232,1.22783834675628,FALSE,TRUE,FALSE,FALSE,FALSE
"USP15","turquoise",0.844852570616929,276.695812815457,275.736847325119,0.958965490337505,1322.87384937954,-0.422052199131985,-0.809952349782589,0.417973179641741,0.675160084824232,0.809952349782589,FALSE,TRUE,FALSE,FALSE,FALSE
"MVP","turquoise",0.96141488129684,1012.12222792108,1012.10734445959,0.014883461494037,1322.87384937954,-0.517358226959191,-0.992852335485426,0.32078892238624,0.675160084824232,0.992852335485426,FALSE,TRUE,FALSE,FALSE,FALSE
"SLC23A2","turquoise",0.981154224476758,1342.32736038605,1342.26358190355,0.0637784825012204,1322.87384937954,-0.407456100029516,-0.781941253548478,0.434254494853338,0.675160084824232,0.781941253548478,FALSE,TRUE,TRUE,FALSE,FALSE
"THRAP3","turquoise",0.988055755711402,1495.15393401683,1495.04159175072,0.112342266116229,1322.87384937954,-0.52353422039351,-1.00470456704507,0.31504621349601,0.675160084824232,1.00470456704507,FALSE,TRUE,TRUE,FALSE,FALSE
"NUP153","turquoise",0.968600918411243,1203.05570322233,1202.87434693622,0.181356286113214,1322.87384937954,-0.362009079577988,-0.694724740801861,0.487232524244781,0.675160084824232,0.694724740801861,FALSE,TRUE,FALSE,FALSE,FALSE
"CLEC2B","turquoise",0.881922482468967,362.233192835306,362.181523883608,0.0516689516974793,1322.87384937954,-0.365293901326929,-0.701028579757431,0.483289933595192,0.675160084824232,0.701028579757431,FALSE,TRUE,FALSE,FALSE,FALSE
"REC8","turquoise",0.911978174887059,539.841599968772,539.840628528018,0.000971440753346542,1322.87384937954,-0.281548369052704,-0.540314121240677,0.588983928416177,0.693347880871342,0.540314121240677,FALSE,TRUE,FALSE,FALSE,FALSE
"RCE1","turquoise",0.944259630030951,803.042602288744,803.037594372045,0.00500791669844602,1322.87384937954,-0.342615356380873,-0.657506615397368,0.510859629275384,0.675272681317988,0.657506615397368,FALSE,TRUE,FALSE,FALSE,FALSE
"HNRNPDL","turquoise",0.95948095194134,1068.37581608132,1068.22353560801,0.152280473311976,1322.87384937954,-0.608090130657408,-1.16697420655199,0.243228896171294,0.675160084824232,1.16697420655199,FALSE,TRUE,FALSE,FALSE,FALSE
"PPP4R1","turquoise",0.902932507768212,518.478107443446,518.327617437035,0.150490006410905,1322.87384937954,-0.629991317676851,-1.20900435809701,0.22666950192823,0.675160084824232,1.20900435809701,FALSE,TRUE,FALSE,FALSE,FALSE
"SLC12A6","turquoise",0.971920374459123,1145.51581429553,1145.4459812696,0.0698330259331215,1322.87384937954,-0.443129447391955,-0.850401296121986,0.395107949809389,0.675160084824232,0.850401296121986,FALSE,TRUE,FALSE,FALSE,FALSE
"PTBP3","turquoise",0.972362226672443,1247.63858008677,1247.39749565991,0.241084426854059,1322.87384937954,-0.666727958105766,-1.27950494617524,0.200727950748784,0.675160084824232,1.27950494617524,FALSE,TRUE,FALSE,FALSE,FALSE
"DGCR2","turquoise",0.981591062243445,1328.7137071606,1328.67391108852,0.0397960720795254,1322.87384937954,-0.553298179949607,-1.06182401584992,0.288323058473732,0.675160084824232,1.06182401584992,FALSE,TRUE,TRUE,FALSE,FALSE
"SCO2","turquoise",0.626509594801947,10.5914315882597,10.5825315850205,0.00890000323925122,1322.87384937954,-0.936120523224667,-1.79649109523634,0.0724252402157081,0.675160084824232,1.79649109523634,FALSE,FALSE,FALSE,FALSE,FALSE
"ACOT8","turquoise",0.958454486275099,978.47901595117,978.474669894849,0.00434605632074181,1322.87384937954,-0.575641607908872,-1.10470286357308,0.269296108625887,0.675160084824232,1.10470286357308,FALSE,TRUE,FALSE,FALSE,FALSE
"ABI1","turquoise",0.965440141643828,1172.42665752316,1172.24913092245,0.177526600706415,1322.87384937954,-0.490536010004185,-0.941378328967355,0.34651764253939,0.675160084824232,0.941378328967355,FALSE,TRUE,FALSE,FALSE,FALSE
"KCNE3","turquoise",0.953806229632844,924.886197062573,924.868290066821,0.0179069957521278,1322.87384937954,-0.375707738961093,-0.721013577535887,0.470906073464696,0.675160084824232,0.721013577535887,FALSE,TRUE,FALSE,FALSE,FALSE
"TANK","turquoise",0.920224248186472,655.538772694245,655.060142655665,0.478630038579922,1322.87384937954,-0.344805782809735,-0.661710221104746,0.508161396555372,0.675272681317988,0.661710221104746,FALSE,TRUE,FALSE,FALSE,FALSE
"SRA1","turquoise",0.908460648574644,523.398477257827,523.397582444829,0.000894812998126326,1322.87384937954,-0.595416004986931,-1.14265153298375,0.253191273311174,0.675160084824232,1.14265153298375,FALSE,TRUE,FALSE,FALSE,FALSE
"PDCD6IP","turquoise",0.967946881220714,1207.67439661805,1207.42730929682,0.247087321228037,1322.87384937954,-0.469306869863764,-0.9006378898085,0.367787203162734,0.675160084824232,0.9006378898085,FALSE,TRUE,FALSE,FALSE,FALSE
"SH2B3","turquoise",0.953672262176971,1049.57966288992,1049.35278547584,0.226877414081855,1322.87384937954,-0.435957906002193,-0.836638527411984,0.402801609024744,0.675160084824232,0.836638527411984,FALSE,TRUE,FALSE,FALSE,FALSE
"TOM1","turquoise",0.921462367161432,630.892680112464,630.890430121042,0.00224999142199067,1322.87384937954,-0.664987840510831,-1.27616551958817,0.201905652602593,0.675160084824232,1.27616551958817,FALSE,TRUE,FALSE,FALSE,FALSE
"SH2D3C","turquoise",0.951527623229566,973.224814999379,973.138424914927,0.0863900844516365,1322.87384937954,-0.512006767825912,-0.982582452023902,0.325819912588357,0.675160084824232,0.982582452023902,FALSE,TRUE,FALSE,FALSE,FALSE
"SAE1","turquoise",0.969903768228243,1188.17134324887,1188.16216974411,0.00917350476652246,1322.87384937954,-0.508508052935945,-0.975868134808695,0.329136694692243,0.675160084824232,0.975868134808695,FALSE,TRUE,FALSE,FALSE,FALSE
"COX17","turquoise",0.761324856186018,75.761741171108,75.6303236134152,0.131417557692799,1322.87384937954,0.42380469025613,0.813315522174284,0.416042823273504,0.675160084824232,0.813315522174284,FALSE,FALSE,FALSE,FALSE,FALSE
"SCAMP2","turquoise",0.978390408179244,1326.14758203573,1326.12922649274,0.0183555429887292,1322.87384937954,-0.600898983786345,-1.15317381333563,0.248847082654689,0.675160084824232,1.15317381333563,FALSE,TRUE,TRUE,FALSE,FALSE
"SCAMP3","turquoise",0.946841496054116,937.673574711059,937.672753688799,0.000821022260083737,1322.87384937954,-0.458483688821326,-0.87986732887913,0.37893734758563,0.675160084824232,0.87986732887913,FALSE,TRUE,FALSE,FALSE,FALSE
"IL18BP","turquoise",0.979233678699709,1351.74610076968,1351.69120484339,0.0548959262910103,1322.87384937954,-0.285900324869318,-0.548665876893332,0.583238337681728,0.691036061334209,0.548665876893332,FALSE,TRUE,TRUE,FALSE,FALSE
"TSPAN32","turquoise",0.871336022110216,369.187129145939,369.185335198887,0.00179394705219238,1322.87384937954,0.0322385198040658,0.0618683303215058,0.950668048261825,0.959843516712563,0.0618683303215058,FALSE,TRUE,FALSE,FALSE,FALSE
"PDCD7","turquoise",0.954783526166628,933.608127759347,933.591557127781,0.016570631565628,1322.87384937954,-0.469285456817566,-0.900596796438722,0.367809059377835,0.675160084824232,0.900596796438722,FALSE,TRUE,FALSE,FALSE,FALSE
"PQBP1","turquoise",0.943565169045646,818.046568106789,818.042448188738,0.00411991805140133,1322.87384937954,-0.275078678301188,-0.527898260744428,0.597573365673391,0.695822020816178,0.527898260744428,FALSE,TRUE,FALSE,FALSE,FALSE
"ARPC5","turquoise",0.964231594814872,1019.77667792324,1019.75536018267,0.0213177405747729,1322.87384937954,-0.734741157928664,-1.41002778464424,0.158540543273949,0.675160084824232,1.41002778464424,FALSE,TRUE,FALSE,FALSE,FALSE
"ARPC3","turquoise",0.956909782413747,958.804963282905,958.758537973263,0.0464253096424727,1322.87384937954,-0.737603646530091,-1.41552113208733,0.156924833217726,0.675160084824232,1.41552113208733,FALSE,TRUE,FALSE,FALSE,FALSE
"ARPC1B","turquoise",0.958156988914676,972.88566533409,972.874804956065,0.0108603780256544,1322.87384937954,-0.674797257780975,-1.29499058573944,0.195332190561901,0.675160084824232,1.29499058573944,FALSE,TRUE,FALSE,FALSE,FALSE
"ACTR3","turquoise",0.960871065217554,1094.83086229881,1094.55409344941,0.276768849395239,1322.87384937954,-0.717277226559667,-1.37651308604096,0.168671820870183,0.675160084824232,1.37651308604096,FALSE,TRUE,FALSE,FALSE,FALSE
"ACTR2","turquoise",0.976600772995968,1267.04011395425,1266.94872097777,0.0913929764838031,1322.87384937954,-0.899882536289204,-1.7269474635952,0.0841860991615748,0.675160084824232,1.7269474635952,FALSE,TRUE,FALSE,FALSE,FALSE
"NUBP2","turquoise",0.919394582095549,651.724576555456,651.724122372689,0.000454182766702615,1322.87384937954,-0.438210883126427,-0.840962172969411,0.400374986467897,0.675160084824232,0.840962172969411,FALSE,TRUE,FALSE,FALSE,FALSE
"PPIF","turquoise",0.945317266799744,806.041824237762,806.035457849914,0.00636638784794741,1322.87384937954,-0.564343841331167,-1.0830215345675,0.278806475251837,0.675160084824232,1.0830215345675,FALSE,TRUE,FALSE,FALSE,FALSE
"CTDSP2","turquoise",0.972211415950433,1196.17259147924,1195.99006234407,0.182529135161076,1322.87384937954,-0.54258778587552,-1.0412699022468,0.297757637993475,0.675160084824232,1.0412699022468,FALSE,TRUE,FALSE,FALSE,FALSE
"ARPC2","turquoise",0.977967360119151,1224.81836554398,1224.77916902381,0.0391965201697531,1322.87384937954,-0.469060070355574,-0.90016426156537,0.36803915954915,0.675160084824232,0.90016426156537,FALSE,TRUE,FALSE,FALSE,FALSE
"PREB","turquoise",0.969186459900195,1202.65499691118,1202.63693720099,0.0180597101871172,1322.87384937954,-0.367082451563333,-0.704460952505774,0.48115054009956,0.675160084824232,0.704460952505774,FALSE,TRUE,FALSE,FALSE,FALSE
"HIPK3","turquoise",0.940338204393093,864.801075405596,864.413179825053,0.38789558054259,1322.87384937954,-0.582333024178583,-1.11754423329505,0.26376952250286,0.675160084824232,1.11754423329505,FALSE,TRUE,FALSE,FALSE,FALSE
"ACTR1B","turquoise",0.947229614165916,910.927901436824,910.926575295495,0.00132614132940034,1322.87384937954,-0.249737788955802,-0.479267041873662,0.631751720016033,0.711737096703117,0.479267041873662,FALSE,TRUE,FALSE,FALSE,FALSE
"ARL4C","turquoise",0.972828555552717,1201.59982150949,1201.59433601927,0.00548549021345934,1322.87384937954,-0.606101126940769,-1.16315714734146,0.244773838362508,0.675160084824232,1.16315714734146,FALSE,TRUE,FALSE,FALSE,FALSE
"RASGRP1","turquoise",0.976970702855512,1302.45798955897,1302.3489899618,0.108999597161755,1322.87384937954,-0.506467993215266,-0.971953094991679,0.331080735346673,0.675160084824232,0.971953094991679,FALSE,TRUE,FALSE,FALSE,FALSE
"LRPPRC","turquoise",0.971966542777866,1227.09714239136,1227.01613992899,0.0810024623674508,1322.87384937954,-0.435041216962165,-0.834879326906649,0.403791468444757,0.675160084824232,0.834879326906649,FALSE,TRUE,FALSE,FALSE,FALSE
"PDIA6","turquoise",0.96253474681374,1119.97638964382,1119.89122492286,0.0851647209610746,1322.87384937954,-0.451513829141541,-0.86649160370365,0.386226687795579,0.675160084824232,0.86649160370365,FALSE,TRUE,FALSE,FALSE,FALSE
"OPTN","brown",0.784979090843107,1.17494085018844,0.861142151012354,0.313798699176089,7.78987287898542,0.277126334272208,0.531827878381027,0.594848655475538,0.695117434982287,0.531827878381027,FALSE,FALSE,FALSE,FALSE,FALSE
"BCAP31","turquoise",0.975738503788285,1204.93614591065,1204.92676518221,0.00938072844428461,1322.87384937954,-0.482721912775051,-0.926382443564593,0.354253780300723,0.675160084824232,0.926382443564593,FALSE,TRUE,FALSE,FALSE,FALSE
"NAMPT","turquoise",0.861228125094761,327.046414160698,326.844371646486,0.20204251421228,1322.87384937954,-0.790070168968985,-1.51591536408337,0.129553637233253,0.675160084824232,1.51591536408337,FALSE,TRUE,FALSE,FALSE,FALSE
"ARFRP1","turquoise",0.965954151900722,1067.1626547307,1067.15263715529,0.0100175754162137,1322.87384937954,-0.185087605835971,-0.355198104809774,0.722443367700172,0.774895416184199,0.355198104809774,FALSE,TRUE,FALSE,FALSE,FALSE
"TOB1","turquoise",0.941636475367794,812.968128511708,812.73137505407,0.236753457638429,1322.87384937954,-0.648705735054838,-1.24491884062141,0.213170087026293,0.675160084824232,1.24491884062141,FALSE,TRUE,FALSE,FALSE,FALSE
"G3BP1","turquoise",0.984493200534177,1429.24276813095,1429.21313346576,0.0296346651880413,1322.87384937954,-0.490063177327749,-0.940470924769199,0.346982677498755,0.675160084824232,0.940470924769199,FALSE,TRUE,TRUE,FALSE,FALSE
"SUGP2","turquoise",0.975331706270035,1277.19834084941,1277.12752819232,0.0708126570864351,1322.87384937954,-0.374057104249348,-0.71784587584837,0.472857210521394,0.675160084824232,0.71784587584837,FALSE,TRUE,FALSE,FALSE,FALSE
"PLXNC1","turquoise",0.933062208021425,774.876557456742,774.637820009111,0.238737447630797,1322.87384937954,-0.773204001688653,-1.48384109671036,0.137860266966295,0.675160084824232,1.48384109671036,FALSE,TRUE,FALSE,FALSE,FALSE
"TRIM28","turquoise",0.958243038042414,1064.8749200657,1064.8703844611,0.00453560460323388,1322.87384937954,-0.485410550068216,-0.931542156267882,0.351579742852694,0.675160084824232,0.931542156267882,FALSE,TRUE,FALSE,FALSE,FALSE
"RASA4","turquoise",0.81351668425086,148.096029886103,148.095675567375,0.000354318728199132,1322.87384937954,-0.326238526960388,-0.626078153471589,0.531267845438155,0.676813488619187,0.626078153471589,FALSE,TRUE,FALSE,FALSE,FALSE
"PDZK1IP1","grey",NA,0.0032977320893387,0.000760224265642323,0.00253750782369637,1.16729646183719,-0.480471883040821,-0.922064454287277,0.356501439848846,0.675160084824232,0.922064454287277,FALSE,NA,FALSE,FALSE,FALSE
"ATP6AP2","turquoise",0.963204714527143,1051.85039000917,1051.73169417381,0.118695835353947,1322.87384937954,-0.760819916400926,-1.46007503412538,0.144278608752549,0.675160084824232,1.46007503412538,FALSE,TRUE,FALSE,FALSE,FALSE
"LPCAT3","turquoise",0.981289782370743,1375.3835307201,1375.35011140094,0.033419319166569,1322.87384937954,-0.310043578908845,-0.594998736622367,0.551848239209279,0.681096310354657,0.594998736622367,FALSE,TRUE,TRUE,FALSE,FALSE
"DHRS9","turquoise",0.808278298313775,137.267481028769,137.266699910665,0.000781118103788003,1322.87384937954,0.0586322745833466,0.112520083225603,0.910411704977467,0.927715800106523,0.112520083225603,FALSE,TRUE,FALSE,FALSE,FALSE
"SORBS3","turquoise",0.84918345277024,286.306766272514,286.306419666829,0.000346605684853785,1322.87384937954,-0.110375423311223,-0.211819376022765,0.832249209724901,0.861785818568349,0.211819376022765,FALSE,TRUE,FALSE,FALSE,FALSE
"RBM7","turquoise",0.971132317405913,1215.32057558371,1215.21828202045,0.102293563254761,1322.87384937954,-0.327916294285019,-0.629297924840554,0.529158219385406,0.676813488619187,0.629297924840554,FALSE,TRUE,FALSE,FALSE,FALSE
"RBM6","turquoise",0.950902466665938,930.237913618532,930.172418719922,0.0654948986101545,1322.87384937954,-0.477203120499671,-0.915791434252004,0.359782733059487,0.675160084824232,0.915791434252004,FALSE,TRUE,FALSE,FALSE,FALSE
"TNK2","turquoise",0.966827244089776,1184.05631700432,1184.01149335596,0.0448236483600795,1322.87384937954,-0.305036216189402,-0.585389202045441,0.558289897413292,0.683305476810284,0.585389202045441,FALSE,TRUE,FALSE,FALSE,FALSE
"ALYREF","turquoise",0.951581645536964,916.851944195574,916.815135849702,0.0368083458720321,1322.87384937954,-0.523095400687874,-1.0038624364924,0.315452003767316,0.675160084824232,1.0038624364924,FALSE,TRUE,FALSE,FALSE,FALSE
"RNF41","turquoise",0.992010951077481,1494.60917448898,1494.59239014548,0.0167843435028772,1322.87384937954,-0.412983719012687,-0.792549202028145,0.428045994372106,0.675160084824232,0.792549202028145,FALSE,TRUE,TRUE,FALSE,FALSE
"ALG3","turquoise",0.96269696480446,1079.44122815997,1079.43220523135,0.00902292862110698,1322.87384937954,-0.351033363210814,-0.67366145223134,0.500531112121692,0.675272681317988,0.67366145223134,FALSE,TRUE,FALSE,FALSE,FALSE
"PSME3","turquoise",0.975052353853253,1282.75646563568,1282.65737812093,0.099087514749499,1322.87384937954,-0.706400899696967,-1.35564053397852,0.175222490884291,0.675160084824232,1.35564053397852,FALSE,TRUE,FALSE,FALSE,FALSE
"NUTF2","turquoise",0.972734505459522,1176.75550774342,1176.63803668355,0.117471059863647,1322.87384937954,-0.59840314344366,-1.14838409359386,0.250818043085634,0.675160084824232,1.14838409359386,FALSE,TRUE,FALSE,FALSE,FALSE
"EIF1","turquoise",0.607908419023814,19.6128894409478,16.3873613241886,3.22552811675927,1322.87384937954,-0.559971267061415,-1.0746302104335,0.282547877415249,0.675160084824232,1.0746302104335,FALSE,FALSE,FALSE,FALSE,FALSE
"FLOT1","turquoise",0.921598204421629,566.496690726986,566.482025565153,0.0146651618332498,1322.87384937954,-0.545842785811375,-1.04751651072796,0.294868799917339,0.675160084824232,1.04751651072796,FALSE,TRUE,FALSE,FALSE,FALSE
"DDX39A","turquoise",0.919434988812299,570.393530085381,570.228200894877,0.165329190504394,1322.87384937954,-0.585980080000803,-1.12454322877256,0.260790509043631,0.675160084824232,1.12454322877256,FALSE,TRUE,FALSE,FALSE,FALSE
"KLRG1","turquoise",0.915787288442909,549.967312866683,549.952104441281,0.0152084254013971,1322.87384937954,-0.436096702972283,-0.836904890037978,0.402651860120604,0.675160084824232,0.836904890037978,FALSE,TRUE,FALSE,FALSE,FALSE
"TRIB1","turquoise",0.510694377257144,4.34398027081369,3.86862860655498,0.475351664258717,1322.87384937954,-0.937517846123037,-1.79917267103968,0.0720001543468588,0.675160084824232,1.79917267103968,FALSE,FALSE,FALSE,FALSE,FALSE
"GPA33","turquoise",0.927617266339798,669.419473089005,669.415939374997,0.00353371400728975,1322.87384937954,-0.496165023496302,-0.952180861721063,0.341011972542481,0.675160084824232,0.952180861721063,FALSE,TRUE,FALSE,FALSE,FALSE
"CD96","turquoise",0.959132310466862,1020.13022840982,1020.11900129655,0.0112271132671822,1322.87384937954,-0.428097241538347,-0.821553275714591,0.411336899374174,0.675160084824232,0.821553275714591,FALSE,TRUE,FALSE,FALSE,FALSE
"PLIN3","turquoise",0.954897334290315,936.86900840307,936.862680515737,0.00632788733241796,1322.87384937954,-0.594677623627907,-1.14123451935841,0.253780307773567,0.675160084824232,1.14123451935841,FALSE,TRUE,FALSE,FALSE,FALSE
"RASGRP2","turquoise",0.958394837962067,1007.33520496754,1007.32493208603,0.0102728815111277,1322.87384937954,-0.360003516125479,-0.690875902117123,0.489648204784506,0.675160084824232,0.690875902117123,FALSE,TRUE,FALSE,FALSE,FALSE
"SLC35B1","turquoise",0.963760077159167,1106.16794481436,1106.12703764325,0.0409071711080742,1322.87384937954,-0.533567609539824,-1.02395945336494,0.305861645555015,0.675160084824232,1.02395945336494,FALSE,TRUE,FALSE,FALSE,FALSE
"DCAF7","turquoise",0.988868663243035,1505.05135029167,1505.0258767617,0.0254735299724871,1322.87384937954,-0.455786977067155,-0.874692120631267,0.381747570830231,0.675160084824232,0.874692120631267,FALSE,TRUE,TRUE,FALSE,FALSE
"CALCOCO2","turquoise",0.944333275655313,887.499812433354,886.912336662422,0.587475770931292,1322.87384937954,-0.542955448572465,-1.04197547673719,0.297430390231146,0.675160084824232,1.04197547673719,FALSE,TRUE,FALSE,FALSE,FALSE
"TIMM17B","turquoise",0.771729932157394,87.8665924798178,87.8662208415822,0.000371638235606042,1322.87384937954,-0.573979330510458,-1.10151281862697,0.270681255335677,0.675160084824232,1.10151281862697,FALSE,FALSE,FALSE,FALSE,FALSE
"SRRM1","turquoise",0.967976265787909,1074.08293530929,1074.07599960431,0.00693570498651752,1322.87384937954,-0.532175978033884,-1.02128879980459,0.307124831773149,0.675160084824232,1.02128879980459,FALSE,TRUE,FALSE,FALSE,FALSE
"IGSF6","turquoise",0.933295404837506,686.841140112687,686.808237678887,0.0329024337992223,1322.87384937954,-0.456792590415396,-0.876621974085544,0.380698136933611,0.675160084824232,0.876621974085544,FALSE,TRUE,FALSE,FALSE,FALSE
"SF3B4","turquoise",0.95329240902123,994.94669461606,994.938225778709,0.0084688373510744,1322.87384937954,-0.553665525372554,-1.06252898146581,0.288003086384647,0.675160084824232,1.06252898146581,FALSE,TRUE,FALSE,FALSE,FALSE
"CDK2AP2","turquoise",0.961018385446487,1048.76529563286,1048.75504397176,0.01025166110594,1322.87384937954,-0.419159996295286,-0.804401978315625,0.421170432253346,0.675160084824232,0.804401978315625,FALSE,TRUE,FALSE,FALSE,FALSE
"ZMPSTE24","turquoise",0.962130011188895,1085.06993830936,1084.89607226332,0.173866046039393,1322.87384937954,-0.627615742460121,-1.20444543687154,0.228425767147165,0.675160084824232,1.20444543687154,FALSE,TRUE,FALSE,FALSE,FALSE
"STUB1","turquoise",0.966903363260882,1028.42975283729,1028.39440352055,0.0353493167351644,1322.87384937954,-0.478283338639272,-0.917864460342727,0.358696281529266,0.675160084824232,0.917864460342727,FALSE,TRUE,FALSE,FALSE,FALSE
"SIGMAR1","turquoise",0.978704451544714,1330.36160212009,1330.33970222703,0.0218998930531598,1322.87384937954,-0.410140370292371,-0.78709258556694,0.431233105868111,0.675160084824232,0.78709258556694,FALSE,TRUE,TRUE,FALSE,FALSE
"RGS19","turquoise",0.946123480069751,861.354632866025,861.352537441979,0.00209542404627427,1322.87384937954,-0.523555857725023,-1.00474609083653,0.315026213658804,0.675160084824232,1.00474609083653,FALSE,TRUE,FALSE,FALSE,FALSE
"LILRB2","turquoise",0.895130763234788,488.876363934574,488.578958193357,0.297405741217233,1322.87384937954,-0.39138178727778,-0.751093345609163,0.452601631314791,0.675160084824232,0.751093345609163,FALSE,TRUE,FALSE,FALSE,FALSE
"SF3A1","turquoise",0.94582223382286,923.820812840125,923.513087497484,0.307725342640424,1322.87384937954,-0.622432101507989,-1.1944976100903,0.232291632039367,0.675160084824232,1.1944976100903,FALSE,TRUE,FALSE,FALSE,FALSE
"BCKDK","turquoise",0.954697499185748,939.030991410897,939.013551577034,0.0174398338630226,1322.87384937954,-0.585246042948049,-1.12313455222276,0.261388211819788,0.675160084824232,1.12313455222276,FALSE,TRUE,FALSE,FALSE,FALSE
"KATNB1","turquoise",0.971035557956047,1160.13090398292,1160.11990354534,0.0110004375796962,1322.87384937954,-0.28082690330195,-0.538929570037501,0.589938949231241,0.693768747016011,0.538929570037501,FALSE,TRUE,FALSE,FALSE,FALSE
"APBB3","turquoise",0.943124581268612,782.181427316083,782.171025270793,0.0104020452903342,1322.87384937954,-0.18148848180062,-0.348291094312999,0.72762371813859,0.778831576515202,0.348291094312999,FALSE,TRUE,FALSE,FALSE,FALSE
"VPS26C","turquoise",0.985727991868751,1456.43708243684,1456.36655301617,0.0705294206634335,1322.87384937954,-0.444817750505064,-0.853641286522273,0.393309734408512,0.675160084824232,0.853641286522273,FALSE,TRUE,TRUE,FALSE,FALSE
"TCIRG1","turquoise",0.929336846767862,645.396592846517,645.362920403571,0.0336724429457718,1322.87384937954,-0.593677398548503,-1.13931500642839,0.254579745198284,0.675160084824232,1.13931500642839,FALSE,TRUE,FALSE,FALSE,FALSE
"RTN3","turquoise",0.948713764117345,832.402093443795,832.353928495283,0.0481649485117259,1322.87384937954,-0.70204438025786,-1.34728002036472,0.17789896120103,0.675160084824232,1.34728002036472,FALSE,TRUE,FALSE,FALSE,FALSE
"IKZF1","turquoise",0.982753787958761,1423.96484755052,1423.87286973919,0.0919778113288885,1322.87384937954,-0.60273499437912,-1.1566972663514,0.247404119870691,0.675160084824232,1.1566972663514,FALSE,TRUE,TRUE,FALSE,FALSE
"SIRPB1","turquoise",0.870982089245946,291.076817469487,291.010736645457,0.0660808240309052,1322.87384937954,-1.00093283241531,-1.9208711653598,0.0547562286725274,0.675160084824232,1.9208711653598,FALSE,TRUE,FALSE,FALSE,FALSE
"AKR1A1","turquoise",0.929634796256941,676.970408416037,676.967436791938,0.00297162409913199,1322.87384937954,-0.649272623096456,-1.24600674468237,0.212770426390627,0.675160084824232,1.24600674468237,FALSE,TRUE,FALSE,FALSE,FALSE
"EMC8","turquoise",0.969483951065687,1104.25728512769,1104.23784198404,0.0194431436477771,1322.87384937954,-0.287026881187103,-0.550827829700661,0.581755290947076,0.690315590424366,0.550827829700661,FALSE,TRUE,FALSE,FALSE,FALSE
"PCGF3","turquoise",0.961803420232768,1056.49419937782,1056.42066174337,0.0735376344448468,1322.87384937954,-0.19794387138061,-0.379870319547015,0.704044031442187,0.760999206364803,0.379870319547015,FALSE,TRUE,FALSE,FALSE,FALSE
"TFG","turquoise",0.976546136397635,1317.47666933191,1317.37548391168,0.101185420221782,1322.87384937954,-0.44737934863213,-0.858557200777626,0.390590856889643,0.675160084824232,0.858557200777626,FALSE,TRUE,FALSE,FALSE,FALSE
"TRIM22","turquoise",0.912308434078366,579.909102866313,579.877370111225,0.0317327550872051,1322.87384937954,-0.28343024473766,-0.543925593082699,0.586496210585898,0.692017124402453,0.543925593082699,FALSE,TRUE,FALSE,FALSE,FALSE
"ABCA7","turquoise",0.921312287048066,586.80557584565,586.667304510198,0.138271335452373,1322.87384937954,-0.419663300835481,-0.805367860488079,0.420613013393145,0.675160084824232,0.805367860488079,FALSE,TRUE,FALSE,FALSE,FALSE
"NPM3","turquoise",0.88113918962929,348.055753724813,348.055120833082,0.000632891730958818,1322.87384937954,-0.18050499705708,-0.346403707443215,0.729041463355292,0.779853816783721,0.346403707443215,FALSE,TRUE,FALSE,FALSE,FALSE
"HMG20B","turquoise",0.974350794063161,1203.19662119651,1203.14399590584,0.052625290673177,1322.87384937954,-0.441686074792498,-0.84763134721295,0.396649223385734,0.675160084824232,0.84763134721295,FALSE,TRUE,FALSE,FALSE,FALSE
"KLF2","turquoise",0.845730835195941,215.846695388665,215.70238552363,0.144309865035382,1322.87384937954,-1.04337965656044,-2.00233005842532,0.0452571001602963,0.675160084824232,2.00233005842532,FALSE,TRUE,FALSE,FALSE,FALSE
"CITED2","turquoise",0.913162277826375,590.333732505762,589.206420633762,1.12731187199995,1322.87384937954,-0.47202782612744,-0.905859625233531,0.365016517675962,0.675160084824232,0.905859625233531,FALSE,TRUE,FALSE,FALSE,FALSE
"TUBA1B","turquoise",0.958017367532583,964.809518200591,964.764750556555,0.0447676440359146,1322.87384937954,-0.621268634154775,-1.19226482201676,0.233165668814419,0.675160084824232,1.19226482201676,FALSE,TRUE,FALSE,FALSE,FALSE
"IRF9","turquoise",0.929544385153993,667.07931079389,667.075678936826,0.00363185706441982,1322.87384937954,-0.34374657125325,-0.659677508348228,0.509465230789581,0.675272681317988,0.659677508348228,FALSE,TRUE,FALSE,FALSE,FALSE
"TUBB4B","brown",0.8894914839593,10.3643993008416,3.96446685384374,6.39993244699791,7.78987287898542,-0.389679628058686,-0.747826764219362,0.454569781451488,0.675160084824232,0.747826764219362,FALSE,TRUE,FALSE,FALSE,FALSE
"BTN3A3","turquoise",0.964096465695692,1098.17486433907,1098.14943757979,0.0254267592815722,1322.87384937954,-0.265433779355367,-0.509388918580948,0.610482918076222,0.699535462364124,0.509388918580948,FALSE,TRUE,FALSE,FALSE,FALSE
"CEPT1","turquoise",0.960758562898605,1014.02584474644,1014.01018544141,0.0156593050239735,1322.87384937954,-0.366453065009482,-0.703253108738436,0.481902799023411,0.675160084824232,0.703253108738436,FALSE,TRUE,FALSE,FALSE,FALSE
"MYL9","grey",NA,0.121756927904032,0.0290904472490697,0.0926664806549619,1.16729646183719,0.0181698553202139,0.0348694238345023,0.972184064859059,0.977901725116068,0.0348694238345023,FALSE,NA,FALSE,FALSE,FALSE
"RACK1","turquoise",0.942270002174192,821.020525257884,821.018052645814,0.0024726120698233,1322.87384937954,-0.592566061265236,-1.13718226018081,0.255470042575595,0.675160084824232,1.13718226018081,FALSE,TRUE,FALSE,FALSE,FALSE
"PEMT","turquoise",0.952258870116664,942.463975897089,942.457364042449,0.00661185464002756,1322.87384937954,-0.263280247476399,-0.505256116502701,0.613382205940319,0.701642292800511,0.505256116502701,FALSE,TRUE,FALSE,FALSE,FALSE
"CPQ","turquoise",0.942149037240777,789.055866778435,789.027242728538,0.0286240498973029,1322.87384937954,-0.716581020906704,-1.37517701101112,0.169085552143515,0.675160084824232,1.37517701101112,FALSE,TRUE,FALSE,FALSE,FALSE
"BASP1","turquoise",0.870193084687592,316.193045041714,316.175773489842,0.0172715518723976,1322.87384937954,-0.745712199349141,-1.43108210161345,0.152415793668475,0.675160084824232,1.43108210161345,FALSE,TRUE,FALSE,FALSE,FALSE
"IFITM3","turquoise",0.650702230232057,22.4951530469052,22.4947628052537,0.000390241651487599,1322.87384937954,-0.194104448548991,-0.372502156199746,0.709521307615763,0.764991676310711,0.372502156199746,FALSE,FALSE,FALSE,FALSE,FALSE
"SPON2","turquoise",0.738302136610085,51.422271660589,51.4217906235618,0.000481037027242337,1322.87384937954,0.199531762136107,0.38291761050121,0.701783225478007,0.759129446172805,0.38291761050121,FALSE,FALSE,FALSE,FALSE,FALSE
"CD2BP2","turquoise",0.975233337852989,1266.22407230432,1266.21487223791,0.00920006640717475,1322.87384937954,-0.373395591581219,-0.716576379466017,0.473640400590667,0.675160084824232,0.716576379466017,FALSE,TRUE,FALSE,FALSE,FALSE
"PGRMC2","turquoise",0.958601205735719,1024.59120520996,1024.56962788993,0.0215773200318381,1322.87384937954,-0.437340825538869,-0.839292461997788,0.40131105953485,0.675160084824232,0.839292461997788,FALSE,TRUE,FALSE,FALSE,FALSE
"SEC24B","turquoise",0.964879718956756,1130.73568038598,1130.59079127763,0.144889108353027,1322.87384937954,-0.489852422616076,-0.940066469409652,0.347190084474979,0.675160084824232,0.940066469409652,FALSE,TRUE,FALSE,FALSE,FALSE
"TMEM147","turquoise",0.834279765583194,237.061544598814,237.061422320504,0.000122278309561352,1322.87384937954,-0.534653739786,-1.02604382526697,0.304878160181709,0.675160084824232,1.02604382526697,FALSE,TRUE,FALSE,FALSE,FALSE
"RBM14","turquoise",0.985258386776084,1446.99335706298,1446.94265221072,0.0507048522556488,1322.87384937954,-0.39351638323206,-0.75518980811442,0.450140286636973,0.675160084824232,0.75518980811442,FALSE,TRUE,TRUE,FALSE,FALSE
"LYPLA1","turquoise",0.9503622444397,933.464840711867,933.325458401859,0.139382310008045,1322.87384937954,-0.714272793331129,-1.37074733536314,0.170462699608207,0.675160084824232,1.37074733536314,FALSE,TRUE,FALSE,FALSE,FALSE
"CDC42EP2","turquoise",0.927308731887307,641.283030739888,641.278817510217,0.00421322967133619,1322.87384937954,-0.270822197944215,-0.519729730230848,0.603255315040033,0.697107615282832,0.519729730230848,FALSE,TRUE,FALSE,FALSE,FALSE
"IFI30","turquoise",0.873730513996194,362.464611004035,362.462246634004,0.00236437003115952,1322.87384937954,-0.592328022385631,-1.13672544429341,0.255661017686147,0.675160084824232,1.13672544429341,FALSE,TRUE,FALSE,FALSE,FALSE
"TIMM17A","turquoise",0.945163227684109,818.11623743547,818.065613206521,0.0506242289496868,1322.87384937954,-0.213745918336407,-0.410195727374638,0.681664935978004,0.745071587770046,0.410195727374638,FALSE,TRUE,FALSE,FALSE,FALSE
"ZER1","brown",0.839699417010462,3.38259185078112,1.94790635837393,1.4346854924072,7.78987287898542,-0.130824611515241,-0.251063024251716,0.801766886243343,0.836931650864502,0.251063024251716,FALSE,TRUE,FALSE,FALSE,FALSE
"MCRS1","turquoise",0.965916411023802,1152.43822237613,1152.43153045103,0.00669192510304129,1322.87384937954,-0.331970534460196,-0.637078340066967,0.524078066882711,0.676021301912766,0.637078340066967,FALSE,TRUE,FALSE,FALSE,FALSE
"TOMM40","turquoise",0.959898334841905,1070.6299040126,1070.62125366665,0.00865034595472025,1322.87384937954,-0.397003351598172,-0.761881582799064,0.446135919662161,0.675160084824232,0.761881582799064,FALSE,TRUE,FALSE,FALSE,FALSE
"TAB1","turquoise",0.983652635415135,1427.46957629017,1427.44213260665,0.0274436835177312,1322.87384937954,-0.298000804311861,-0.571887676893759,0.567401819525105,0.687005701525699,0.571887676893759,FALSE,TRUE,TRUE,FALSE,FALSE
"ECI2","turquoise",0.955554233941831,939.287692502003,939.247758818518,0.0399336834850601,1322.87384937954,-0.473919191996855,-0.909489309508087,0.363098286683852,0.675160084824232,0.909489309508087,FALSE,TRUE,FALSE,FALSE,FALSE
"HAX1","turquoise",0.941789602773458,836.047797302091,836.046958532783,0.000838769307733855,1322.87384937954,-0.241294632025039,-0.463063939959446,0.643321473272995,0.718169130366443,0.463063939959446,FALSE,TRUE,FALSE,FALSE,FALSE
"MAD2L2","turquoise",0.959510355775244,996.758300359558,996.756552934217,0.00174742534125016,1322.87384937954,-0.241635685100891,-0.463718448431988,0.64285241951474,0.717832342436533,0.463718448431988,FALSE,TRUE,FALSE,FALSE,FALSE
"ZNHIT1","turquoise",0.894187026464415,423.031516066388,423.029934147502,0.00158191888561987,1322.87384937954,-0.568103668080244,-1.09023694658633,0.275616438464512,0.675160084824232,1.09023694658633,FALSE,TRUE,FALSE,FALSE,FALSE
"TIMM44","turquoise",0.963366989866059,1051.56332539575,1051.5469799296,0.0163454661446849,1322.87384937954,-0.243187432986351,-0.466696378291572,0.640720084411724,0.716370269641908,0.466696378291572,FALSE,TRUE,FALSE,FALSE,FALSE
"HMGN4","turquoise",0.9805039341267,1320.31716832444,1320.25915069715,0.0580176272906101,1322.87384937954,-0.41279720325501,-0.792191263184295,0.428254638890341,0.675160084824232,0.792191263184295,FALSE,TRUE,FALSE,FALSE,FALSE
"TADA3","turquoise",0.980630930777618,1366.00641441412,1365.98295930653,0.0234551075909621,1322.87384937954,-0.390663928598896,-0.749715716669022,0.453431079873054,0.675160084824232,0.749715716669022,FALSE,TRUE,TRUE,FALSE,FALSE
"TRIM38","turquoise",0.965793051303175,1083.85206153873,1083.83830609731,0.0137554414186525,1322.87384937954,-0.365043564764614,-0.700548163620989,0.483589787827881,0.675160084824232,0.700548163620989,FALSE,TRUE,FALSE,FALSE,FALSE
"ATP5PD","turquoise",0.953204097301284,880.611083588732,880.580542413941,0.030541174791324,1322.87384937954,-0.47121251212987,-0.904294971644471,0.365845361350838,0.675160084824232,0.904294971644471,FALSE,TRUE,FALSE,FALSE,FALSE
"EIF3M","turquoise",0.979273284042818,1307.17080198642,1307.13376359377,0.0370383926513114,1322.87384937954,-0.511950031498564,-0.982473570416964,0.325873524675798,0.675160084824232,0.982473570416964,FALSE,TRUE,FALSE,FALSE,FALSE
"NXF1","turquoise",0.971714981319607,1192.63771086228,1192.49188673288,0.145824129402399,1322.87384937954,-0.503979691706091,-0.967177842881942,0.333461953570921,0.675160084824232,0.967177842881942,FALSE,TRUE,FALSE,FALSE,FALSE
"SEC23B","turquoise",0.95673090564925,1063.96597665888,1063.76902834406,0.196948314826386,1322.87384937954,-0.44444401796755,-0.852924063516274,0.393707369911931,0.675160084824232,0.852924063516274,FALSE,TRUE,FALSE,FALSE,FALSE
"CAP1","turquoise",0.977900721714043,1274.85565966811,1274.76382260659,0.0918370615213462,1322.87384937954,-0.692780418426127,-1.32950172737314,0.183691335120855,0.675160084824232,1.32950172737314,FALSE,TRUE,FALSE,FALSE,FALSE
"CREB3","turquoise",0.973453205205329,1230.45092535739,1230.4356777142,0.0152476431885589,1322.87384937954,-0.428789012685841,-0.822880840569309,0.4105814777942,0.675160084824232,0.822880840569309,FALSE,TRUE,FALSE,FALSE,FALSE
"LRRC41","turquoise",0.956291596325393,1030.32413245692,1030.3063741631,0.0177582938267733,1322.87384937954,-0.422575432146781,-0.8109564763117,0.417396290535186,0.675160084824232,0.8109564763117,FALSE,TRUE,FALSE,FALSE,FALSE
"CRTAP","turquoise",0.970474003808425,1112.60800787147,1112.55510435264,0.0529035188305897,1322.87384937954,-0.682594182457158,-1.30995351562238,0.190220331299168,0.675160084824232,1.30995351562238,FALSE,TRUE,FALSE,FALSE,FALSE
"VAT1","turquoise",0.959372874761924,986.227299769158,986.210652904364,0.0166468647943248,1322.87384937954,-0.502716810042706,-0.964754270696181,0.334674704703086,0.675160084824232,0.964754270696181,FALSE,TRUE,FALSE,FALSE,FALSE
"STK25","turquoise",0.982443135688307,1395.77230012439,1395.75584207343,0.0164580509642747,1322.87384937954,-0.371369425211459,-0.71268800211456,0.47604368874661,0.675160084824232,0.71268800211456,FALSE,TRUE,TRUE,FALSE,FALSE
"SEMA4D","turquoise",0.984795079870491,1385.09935827124,1385.01404583406,0.0853124371785725,1322.87384937954,-0.482847601373018,-0.926623650162909,0.354128488666494,0.675160084824232,0.926623650162909,FALSE,TRUE,TRUE,FALSE,FALSE
"SEMA4B","turquoise",0.95765931925507,979.064607543309,978.995082917555,0.0695246257540703,1322.87384937954,-0.462923087844249,-0.888386895126231,0.374338899761985,0.675160084824232,0.888386895126231,FALSE,TRUE,FALSE,FALSE,FALSE
"MYBBP1A","turquoise",0.950022372024425,966.731485731709,966.703314721306,0.0281710104029571,1322.87384937954,-0.265627030663917,-0.509759783492398,0.610223042508434,0.699535462364124,0.509759783492398,FALSE,TRUE,FALSE,FALSE,FALSE
"CIB1","turquoise",0.872774377429906,383.594779204748,383.59436414081,0.000415063937964533,1322.87384937954,-0.495648094594372,-0.951188833295078,0.341515225969261,0.675160084824232,0.951188833295078,FALSE,TRUE,FALSE,FALSE,FALSE
"DDX17","turquoise",0.980452510714686,1307.23987316611,1307.20131625263,0.0385569134821253,1322.87384937954,-0.518095217619849,-0.993446695345757,0.320520779192173,0.675160084824232,0.993446695345757,FALSE,TRUE,FALSE,FALSE,FALSE
"CHERP","turquoise",0.976442414348156,1287.24283171799,1287.11352073847,0.129310979524234,1322.87384937954,-0.395095457229133,-0.758220178995179,0.448324390593168,0.675160084824232,0.758220178995179,FALSE,TRUE,FALSE,FALSE,FALSE
"KAT5","turquoise",0.98006328626048,1361.15996436102,1361.13988315331,0.0200812077089267,1322.87384937954,-0.36639871380152,-0.703148804368757,0.481967790972408,0.675160084824232,0.703148804368757,FALSE,TRUE,TRUE,FALSE,FALSE
"IPO7","turquoise",0.972235468690316,1262.14556971968,1261.98618521982,0.159384499857879,1322.87384937954,-0.428716328998218,-0.822741354686515,0.410660810397383,0.675160084824232,0.822741354686515,FALSE,TRUE,FALSE,FALSE,FALSE
"NOP56","turquoise",0.968158958573878,1191.59069145047,1191.58203029832,0.00866115215262653,1322.87384937954,-0.410598391585958,-0.787971565521918,0.430718781659814,0.675160084824232,0.787971565521918,FALSE,TRUE,FALSE,FALSE,FALSE
"BATF","turquoise",0.914086036330137,535.788874351729,535.787647571098,0.00122678063098647,1322.87384937954,-0.554690608464492,-1.06449619893499,0.287111466344489,0.675160084824232,1.06449619893499,FALSE,TRUE,FALSE,FALSE,FALSE
"DCTN2","turquoise",0.992982165289172,1548.07629963105,1548.01822784035,0.0580717907016606,1322.87384937954,-0.559671878922158,-1.07405566034849,0.282805288704478,0.675160084824232,1.07405566034849,FALSE,TRUE,TRUE,FALSE,FALSE
"LAMTOR5","turquoise",0.681774333443007,36.5132856989915,34.3445239639599,2.1687617350316,1322.87384937954,-0.556977915303611,-1.06888572599545,0.285128684144616,0.675160084824232,1.06888572599545,FALSE,FALSE,FALSE,FALSE,FALSE
"TM9SF1","turquoise",0.965729185919756,1130.5855594698,1130.55554506125,0.0300144085524607,1322.87384937954,-0.406935248316188,-0.780941696929733,0.434842174260529,0.675160084824232,0.780941696929733,FALSE,TRUE,FALSE,FALSE,FALSE
"PRDX4","turquoise",0.941714139359153,809.270902054682,809.242330415941,0.0285716387404591,1322.87384937954,-0.273246848271717,-0.5243828305682,0.600015683401967,0.696333200477201,0.5243828305682,FALSE,TRUE,FALSE,FALSE,FALSE
"ARL6IP5","turquoise",0.962802830569435,1076.7787987024,1076.67976433852,0.0990343638852664,1322.87384937954,-0.75945069468172,-1.45744738676061,0.145002076322999,0.675160084824232,1.45744738676061,FALSE,TRUE,FALSE,FALSE,FALSE
"AGPAT1","turquoise",0.917280597205481,600.35840533432,600.29395334748,0.0644519868395719,1322.87384937954,-0.496354912012398,-0.952545273161461,0.340827226896638,0.675160084824232,0.952545273161461,FALSE,TRUE,FALSE,FALSE,FALSE
"AGPAT2","turquoise",0.917360528539192,634.167948282763,634.167139490052,0.000808792711495698,1322.87384937954,-0.540115053917003,-1.03652452936567,0.299964806545774,0.675160084824232,1.03652452936567,FALSE,TRUE,FALSE,FALSE,FALSE
"RABAC1","turquoise",0.838319129840602,217.674264422153,217.673973022758,0.000291399394598102,1322.87384937954,-0.60928904421015,-1.16927501875301,0.242300967340518,0.675160084824232,1.16927501875301,FALSE,TRUE,FALSE,FALSE,FALSE
"MRPL28","turquoise",0.946972894596649,813.887401999508,813.885200740433,0.00220125907503643,1322.87384937954,-0.506197521217234,-0.971434037323441,0.331339033588976,0.675160084824232,0.971434037323441,FALSE,TRUE,FALSE,FALSE,FALSE
"CCT7","turquoise",0.944202485678552,867.896731605334,867.894283661435,0.0024479438986873,1322.87384937954,-0.49371750494553,-0.947483875411286,0.343398941597453,0.675160084824232,0.947483875411286,FALSE,TRUE,FALSE,FALSE,FALSE
"CCT4","turquoise",0.975641104362934,1254.0148252894,1253.97594699849,0.0388782909142265,1322.87384937954,-0.479582871660952,-0.920358369453246,0.357391986460726,0.675160084824232,0.920358369453246,FALSE,TRUE,FALSE,FALSE,FALSE
"CCT2","turquoise",0.926223635631844,670.103444474805,669.950315800156,0.153128674648656,1322.87384937954,-0.451392718966277,-0.866259183469282,0.386354101391363,0.675160084824232,0.866259183469282,FALSE,TRUE,FALSE,FALSE,FALSE
"NPC2","turquoise",0.939024417168235,794.836890060746,794.788738405029,0.0481516557169925,1322.87384937954,-0.745897896087089,-1.43143846869211,0.152313697988966,0.675160084824232,1.43143846869211,FALSE,TRUE,FALSE,FALSE,FALSE
"GNLY","turquoise",0.876662929131899,337.44771615225,337.447140231952,0.000575920297364974,1322.87384937954,-0.857068703190023,-1.64461819685663,0.100057863546161,0.675160084824232,1.64461819685663,FALSE,TRUE,FALSE,FALSE,FALSE
"IFITM2","turquoise",0.814826304255403,164.343136199305,164.34075682334,0.00237937596440929,1322.87384937954,-0.616716740800612,-1.18352937003773,0.236607613214156,0.675160084824232,1.18352937003773,FALSE,TRUE,FALSE,FALSE,FALSE
"DRAP1","turquoise",0.93913583522028,767.150020568396,767.146711204893,0.00330936350337652,1322.87384937954,-0.0934389087365357,-0.179316832960301,0.857689989081543,0.883649378614158,0.179316832960301,FALSE,TRUE,FALSE,FALSE,FALSE
"DNPH1","turquoise",0.882271004376213,361.702724125257,361.702006119322,0.000718005934686516,1322.87384937954,-0.546647274625288,-1.04906038991291,0.294157713974668,0.675160084824232,1.04906038991291,FALSE,TRUE,FALSE,FALSE,FALSE
"PRPF8","turquoise",0.96562331497849,1146.84272218056,1146.6898017523,0.15292042826195,1322.87384937954,-0.478174280815264,-0.917655169546471,0.358805874953166,0.675160084824232,0.917655169546471,FALSE,TRUE,FALSE,FALSE,FALSE
"CDC42EP3","turquoise",0.965117212653923,1127.88871586761,1127.82063180535,0.068084062257185,1322.87384937954,-0.61449683614446,-1.1792691932249,0.238299178066819,0.675160084824232,1.1792691932249,FALSE,TRUE,FALSE,FALSE,FALSE
"SH2B2","turquoise",0.931164437431868,668.256655582312,668.222186648859,0.0344689334530131,1322.87384937954,-0.272606634026364,-0.523154207583995,0.600870323490957,0.696522383095328,0.523154207583995,FALSE,TRUE,FALSE,FALSE,FALSE
"ST6GALNAC2","turquoise",0.857358481806288,242.699766384464,242.612704677155,0.0870617073094309,1322.87384937954,-0.231469553503624,-0.444208818598664,0.656894418518288,0.728391975445951,0.444208818598664,FALSE,TRUE,FALSE,FALSE,FALSE
"ERLIN1","turquoise",0.973524884530062,1228.42538694698,1228.30364483701,0.121742109975457,1322.87384937954,-0.368976885818362,-0.708096525260816,0.478890127266509,0.675160084824232,0.708096525260816,FALSE,TRUE,FALSE,FALSE,FALSE
"RBCK1","turquoise",0.938100896310705,801.855938079214,801.847233659554,0.00870441966014823,1322.87384937954,-0.453206747532244,-0.869740451195406,0.384448344841303,0.675160084824232,0.869740451195406,FALSE,TRUE,FALSE,FALSE,FALSE
"TGOLN2","turquoise",0.988160713802852,1445.06059774352,1445.01776423734,0.0428335061878897,1322.87384937954,-0.60126393194999,-1.15387417841678,0.248559793901836,0.675160084824232,1.15387417841678,FALSE,TRUE,TRUE,FALSE,FALSE
"ARID3B","turquoise",0.97287351193208,1195.98048929471,1195.83764093696,0.142848357757202,1322.87384937954,-0.484860033411399,-0.930485670220183,0.35212622649523,0.675160084824232,0.930485670220183,FALSE,TRUE,FALSE,FALSE,FALSE
"MYL12A","turquoise",0.960094643837253,982.927713469995,982.903980428395,0.0237330416000532,1322.87384937954,-0.39585969923323,-0.75968682129273,0.447447027384929,0.675160084824232,0.75968682129273,FALSE,TRUE,FALSE,FALSE,FALSE
"TXNIP","turquoise",0.960760850744035,1025.80913192825,1025.77446744079,0.0346644874646245,1322.87384937954,-0.592660307444211,-1.13736312623073,0.25539445765388,0.675160084824232,1.13736312623073,FALSE,TRUE,FALSE,FALSE,FALSE
"ATP5MG","turquoise",0.673793930515253,23.7643520436183,23.660226608853,0.104125434765301,1322.87384937954,-0.58228873851236,-1.11745924551512,0.263805839901877,0.675160084824232,1.11745924551512,FALSE,FALSE,FALSE,FALSE,FALSE
"RGS14","turquoise",0.978407046855157,1236.60076514252,1236.58185761009,0.0189075324337864,1322.87384937954,-0.550667089999045,-1.05677474115752,0.290621844881203,0.675160084824232,1.05677474115752,FALSE,TRUE,FALSE,FALSE,FALSE
"NPRL2","turquoise",0.973151855000113,1209.45381708953,1209.44375198576,0.0100651037630541,1322.87384937954,-0.506076017322017,-0.971200861508598,0.331455111085766,0.675160084824232,0.971200861508598,FALSE,TRUE,FALSE,FALSE,FALSE
"YKT6","turquoise",0.970701828575609,1217.45433184747,1217.44596878235,0.0083630651186013,1322.87384937954,-0.400247434976218,-0.768107241521714,0.442428761128387,0.675160084824232,0.768107241521714,FALSE,TRUE,FALSE,FALSE,FALSE
"PMVK","turquoise",0.961061227276513,1004.47029759536,1004.46538132571,0.00491626965310843,1322.87384937954,-0.448299396280024,-0.860322846723449,0.38961711347021,0.675160084824232,0.860322846723449,FALSE,TRUE,FALSE,FALSE,FALSE
"KHDRBS1","turquoise",0.98468617127989,1424.53950598463,1424.51314315044,0.0263628341854201,1322.87384937954,-0.581910950235306,-1.11673423921649,0.264115793407738,0.675160084824232,1.11673423921649,FALSE,TRUE,TRUE,FALSE,FALSE
"CELF1","turquoise",0.98678400338784,1411.87089577856,1411.82989332876,0.0410024497946324,1322.87384937954,-0.482858578621885,-0.92664471639247,0.354117547416718,0.675160084824232,0.92664471639247,FALSE,TRUE,TRUE,FALSE,FALSE
"CELF2","turquoise",0.982676605707482,1385.43216852486,1385.31798301958,0.114185505273781,1322.87384937954,-0.468774197634701,-0.899615648662782,0.368331139888245,0.675160084824232,0.899615648662782,FALSE,TRUE,TRUE,FALSE,FALSE
"KLF1","blue",0.819752923828584,3.26928845558828,3.26844667147107,0.000841784117205258,19.5381539006617,0.308136872329968,0.591339612283995,0.554296788705131,0.681096310354657,0.591339612283995,FALSE,TRUE,FALSE,FALSE,FALSE
"CTCF","turquoise",0.985017492139974,1443.63754086126,1443.56020142798,0.0773394332854878,1322.87384937954,-0.458951844116021,-0.880765756802931,0.378450786568913,0.675160084824232,0.880765756802931,FALSE,TRUE,TRUE,FALSE,FALSE
"RRAGA","turquoise",0.809962717380831,149.548939294294,147.237510234387,2.31142905990694,1322.87384937954,-0.299332225925125,-0.574442782794008,0.565671974785752,0.686521438768862,0.574442782794008,FALSE,TRUE,FALSE,FALSE,FALSE
"GNA13","turquoise",0.962964604923659,1114.45416657263,1114.17968944171,0.274477130918513,1322.87384937954,-0.714480406626601,-1.37114576209059,0.170338489306894,0.675160084824232,1.37114576209059,FALSE,TRUE,FALSE,FALSE,FALSE
"TNFSF13B","turquoise",0.829236024395179,189.119713635107,189.118242596391,0.00147103871574927,1322.87384937954,-0.411556104273897,-0.789809493729869,0.429644491753911,0.675160084824232,0.789809493729869,FALSE,TRUE,FALSE,FALSE,FALSE
"EBP","turquoise",0.96430915103505,1048.99103653819,1048.97993058299,0.0111059551973085,1322.87384937954,-0.486961925356461,-0.934519371083237,0.350042624929844,0.675160084824232,0.934519371083237,FALSE,TRUE,FALSE,FALSE,FALSE
"CNPY3","turquoise",0.898968584026124,494.973291272196,494.972584044488,0.000707227708005576,1322.87384937954,-0.59968516624027,-1.15084439916441,0.249804275158605,0.675160084824232,1.15084439916441,FALSE,TRUE,FALSE,FALSE,FALSE
"USP39","turquoise",0.97280132210238,1238.99423181586,1238.97656123866,0.0176705772021251,1322.87384937954,-0.54008652801475,-1.03646978584909,0.299990332350222,0.675160084824232,1.03646978584909,FALSE,TRUE,FALSE,FALSE,FALSE
"SLC12A7","turquoise",0.866134205568259,320.110790126669,320.058556705997,0.0522334206721666,1322.87384937954,-0.320681502172458,-0.615413772871179,0.538285579708695,0.676813488619187,0.615413772871179,FALSE,TRUE,FALSE,FALSE,FALSE
"OGA","turquoise",0.970941833131307,1188.35864504066,1188.18129532593,0.177349714733282,1322.87384937954,-0.461537680319305,-0.885728185889451,0.375770223288253,0.675160084824232,0.885728185889451,FALSE,TRUE,FALSE,FALSE,FALSE
"NUDC","turquoise",0.970538358459776,1175.4298482042,1175.42334217408,0.00650603011536077,1322.87384937954,-0.471059365342591,-0.904001070557181,0.36600118045851,0.675160084824232,0.904001070557181,FALSE,TRUE,FALSE,FALSE,FALSE
"GRAP","turquoise",0.893873580245124,490.04155704818,490.041176781667,0.0003802665130479,1322.87384937954,-0.438952041172469,-0.842384515282013,0.399578629156649,0.675160084824232,0.842384515282013,FALSE,TRUE,FALSE,FALSE,FALSE
"GIPC1","turquoise",0.928858814636868,738.341143188433,738.340143503208,0.000999685224769564,1322.87384937954,-0.278054195691995,-0.533608519587908,0.593615869157964,0.694686338974684,0.533608519587908,FALSE,TRUE,FALSE,FALSE,FALSE
"NUP50","turquoise",0.951512330781633,938.771597154417,938.528775123453,0.242822030964248,1322.87384937954,-0.590589299787757,-1.13338869481866,0.257058978567074,0.675160084824232,1.13338869481866,FALSE,TRUE,FALSE,FALSE,FALSE
"ARPP19","turquoise",0.985115158962985,1409.05331345037,1408.99358826555,0.0597251848148517,1322.87384937954,-0.546169882456621,-1.04814423567991,0.294579541057148,0.675160084824232,1.04814423567991,FALSE,TRUE,TRUE,FALSE,FALSE
"ZNF266","turquoise",0.946734230352729,888.092687629937,888.07043989993,0.0222477300067112,1322.87384937954,-0.24541101522134,-0.470963612676012,0.637669713882341,0.714276678725871,0.470963612676012,FALSE,TRUE,FALSE,FALSE,FALSE
"VAMP5","turquoise",0.821775340773523,160.523757441004,160.52328250152,0.000474939484263359,1322.87384937954,-0.598332731420615,-1.14824896721936,0.250873804929631,0.675160084824232,1.14824896721936,FALSE,TRUE,FALSE,FALSE,FALSE
"CYSLTR1","turquoise",0.908852857093846,513.693302802714,513.680730622065,0.0125721806483625,1322.87384937954,-0.480215929488853,-0.921573258692802,0.356757691927959,0.675160084824232,0.921573258692802,FALSE,TRUE,FALSE,FALSE,FALSE
"SEPTIN9","turquoise",0.966331245942658,1172.64416562843,1172.64010253518,0.00406309325785514,1322.87384937954,-0.545802028948205,-1.04743829500686,0.294904855451079,0.675160084824232,1.04743829500686,FALSE,TRUE,FALSE,FALSE,FALSE
"STARD10","turquoise",0.784577902836539,89.1858206782138,89.185634707682,0.000185970531731527,1322.87384937954,-0.590062750216085,-1.13237820354832,0.257483377594774,0.675160084824232,1.13237820354832,FALSE,FALSE,FALSE,FALSE,FALSE
"SRCAP","turquoise",0.967194677137285,1186.70011269259,1186.52513341707,0.17497927551608,1322.87384937954,-0.504519135836367,-0.968213079854508,0.332944788304654,0.675160084824232,0.968213079854508,FALSE,TRUE,FALSE,FALSE,FALSE
"RUVBL2","turquoise",0.962337060736344,1072.33158827965,1072.32696276486,0.0046255147908596,1322.87384937954,-0.302522107454928,-0.580564423780373,0.561537868129101,0.684993150286039,0.580564423780373,FALSE,TRUE,FALSE,FALSE,FALSE
"PGRMC1","turquoise",0.79429370579568,104.574034377369,104.563225778493,0.0108085988757125,1322.87384937954,-0.728116290030277,-1.39731412663622,0.16232816474889,0.675160084824232,1.39731412663622,FALSE,FALSE,FALSE,FALSE,FALSE
"LILRB1","turquoise",0.879855733278928,410.183601353622,410.019364251466,0.164237102156164,1322.87384937954,-0.448101915433426,-0.859943864985958,0.38982599513404,0.675160084824232,0.859943864985958,FALSE,TRUE,FALSE,FALSE,FALSE
"ARID5A","turquoise",0.956652364728868,988.059328415643,988.049508514132,0.00981990151069567,1322.87384937954,-0.419071168962964,-0.804231511471269,0.421268855112603,0.675160084824232,0.804231511471269,FALSE,TRUE,FALSE,FALSE,FALSE
"HCP5","turquoise",0.952770758354496,921.692238395969,921.690202781252,0.00203561471732883,1322.87384937954,-0.35636128400415,-0.683886163712275,0.494051670167729,0.675160084824232,0.683886163712275,FALSE,TRUE,FALSE,FALSE,FALSE
"USP20","turquoise",0.95152013551403,952.996898709467,952.965747072953,0.0311516365138687,1322.87384937954,-0.271452331643374,-0.520939007830539,0.602412622295439,0.697107615282832,0.520939007830539,FALSE,TRUE,FALSE,FALSE,FALSE
"USP19","turquoise",0.974092686981556,1262.54218117416,1262.41896969572,0.123211478441817,1322.87384937954,-0.34770787593833,-0.66727957284282,0.504598059238339,0.675272681317988,0.66727957284282,FALSE,TRUE,FALSE,FALSE,FALSE
"HCST","turquoise",0.845422189375942,293.406686262872,293.406596146903,9.01159692148212e-05,1322.87384937954,-0.571701119803525,-1.09714074778081,0.27258756954569,0.675160084824232,1.09714074778081,FALSE,TRUE,FALSE,FALSE,FALSE
"FGL2","turquoise",0.93225357371212,784.319062221401,783.994103618664,0.324958602736388,1322.87384937954,-0.611309131971637,-1.17315173076291,0.240743108555733,0.675160084824232,1.17315173076291,FALSE,TRUE,FALSE,FALSE,FALSE
"RAB10","turquoise",0.945541244731905,920.409182119395,920.127208728694,0.281973390701069,1322.87384937954,-0.673235173894375,-1.29199282025661,0.19636833277699,0.675160084824232,1.29199282025661,FALSE,TRUE,FALSE,FALSE,FALSE
"RUNDC3A","blue",0.727579072613412,0.687222138402362,0.683583338078155,0.00363880032420683,19.5381539006617,0.677519327889322,1.3002144587226,0.19353620993333,0.675160084824232,1.3002144587226,FALSE,FALSE,FALSE,FALSE,FALSE
"DHRS4","turquoise",0.970916117002353,1197.63279752562,1197.62624509564,0.00655242998027461,1322.87384937954,-0.377217679892546,-0.72391127646502,0.469125141962647,0.675160084824232,0.72391127646502,FALSE,TRUE,FALSE,FALSE,FALSE
"BLCAP","turquoise",0.972762981595801,1220.84279070592,1220.75124663261,0.0915440733062951,1322.87384937954,-0.544197606218712,-1.04435927785574,0.296326554230582,0.675160084824232,1.04435927785574,FALSE,TRUE,FALSE,FALSE,FALSE
"TRAFD1","turquoise",0.921880281887104,639.49728048472,639.482194821938,0.0150856627817575,1322.87384937954,-0.41318110561836,-0.792928002909668,0.427825253713608,0.675160084824232,0.792928002909668,FALSE,TRUE,FALSE,FALSE,FALSE
"PNPLA6","turquoise",0.950059132173007,928.849857515548,928.775095242286,0.0747622732623086,1322.87384937954,-0.489402898194609,-0.939203795640388,0.347632731947697,0.675160084824232,0.939203795640388,FALSE,TRUE,FALSE,FALSE,FALSE
"UTS2","turquoise",0.791309142369527,105.209948403288,105.042826756383,0.167121646905386,1322.87384937954,-0.744721062307054,-1.42918002936304,0.152961599880606,0.675160084824232,1.42918002936304,FALSE,FALSE,FALSE,FALSE,FALSE
"PAPOLA","turquoise",0.94460407759693,898.792965393621,898.287291423858,0.505673969763166,1322.87384937954,-0.617562761488117,-1.18515295225154,0.235965185991685,0.675160084824232,1.18515295225154,FALSE,TRUE,FALSE,FALSE,FALSE
"EHMT2","turquoise",0.970882912094289,1226.44491727221,1226.42572925599,0.0191880162262805,1322.87384937954,-0.371311627460625,-0.712577083549993,0.476112342070485,0.675160084824232,0.712577083549993,FALSE,TRUE,FALSE,FALSE,FALSE
"RNPS1","turquoise",0.984031881180285,1419.41774553183,1419.39378722275,0.0239583090835822,1322.87384937954,-0.508399758375406,-0.97566030877685,0.329239705872446,0.675160084824232,0.97566030877685,FALSE,TRUE,TRUE,FALSE,FALSE
"FASTK","turquoise",0.916881667716088,644.634763781402,644.634002356548,0.000761424854204051,1322.87384937954,-0.483615056075694,-0.928096457889211,0.353364065325903,0.675160084824232,0.928096457889211,FALSE,TRUE,FALSE,FALSE,FALSE
"RALBP1","turquoise",0.631521674720902,21.3404048439498,17.7728217801548,3.56758306379506,1322.87384937954,-0.414615806569085,-0.795681310222521,0.426222797067159,0.675160084824232,0.795681310222521,FALSE,FALSE,FALSE,FALSE,FALSE
"MORF4L1","turquoise",0.963616849712854,1086.66783737024,1086.54793795169,0.119899418552905,1322.87384937954,-0.732935876219471,-1.40656330284462,0.159565977861731,0.675160084824232,1.40656330284462,FALSE,TRUE,FALSE,FALSE,FALSE
"PRDX3","turquoise",0.947045044460774,843.256166764833,843.218418299852,0.037748464981064,1322.87384937954,-0.475185946065183,-0.911920313152539,0.361817074288944,0.675160084824232,0.911920313152539,FALSE,TRUE,FALSE,FALSE,FALSE
"EHD1","turquoise",0.942145818782361,787.527968184873,787.401983165982,0.125985018890901,1322.87384937954,-0.609791790775406,-1.17023983012637,0.241912596182112,0.675160084824232,1.17023983012637,FALSE,TRUE,FALSE,FALSE,FALSE
"MSL3","turquoise",0.981120139711297,1324.14051259218,1324.03930982237,0.101202769807969,1322.87384937954,-0.373223785477869,-0.716246669640073,0.473843925014267,0.675160084824232,0.716246669640073,FALSE,TRUE,TRUE,FALSE,FALSE
"C11orf58","turquoise",0.940747949733395,805.918701824818,805.816084529416,0.102617295402183,1322.87384937954,-0.3329426817134,-0.638943969374637,0.522863647776401,0.676021301912766,0.638943969374637,FALSE,TRUE,FALSE,FALSE,FALSE
"KDELR1","turquoise",0.961531883987579,1064.83256499769,1064.82026340514,0.0123015925425989,1322.87384937954,-0.592256946697186,-1.13658904429126,0.255718059901408,0.675160084824232,1.13658904429126,FALSE,TRUE,FALSE,FALSE,FALSE
"SF3A3","turquoise",0.979957469579993,1358.30946354739,1358.23573773017,0.0737258172273414,1322.87384937954,-0.485385966139715,-0.931494977718173,0.351604135216301,0.675160084824232,0.931494977718173,FALSE,TRUE,TRUE,FALSE,FALSE
"STARD3","turquoise",0.983691768802896,1353.96750722631,1353.95315942251,0.0143478038046396,1322.87384937954,-0.510265116638369,-0.979240082348414,0.327468272251978,0.675160084824232,0.979240082348414,FALSE,TRUE,TRUE,FALSE,FALSE
"SEC61B","turquoise",0.925656906455599,651.665385047031,651.591975129652,0.0734099173789673,1322.87384937954,-0.587989963332071,-1.12840035765448,0.25915876646198,0.675160084824232,1.12840035765448,FALSE,TRUE,FALSE,FALSE,FALSE
"OS9","turquoise",0.966229249751991,1093.46195714164,1093.42677262634,0.0351845152968053,1322.87384937954,-0.433373136267918,-0.831678144965859,0.405596427662807,0.675160084824232,0.831678144965859,FALSE,TRUE,FALSE,FALSE,FALSE
"PNRC1","turquoise",0.953301622321999,940.645406235099,940.245207101432,0.400199133667343,1322.87384937954,-0.727963567679949,-1.39702104007781,0.162416278626479,0.675160084824232,1.39702104007781,FALSE,TRUE,FALSE,FALSE,FALSE
"TMED2","turquoise",0.972297749727911,1206.11697815804,1206.06442554689,0.0525526111491672,1322.87384937954,-0.732239218852809,-1.40522636093961,0.159963031381114,0.675160084824232,1.40522636093961,FALSE,TRUE,FALSE,FALSE,FALSE
"LMAN2","turquoise",0.974925258824658,1199.75682552827,1199.74896393417,0.00786159410267828,1322.87384937954,-0.423712491073145,-0.813138584475439,0.416144248665809,0.675160084824232,0.813138584475439,FALSE,TRUE,FALSE,FALSE,FALSE
"ERP29","turquoise",0.981567821976343,1308.18495253224,1308.16901011547,0.0159424167711677,1322.87384937954,-0.520579387598869,-0.999034003616761,0.317785264553106,0.675160084824232,0.999034003616761,FALSE,TRUE,FALSE,FALSE,FALSE
"STIP1","turquoise",0.983163865960942,1414.78299569222,1414.75258146865,0.0304142235681866,1322.87384937954,-0.527718979473557,-1.01273545861992,0.311193677449325,0.675160084824232,1.01273545861992,FALSE,TRUE,TRUE,FALSE,FALSE
"IFI44L","turquoise",0.505238626351097,7.92533786359013,7.92433032691167,0.00100753667845233,1322.87384937954,0.206844643801353,0.396951622646224,0.691405604329806,0.751799398080264,0.396951622646224,FALSE,FALSE,FALSE,FALSE,FALSE
"EBNA1BP2","turquoise",0.960189538853988,999.352962992921,999.334284426795,0.0186785661259137,1322.87384937954,-0.47007880259789,-0.902119291239804,0.366999834590519,0.675160084824232,0.902119291239804,FALSE,TRUE,FALSE,FALSE,FALSE
"YWHAQ","turquoise",0.973981231664721,1230.87515955367,1230.82711977145,0.0480397822184386,1322.87384937954,-0.798329826866629,-1.53205959002703,0.125516949820313,0.675160084824232,1.53205959002703,FALSE,TRUE,FALSE,FALSE,FALSE
"TMED10","turquoise",0.980070812970133,1338.88327418638,1338.77039614041,0.11287804596509,1322.87384937954,-0.621642385518614,-1.19298208115201,0.232884639994352,0.675160084824232,1.19298208115201,FALSE,TRUE,TRUE,FALSE,FALSE
"UQCR11","turquoise",0.39492614354532,2.72977782513641,2.72706869251264,0.00270913262377004,1322.87384937954,-0.322338055182148,-0.618592832251741,0.536188731358041,0.676813488619187,0.618592832251741,FALSE,FALSE,FALSE,FALSE,FALSE
"COPS6","turquoise",0.963291738009898,1031.04935565067,1031.03897036419,0.0103852864854161,1322.87384937954,-0.181602147460761,-0.348509227919957,0.727459923062093,0.778831576515202,0.348509227919957,FALSE,TRUE,FALSE,FALSE,FALSE
"RAB32","turquoise",0.920596829049456,573.569748299777,573.471473203629,0.0982750961478587,1322.87384937954,-0.634918525216758,-1.21846006839308,0.223057567976475,0.675160084824232,1.21846006839308,FALSE,TRUE,FALSE,FALSE,FALSE
"MAPRE2","turquoise",0.991646174829499,1566.59847743312,1566.52078122615,0.0776962069674028,1322.87384937954,-0.557010568703928,-1.06894839051507,0.285100445319818,0.675160084824232,1.06894839051507,FALSE,TRUE,TRUE,FALSE,FALSE
"GCN1","turquoise",0.972703975301748,1262.70189737625,1262.60718488856,0.0947124876843191,1322.87384937954,-0.310576311252151,-0.596021093132185,0.551165067250443,0.681096310354657,0.596021093132185,FALSE,TRUE,FALSE,FALSE,FALSE
"IMMT","turquoise",0.976486734686132,1323.22487904209,1323.16758834797,0.0572906941249585,1322.87384937954,-0.592587476301245,-1.13722335736919,0.255452866468466,0.675160084824232,1.13722335736919,FALSE,TRUE,TRUE,FALSE,FALSE
"SF3B2","turquoise",0.969132416969284,1208.25999695514,1208.24936006157,0.0106368935707906,1322.87384937954,-0.539556925098183,-1.03545343496262,0.300464499462721,0.675160084824232,1.03545343496262,FALSE,TRUE,FALSE,FALSE,FALSE
"SLC27A3","turquoise",0.919330695351746,656.696993650678,656.684849010609,0.0121446400694367,1322.87384937954,-0.26397966371562,-0.506598352907577,0.612439919476463,0.701028773588083,0.506598352907577,FALSE,TRUE,FALSE,FALSE,FALSE
"CCDC85B","turquoise",0.868450329186178,270.158416720032,270.15306131858,0.00535540145210689,1322.87384937954,-0.777505041097847,-1.49209513965375,0.135683399647033,0.675160084824232,1.49209513965375,FALSE,TRUE,FALSE,FALSE,FALSE
"IL24","turquoise",0.943259863059798,827.122163648292,827.1184265396,0.00373710869189381,1322.87384937954,-0.441232056313008,-0.84676004898239,0.397134786214505,0.675160084824232,0.84676004898239,FALSE,TRUE,FALSE,FALSE,FALSE
"GLIPR1","turquoise",0.965280875794738,1065.12171599665,1065.05102958226,0.0706864143910479,1322.87384937954,-0.713797736966783,-1.3698356637278,0.170747170290318,0.675160084824232,1.3698356637278,FALSE,TRUE,FALSE,FALSE,FALSE
"KDELR2","turquoise",0.949869294400075,912.89703954369,912.691957807137,0.205081736553211,1322.87384937954,-0.55459492032965,-1.06431256565498,0.287194617207549,0.675160084824232,1.06431256565498,FALSE,TRUE,FALSE,FALSE,FALSE
"SNRNP27","turquoise",0.933067957864724,679.917508298081,679.885789755076,0.0317185430055815,1322.87384937954,-0.455943056238156,-0.874991649200397,0.381584574103992,0.675160084824232,0.874991649200397,FALSE,TRUE,FALSE,FALSE,FALSE
"RAB35","turquoise",0.983583788852087,1415.50330288861,1415.42461491255,0.0786879760630654,1322.87384937954,-0.404493142312038,-0.776255097735255,0.437603730328327,0.675160084824232,0.776255097735255,FALSE,TRUE,TRUE,FALSE,FALSE
"LILRA1","turquoise",0.891527381732659,475.564064456667,475.421248364795,0.142816091872248,1322.87384937954,-0.684537403479956,-1.31368271413574,0.188961783859144,0.675160084824232,1.31368271413574,FALSE,TRUE,FALSE,FALSE,FALSE
"LILRB3","turquoise",0.877723716362538,335.117540178064,335.103560584198,0.0139795938661109,1322.87384937954,-0.387111175107065,-0.742897695000555,0.457548707379356,0.675160084824232,0.742897695000555,FALSE,TRUE,FALSE,FALSE,FALSE
"LILRA2","turquoise",0.911277778733334,551.19444710939,551.077312558298,0.117134551092477,1322.87384937954,-0.654705575247575,-1.25643301984479,0.208967570066797,0.675160084824232,1.25643301984479,FALSE,TRUE,FALSE,FALSE,FALSE
"RAB31","turquoise",0.872948846828781,362.520131373335,362.437971179845,0.082160193489301,1322.87384937954,-0.795801383998562,-1.52720730339875,0.1267186883588,0.675160084824232,1.52720730339875,FALSE,TRUE,FALSE,FALSE,FALSE
"ADAP1","turquoise",0.949763582180649,892.090964635489,892.086510705309,0.00445393018026152,1322.87384937954,-0.424977085626462,-0.815565443835698,0.414754381477152,0.675160084824232,0.815565443835698,FALSE,TRUE,FALSE,FALSE,FALSE
"RIPK3","turquoise",0.944891487658811,865.095618671527,865.066556667081,0.0290620044455636,1322.87384937954,-0.284207128364945,-0.54541649567892,0.58547064315876,0.691291908175511,0.54541649567892,FALSE,TRUE,FALSE,FALSE,FALSE
"PIM2","turquoise",0.969554190162038,1120.03307094391,1120.02871406669,0.00435687722506373,1322.87384937954,-0.408541791929843,-0.784024784229324,0.433030979944041,0.675160084824232,0.784024784229324,FALSE,TRUE,FALSE,FALSE,FALSE
"ADRM1","turquoise",0.980828748350516,1311.97039114157,1311.94966331913,0.0207278224465881,1322.87384937954,-0.429348115061276,-0.823953803306345,0.409971534625756,0.675160084824232,0.823953803306345,FALSE,TRUE,FALSE,FALSE,FALSE
"OGFR","turquoise",0.96293030732233,1067.54100451103,1067.53466512155,0.00633938947817114,1322.87384937954,-0.575060427817709,-1.10358753191161,0.269779841683905,0.675160084824232,1.10358753191161,FALSE,TRUE,FALSE,FALSE,FALSE
"WWP2","turquoise",0.955778252998663,999.34374160902,999.119569269139,0.224172339880738,1322.87384937954,-0.536504426202666,-1.0295954423773,0.303207213147411,0.675160084824232,1.0295954423773,FALSE,TRUE,FALSE,FALSE,FALSE
"CYB561D2","turquoise",0.901400066621371,516.46441648293,516.4638475196,0.000568963329556027,1322.87384937954,-0.319442419102713,-0.613035872113927,0.539856684014165,0.677574058876686,0.613035872113927,FALSE,TRUE,FALSE,FALSE,FALSE
"TMEM115","turquoise",0.966931691442906,1127.46031251326,1127.4501538549,0.010158658358705,1322.87384937954,-0.359406904758011,-0.689730956586733,0.490368059187946,0.675160084824232,0.689730956586733,FALSE,TRUE,FALSE,FALSE,FALSE
"RER1","turquoise",0.991900202265776,1530.48829859724,1530.4705764823,0.0177221149335764,1322.87384937954,-0.385008302956011,-0.738862113042822,0.459995784387654,0.675160084824232,0.738862113042822,FALSE,TRUE,TRUE,FALSE,FALSE
"HNRNPUL1","turquoise",0.9761285314673,1324.33197802247,1324.1922779115,0.139700110967624,1322.87384937954,-0.638160894726408,-1.22468243806348,0.220703301317367,0.675160084824232,1.22468243806348,FALSE,TRUE,TRUE,FALSE,FALSE
"BTN3A2","turquoise",0.897944545278684,397.214020515582,397.207800375738,0.00622013984315117,1322.87384937954,-0.00268607050375996,-0.00515380326252869,0.995887919764941,0.996584994837105,0.00515380326252869,FALSE,TRUE,FALSE,FALSE,FALSE
"BTN3A1","turquoise",0.96076626191195,1002.37872590345,1002.36728777643,0.0114381270117292,1322.87384937954,-0.0392461220236828,-0.0753076973798252,0.939970370640228,0.951281953675304,0.0753076973798252,FALSE,TRUE,FALSE,FALSE,FALSE
"RCAN3","turquoise",0.964823981545993,1078.6161147895,1078.59886041286,0.0172543766384479,1322.87384937954,-0.49529642997891,-0.950513960418655,0.341857858760047,0.675160084824232,0.950513960418655,FALSE,TRUE,FALSE,FALSE,FALSE
"CLASRP","turquoise",0.95895371842752,970.156658866031,970.111153527258,0.0455053387723865,1322.87384937954,-0.451586179481187,-0.86663044986468,0.386150584080236,0.675160084824232,0.86663044986468,FALSE,TRUE,FALSE,FALSE,FALSE
"CAPN10","turquoise",0.955463203086878,945.048612453069,945.035827212947,0.012785240121957,1322.87384937954,-0.258732384357687,-0.496528398871881,0.61952483696059,0.704552189834397,0.496528398871881,FALSE,TRUE,FALSE,FALSE,FALSE
"CDC42EP1","turquoise",0.829075785278416,183.11768377847,183.01902777901,0.0986559994598508,1322.87384937954,-0.447959954511926,-0.859671430480979,0.38997619370285,0.675160084824232,0.859671430480979,FALSE,TRUE,FALSE,FALSE,FALSE
"PWP1","turquoise",0.971370955631825,1240.20677990798,1240.13427923716,0.0725006708182718,1322.87384937954,-0.417455371791463,-0.801130665844778,0.423061552214403,0.675160084824232,0.801130665844778,FALSE,TRUE,FALSE,FALSE,FALSE
"CDC37","turquoise",0.985775574013286,1417.92077635493,1417.9035703415,0.0172060134273124,1322.87384937954,-0.535119975382609,-1.02693856913468,0.304456630790487,0.675160084824232,1.02693856913468,FALSE,TRUE,TRUE,FALSE,FALSE
"ERG28","turquoise",0.931652906793758,759.949169505302,759.947359497451,0.00181000785084962,1322.87384937954,-0.343890257737023,-0.659953254346954,0.509288257577812,0.675272681317988,0.659953254346954,FALSE,TRUE,FALSE,FALSE,FALSE
"NUDT3","turquoise",0.979887217028566,1262.92850743349,1262.91282449809,0.0156829353916237,1322.87384937954,-0.497497479514573,-0.954737952728291,0.339716957932143,0.675160084824232,0.954737952728291,FALSE,TRUE,FALSE,FALSE,FALSE
"PSIP1","turquoise",0.969729018861392,1139.01110010845,1138.97018140543,0.0409187030247722,1322.87384937954,-0.396561407176987,-0.761033455664203,0.44664231472435,0.675160084824232,0.761033455664203,FALSE,TRUE,FALSE,FALSE,FALSE
"BAZ2A","turquoise",0.976813432233884,1294.44146753366,1294.30561886217,0.135848671494614,1322.87384937954,-0.518798921050105,-0.99561714411965,0.319443222638642,0.675160084824232,0.99561714411965,FALSE,TRUE,FALSE,FALSE,FALSE
"WDR6","turquoise",0.967620456177703,1147.92627208358,1147.9040859031,0.0221861804818673,1322.87384937954,-0.383305051479874,-0.735593435523299,0.461983186807874,0.675160084824232,0.735593435523299,FALSE,TRUE,FALSE,FALSE,FALSE
"MAP4K1","turquoise",0.932217421736838,801.255425428875,801.253914738315,0.0015106905597122,1322.87384937954,-0.500048892113853,-0.959634320130953,0.337246051705635,0.675160084824232,0.959634320130953,FALSE,TRUE,FALSE,FALSE,FALSE
"RASSF1","turquoise",0.963277637571663,1095.88339723433,1095.85976746898,0.0236297653420934,1322.87384937954,-0.318547427891345,-0.611318311498977,0.54099292051711,0.677802257659053,0.611318311498977,FALSE,TRUE,FALSE,FALSE,FALSE
"NISCH","turquoise",0.979096906866218,1326.70827016558,1326.64406555544,0.0642046101486358,1322.87384937954,-0.485615032467196,-0.93193457455141,0.35137689537991,0.675160084824232,0.93193457455141,FALSE,TRUE,TRUE,FALSE,FALSE
"SUPT16H","turquoise",0.971952005377676,1237.27498075761,1237.19522388698,0.0797568706218499,1322.87384937954,-0.379891487067722,-0.729042528970879,0.465980623961949,0.675160084824232,0.729042528970879,FALSE,TRUE,FALSE,FALSE,FALSE
"PLPBP","turquoise",0.981691144452658,1372.30762374856,1372.27049692435,0.0371268242115548,1322.87384937954,-0.40318701270145,-0.773748529236401,0.439084846410565,0.675160084824232,0.773748529236401,FALSE,TRUE,TRUE,FALSE,FALSE
"IRAK3","turquoise",0.909958827992054,591.735662240621,591.289688213556,0.445974027064153,1322.87384937954,-0.552958350895399,-1.06117185637404,0.288619276093868,0.675160084824232,1.06117185637404,FALSE,TRUE,FALSE,FALSE,FALSE
"AKAP13","turquoise",0.973969875147027,1255.48440185918,1255.38702509371,0.0973767654668336,1322.87384937954,-0.481664991769921,-0.924354126561625,0.355308470797806,0.675160084824232,0.924354126561625,FALSE,TRUE,FALSE,FALSE,FALSE
"MRPL3","turquoise",0.927702038901004,648.48952296848,648.470580669338,0.0189422991418269,1322.87384937954,-0.730718551608346,-1.40230807734715,0.160832316343704,0.675160084824232,1.40230807734715,FALSE,TRUE,FALSE,FALSE,FALSE
"RPL35","turquoise",0.758331356615866,102.280771332576,102.279940048008,0.000831284568548085,1322.87384937954,-0.511749535149414,-0.977100760766978,0.328646382882783,0.675160084824232,0.977100760766978,FALSE,FALSE,FALSE,FALSE,FALSE
"PRAF2","turquoise",0.957497072307847,967.0448229486,967.035210422659,0.00961252594072448,1322.87384937954,-0.382136883139218,-0.733351625874156,0.463349005459766,0.675160084824232,0.733351625874156,FALSE,TRUE,FALSE,FALSE,FALSE
"RNF24","turquoise",0.942565848175002,742.045644096509,742.040253558538,0.00539053797092492,1322.87384937954,-0.392906304106448,-0.754019016865474,0.450842977160372,0.675160084824232,0.754019016865474,FALSE,TRUE,FALSE,FALSE,FALSE
"PADI2","turquoise",0.751059302490013,62.7432789493278,62.7333017982177,0.00997715111012099,1322.87384937954,-0.949409246754141,-1.80902350084435,0.070662388077354,0.675160084824232,1.80902350084435,FALSE,FALSE,FALSE,FALSE,FALSE
"PMF1","turquoise",0.952328740810637,924.793898854595,924.791887829488,0.00201102510709461,1322.87384937954,-0.676018308630342,-1.29733388120546,0.19452505400549,0.675160084824232,1.29733388120546,FALSE,TRUE,FALSE,FALSE,FALSE
"PTGDR2","turquoise",0.834875918576036,186.048594935351,186.046437518066,0.00215741728439411,1322.87384937954,-0.155626837256665,-0.298660504043127,0.765200904131376,0.806573280368511,0.298660504043127,FALSE,TRUE,FALSE,FALSE,FALSE
"PACSIN2","turquoise",0.951704021885904,927.500125211872,927.398753685695,0.101371526177218,1322.87384937954,-0.520207486412537,-0.998320295121991,0.318131109539777,0.675160084824232,0.998320295121991,FALSE,TRUE,FALSE,FALSE,FALSE
"MAN1B1","turquoise",0.973354858686007,1251.45958595996,1251.45312296792,0.00646299203890521,1322.87384937954,-0.259168557102286,-0.497365449691959,0.618934552328534,0.704552189834397,0.497365449691959,FALSE,TRUE,FALSE,FALSE,FALSE
"DCTN3","turquoise",0.973381327042631,1158.10480531344,1158.08016061932,0.0246446941252998,1322.87384937954,-0.289928100280875,-0.556395504095125,0.577944140156727,0.68970573654207,0.556395504095125,FALSE,TRUE,FALSE,FALSE,FALSE
"NRM","turquoise",0.935343221316198,779.426318572066,779.420956076914,0.00536249515130294,1322.87384937954,-0.720901208770597,-1.38346780138979,0.166530474145925,0.675160084824232,1.38346780138979,FALSE,TRUE,FALSE,FALSE,FALSE
"ATXN2L","turquoise",0.96052571245335,1088.78184604253,1088.72389245538,0.0579535871488588,1322.87384937954,-0.467541991331065,-0.897250944976603,0.369591321478276,0.675160084824232,0.897250944976603,FALSE,TRUE,FALSE,FALSE,FALSE
"SYNRG","turquoise",0.986027421642233,1434.46979422357,1434.4223826989,0.0474115246697693,1322.87384937954,-0.432542887010788,-0.830084829404179,0.406496598983176,0.675160084824232,0.830084829404179,FALSE,TRUE,TRUE,FALSE,FALSE
"TREX1","turquoise",0.843057611032457,251.818941122739,251.818446899799,0.000494222940574218,1322.87384937954,-0.359790217568138,-0.690466564911727,0.489905499445089,0.675160084824232,0.690466564911727,FALSE,TRUE,FALSE,FALSE,FALSE
"MGAT4B","turquoise",0.944607722686824,821.290479673787,821.264709576947,0.0257700968401195,1322.87384937954,-0.544272872332632,-1.04450371962373,0.296259757643052,0.675160084824232,1.04450371962373,FALSE,TRUE,FALSE,FALSE,FALSE
"PNKP","turquoise",0.952217699980388,913.777183774441,913.77214275885,0.00504101559101855,1322.87384937954,-0.526909556988664,-1.01118211132081,0.311936406433942,0.675160084824232,1.01118211132081,FALSE,TRUE,FALSE,FALSE,FALSE
"LYPLA2","turquoise",0.844649091453362,288.868348361779,288.868282997172,6.53646067121372e-05,1322.87384937954,-0.470998242601299,-0.903883771066652,0.366063381315718,0.675160084824232,0.903883771066652,FALSE,TRUE,FALSE,FALSE,FALSE
"CD300A","turquoise",0.931868596837956,660.232217631195,660.224637077223,0.0075805539721614,1322.87384937954,-0.697640584955848,-1.33882878054139,0.180635288908355,0.675160084824232,1.33882878054139,FALSE,TRUE,FALSE,FALSE,FALSE
"PARK7","turquoise",0.955202996997456,902.054984571135,902.039667396325,0.0153171748096383,1322.87384937954,-0.475477210359919,-0.912479272922005,0.361522886721313,0.675160084824232,0.912479272922005,FALSE,TRUE,FALSE,FALSE,FALSE
"COPE","turquoise",0.940735717635095,743.869637602722,743.863095789696,0.00654181302559209,1322.87384937954,-0.503217067183463,-0.965714304662322,0.334193965869644,0.675160084824232,0.965714304662322,FALSE,TRUE,FALSE,FALSE,FALSE
"MGAT4A","turquoise",0.975425525600772,1245.22075410213,1245.1466696517,0.0740844504373399,1322.87384937954,-0.464292265481827,-0.891014457894785,0.37292766167142,0.675160084824232,0.891014457894785,FALSE,TRUE,FALSE,FALSE,FALSE
"TMC6","turquoise",0.944585511782373,879.594277482945,879.588497574988,0.00577990795704864,1322.87384937954,-0.291483679005379,-0.559380785645072,0.575905522928337,0.688806131578259,0.559380785645072,FALSE,TRUE,FALSE,FALSE,FALSE
"STK38","turquoise",0.986898040450512,1463.31102292828,1463.24783675165,0.0631861766244128,1322.87384937954,-0.476958203771479,-0.915321419216166,0.360029350216971,0.675160084824232,0.915321419216166,FALSE,TRUE,TRUE,FALSE,FALSE
"PHB2","turquoise",0.931158555546092,741.640175755176,741.638713551883,0.00146220329315838,1322.87384937954,-0.274857703095519,-0.527474191429203,0.597867744777878,0.695822020816178,0.527474191429203,FALSE,TRUE,FALSE,FALSE,FALSE
"TUSC2","turquoise",0.936329953341872,714.34355342785,714.341804173905,0.00174925394560432,1322.87384937954,-0.565299545214874,-1.08485560771745,0.27799323429362,0.675160084824232,1.08485560771745,FALSE,TRUE,FALSE,FALSE,FALSE
"U2AF2","turquoise",0.985321631560402,1447.39089281575,1447.36037748083,0.0305153349190732,1322.87384937954,-0.499061636804104,-0.957739697239256,0.338200781933379,0.675160084824232,0.957739697239256,FALSE,TRUE,TRUE,FALSE,FALSE
"EXOSC8","turquoise",0.941394922068916,773.952934385885,773.944163651374,0.0087707345111312,1322.87384937954,-0.190084302426922,-0.364787170222334,0.715272531012635,0.769366224349134,0.364787170222334,FALSE,TRUE,FALSE,FALSE,FALSE
"RNF13","turquoise",0.944736374242761,894.041374261116,893.885927449737,0.155446811378852,1322.87384937954,-0.591537747674398,-1.13520884312262,0.25629575490209,0.675160084824232,1.13520884312262,FALSE,TRUE,FALSE,FALSE,FALSE
"TWF2","turquoise",0.965781727302838,1100.90342411343,1100.89868881599,0.004735297446814,1322.87384937954,-0.633270785957337,-1.21529792331306,0.224260845778407,0.675160084824232,1.21529792331306,FALSE,TRUE,FALSE,FALSE,FALSE
"GABARAPL2","brown",0.869198705256009,3.33496959368706,2.55886165019524,0.776107943491822,7.78987287898542,-0.496342281596873,-0.952521034371202,0.340839513244137,0.675160084824232,0.952521034371202,FALSE,TRUE,FALSE,FALSE,FALSE
"CASC3","turquoise",0.768190011521616,117.144193267719,111.896598178937,5.24759508878176,1322.87384937954,-0.48440180642465,-0.929606295523369,0.352581506453072,0.675160084824232,0.929606295523369,FALSE,FALSE,FALSE,FALSE,FALSE
"COG2","turquoise",0.981526967912344,1369.34599386003,1369.31251735608,0.0334765039544891,1322.87384937954,-0.369382512261291,-0.708874955254214,0.478406894280446,0.675160084824232,0.708874955254214,FALSE,TRUE,TRUE,FALSE,FALSE
"XRN2","turquoise",0.962415328747269,1113.06505740052,1112.89071631324,0.174341087282755,1322.87384937954,-0.516091641618496,-0.990421655642965,0.321975049052968,0.675160084824232,0.990421655642965,FALSE,TRUE,FALSE,FALSE,FALSE
"IKZF3","turquoise",0.973937388529085,1226.9137465451,1226.90280712838,0.0109394167186565,1322.87384937954,-0.36601271732299,-0.70240804586676,0.48242949397667,0.675160084824232,0.70240804586676,FALSE,TRUE,FALSE,FALSE,FALSE
"COPG1","turquoise",0.951138725441276,956.746223005339,956.686903591784,0.0593194135553858,1322.87384937954,-0.505742189935512,-0.970560219719081,0.331774164986465,0.675160084824232,0.970560219719081,FALSE,TRUE,FALSE,FALSE,FALSE
"RASA3","turquoise",0.977334319238815,1310.4881553705,1310.45762395119,0.0305314193140021,1322.87384937954,-0.470206319272126,-0.902364006064525,0.366869869239756,0.675160084824232,0.902364006064525,FALSE,TRUE,FALSE,FALSE,FALSE
"DNAJC8","turquoise",0.953729031281594,895.984931441063,895.921778226253,0.0631532148105407,1322.87384937954,-0.4874606245921,-0.935476415303291,0.349549415814614,0.675160084824232,0.935476415303291,FALSE,TRUE,FALSE,FALSE,FALSE
"PUF60","turquoise",0.97170403022004,1200.83483651787,1200.82891248731,0.00592403056680268,1322.87384937954,-0.442911035198972,-0.849982145435668,0.395340943678508,0.675160084824232,0.849982145435668,FALSE,TRUE,FALSE,FALSE,FALSE
"RNF44","turquoise",0.978993606996202,1314.83436144255,1314.78284413474,0.0515173078135831,1322.87384937954,-0.379161879450768,-0.727553525035111,0.466892386300372,0.675160084824232,0.727553525035111,FALSE,TRUE,FALSE,FALSE,FALSE
"DLGAP4","turquoise",0.971384310445359,1176.82972840899,1176.79592968148,0.0337987275072464,1322.87384937954,-0.630368220691368,-1.20972766550513,0.226391744857617,0.675160084824232,1.20972766550513,FALSE,TRUE,FALSE,FALSE,FALSE
"AAK1","turquoise",0.953305610915791,926.615598140592,926.608784988823,0.00681315176882435,1322.87384937954,-0.406380002219921,-0.779876134704719,0.435469166386409,0.675160084824232,0.779876134704719,FALSE,TRUE,FALSE,FALSE,FALSE
"NLRP1","turquoise",0.965680800603167,1127.49054757049,1127.34420928577,0.146338284719377,1322.87384937954,-0.790996279452924,-1.51798591863712,0.129027161678271,0.675160084824232,1.51798591863712,FALSE,TRUE,FALSE,FALSE,FALSE
"R3HDM2","turquoise",0.977867144374251,1315.19682184673,1315.08429990309,0.112521943640559,1322.87384937954,-0.477473210307755,-0.91630975846678,0.359510891102171,0.675160084824232,0.91630975846678,FALSE,TRUE,FALSE,FALSE,FALSE
"SEC31A","turquoise",0.951751145157948,1009.30051703448,1009.01245728315,0.288059751330252,1322.87384937954,-0.564212068706813,-1.08276865222984,0.278918731895739,0.675160084824232,1.08276865222984,FALSE,TRUE,FALSE,FALSE,FALSE
"MON1B","turquoise",0.991946744670392,1494.57611366844,1494.53940379115,0.0367098772969712,1322.87384937954,-0.516000695714512,-0.990247123088019,0.322060327714225,0.675160084824232,0.990247123088019,FALSE,TRUE,TRUE,FALSE,FALSE
"CLSTN1","turquoise",0.959263208868092,1043.37291316231,1043.29889605833,0.0740171039813049,1322.87384937954,-0.492187589209939,-0.944547843215364,0.3448964163506,0.675160084824232,0.944547843215364,FALSE,TRUE,FALSE,FALSE,FALSE
"KHDC4","turquoise",0.990125881324379,1496.80967288464,1496.77127492976,0.0383979548842035,1322.87384937954,-0.408516785214914,-0.783976794318222,0.433059138671533,0.675160084824232,0.783976794318222,FALSE,TRUE,TRUE,FALSE,FALSE
"DENND3","turquoise",0.950906756441078,907.679676018394,907.557121893447,0.122554124947101,1322.87384937954,-0.34767205885849,-0.667210836965981,0.504641956832838,0.675272681317988,0.667210836965981,FALSE,TRUE,FALSE,FALSE,FALSE
"SBNO2","turquoise",0.950262322237941,872.169681896974,872.105048124053,0.0646337729216384,1322.87384937954,-0.340009587205561,-0.652505933323266,0.514079217799458,0.67551064465149,0.652505933323266,FALSE,TRUE,FALSE,FALSE,FALSE
"DHX30","turquoise",0.977087459145689,1321.47412080412,1321.41208798239,0.0620328217314636,1322.87384937954,-0.308523159943365,-0.592080929497377,0.553800297764356,0.681096310354657,0.592080929497377,FALSE,TRUE,FALSE,FALSE,FALSE
"RALY","turquoise",0.983100114762308,1368.27936748099,1368.26122996445,0.018137516535262,1322.87384937954,-0.485710433761779,-0.932117657361733,0.351282282234309,0.675160084824232,0.932117657361733,FALSE,TRUE,TRUE,FALSE,FALSE
"KLRK1","turquoise",0.958421826100879,1017.44807558363,1017.42819043376,0.0198851498689692,1322.87384937954,-0.332599886398613,-0.638286117404484,0.523291707175694,0.676021301912766,0.638286117404484,FALSE,TRUE,FALSE,FALSE,FALSE
"MAPRE1","turquoise",0.979557556546358,1327.74595122214,1327.73087373188,0.0150774902597277,1322.87384937954,-0.534993985712895,-1.0266967847553,0.304570501441136,0.675160084824232,1.0266967847553,FALSE,TRUE,TRUE,FALSE,FALSE
"MSRB2","turquoise",0.896806306986031,386.550271018882,386.494815167104,0.0554558517782766,1322.87384937954,-0.675861591611061,-1.29703312855382,0.194628509666236,0.675160084824232,1.29703312855382,FALSE,TRUE,FALSE,FALSE,FALSE
"ATF6","turquoise",0.960309831529451,985.508422119505,985.45264707076,0.0557750487453177,1322.87384937954,-0.314588972854647,-0.603721715710408,0.546032665082956,0.679412271697359,0.603721715710408,FALSE,TRUE,FALSE,FALSE,FALSE
"SEPHS2","turquoise",0.968487685743352,1098.66623471903,1098.6355822962,0.0306524228221861,1322.87384937954,-0.562847109390707,-1.08014918476181,0.280083344703187,0.675160084824232,1.08014918476181,FALSE,TRUE,FALSE,FALSE,FALSE
"SIRT2","turquoise",0.967732642333914,1158.13928705395,1158.00213316149,0.137153892459764,1322.87384937954,-0.463387633569307,-0.889278395993577,0.373859713650413,0.675160084824232,0.889278395993577,FALSE,TRUE,FALSE,FALSE,FALSE
"RPIA","brown",0.817565219169558,2.50359977324057,1.44059676241296,1.06300301082761,7.78987287898542,-0.33823324435846,-0.649096987543601,0.516280033434416,0.675818875712212,0.649096987543601,FALSE,TRUE,FALSE,FALSE,FALSE
"SCAP","turquoise",0.951890675792537,869.967340435003,869.93794670787,0.0293937271322875,1322.87384937954,-0.601021472506119,-1.15340887910855,0.248750633134466,0.675160084824232,1.15340887910855,FALSE,TRUE,FALSE,FALSE,FALSE
"SNW1","turquoise",0.980627696392226,1331.06037478992,1331.03383639601,0.0265383939115509,1322.87384937954,-0.460738960543321,-0.884195377955489,0.376596948445089,0.675160084824232,0.884195377955489,FALSE,TRUE,TRUE,FALSE,FALSE
"TCF25","turquoise",0.969334650365691,1122.05042771818,1122.04366272346,0.00676499471751413,1322.87384937954,-0.427756098616948,-0.820898594821168,0.411709734669541,0.675160084824232,0.820898594821168,FALSE,TRUE,FALSE,FALSE,FALSE
"ACIN1","turquoise",0.989196335845015,1469.34624917169,1469.25046607045,0.095783101243569,1322.87384937954,-0.511379713163588,-0.98137908334525,0.326412756474635,0.675160084824232,0.98137908334525,FALSE,TRUE,TRUE,FALSE,FALSE
"KDM2A","turquoise",0.980070939323629,1370.96255906195,1370.82968998103,0.132869080915725,1322.87384937954,-0.521393206734756,-1.00059578844519,0.317029323252022,0.675160084824232,1.00059578844519,FALSE,TRUE,TRUE,FALSE,FALSE
"GOLGA8A","turquoise",0.93359980457594,744.777797450509,744.714027652488,0.0637697980217808,1322.87384937954,-0.421304023914898,-0.80851654095047,0.418798893533272,0.675160084824232,0.80851654095047,FALSE,TRUE,FALSE,FALSE,FALSE
"CNOT1","turquoise",0.973491156621231,1300.52117514343,1300.37233258959,0.148842553844133,1322.87384937954,-0.420507885891688,-0.806988687609162,0.419678594256887,0.675160084824232,0.806988687609162,FALSE,TRUE,FALSE,FALSE,FALSE
"SNRNP200","turquoise",0.963423907528862,1131.05906889633,1130.85711512844,0.201953767885243,1322.87384937954,-0.467060643139895,-0.89632719881605,0.370084325012926,0.675160084824232,0.89632719881605,FALSE,TRUE,FALSE,FALSE,FALSE
"KDM1A","turquoise",0.97074671652254,1254.81041848775,1254.76578037942,0.0446381083345386,1322.87384937954,-0.347068012213976,-0.666051622536799,0.505382582654332,0.675272681317988,0.666051622536799,FALSE,TRUE,FALSE,FALSE,FALSE
"RBM34","turquoise",0.961020781715197,1019.94054699549,1019.93151821902,0.00902877647865807,1322.87384937954,-0.332806419299405,-0.638682470767048,0.523033781446035,0.676021301912766,0.638682470767048,FALSE,TRUE,FALSE,FALSE,FALSE
"WDTC1","brown",0.888196265126082,24.4052144140782,4.99635608296165,19.4088583311166,7.78987287898542,-0.401014481663868,-0.769579266234138,0.44155480570672,0.675160084824232,0.769579266234138,FALSE,TRUE,FALSE,FALSE,FALSE
"XPO7","brown",0.954040165110512,17.1343151890325,8.26688053190938,8.86743465712316,7.78987287898542,-0.322930416631079,-0.619729621844283,0.535439925370242,0.676813488619187,0.619729621844283,FALSE,TRUE,TRUE,FALSE,FALSE
"KIF21B","turquoise",0.974943520382605,1280.54414167672,1280.47936088823,0.0647807884929534,1322.87384937954,-0.364223386365253,-0.698974174850951,0.484572908004323,0.675160084824232,0.698974174850951,FALSE,TRUE,FALSE,FALSE,FALSE
"FNBP1","turquoise",0.987739627817248,1499.59901728313,1499.48492062783,0.114096655308686,1322.87384937954,-0.59711992168115,-1.14592148711065,0.251835631425733,0.675160084824232,1.14592148711065,FALSE,TRUE,TRUE,FALSE,FALSE
"TBC1D9B","turquoise",0.956105223099706,1052.23588669162,1052.15878837238,0.0770983192364838,1322.87384937954,-0.278895768336352,-0.535223565646693,0.592498741345313,0.694686338974684,0.535223565646693,FALSE,TRUE,FALSE,FALSE,FALSE
"GGA2","turquoise",0.976907479769205,1305.48655272652,1305.39278954501,0.0937631815043005,1322.87384937954,-0.474432296620762,-0.910473998834839,0.362578983872098,0.675160084824232,0.910473998834839,FALSE,TRUE,FALSE,FALSE,FALSE
"SETD1B","turquoise",0.983728627938364,1383.53233402944,1383.45414205449,0.0781919749454119,1322.87384937954,-0.471876141015768,-0.905568529220104,0.365170631041402,0.675160084824232,0.905568529220104,FALSE,TRUE,TRUE,FALSE,FALSE
"CMTR1","turquoise",0.937369804868626,833.507108701829,833.490955189281,0.0161535125484988,1322.87384937954,-0.287342188774407,-0.551432930495695,0.581340522545378,0.690122958963235,0.551432930495695,FALSE,TRUE,FALSE,FALSE,FALSE
"ERP44","turquoise",0.969781782196051,1163.35997868363,1163.28667556969,0.0733031139352534,1322.87384937954,-0.584332613727681,-1.12138160757535,0.262133309488357,0.675160084824232,1.12138160757535,FALSE,TRUE,FALSE,FALSE,FALSE
"RRP1B","turquoise",0.977020751902863,1312.67120766204,1312.641154478,0.0300531840400708,1322.87384937954,-0.367406025885436,-0.705081917834367,0.480764044774008,0.675160084824232,0.705081917834367,FALSE,TRUE,FALSE,FALSE,FALSE
"TBC1D2B","turquoise",0.981032948269345,1352.94281355335,1352.85942621614,0.0833873372121161,1322.87384937954,-0.494552651760511,-0.949086589783106,0.342583258718672,0.675160084824232,0.949086589783106,FALSE,TRUE,TRUE,FALSE,FALSE
"MRPS27","turquoise",0.987196493603326,1455.0158568197,1454.97757360888,0.0382832108232378,1322.87384937954,-0.486134157029852,-0.932930816628145,0.350862254619241,0.675160084824232,0.932930816628145,FALSE,TRUE,TRUE,FALSE,FALSE
"RAP1GAP2","turquoise",0.97192510176187,1241.39343084786,1241.25297815311,0.140452694754003,1322.87384937954,-0.387436742036565,-0.74352248430411,0.457170505022548,0.675160084824232,0.74352248430411,FALSE,TRUE,FALSE,FALSE,FALSE
"NPIPB3","turquoise",0.947700422290811,890.597702963481,890.460563346747,0.137139616733634,1322.87384937954,-0.205625149834941,-0.394568322022433,0.693164051839025,0.752916720650697,0.394568322022433,FALSE,TRUE,FALSE,FALSE,FALSE
"CAMTA2","turquoise",0.969779395935415,1184.77140303453,1184.73983563846,0.0315673960744789,1322.87384937954,-0.490637830424435,-0.941573730599681,0.346417553247631,0.675160084824232,0.941573730599681,FALSE,TRUE,FALSE,FALSE,FALSE
"ATG2A","turquoise",0.849382456532096,229.435283732742,229.372433585491,0.0628501472511971,1322.87384937954,-0.603504923900441,-1.1581748234551,0.246800761553106,0.675160084824232,1.1581748234551,FALSE,TRUE,FALSE,FALSE,FALSE
"KDM6B","turquoise",0.955384091621258,929.686176562265,929.624085172217,0.0620913900480673,1322.87384937954,-0.406527383208072,-0.780158970756543,0.435302690760558,0.675160084824232,0.780158970756543,FALSE,TRUE,FALSE,FALSE,FALSE
"ZZEF1","turquoise",0.964362390136672,1132.26761170747,1132.10150715483,0.166104552644128,1322.87384937954,-0.37787455453926,-0.72517187210867,0.468351541870822,0.675160084824232,0.72517187210867,FALSE,TRUE,FALSE,FALSE,FALSE
"ANKLE2","turquoise",0.989569324877464,1502.23962812054,1502.18784431992,0.0517838006176135,1322.87384937954,-0.40218833765187,-0.771831990939148,0.440219257203791,0.675160084824232,0.771831990939148,FALSE,TRUE,TRUE,FALSE,FALSE
"FCHO1","turquoise",0.957038627777095,941.532285299563,941.507690431716,0.0245948678468721,1322.87384937954,-0.66109724459741,-1.2686991509527,0.204556992241409,0.675160084824232,1.2686991509527,FALSE,TRUE,FALSE,FALSE,FALSE
"CIC","turquoise",0.972591852563593,1194.85520870527,1194.83335202515,0.0218566801147517,1322.87384937954,-0.375316688728108,-0.720263120469816,0.471367913401879,0.675160084824232,0.720263120469816,FALSE,TRUE,FALSE,FALSE,FALSE
"SEPTIN6","turquoise",0.978975236111927,1334.74587943717,1334.73368814725,0.0121912899228391,1322.87384937954,-0.388247913445309,-0.745079187929729,0.456228953174327,0.675160084824232,0.745079187929729,FALSE,TRUE,TRUE,FALSE,FALSE
"MAPK8IP3","turquoise",0.98258993111262,1330.33915163341,1330.28701588325,0.0521357501650073,1322.87384937954,-0.330694525979327,-0.634629576455384,0.525674265012119,0.676629563705449,0.634629576455384,FALSE,TRUE,TRUE,FALSE,FALSE
"GGA3","turquoise",0.972429588631131,1244.4394934495,1244.35770141885,0.0817920306474207,1322.87384937954,-0.278910830756113,-0.535252471650035,0.592478755841169,0.694686338974684,0.535252471650035,FALSE,TRUE,FALSE,FALSE,FALSE
"RTF1","turquoise",0.967853963168304,1071.50255379744,1071.49790733419,0.0046464632439438,1322.87384937954,-0.46024138429403,-0.883240488837181,0.377112537968105,0.675160084824232,0.883240488837181,FALSE,TRUE,FALSE,FALSE,FALSE
"LPIN1","turquoise",0.980239000757344,1318.88515049612,1318.86104318377,0.0241073123493152,1322.87384937954,-0.358273199683696,-0.687555284736686,0.491737522370167,0.675160084824232,0.687555284736686,FALSE,TRUE,FALSE,FALSE,FALSE
"RFTN1","turquoise",0.973456359221703,1265.63694983047,1265.592823066,0.044126764470775,1322.87384937954,-0.379337362171349,-0.727979118419261,0.466631336627664,0.675160084824232,0.727979118419261,FALSE,TRUE,FALSE,FALSE,FALSE
"UBXN4","turquoise",0.976002576707748,1239.55414006907,1239.48887471934,0.0652653497290885,1322.87384937954,-0.451830134099468,-0.867098618533681,0.385894041130081,0.675160084824232,0.867098618533681,FALSE,TRUE,FALSE,FALSE,FALSE
"ATG4B","turquoise",0.968333388393699,1138.13762436704,1138.13003321118,0.00759115585947256,1322.87384937954,-0.410118740288931,-0.787051075838646,0.4312574035734,0.675160084824232,0.787051075838646,FALSE,TRUE,FALSE,FALSE,FALSE
"GANAB","turquoise",0.971028965357226,1248.86017024681,1248.83497221949,0.0251980273212666,1322.87384937954,-0.370105063704206,-0.71026158998857,0.477546761045922,0.675160084824232,0.71026158998857,FALSE,TRUE,FALSE,FALSE,FALSE
"FAF2","turquoise",0.983273438972038,1375.84011587312,1375.79741704804,0.0426988250785598,1322.87384937954,-0.247957822866024,-0.475851142797874,0.634183460936897,0.712401465128115,0.475851142797874,FALSE,TRUE,TRUE,FALSE,FALSE
"PSME4","brown",0.966725280096786,10.8477107954096,8.43285873723645,2.41485205817316,7.78987287898542,-0.396366110613364,-0.760658665742634,0.446866196395987,0.675160084824232,0.760658665742634,FALSE,TRUE,TRUE,FALSE,FALSE
"ARL6IP1","turquoise",0.924458307717343,668.673255207568,668.182486730282,0.490768477286338,1322.87384937954,-0.56368592988792,-1.08175894922734,0.279367254167591,0.675160084824232,1.08175894922734,FALSE,TRUE,FALSE,FALSE,FALSE
"PLEKHM2","turquoise",0.983539575331496,1370.83985820044,1370.79595433439,0.0439038660465485,1322.87384937954,-0.530782877242329,-1.01861532656615,0.3083928071779,0.675160084824232,1.01861532656615,FALSE,TRUE,TRUE,FALSE,FALSE
"SYT11","turquoise",0.96544119283958,1162.71721931033,1162.58118920131,0.136030109018066,1322.87384937954,-0.398550505655199,-0.764850696729859,0.444365715603294,0.675160084824232,0.764850696729859,FALSE,TRUE,FALSE,FALSE,FALSE
"RRS1","turquoise",0.962203207209607,1042.80266750708,1042.79168275032,0.0109847567541692,1322.87384937954,-0.383545022025422,-0.736053958434078,0.461702892555357,0.675160084824232,0.736053958434078,FALSE,TRUE,FALSE,FALSE,FALSE
"XPO6","turquoise",0.955352941803432,949.30546268773,949.214425562434,0.0910371252967934,1322.87384937954,-0.473461324918362,-0.908610625504363,0.363562077538108,0.675160084824232,0.908610625504363,FALSE,TRUE,FALSE,FALSE,FALSE
"PRRC2C","turquoise",0.97056226322259,1145.16685775017,1145.13356601915,0.0332917310204266,1322.87384937954,-0.369252335154649,-0.708625134844252,0.478561948500869,0.675160084824232,0.708625134844252,FALSE,TRUE,FALSE,FALSE,FALSE
"NBEAL2","turquoise",0.895491409816212,473.166478278682,472.826207192237,0.340271086445,1322.87384937954,-0.434662770152013,-0.834153056829677,0.404200547348176,0.675160084824232,0.834153056829677,FALSE,TRUE,FALSE,FALSE,FALSE
"NUP210","turquoise",0.956686421792398,1031.62614585383,1031.50904541392,0.117100439914793,1322.87384937954,-0.472188907430486,-0.90616875329915,0.364852902186973,0.675160084824232,0.90616875329915,FALSE,TRUE,FALSE,FALSE,FALSE
"BOP1","turquoise",0.959732446886632,1021.74931135069,1021.7434852322,0.00582611848528813,1322.87384937954,-0.514349800648872,-0.987078921760293,0.323610910430027,0.675160084824232,0.987078921760293,FALSE,TRUE,FALSE,FALSE,FALSE
"ZC3H7B","turquoise",0.979497432575416,1367.54531135775,1367.48195990084,0.0633514569062754,1322.87384937954,-0.432179942973224,-0.829388310403285,0.406890483775697,0.675160084824232,0.829388310403285,FALSE,TRUE,TRUE,FALSE,FALSE
"EXOC7","turquoise",0.963108534580283,1135.75837219077,1135.52422914921,0.234143041567449,1322.87384937954,-0.313324154764176,-0.601294427364247,0.547647872878493,0.680335982512171,0.601294427364247,FALSE,TRUE,FALSE,FALSE,FALSE
"BICD2","turquoise",0.935739506074232,840.681214617341,840.198558184612,0.482656432728959,1322.87384937954,-0.410686192313412,-0.788140062228392,0.430620228574347,0.675160084824232,0.788140062228392,FALSE,TRUE,FALSE,FALSE,FALSE
"ATMIN","turquoise",0.966482262127067,1167.37529267072,1167.15002789845,0.225264772272112,1322.87384937954,-0.469004167605677,-0.900056979661067,0.368096245312806,0.675160084824232,0.900056979661067,FALSE,TRUE,FALSE,FALSE,FALSE
"SIN3B","turquoise",0.983945526540293,1412.14755293756,1412.05983258885,0.0877203487011684,1322.87384937954,-0.441388361448739,-0.847060011196135,0.396967580835757,0.675160084824232,0.847060011196135,FALSE,TRUE,TRUE,FALSE,FALSE
"KIAA0930","turquoise",0.825754481706108,206.476679124963,205.824244338829,0.652434786134165,1322.87384937954,-0.527731561589325,-1.01275960471904,0.311182141269849,0.675160084824232,1.01275960471904,FALSE,TRUE,FALSE,FALSE,FALSE
"SLC9A8","turquoise",0.962846064617579,1044.95665972189,1044.82879534913,0.127864372754402,1322.87384937954,-0.412247790890883,-0.791136896363698,0.428869578926702,0.675160084824232,0.791136896363698,FALSE,TRUE,FALSE,FALSE,FALSE
"MAN2B2","turquoise",0.959798867946463,1076.37400290904,1076.27123906411,0.102763844927495,1322.87384937954,-0.436348891404361,-0.837388860062467,0.40237985789429,0.675160084824232,0.837388860062467,FALSE,TRUE,FALSE,FALSE,FALSE
"USP22","turquoise",0.987068431427762,1455.68469145726,1455.62292741392,0.061764043344283,1322.87384937954,-0.61700070233175,-1.18407431521244,0.236391848819799,0.675160084824232,1.18407431521244,FALSE,TRUE,TRUE,FALSE,FALSE
"JADE2","turquoise",0.976467485626029,1310.63696143354,1310.57509561112,0.0618658224145747,1322.87384937954,-0.382113929928253,-0.733307576803463,0.463375864802892,0.675160084824232,0.733307576803463,FALSE,TRUE,FALSE,FALSE,FALSE
"VPS39","turquoise",0.986150825809477,1467.60468552002,1467.52690298996,0.0777825300633594,1322.87384937954,-0.45002844210578,-0.863641025688832,0.387791156644986,0.675160084824232,0.863641025688832,FALSE,TRUE,TRUE,FALSE,FALSE
"ESYT1","turquoise",0.954670978666164,1025.86067435383,1025.85124835089,0.0094260029400175,1322.87384937954,-0.325969246921958,-0.625561383270357,0.531606835185925,0.676813488619187,0.625561383270357,FALSE,TRUE,FALSE,FALSE,FALSE
"SMCHD1","turquoise",0.951909313744548,981.480746799108,981.251284226472,0.229462572635953,1322.87384937954,-0.705472911880505,-1.35385965020619,0.175790075808913,0.675160084824232,1.35385965020619,FALSE,TRUE,FALSE,FALSE,FALSE
"KHNYN","turquoise",0.956627353780791,1012.81563665043,1012.48263485868,0.333001791751599,1322.87384937954,-0.404528341262137,-0.776322647371062,0.437563855482616,0.675160084824232,0.776322647371062,FALSE,TRUE,FALSE,FALSE,FALSE
"FNBP4","turquoise",0.979253535723632,1322.94008452749,1322.88952498568,0.0505595418080702,1322.87384937954,-0.402232892567558,-0.771917495430607,0.440168610767829,0.675160084824232,0.771917495430607,FALSE,TRUE,TRUE,FALSE,FALSE
"LARP1","turquoise",0.975631442893943,1303.09674200386,1303.01442693617,0.0823150676890236,1322.87384937954,-0.413606059584037,-0.793743523984449,0.42735024577655,0.675160084824232,0.793743523984449,FALSE,TRUE,FALSE,FALSE,FALSE
"ARHGEF18","turquoise",0.980113853137986,1307.22065043736,1307.2061051021,0.0145453352556615,1322.87384937954,-0.659749727542107,-1.26611315659569,0.205481168787437,0.675160084824232,1.26611315659569,FALSE,TRUE,FALSE,FALSE,FALSE
"SRGAP2","turquoise",0.740393931391147,78.0358704870064,76.8901946331888,1.14567585381752,1322.87384937954,-0.264692426338099,-0.507966202102773,0.611480311122986,0.700491200429083,0.507966202102773,FALSE,FALSE,FALSE,FALSE,FALSE
"SMG5","turquoise",0.951236662062245,890.737603158693,890.724452606733,0.013150551960166,1322.87384937954,-0.331839933926623,-0.636827707066432,0.524241324885682,0.676028575596719,0.636827707066432,FALSE,TRUE,FALSE,FALSE,FALSE
"MAU2","turquoise",0.98234894753877,1357.83201003378,1357.70360119419,0.128408839587564,1322.87384937954,-0.43279113111386,-0.830561229941878,0.406227323333639,0.675160084824232,0.830561229941878,FALSE,TRUE,TRUE,FALSE,FALSE
"NCSTN","turquoise",0.970427562137139,1207.96534899941,1207.92166922651,0.0436797728996225,1322.87384937954,-0.373296962568028,-0.716387102402292,0.473757232314863,0.675160084824232,0.716387102402292,FALSE,TRUE,FALSE,FALSE,FALSE
"ATP13A2","turquoise",0.954763517211436,1027.9417441773,1027.9302015676,0.0115426097015643,1322.87384937954,-0.464642011555072,-0.891685648933322,0.372567700660035,0.675160084824232,0.891685648933322,FALSE,TRUE,FALSE,FALSE,FALSE
"FRAT2","turquoise",0.95282590506506,858.276253246335,858.26391048747,0.0123427588647473,1322.87384937954,-0.554454838023234,-1.06404373636448,0.287316374932022,0.675160084824232,1.06404373636448,FALSE,TRUE,FALSE,FALSE,FALSE
"FBXO46","turquoise",0.980173395396508,1365.36695403981,1365.33022090983,0.0367331299826219,1322.87384937954,-0.281973174252925,-0.541129356822498,0.588421937979402,0.693201785603088,0.541129356822498,FALSE,TRUE,TRUE,FALSE,FALSE
"COTL1","turquoise",0.940427173529947,840.472452786115,840.452964197456,0.0194885886592147,1322.87384937954,-0.768846950738715,-1.47547956308423,0.140092834669221,0.675160084824232,1.47547956308423,FALSE,TRUE,FALSE,FALSE,FALSE
"RYBP","turquoise",0.949884706985283,949.256479323299,949.070150580459,0.18632874284026,1322.87384937954,-0.540593831903601,-1.0374433430955,0.299536598274995,0.675160084824232,1.0374433430955,FALSE,TRUE,FALSE,FALSE,FALSE
"RHOQ","turquoise",0.954380228997267,957.51278798558,957.421643611668,0.0911443739120159,1322.87384937954,-0.706479250351262,-1.3557908952293,0.17517463197083,0.675160084824232,1.3557908952293,FALSE,TRUE,FALSE,FALSE,FALSE
"HARS2","turquoise",0.986158942715395,1465.49674703834,1465.43581259963,0.0609344387075907,1322.87384937954,-0.32164406370096,-0.617261006396851,0.537066678226857,0.676813488619187,0.617261006396851,FALSE,TRUE,TRUE,FALSE,FALSE
"SF3B1","turquoise",0.949690325313723,905.805624063191,905.682962619316,0.122661443874676,1322.87384937954,-0.518326452118514,-0.99425286506039,0.32011801614574,0.675160084824232,0.99425286506039,FALSE,TRUE,FALSE,FALSE,FALSE
"CBX6","turquoise",0.976552385625263,1303.76452777768,1303.7584022006,0.00612557708632266,1322.87384937954,-0.576394428842752,-1.10614758791195,0.268670399378548,0.675160084824232,1.10614758791195,FALSE,TRUE,FALSE,FALSE,FALSE
"TRAM1","turquoise",0.952558645300367,974.748381206422,974.558449296135,0.189931910286987,1322.87384937954,-0.589515067899929,-1.13132715682989,0.25792532515824,0.675160084824232,1.13132715682989,FALSE,TRUE,FALSE,FALSE,FALSE
"ETHE1","turquoise",0.895770120493007,468.46861859167,468.467972785563,0.000645806107172575,1322.87384937954,-0.549756266603745,-1.05502679729945,0.291420497759994,0.675160084824232,1.05502679729945,FALSE,TRUE,FALSE,FALSE,FALSE
"SEC11A","turquoise",0.985486619799205,1370.4924564882,1370.4162833438,0.0761731443994904,1322.87384937954,-0.673651205289645,-1.29279121819619,0.196091983394161,0.675160084824232,1.29279121819619,FALSE,TRUE,TRUE,FALSE,FALSE
"ISCU","brown",0.886224459653644,20.940578381512,4.84168301978594,16.0988953617261,7.78987287898542,-0.318928008091929,-0.61204867572496,0.540509608754651,0.677574058876686,0.61204867572496,FALSE,TRUE,FALSE,FALSE,FALSE
"SEC61G","turquoise",0.882000183507952,356.278190672806,356.245824816653,0.0323658561527509,1322.87384937954,-0.595668720145334,-1.14313651383872,0.252989891874846,0.675160084824232,1.14313651383872,FALSE,TRUE,FALSE,FALSE,FALSE
"LEPROTL1","turquoise",0.96609611233531,1083.53552721278,1083.5140261751,0.0215010376759892,1322.87384937954,-0.546019277340725,-1.04785521226584,0.294712700887364,0.675160084824232,1.04785521226584,FALSE,TRUE,FALSE,FALSE,FALSE
"CBX7","turquoise",0.984517063856149,1362.96556100389,1362.9453730877,0.0201879161934357,1322.87384937954,-0.522775049862292,-1.00324765731468,0.315748458890673,0.675160084824232,1.00324765731468,FALSE,TRUE,TRUE,FALSE,FALSE
"MACF1","turquoise",0.953224591813398,990.267524718126,990.084996799939,0.18252791818702,1322.87384937954,-0.446678672399961,-0.857212546344242,0.391333416883585,0.675160084824232,0.857212546344242,FALSE,TRUE,FALSE,FALSE,FALSE
"KCTD2","turquoise",0.988687492981817,1469.22348111027,1469.19165418975,0.0318269205138222,1322.87384937954,-0.440550768616536,-0.845452602719177,0.397864080826468,0.675160084824232,0.845452602719177,FALSE,TRUE,TRUE,FALSE,FALSE
"NUP188","turquoise",0.953253800272962,1005.69318399124,1005.61254007769,0.0806439135532173,1322.87384937954,-0.345860451166132,-0.663734215092366,0.506864896092981,0.675272681317988,0.663734215092366,FALSE,TRUE,FALSE,FALSE,FALSE
"MORC3","turquoise",0.968792597901628,1185.13493212834,1184.98261891499,0.152313213345906,1322.87384937954,-0.605198607192258,-1.16142513885404,0.245477130001617,0.675160084824232,1.16142513885404,FALSE,TRUE,FALSE,FALSE,FALSE
"RPL13A","turquoise",0.815722513166881,178.55279134533,178.549029632465,0.00376171286580984,1322.87384937954,-0.414981031924261,-0.796007343637486,0.426042340274253,0.675160084824232,0.796007343637486,FALSE,TRUE,FALSE,FALSE,FALSE
"CABIN1","turquoise",0.959456925840965,986.797465751981,986.762190197743,0.0352755542381828,1322.87384937954,-0.385890708061748,-0.740555519901787,0.458968053509346,0.675160084824232,0.740555519901787,FALSE,TRUE,FALSE,FALSE,FALSE
"SRRM2","turquoise",0.933655713338313,767.683948026728,767.476226887021,0.207721139707132,1322.87384937954,-0.379464809660111,-0.728223700471456,0.466481629531054,0.675160084824232,0.728223700471456,FALSE,TRUE,FALSE,FALSE,FALSE
"ARHGAP45","turquoise",0.974684921831293,1210.25828021039,1210.21127196014,0.0470082502492915,1322.87384937954,-0.670147732968367,-1.28606777108502,0.198428089060012,0.675160084824232,1.28606777108502,FALSE,TRUE,FALSE,FALSE,FALSE
"ACAP2","turquoise",0.949989574757636,959.446267875338,959.162568558593,0.283699316745242,1322.87384937954,-0.620951981597626,-1.19165714011568,0.23340395238502,0.675160084824232,1.19165714011568,FALSE,TRUE,FALSE,FALSE,FALSE
"CLCF1","turquoise",0.962004558954092,997.984712646472,997.95565523639,0.0290574100814638,1322.87384937954,-0.371506506351126,-0.712951071923015,0.475880882728546,0.675160084824232,0.712951071923015,FALSE,TRUE,FALSE,FALSE,FALSE
"MMD","turquoise",0.9067331879068,503.506460055672,503.488843274147,0.017616781525021,1322.87384937954,-0.770351625274461,-1.47836715537351,0.13931871098144,0.675160084824232,1.47836715537351,FALSE,TRUE,FALSE,FALSE,FALSE
"PIK3R5","turquoise",0.97751788658976,1326.62008982233,1326.40973625982,0.210353562504906,1322.87384937954,-0.602346989913287,-1.15595265435915,0.247708572184774,0.675160084824232,1.15595265435915,FALSE,TRUE,TRUE,FALSE,FALSE
"ADAT1","turquoise",0.964282316835916,1039.03109094146,1039.02392900382,0.00716193763696538,1322.87384937954,-0.199133902810156,-0.382154086234308,0.702349442499232,0.759373907610844,0.382154086234308,FALSE,TRUE,FALSE,FALSE,FALSE
"LILRA4","turquoise",0.592462553544754,6.95792383724708,6.95689585181582,0.00102798543126337,1322.87384937954,-1.17373492470951,-2.25249237474784,0.0242974665554302,0.675160084824232,2.25249237474784,FALSE,FALSE,FALSE,FALSE,FALSE
"PSD4","turquoise",0.967796384657958,1107.31959998447,1107.25231197229,0.0672880121883281,1322.87384937954,-0.573376661464049,-1.10035624792011,0.271184653084074,0.675160084824232,1.10035624792011,FALSE,TRUE,FALSE,FALSE,FALSE
"SNAPIN","turquoise",0.968536344530592,1118.81862670589,1118.81352059679,0.00510610910464493,1322.87384937954,-0.545834765280531,-1.04750111867973,0.294875895041519,0.675160084824232,1.04750111867973,FALSE,TRUE,FALSE,FALSE,FALSE
"WBP1","turquoise",0.958106777054892,946.69860844962,946.693883281533,0.00472516808645196,1322.87384937954,-0.268112253478573,-0.514529127338028,0.606885415404846,0.698911341143287,0.514529127338028,FALSE,TRUE,FALSE,FALSE,FALSE
"ARL2BP","turquoise",0.979118803239939,1287.73134223816,1287.61625259971,0.115089638446079,1322.87384937954,-0.595644420714029,-1.14308988126217,0.253009250541996,0.675160084824232,1.14308988126217,FALSE,TRUE,FALSE,FALSE,FALSE
"PADI4","turquoise",0.774374174597595,74.7355201924355,74.6445061977999,0.0910139946355741,1322.87384937954,-0.815212224836138,-1.56445827894155,0.117719205616857,0.675160084824232,1.56445827894155,FALSE,FALSE,FALSE,FALSE,FALSE
"TMEM50A","turquoise",0.98258222885201,1370.48477926804,1370.40379988281,0.0809793852363327,1322.87384937954,-0.642252152925937,-1.23253389387651,0.217758158735191,0.675160084824232,1.23253389387651,FALSE,TRUE,TRUE,FALSE,FALSE
"RIGI","turquoise",0.902174524620675,500.377953904539,500.35463389732,0.0233200072198088,1322.87384937954,-0.173021538458645,-0.332042344349338,0.739859313137607,0.787926466466103,0.332042344349338,FALSE,TRUE,FALSE,FALSE,FALSE
"ELP5","turquoise",0.973066855240263,1168.77445380473,1168.7141783112,0.0602754935287066,1322.87384937954,-0.586596300051481,-1.12572580495402,0.260289471363627,0.675160084824232,1.12572580495402,FALSE,TRUE,FALSE,FALSE,FALSE
"ACOT9","turquoise",0.947802868984158,842.738076606531,842.70929447128,0.0287821352505944,1322.87384937954,-0.209670857343373,-0.402375355312597,0.687410311004368,0.749441490568819,0.402375355312597,FALSE,TRUE,FALSE,FALSE,FALSE
"PATZ1","turquoise",0.979376504047754,1342.41708836748,1342.39007998254,0.0270083849416096,1322.87384937954,-0.348177720324433,-0.668181242269821,0.504022402058767,0.675272681317988,0.668181242269821,FALSE,TRUE,TRUE,FALSE,FALSE
"MKRN1","blue",0.950268480330878,16.0752302257582,15.6935804035022,0.381649822255932,19.5381539006617,-0.369803936073451,-0.709683701678509,0.47790512385137,0.675160084824232,0.709683701678509,FALSE,TRUE,FALSE,FALSE,FALSE
"SH3BP1","turquoise",0.855785077575637,324.641670932315,324.64115492311,0.000516009205000501,1322.87384937954,-0.566157974862265,-1.08650300373021,0.277264145375802,0.675160084824232,1.08650300373021,FALSE,TRUE,FALSE,FALSE,FALSE
"NUP62","turquoise",0.977939357730257,1317.95903096042,1317.94002321572,0.0190077446993655,1322.87384937954,-0.3248046445052,-0.623326416917959,0.533074184728244,0.676813488619187,0.623326416917959,FALSE,TRUE,FALSE,FALSE,FALSE
"HSPBP1","turquoise",0.861171439321841,345.596362002326,345.59619065518,0.000171347145624168,1322.87384937954,-0.496626596714309,-0.953066658106654,0.340563011898316,0.675160084824232,0.953066658106654,FALSE,TRUE,FALSE,FALSE,FALSE
"SNHG1","turquoise",0.948052803842683,904.193379796809,904.189506914586,0.00387288222327697,1322.87384937954,-0.319883726310308,-0.613882776384305,0.539296862288731,0.677318958230269,0.613882776384305,FALSE,TRUE,FALSE,FALSE,FALSE
"LY96","turquoise",0.869949427503073,293.486509153303,293.468913365937,0.017595787365849,1322.87384937954,-0.593028977791875,-1.13807063448445,0.255098935395513,0.675160084824232,1.13807063448445,FALSE,TRUE,FALSE,FALSE,FALSE
"EDC4","turquoise",0.974001151813659,1286.24037081763,1286.18857031521,0.0518005024157446,1322.87384937954,-0.385812160865304,-0.740404781470713,0.459059484658864,0.675160084824232,0.740404781470713,FALSE,TRUE,FALSE,FALSE,FALSE
"PPP1R15A","turquoise",0.789176222024378,94.1948657302947,94.0190685582319,0.175797172062772,1322.87384937954,-0.905805916801932,-1.7383149105006,0.0821643109453505,0.675160084824232,1.7383149105006,FALSE,FALSE,FALSE,FALSE,FALSE
"PLD3","turquoise",0.920796850793625,674.497443147383,674.49397059969,0.00347254769292249,1322.87384937954,-0.630727678409708,-1.2104174939771,0.226127070347815,0.675160084824232,1.2104174939771,FALSE,TRUE,FALSE,FALSE,FALSE
"PLXNB2","turquoise",0.858925111617392,340.031255364069,339.719184920096,0.312070443972857,1322.87384937954,-0.499663692981572,-0.958895091800981,0.337618354161221,0.675160084824232,0.958895091800981,FALSE,TRUE,FALSE,FALSE,FALSE
"EID1","turquoise",0.940423249412262,792.745191695598,792.543692209264,0.201499486333319,1322.87384937954,-0.612537433690994,-1.17550894123565,0.239799318694571,0.675160084824232,1.17550894123565,FALSE,TRUE,FALSE,FALSE,FALSE
"SDF2L1","turquoise",0.893514055907553,374.507567997643,374.483227850127,0.0243401475153178,1322.87384937954,-0.42843537485263,-0.822202180928226,0.410967551114215,0.675160084824232,0.822202180928226,FALSE,TRUE,FALSE,FALSE,FALSE
"PPIL2","turquoise",0.981299509207195,1409.32686041499,1409.28338508953,0.0434753254603493,1322.87384937954,-0.339216070365071,-0.650983110243871,0.515061749049575,0.675623884585818,0.650983110243871,FALSE,TRUE,TRUE,FALSE,FALSE
"OSBP2","blue",0.96835782559982,17.7563591324878,17.7410483801952,0.0153107522926454,19.5381539006617,-0.373398791535804,-0.716582520438013,0.47363661032626,0.675160084824232,0.716582520438013,FALSE,TRUE,FALSE,FALSE,FALSE
"IL17RA","turquoise",0.951379235837506,898.415722309265,898.30295975423,0.11276255503526,1322.87384937954,-0.510811941750337,-0.980289484022589,0.326950155805808,0.675160084824232,0.980289484022589,FALSE,TRUE,FALSE,FALSE,FALSE
"APOL2","turquoise",0.929352462480755,660.642296148038,660.593777916161,0.0485182318764146,1322.87384937954,-0.543631601454911,-1.04327306887644,0.296829190581623,0.675160084824232,1.04327306887644,FALSE,TRUE,FALSE,FALSE,FALSE
"MTCH1","turquoise",0.985830734213039,1364.31204678018,1364.28758885796,0.024457922220563,1322.87384937954,-0.484986753028113,-0.930728855426971,0.352000387586381,0.675160084824232,0.930728855426971,FALSE,TRUE,TRUE,FALSE,FALSE
"IFIT5","turquoise",0.865563936637458,316.667785410272,316.659110694665,0.00867471560678723,1322.87384937954,-0.195811896451505,-0.375778887001331,0.707083608197819,0.763130748757032,0.375778887001331,FALSE,TRUE,FALSE,FALSE,FALSE
"FTSJ1","turquoise",0.961870007191574,1123.00545376234,1122.97558390542,0.029869856912228,1322.87384937954,-0.303786185591688,-0.582990292095437,0.559903666830079,0.684362162164209,0.582990292095437,FALSE,TRUE,FALSE,FALSE,FALSE
"CLDN15","turquoise",0.953352214643217,928.381210844178,928.363974576033,0.0172362681444156,1322.87384937954,-0.331587209281986,-0.636342708006618,0.524557318888802,0.67602954949341,0.636342708006618,FALSE,TRUE,FALSE,FALSE,FALSE
"PRPF6","turquoise",0.973568699729502,1210.22764643262,1210.21772616265,0.0099202699673242,1322.87384937954,-0.56415997593362,-1.08266868197938,0.278963118027897,0.675160084824232,1.08266868197938,FALSE,TRUE,FALSE,FALSE,FALSE
"SUN2","turquoise",0.977328377679594,1306.9246348651,1306.90160859903,0.0230262660725202,1322.87384937954,-0.497765628979651,-0.9552525532677,0.339456725002777,0.675160084824232,0.9552525532677,FALSE,TRUE,FALSE,FALSE,FALSE
"PGLS","turquoise",0.950287609215951,896.05815149219,896.056313977477,0.00183751471251981,1322.87384937954,-0.607725040230311,-1.16627356845576,0.243511962393394,0.675160084824232,1.16627356845576,FALSE,TRUE,FALSE,FALSE,FALSE
"QPCT","turquoise",0.916000346599268,552.724177430044,552.591003058609,0.133174371435416,1322.87384937954,-0.677504357688794,-1.30018572969543,0.193546053768793,0.675160084824232,1.30018572969543,FALSE,TRUE,FALSE,FALSE,FALSE
"BRI3","turquoise",0.883894757770381,393.523819423852,393.522933045964,0.000886377888093648,1322.87384937954,-0.61960415262186,-1.18907054715805,0.234420135909805,0.675160084824232,1.18907054715805,FALSE,TRUE,FALSE,FALSE,FALSE
"GCA","turquoise",0.919323514065336,589.248168262171,589.177031399477,0.0711368626940612,1322.87384937954,-0.466195448065816,-0.89466681940158,0.37097149651108,0.675160084824232,0.89466681940158,FALSE,TRUE,FALSE,FALSE,FALSE
"LSM4","turquoise",0.954788452994298,993.842735592594,993.840174328975,0.00256126361989573,1322.87384937954,-0.573535355154513,-1.10066079396383,0.271052037156884,0.675160084824232,1.10066079396383,FALSE,TRUE,FALSE,FALSE,FALSE
"SAMM50","turquoise",0.922910547350952,654.102690463644,654.101785770299,0.00090469334475074,1322.87384937954,-0.382520097375583,-0.734087045028119,0.462900704765311,0.675160084824232,0.734087045028119,FALSE,TRUE,FALSE,FALSE,FALSE
"NOCT","turquoise",0.878463143377905,323.15660961797,323.15625773211,0.000351885859458889,1322.87384937954,-0.362670481637385,-0.695994024917099,0.486437285815955,0.675160084824232,0.695994024917099,FALSE,TRUE,FALSE,FALSE,FALSE
"PRDX5","turquoise",0.616996842144276,7.07492947441523,7.06993719915962,0.00499227525561352,1322.87384937954,-0.379270338094685,-0.727850493788239,0.466710077631046,0.675160084824232,0.727850493788239,FALSE,FALSE,FALSE,FALSE,FALSE
"TXN2","turquoise",0.942226888859931,779.289500183486,779.277892765611,0.011607417874643,1322.87384937954,-0.62269439628494,-1.19500097500905,0.232094908799642,0.675160084824232,1.19500097500905,FALSE,TRUE,FALSE,FALSE,FALSE
"TMEM184B","turquoise",0.96064631288199,1015.67347914512,1015.66641487713,0.00706426799388282,1322.87384937954,-0.512250788452465,-0.983050747368123,0.32558939457156,0.675160084824232,0.983050747368123,FALSE,TRUE,FALSE,FALSE,FALSE
"TMT1A","turquoise",0.90117331941923,460.951591667894,460.942233097923,0.0093585699702885,1322.87384937954,-0.437830206447307,-0.840231623593304,0.400784385350691,0.675160084824232,0.840231623593304,FALSE,TRUE,FALSE,FALSE,FALSE
"ANAPC13","turquoise",0.907250244383718,446.854135917939,446.846682520341,0.00745339759833996,1322.87384937954,-0.541319303916965,-1.03883558264107,0.298888529861724,0.675160084824232,1.03883558264107,FALSE,TRUE,FALSE,FALSE,FALSE
"TECPR1","turquoise",0.929086425497759,689.332661263742,689.331229852372,0.00143141137050407,1322.87384937954,-0.491287219229171,-0.942819960306339,0.345779638436435,0.675160084824232,0.942819960306339,FALSE,TRUE,FALSE,FALSE,FALSE
"DCAF12","blue",0.960514958460135,18.2683231777412,18.1887378298378,0.0795853479034143,19.5381539006617,-0.0728249054953618,-0.1397568913276,0.888852894949399,0.909854431130781,0.1397568913276,FALSE,TRUE,FALSE,FALSE,FALSE
"BRMS1","turquoise",0.943829474871625,790.504190978863,790.502253631672,0.00193734719073291,1322.87384937954,-0.261934718839573,-0.502673938081788,0.61519676217763,0.702357183454073,0.502673938081788,FALSE,TRUE,FALSE,FALSE,FALSE
"ABHD14A","turquoise",0.926487906597244,680.965882296981,680.965028763201,0.0008535337807416,1322.87384937954,-0.199880825295777,-0.383587490973291,0.701286589459883,0.759129446172805,0.383587490973291,FALSE,TRUE,FALSE,FALSE,FALSE
"PRKD2","turquoise",0.953577320635012,953.47498905637,953.45400233525,0.020986721120039,1322.87384937954,-0.489770583570137,-0.939909413652808,0.347270644808644,0.675160084824232,0.939909413652808,FALSE,TRUE,FALSE,FALSE,FALSE
"SUMF2","turquoise",0.968005861980052,1187.47094561411,1187.46647218151,0.00447343260202615,1322.87384937954,-0.343001392633032,-0.658247450228179,0.510383555414942,0.675272681317988,0.658247450228179,FALSE,TRUE,FALSE,FALSE,FALSE
"RPL36","turquoise",0.685366191264752,50.3632880230157,50.3594255756704,0.00386244734529839,1322.87384937954,-0.375378458894128,-0.720278364118798,0.471359463491632,0.675160084824232,0.720278364118798,FALSE,FALSE,FALSE,FALSE,FALSE
"TRIM58","blue",0.971988758115871,19.4912436803718,19.448237363821,0.0430063165508692,19.5381539006617,-0.0649251360484492,-0.124596594000807,0.900843654869407,0.919713981369885,0.124596594000807,FALSE,TRUE,FALSE,FALSE,FALSE
"IFFO1","turquoise",0.96982627090349,1210.25533343949,1210.15391025518,0.101423184313489,1322.87384937954,-0.354548342749427,-0.680406982624482,0.496251391887508,0.675160084824232,0.680406982624482,FALSE,TRUE,FALSE,FALSE,FALSE
"NELFB","turquoise",0.962427759503489,1106.8501799185,1106.84639014287,0.00378977562422733,1322.87384937954,-0.39022164751728,-0.748866943455529,0.453942539547023,0.675160084824232,0.748866943455529,FALSE,TRUE,FALSE,FALSE,FALSE
"ZDHHC5","turquoise",0.981540556552085,1386.57574182529,1386.52839175854,0.0473500667462758,1322.87384937954,-0.327704474125151,-0.628891424799635,0.529424326976807,0.676813488619187,0.628891424799635,FALSE,TRUE,TRUE,FALSE,FALSE
"NOL11","turquoise",0.977521975087046,1262.8265860107,1262.79836421559,0.0282217951064467,1322.87384937954,-0.276799512038283,-0.531200680046619,0.595283160241384,0.695117434982287,0.531200680046619,FALSE,TRUE,FALSE,FALSE,FALSE
"PTPN23","turquoise",0.947982856898196,929.535868270235,929.465535201142,0.0703330690931807,1322.87384937954,-0.312342834742846,-0.599411194771692,0.548902671346764,0.68072193569281,0.599411194771692,FALSE,TRUE,FALSE,FALSE,FALSE
"SAMHD1","turquoise",0.94373970327213,921.536009188546,921.404914425259,0.13109476328691,1322.87384937954,-0.67906687164368,-1.30318432051413,0.19252058653423,0.675160084824232,1.30318432051413,FALSE,TRUE,FALSE,FALSE,FALSE
"ZNF385A","turquoise",0.882349885500959,429.158985727936,429.142460995595,0.016524732341054,1322.87384937954,-0.710572577809106,-1.36364632211661,0.172687851783732,0.675160084824232,1.36364632211661,FALSE,TRUE,FALSE,FALSE,FALSE
"UNC50","turquoise",0.967193309039998,1091.72505082184,1091.68559347113,0.0394573507119276,1322.87384937954,-0.34917967328073,-0.670104071135524,0.502795959519838,0.675272681317988,0.670104071135524,FALSE,TRUE,FALSE,FALSE,FALSE
"AAR2","turquoise",0.97442267979793,1263.94645878816,1263.93473296057,0.011725827585451,1322.87384937954,-0.416114438716095,-0.798557306678473,0.424552678654349,0.675160084824232,0.798557306678473,FALSE,TRUE,FALSE,FALSE,FALSE
"KRT23","turquoise",0.721474992625909,40.6398210088483,40.6089511753179,0.0308698335304385,1322.87384937954,-1.32274489592691,-2.53845457699863,0.0111387066865505,0.675160084824232,2.53845457699863,FALSE,FALSE,FALSE,FALSE,FALSE
"ULK3","turquoise",0.945794437323743,882.564521300923,882.546290507964,0.0182307929586614,1322.87384937954,-0.392738665750027,-0.753697305283407,0.451036172114486,0.675160084824232,0.753697305283407,FALSE,TRUE,FALSE,FALSE,FALSE
"TBC1D10B","turquoise",0.969899834471028,1192.16597492192,1192.16011776642,0.00585715549800625,1322.87384937954,-0.582065055672043,-1.11702998002973,0.263989328464832,0.675160084824232,1.11702998002973,FALSE,TRUE,FALSE,FALSE,FALSE
"RNF167","turquoise",0.98389735645964,1362.54338137558,1362.52865825732,0.0147231182677388,1322.87384937954,-0.428013985951384,-0.821393501500804,0.411427870961996,0.675160084824232,0.821393501500804,FALSE,TRUE,TRUE,FALSE,FALSE
"GORASP2","turquoise",0.984972572319969,1431.02621884215,1430.96272477299,0.0634940691606971,1322.87384937954,-0.450766230382961,-0.86505690114209,0.387013606397848,0.675160084824232,0.86505690114209,FALSE,TRUE,TRUE,FALSE,FALSE
"NSMF","turquoise",0.946805322141258,923.069397874943,923.061549814375,0.00784806056731213,1322.87384937954,-0.27092170349208,-0.519920689435599,0.603122208661425,0.697107615282832,0.519920689435599,FALSE,TRUE,FALSE,FALSE,FALSE
"FAM32A","turquoise",0.974027480240195,1134.46549532227,1134.44912847792,0.0163668443537972,1322.87384937954,-0.507641210961357,-0.974204594858774,0.329961831534247,0.675160084824232,0.974204594858774,FALSE,TRUE,FALSE,FALSE,FALSE
"IPCEF1","turquoise",0.975468444544458,1253.13940903628,1253.09256911794,0.0468399183378096,1322.87384937954,-0.423397428702174,-0.812533954270405,0.416490948906966,0.675160084824232,0.812533954270405,FALSE,TRUE,FALSE,FALSE,FALSE
"SIPA1L1","turquoise",0.93134252646361,762.81089305634,762.560657523828,0.250235532511397,1322.87384937954,-0.589556546536794,-1.13140675769316,0.257891835925099,0.675160084824232,1.13140675769316,FALSE,TRUE,FALSE,FALSE,FALSE
"PPP1R16B","turquoise",0.967732224375085,1154.23025806731,1154.1791385674,0.0511194999112377,1322.87384937954,-0.511098896294961,-0.980840173032567,0.326678479682494,0.675160084824232,0.980840173032567,FALSE,TRUE,FALSE,FALSE,FALSE
"RTL8A","turquoise",0.97945446803472,1318.4539431887,1318.42149095543,0.032452233279173,1322.87384937954,-0.492649362989674,-0.945434024495153,0.344443995986352,0.675160084824232,0.945434024495153,FALSE,TRUE,FALSE,FALSE,FALSE
"GGA1","turquoise",0.983897114058222,1392.13436750684,1392.11870807421,0.0156594326392678,1322.87384937954,-0.418983917470907,-0.804064068792,0.421365545039624,0.675160084824232,0.804064068792,FALSE,TRUE,TRUE,FALSE,FALSE
"TOR1AIP1","turquoise",0.985441515440124,1410.65533077653,1410.58160069838,0.073730078156359,1322.87384937954,-0.507295369609194,-0.973540897296216,0.330291407408584,0.675160084824232,0.973540897296216,FALSE,TRUE,TRUE,FALSE,FALSE
"CCDC9","turquoise",0.928214866992806,649.799249177088,649.796632661815,0.00261651527307549,1322.87384937954,-0.523970747319015,-1.00554229756699,0.314642883935758,0.675160084824232,1.00554229756699,FALSE,TRUE,FALSE,FALSE,FALSE
"SZRD1","turquoise",0.985447697636907,1419.66544476675,1419.57640551747,0.0890392492794945,1322.87384937954,-0.392455186204009,-0.753153285077175,0.451362974931889,0.675160084824232,0.753153285077175,FALSE,TRUE,TRUE,FALSE,FALSE
"WIPI2","turquoise",0.832048886310156,192.968727454083,190.659181600416,2.30954585366706,1322.87384937954,-0.531189719440596,-1.0193960896925,0.308022149261556,0.675160084824232,1.0193960896925,FALSE,TRUE,FALSE,FALSE,FALSE
"CCDC69","turquoise",0.980573019029304,1326.29978033775,1326.22779744713,0.0719828906183011,1322.87384937954,-0.568324700911206,-1.09066112648916,0.275429680690532,0.675160084824232,1.09066112648916,FALSE,TRUE,TRUE,FALSE,FALSE
"WSB1","turquoise",0.972366691377578,1205.08248506567,1205.01285917022,0.0696258954501445,1322.87384937954,-0.330428432515773,-0.634118921549402,0.526007442504427,0.67667844058233,0.634118921549402,FALSE,TRUE,FALSE,FALSE,FALSE
"LDLRAP1","turquoise",0.957438059199184,1034.12082660723,1034.11691273374,0.00391387349191064,1322.87384937954,-0.652584043807228,-1.25236162919979,0.21044665730542,0.675160084824232,1.25236162919979,FALSE,TRUE,FALSE,FALSE,FALSE
"PRPF31","turquoise",0.975917391416486,1265.3552284546,1265.32509176364,0.030136690955942,1322.87384937954,-0.225896970152579,-0.433514579855633,0.664643701674915,0.732929771905268,0.433514579855633,FALSE,TRUE,FALSE,FALSE,FALSE
"TCTN3","turquoise",0.949601453949429,927.358896400437,927.347383517999,0.0115128824379553,1322.87384937954,-0.455336944867186,-0.873828472393933,0.382217787925439,0.675160084824232,0.873828472393933,FALSE,TRUE,FALSE,FALSE,FALSE
"TRPC4AP","turquoise",0.983008056078044,1354.51280970232,1354.42420631098,0.0886033913438951,1322.87384937954,-0.596691630882534,-1.14509956238322,0.252175903811472,0.675160084824232,1.14509956238322,FALSE,TRUE,TRUE,FALSE,FALSE
"TES","turquoise",0.987094403244466,1451.44305708472,1451.40818103376,0.0348760509543808,1322.87384937954,-0.590242596966421,-1.132723344027,0.257338366457254,0.675160084824232,1.132723344027,FALSE,TRUE,TRUE,FALSE,FALSE
"TTLL3","turquoise",0.961307283818905,992.956664306082,992.923939886435,0.0327244196477068,1322.87384937954,-0.442033599885354,-0.848298276010254,0.396277795111854,0.675160084824232,0.848298276010254,FALSE,TRUE,FALSE,FALSE,FALSE
"IRF2BP1","turquoise",0.954901089573846,951.001350350207,950.988501571513,0.0128487786940923,1322.87384937954,-0.458601902068873,-0.880094189674603,0.378814450417907,0.675160084824232,0.880094189674603,FALSE,TRUE,FALSE,FALSE,FALSE
"PHF19","turquoise",0.971979207058332,1234.20157219489,1234.18312820682,0.0184439880652008,1322.87384937954,-0.274747470608016,-0.527262646358571,0.598014619092989,0.695822020816178,0.527262646358571,FALSE,TRUE,FALSE,FALSE,FALSE
"NAT9","turquoise",0.943394579044516,854.403823691616,854.399804928604,0.00401876301225457,1322.87384937954,-0.167847705945042,-0.32211334075596,0.74736879439514,0.792255254364991,0.32211334075596,FALSE,TRUE,FALSE,FALSE,FALSE
"NOC2L","turquoise",0.971599364956539,1230.57838969724,1230.56490044108,0.0134892561632114,1322.87384937954,-0.297833421281988,-0.571566455304017,0.567619470478914,0.687005701525699,0.571566455304017,FALSE,TRUE,FALSE,FALSE,FALSE
"RSL1D1","turquoise",0.951328279707772,891.853397370527,891.849284181258,0.00411318926876447,1322.87384937954,-0.544670192776663,-1.04526620973259,0.295907313771276,0.675160084824232,1.04526620973259,FALSE,TRUE,FALSE,FALSE,FALSE
"GIMAP2","turquoise",0.957664591330427,940.771717873516,940.760653904364,0.0110639691520191,1322.87384937954,-0.34352038284656,-0.659243434478055,0.509743883730552,0.675272681317988,0.659243434478055,FALSE,TRUE,FALSE,FALSE,FALSE
"SENP3","turquoise",0.980271031156028,1355.6937828619,1355.65661460702,0.0371682548743593,1322.87384937954,-0.291717431020946,-0.559829374693216,0.5755994798741,0.688806131578259,0.559829374693216,FALSE,TRUE,TRUE,FALSE,FALSE
"INTS1","turquoise",0.938621071805479,746.574494505181,746.533936245897,0.0405582592845803,1322.87384937954,-0.390975173202931,-0.750313020270127,0.453071347547258,0.675160084824232,0.750313020270127,FALSE,TRUE,FALSE,FALSE,FALSE
"PITPNC1","turquoise",0.995144335383985,1601.40659553465,1601.35668443031,0.0499111043400262,1322.87384937954,-0.48536827326292,-0.931461023654757,0.351621690888591,0.675160084824232,0.931461023654757,FALSE,TRUE,TRUE,FALSE,FALSE
"FBXL3","turquoise",0.959870925258591,1037.72183642858,1037.62206677337,0.0997696552024081,1322.87384937954,-0.48234764165146,-0.925664186968296,0.354627035181055,0.675160084824232,0.925664186968296,FALSE,TRUE,FALSE,FALSE,FALSE
"B3GAT3","turquoise",0.866426236937223,381.279541202576,381.279419829683,0.000121372893488569,1322.87384937954,-0.268533118779737,-0.515336801934488,0.606321006351276,0.698851950798586,0.515336801934488,FALSE,TRUE,FALSE,FALSE,FALSE
"FBXL6","turquoise",0.922280144033906,617.14068429188,617.116821332594,0.0238629592865891,1322.87384937954,-0.380697778285012,-0.730589867113877,0.465034691488673,0.675160084824232,0.730589867113877,FALSE,TRUE,FALSE,FALSE,FALSE
"FBXL5","turquoise",0.930308902696655,740.876748202747,740.714751074029,0.161997128717871,1322.87384937954,-0.796225762466799,-1.52802172004734,0.126516363198053,0.675160084824232,1.52802172004734,FALSE,TRUE,FALSE,FALSE,FALSE
"CLEC4E","turquoise",0.791813221782467,109.670797033093,109.474447272903,0.196349760189875,1322.87384937954,-0.644471346057226,-1.2367927052155,0.21617251599978,0.675160084824232,1.2367927052155,FALSE,FALSE,FALSE,FALSE,FALSE
"FBXO6","turquoise",0.870857851964487,305.90933969473,305.908595208291,0.00074448643863434,1322.87384937954,-0.310881753278002,-0.596607261115835,0.550773558368265,0.681096310354657,0.596607261115835,FALSE,TRUE,FALSE,FALSE,FALSE
"TINF2","turquoise",0.92471193223748,677.591938059,677.590653634726,0.00128442427444497,1322.87384937954,-0.420995100748098,-0.807923692375421,0.419140112390074,0.675160084824232,0.807923692375421,FALSE,TRUE,FALSE,FALSE,FALSE
"PTPN18","turquoise",0.956045357402707,1038.52716813315,1038.51776037428,0.00940775886601841,1322.87384937954,-0.448364798477268,-0.860448358836519,0.389547950531853,0.675160084824232,0.860448358836519,FALSE,TRUE,FALSE,FALSE,FALSE
"PPP1R14B","turquoise",0.883011464834784,380.314178113911,380.313835708396,0.000342405515425526,1322.87384937954,-0.669445246775365,-1.28471964319022,0.198898944392614,0.675160084824232,1.28471964319022,FALSE,TRUE,FALSE,FALSE,FALSE
"TIMM10B","turquoise",0.985602535093902,1422.84790768033,1422.79065997468,0.0572477056530261,1322.87384937954,-0.415541335734988,-0.797457475645322,0.42519090880793,0.675160084824232,0.797457475645322,FALSE,TRUE,TRUE,FALSE,FALSE
"TIMM8B","turquoise",0.844120889130017,223.115429143039,223.105497325201,0.00993181783832142,1322.87384937954,-0.345238283446557,-0.662540224852617,0.50762951455132,0.675272681317988,0.662540224852617,FALSE,TRUE,FALSE,FALSE,FALSE
"DAZAP1","turquoise",0.985873181712642,1484.34888788126,1484.31308428103,0.0358036002266999,1322.87384937954,-0.422009465017583,-0.809870339556255,0.418020316756758,0.675160084824232,0.809870339556255,FALSE,TRUE,TRUE,FALSE,FALSE
"OSTF1","turquoise",0.963460714638251,1064.33315940293,1064.27921001502,0.0539493879141446,1322.87384937954,-0.588091505640732,-1.12859522556814,0.25907651649805,0.675160084824232,1.12859522556814,FALSE,TRUE,FALSE,FALSE,FALSE
"SNORD102","turquoise",0.428553138893518,0.644685758640828,0.626855544209498,0.0178302144313296,1322.87384937954,-0.392555356988782,-0.753345520925426,0.451247480063304,0.675160084824232,0.753345520925426,FALSE,FALSE,FALSE,FALSE,FALSE
"SNORD4B","turquoise",0.703218749163466,18.6902771129375,18.6870634747979,0.0032136381396235,1322.87384937954,-0.935797962637932,-1.79587207534802,0.0725236591766741,0.675160084824232,1.79587207534802,FALSE,FALSE,FALSE,FALSE,FALSE
"SNORD4A","turquoise",0.631970404497786,7.68235195353645,7.68167587687507,0.000676076661377145,1322.87384937954,-1.07432733957728,-2.06172116841447,0.0392418038634606,0.675160084824232,2.06172116841447,FALSE,FALSE,FALSE,FALSE,FALSE
"SNORA70","turquoise",0.791210422459684,92.6466552412256,92.6457971510963,0.000858090129383982,1322.87384937954,-0.667948679075835,-1.28184760857617,0.199904770918048,0.675160084824232,1.28184760857617,FALSE,FALSE,FALSE,FALSE,FALSE
"SNORD63","turquoise",0.54610030278484,2.81060288898334,2.80946219355621,0.00114069542713002,1322.87384937954,-1.35360896532466,-2.59768522568137,0.00938945676811661,0.675160084824232,2.59768522568137,FALSE,FALSE,FALSE,FALSE,FALSE
"SNORD59A","turquoise",0.460974811200666,0.594514131393241,0.571943702875692,0.0225704285175488,1322.87384937954,-0.497167030891428,-0.954103795059288,0.340037826676083,0.675160084824232,0.954103795059288,FALSE,FALSE,FALSE,FALSE,FALSE
"SNORD58B","turquoise",0.67918483472796,28.5610596739316,28.5603553894098,0.000704284521823695,1322.87384937954,-0.809566731112108,-1.55362411928816,0.120283325582065,0.675160084824232,1.55362411928816,FALSE,FALSE,FALSE,FALSE,FALSE
"SNORD57","turquoise",0.630425852383619,10.549711325062,10.2552310111654,0.294480313896548,1322.87384937954,0.321922260660487,0.617794888891801,0.536714653210836,0.676813488619187,0.617794888891801,FALSE,FALSE,FALSE,FALSE,FALSE
"SNORD56","turquoise",0.687095733065885,27.1304800666869,27.1073206158124,0.0231594508745872,1322.87384937954,-0.420578651799669,-0.807124493117514,0.4196003567964,0.675160084824232,0.807124493117514,FALSE,FALSE,FALSE,FALSE,FALSE
"SNORD54","turquoise",0.767253375973803,73.608193149557,73.5660225458306,0.0421706037264471,1322.87384937954,-0.164952752770518,-0.316557691167975,0.751581169152429,0.795475110934115,0.316557691167975,FALSE,FALSE,FALSE,FALSE,FALSE
"SNORD52","turquoise",0.609016987957783,7.5387242787596,7.53569309784192,0.00303118091768351,1322.87384937954,-0.233534658250386,-0.448171921848989,0.654031954871402,0.726344654180073,0.448171921848989,FALSE,FALSE,FALSE,FALSE,FALSE
"SNORD49A","turquoise",0.37700422004535,0.118190137491168,0.115101714450306,0.00308842304086247,1322.87384937954,-0.199124151104921,-0.382135371922226,0.702363322800704,0.759373907610844,0.382135371922226,FALSE,FALSE,FALSE,FALSE,FALSE
"SNORD48","turquoise",0.787177707762169,80.8165659855384,80.8146461879082,0.00191979763020811,1322.87384937954,-0.866208511854279,-1.66232428363358,0.0964569055741716,0.675160084824232,1.66232428363358,FALSE,FALSE,FALSE,FALSE,FALSE
"SNORD36C","turquoise",0.365300528047709,0.143261201989103,0.136848007603927,0.00641319438517612,1322.87384937954,-1.280993265069,-2.45832981615112,0.013963395960943,0.675160084824232,2.45832981615112,FALSE,FALSE,FALSE,FALSE,FALSE
"SNORD36A","turquoise",0.67447333589175,19.6181836424275,19.5892903083328,0.0288933340947821,1322.87384937954,-0.5429718928327,-1.04200703460431,0.297415759207928,0.675160084824232,1.04200703460431,FALSE,FALSE,FALSE,FALSE,FALSE
"SNORD32A","turquoise",0.664879836604352,21.5293569467858,21.4981897466926,0.0311672000931864,1322.87384937954,-0.460801105932178,-0.884314639989513,0.376532583831725,0.675160084824232,0.884314639989513,FALSE,FALSE,FALSE,FALSE,FALSE
"SNORD14A","turquoise",0.649964620612194,9.26089794582851,9.24996984739447,0.0109280984340323,1322.87384937954,-1.29925023792895,-2.49336642559955,0.0126584917868295,0.675160084824232,2.49336642559955,FALSE,FALSE,FALSE,FALSE,FALSE
"HBP1","turquoise",0.960998742139027,1026.761825266,1026.62401795494,0.137807311062488,1322.87384937954,-0.56653142109249,-1.08721967728934,0.276947373784631,0.675160084824232,1.08721967728934,FALSE,TRUE,FALSE,FALSE,FALSE
"AP3M1","turquoise",0.986331665821229,1448.61908813613,1448.55895676551,0.0601313706224573,1322.87384937954,-0.519399917061414,-0.996770504136659,0.318882947645209,0.675160084824232,0.996770504136659,FALSE,TRUE,TRUE,FALSE,FALSE
"PABPC1","turquoise",0.961479091935737,1034.03020263646,1033.76865927353,0.261543362927341,1322.87384937954,-0.609368050537737,-1.16942663829393,0.242239906012181,0.675160084824232,1.16942663829393,FALSE,TRUE,FALSE,FALSE,FALSE
"AKAP8L","turquoise",0.893320930624601,413.2294476197,412.874808209155,0.354639410544621,1322.87384937954,-0.654840639817595,-1.25669221969278,0.208873661549487,0.675160084824232,1.25669221969278,FALSE,TRUE,FALSE,FALSE,FALSE
"CYFIP2","turquoise",0.978249374430918,1298.07532759539,1298.03818680257,0.0371407928175813,1322.87384937954,-0.619467164600462,-1.18880765605109,0.234523591985525,0.675160084824232,1.18880765605109,FALSE,TRUE,FALSE,FALSE,FALSE
"USP21","turquoise",0.974215718035398,1231.35037855752,1231.32815030556,0.0222282519575856,1322.87384937954,-0.364347691036889,-0.699212725582562,0.484423838577187,0.675160084824232,0.699212725582562,FALSE,TRUE,FALSE,FALSE,FALSE
"NPTN","turquoise",0.967115797656926,1175.65013338437,1175.53103014793,0.119103236440424,1322.87384937954,-0.509892177912629,-0.978524382731496,0.327821936999672,0.675160084824232,0.978524382731496,FALSE,TRUE,FALSE,FALSE,FALSE
"SIGLEC7","turquoise",0.877879756317254,361.495903214019,361.483440179005,0.0124630350135817,1322.87384937954,-0.137782778803779,-0.264416310781493,0.791460732602719,0.827743253385286,0.264416310781493,FALSE,TRUE,FALSE,FALSE,FALSE
"LAT","turquoise",0.8646940855946,366.224518143871,366.224314885396,0.000203258475835355,1322.87384937954,-0.248777308939769,-0.477423802938988,0.633063408783423,0.71190906812825,0.477423802938988,FALSE,TRUE,FALSE,FALSE,FALSE
"GHITM","turquoise",0.740965234541945,77.217005306079,72.9557144639015,4.26129084217752,1322.87384937954,-0.594074794377284,-1.14007764120669,0.254261914091963,0.675160084824232,1.14007764120669,FALSE,FALSE,FALSE,FALSE,FALSE
"DAPP1","turquoise",0.948334142371183,903.186470232321,903.122738660682,0.0637315716389821,1322.87384937954,-0.395374711753749,-0.75875609104318,0.448003688280851,0.675160084824232,0.75875609104318,FALSE,TRUE,FALSE,FALSE,FALSE
"EIF2AK1","blue",0.866183519726716,9.45934442250785,7.44588314478746,2.01346127772038,19.5381539006617,-0.297011296889257,-0.569988732015108,0.568689072501773,0.687266112133024,0.569988732015108,FALSE,TRUE,FALSE,FALSE,FALSE
"ARRDC2","turquoise",0.973072332296542,1219.38446566016,1219.20716429356,0.177301366607253,1322.87384937954,-0.526027493688552,-1.00948936041452,0.312747120296285,0.675160084824232,1.00948936041452,FALSE,TRUE,FALSE,FALSE,FALSE
"BBC3","turquoise",0.889941623208,372.418303498092,372.416820872633,0.00148262545855005,1322.87384937954,-0.569720582839416,-1.09333993695407,0.274252250025835,0.675160084824232,1.09333993695407,FALSE,TRUE,FALSE,FALSE,FALSE
"CYTH4","turquoise",0.942211594492048,805.793969141703,805.786489601424,0.00747954027951891,1322.87384937954,-0.390000340432744,-0.748442237237882,0.454198584060184,0.675160084824232,0.748442237237882,FALSE,TRUE,FALSE,FALSE,FALSE
"SNX5","turquoise",0.970958323357016,1242.74029432647,1242.66037256756,0.0799217589092223,1322.87384937954,-0.499432465524028,-0.958451347584135,0.337841966799053,0.675160084824232,0.958451347584135,FALSE,TRUE,FALSE,FALSE,FALSE
"NAAA","turquoise",0.967250473633677,1124.67398296574,1124.65309651355,0.0208864521869145,1322.87384937954,-0.637848676903213,-1.224083266776,0.220929222621324,0.675160084824232,1.224083266776,FALSE,TRUE,FALSE,FALSE,FALSE
"PRELID1","turquoise",0.947633242493561,775.623175173623,775.605062279576,0.018112894047249,1322.87384937954,-0.334458199686194,-0.641852371097758,0.520973329549922,0.675868213972517,0.641852371097758,FALSE,TRUE,FALSE,FALSE,FALSE
"SLC39A1","turquoise",0.967893704504735,1127.18747327667,1127.17219881372,0.0152744629529025,1322.87384937954,-0.286735861195685,-0.550269338769047,0.582138233166347,0.690484204106876,0.550269338769047,FALSE,TRUE,FALSE,FALSE,FALSE
"SIGLEC9","turquoise",0.94438728936698,826.847347035423,826.807875984531,0.0394710508927574,1322.87384937954,-0.292867997630105,-0.562037405194149,0.574094205535304,0.688257984588534,0.562037405194149,FALSE,TRUE,FALSE,FALSE,FALSE
"VPS4A","turquoise",0.984611213751641,1405.06238697332,1404.98841387508,0.0739730982377296,1322.87384937954,-0.53520437599547,-1.02710054074589,0.304380364533853,0.675160084824232,1.02710054074589,FALSE,TRUE,TRUE,FALSE,FALSE
"C5AR2","turquoise",0.946172389416371,785.044633649801,785.039985057257,0.00464859254395833,1322.87384937954,-0.216835669845266,-0.416125210741841,0.677320985545764,0.742025467945282,0.416125210741841,FALSE,TRUE,FALSE,FALSE,FALSE
"SERP1","turquoise",0.963291611621215,1016.78505664812,1016.74723001634,0.0378266317771931,1322.87384937954,-0.481218785850585,-0.923497821266696,0.355754329276689,0.675160084824232,0.923497821266696,FALSE,TRUE,FALSE,FALSE,FALSE
"GPR162","turquoise",0.862249311295226,235.505204566186,235.495108189071,0.0100963771145359,1322.87384937954,-0.627307985435063,-1.20385482621694,0.228653999407663,0.675160084824232,1.20385482621694,FALSE,TRUE,FALSE,FALSE,FALSE
"SIT1","turquoise",0.880796670709662,434.84670787884,434.846541405989,0.000166472850423816,1322.87384937954,-0.396427584258249,-0.760601454973923,0.44690332217058,0.675160084824232,0.760601454973923,FALSE,TRUE,FALSE,FALSE,FALSE
"CHMP2A","turquoise",0.917867843568644,528.184466895822,528.103256844249,0.0812100515727252,1322.87384937954,-0.479818314714822,-0.920810203740839,0.357156000569254,0.675160084824232,0.920810203740839,FALSE,TRUE,FALSE,FALSE,FALSE
"MMADHC","turquoise",0.931633407906628,754.771606426729,754.500153750107,0.271452676622062,1322.87384937954,-0.518082113136465,-0.994241531683109,0.320112304355768,0.675160084824232,0.994241531683109,FALSE,TRUE,FALSE,FALSE,FALSE
"PDCD4","turquoise",0.955244986184781,996.634894758825,996.5432271137,0.0916676451246303,1322.87384937954,-0.649518517336662,-1.24647863564292,0.212597237330453,0.675160084824232,1.24647863564292,FALSE,TRUE,FALSE,FALSE,FALSE
"CRCP","turquoise",0.986855935697623,1416.67723495677,1416.60995224806,0.0672827087119003,1322.87384937954,-0.539618262809883,-1.03557114699877,0.300409556668916,0.675160084824232,1.03557114699877,FALSE,TRUE,TRUE,FALSE,FALSE
"RBMX","turquoise",0.983423377480046,1402.83918655813,1402.78689983514,0.052286722989038,1322.87384937954,-0.534009815090343,-1.02480808162815,0.30546097710361,0.675160084824232,1.02480808162815,FALSE,TRUE,TRUE,FALSE,FALSE
"TNRC6A","turquoise",0.980772464911227,1335.6616134369,1335.6244314033,0.037182033597901,1322.87384937954,-0.315293454125711,-0.605073672321579,0.545134048150547,0.678834478822713,0.605073672321579,FALSE,TRUE,TRUE,FALSE,FALSE
"P2RY10","turquoise",0.962768642392395,1052.50517252215,1052.45765850318,0.0475140189760168,1322.87384937954,-0.521365335342335,-1.00054230098599,0.317055192943951,0.675160084824232,1.00054230098599,FALSE,TRUE,FALSE,FALSE,FALSE
"EIF3K","turquoise",0.971163335232106,1141.60428904049,1141.58566168483,0.0186273556612377,1322.87384937954,-0.485573831320227,-0.931855506213727,0.351417761139178,0.675160084824232,0.931855506213727,FALSE,TRUE,FALSE,FALSE,FALSE
"PRPF19","turquoise",0.962336355888454,1135.47862626416,1135.46895375464,0.00967250951589449,1322.87384937954,-0.44642845647252,-0.856732361715894,0.391598797309368,0.675160084824232,0.856732361715894,FALSE,TRUE,FALSE,FALSE,FALSE
"RRP7A","turquoise",0.880743651219983,387.25541835766,387.255251690218,0.000166667441931168,1322.87384937954,-0.319489376927175,-0.613125987981921,0.539797101683528,0.677574058876686,0.613125987981921,FALSE,TRUE,FALSE,FALSE,FALSE
"PCSK1N","blue",0.511996877088481,0.178289692470792,0.174046950028437,0.00424274244235423,19.5381539006617,-0.745791901617295,-1.43123505672068,0.15237196714891,0.675160084824232,1.43123505672068,FALSE,FALSE,FALSE,FALSE,FALSE
"TOR1B","turquoise",0.954728682054049,989.353740422718,989.317716416189,0.036024006528578,1322.87384937954,-0.522427780551274,-1.00258121938344,0.316070031189839,0.675160084824232,1.00258121938344,FALSE,TRUE,FALSE,FALSE,FALSE
"SGSM3","turquoise",0.964159853553373,1063.35541276259,1063.34408796653,0.0113247960591707,1322.87384937954,-0.311692316985497,-0.598162798513542,0.549735259504076,0.681014268386309,0.598162798513542,FALSE,TRUE,FALSE,FALSE,FALSE
"MAT2B","turquoise",0.956350109429006,1005.68082466305,1005.43602798848,0.244796674567624,1322.87384937954,-0.582655604322942,-1.11816329071604,0.263505087879778,0.675160084824232,1.11816329071604,FALSE,TRUE,FALSE,FALSE,FALSE
"TOR2A","turquoise",0.971539101338527,1203.60112695374,1203.58477649632,0.0163504574213675,1322.87384937954,-0.484616008695508,-0.930017367028191,0.352368635449711,0.675160084824232,0.930017367028191,FALSE,TRUE,FALSE,FALSE,FALSE
"POLM","turquoise",0.985476984781286,1388.74203754081,1388.7276113028,0.014426238017677,1322.87384937954,-0.422003844328464,-0.809859552998648,0.418026516792243,0.675160084824232,0.809859552998648,FALSE,TRUE,TRUE,FALSE,FALSE
"EML4","turquoise",0.979986521928382,1340.66539087662,1340.56580656236,0.0995843142591184,1322.87384937954,-0.455558244569257,-0.874253164444034,0.381986518096005,0.675160084824232,0.874253164444034,FALSE,TRUE,TRUE,FALSE,FALSE
"SLCO3A1","turquoise",0.973699011356241,1174.41059646003,1174.34884365895,0.0617528010807291,1322.87384937954,-0.504240456448897,-0.967678271541267,0.333211893635363,0.675160084824232,0.967678271541267,FALSE,TRUE,FALSE,FALSE,FALSE
"TRIB2","turquoise",0.970600425568147,1196.85426207914,1196.8160984118,0.0381636673403136,1322.87384937954,-0.350431275139602,-0.672505996462937,0.50126615256627,0.675272681317988,0.672505996462937,FALSE,TRUE,FALSE,FALSE,FALSE
"CCDC22","turquoise",0.98823627992604,1455.12880513907,1455.10703921506,0.0217659240167904,1322.87384937954,-0.463550467635774,-0.889590887754149,0.37369183766849,0.675160084824232,0.889590887754149,FALSE,TRUE,TRUE,FALSE,FALSE
"LAMTOR2","turquoise",0.913640582015449,514.576369387979,514.570511691431,0.00585769654821888,1322.87384937954,-0.480300414577725,-0.921735392420321,0.356673095472714,0.675160084824232,0.921735392420321,FALSE,TRUE,FALSE,FALSE,FALSE
"COA3","turquoise",0.88491045503937,399.683969848117,399.683063311015,0.000906537102025595,1322.87384937954,-0.407838369822132,-0.782674860238402,0.433823470214282,0.675160084824232,0.782674860238402,FALSE,TRUE,FALSE,FALSE,FALSE
"TMEM176B","turquoise",0.665791550092174,16.7777487448963,16.7757946960777,0.00195404881858252,1322.87384937954,-0.188024135013732,-0.360768396778634,0.718275598998628,0.771907803584344,0.360768396778634,FALSE,FALSE,FALSE,FALSE,FALSE
"GIT1","turquoise",0.979071262838594,1350.37439313867,1350.35818418674,0.0162089519260462,1322.87384937954,-0.444045821593414,-0.852159892426609,0.394131301631564,0.675160084824232,0.852159892426609,FALSE,TRUE,TRUE,FALSE,FALSE
"BZW2","turquoise",0.963648479881127,1053.15323792379,1053.13254755261,0.0206903711755331,1322.87384937954,-0.508266965259833,-0.975405468033893,0.329366048906049,0.675160084824232,0.975405468033893,FALSE,TRUE,FALSE,FALSE,FALSE
"SPCS1","turquoise",0.966189950095124,1100.23000353842,1100.22261524659,0.00738829182364498,1322.87384937954,-0.635924750190091,-1.22039109560544,0.22232503828202,0.675160084824232,1.22039109560544,FALSE,TRUE,FALSE,FALSE,FALSE
"MRPS18B","turquoise",0.965587851269824,1130.26054035852,1130.25692701472,0.00361334379863365,1322.87384937954,-0.294274453374926,-0.56473650766945,0.57225669050337,0.688257984588534,0.56473650766945,FALSE,TRUE,FALSE,FALSE,FALSE
"C19orf53","turquoise",0.904806277736331,511.461063033048,511.460332096546,0.000730936502236545,1322.87384937954,-0.351256491208157,-0.674089652928131,0.500258858486123,0.675272681317988,0.674089652928131,FALSE,TRUE,FALSE,FALSE,FALSE
"MAGEH1","turquoise",0.960694492591098,1001.92305366465,1001.91077901901,0.0122746456412415,1322.87384937954,-0.141921468900448,-0.272358792246377,0.785347793281325,0.823735629196519,0.272358792246377,FALSE,TRUE,FALSE,FALSE,FALSE
"NOB1","turquoise",0.974334673869898,1257.64139893252,1257.62961768981,0.0117812427090485,1322.87384937954,-0.420752417256864,-0.807457963102163,0.419408281348205,0.675160084824232,0.807457963102163,FALSE,TRUE,FALSE,FALSE,FALSE
"DBNL","turquoise",0.99004615723149,1495.45191078108,1495.40651956286,0.0453912182174463,1322.87384937954,-0.484564777912763,-0.92991905100721,0.352419540430225,0.675160084824232,0.92991905100721,FALSE,TRUE,TRUE,FALSE,FALSE
"COMMD5","turquoise",0.962754312304662,1016.28729565128,1016.27817617087,0.00911948041448341,1322.87384937954,-0.539970003980471,-1.03624616679068,0.300094616476747,0.675160084824232,1.03624616679068,FALSE,TRUE,FALSE,FALSE,FALSE
"TMEM230","turquoise",0.965655763944876,1097.06451532218,1096.98958080557,0.074934516609801,1322.87384937954,-0.438008797488386,-0.840574354264226,0.400592288239184,0.675160084824232,0.840574354264226,FALSE,TRUE,FALSE,FALSE,FALSE
"MRPL18","turquoise",0.942597089001184,781.833202495381,781.823975512453,0.00922698292879431,1322.87384937954,-0.590781110617721,-1.13375679533505,0.256904499727287,0.675160084824232,1.13375679533505,FALSE,TRUE,FALSE,FALSE,FALSE
"CHMP4A","turquoise",0.930404194788852,682.015271729978,681.966542679391,0.0487290505870988,1322.87384937954,-0.576402765518732,-1.1061635866683,0.268663475920667,0.675160084824232,1.1061635866683,FALSE,TRUE,FALSE,FALSE,FALSE
"PHPT1","turquoise",0.945414751508848,805.760359963947,805.758062470715,0.00229749323193573,1322.87384937954,-0.512370988494133,-0.983281420982415,0.325475884667332,0.675160084824232,0.983281420982415,FALSE,TRUE,FALSE,FALSE,FALSE
"THYN1","turquoise",0.936406646512645,768.527264685354,768.526147611817,0.00111707353653401,1322.87384937954,-0.227893034661971,-0.437345189299264,0.661863780183361,0.731816012995252,0.437345189299264,FALSE,TRUE,FALSE,FALSE,FALSE
"LINC00339","turquoise",0.924255732889877,581.812210883709,581.807652704371,0.00455817933834624,1322.87384937954,-0.470356228206136,-0.902651693449178,0.366717118332659,0.675160084824232,0.902651693449178,FALSE,TRUE,FALSE,FALSE,FALSE
"ORMDL2","turquoise",0.96450721999559,1031.98015186754,1031.97308738288,0.00706448465825815,1322.87384937954,-0.411030119371753,-0.788800086106079,0.430234309152907,0.675160084824232,0.788800086106079,FALSE,TRUE,FALSE,FALSE,FALSE
"RANGRF","turquoise",0.96517058747488,1098.007197329,1098.00172477035,0.00547255864921681,1322.87384937954,-0.287738068532028,-0.552192655810659,0.580819962186881,0.690122958963235,0.552192655810659,FALSE,TRUE,FALSE,FALSE,FALSE
"COMMD9","turquoise",0.922425143176116,676.837341299667,676.832269007076,0.00507229259028463,1322.87384937954,-0.483285866434333,-0.92746471630821,0.353691826830896,0.675160084824232,0.92746471630821,FALSE,TRUE,FALSE,FALSE,FALSE
"TMEM208","turquoise",0.933217648163887,683.502068342491,683.414420095948,0.0876482465430399,1322.87384937954,-0.291733232679445,-0.559859699355562,0.575578794107142,0.688806131578259,0.559859699355562,FALSE,TRUE,FALSE,FALSE,FALSE
"SSU72","turquoise",0.975952224681429,1204.00148907604,1203.99601657445,0.00547250159297619,1322.87384937954,-0.60195098090486,-1.15519268100143,0.248019575690512,0.675160084824232,1.15519268100143,FALSE,TRUE,FALSE,FALSE,FALSE
"NXT1","turquoise",0.945732387133198,831.916957134262,831.91310724942,0.00384988484188398,1322.87384937954,-0.275629076957234,-0.528954520339091,0.596840421260405,0.695800099697167,0.528954520339091,FALSE,TRUE,FALSE,FALSE,FALSE
"PYCARD","turquoise",0.893580752916889,433.980045419357,433.979482956768,0.000562462588959534,1322.87384937954,-0.719368408929684,-1.38052623436219,0.167433670772403,0.675160084824232,1.38052623436219,FALSE,TRUE,FALSE,FALSE,FALSE
"FHOD1","turquoise",0.973489118419984,1267.55838888384,1267.47553200107,0.0828568827771505,1322.87384937954,-0.453618057148849,-0.870529787659336,0.384017038067477,0.675160084824232,0.870529787659336,FALSE,TRUE,FALSE,FALSE,FALSE
"SAP30BP","turquoise",0.983123090807721,1355.2882487597,1355.27829416053,0.00995459916293839,1322.87384937954,-0.36876999671378,-0.70769948831433,0.479136702075421,0.675160084824232,0.70769948831433,FALSE,TRUE,TRUE,FALSE,FALSE
"MYLIP","turquoise",0.95555167436216,934.752857280835,934.671514413673,0.0813428671623342,1322.87384937954,-0.552464663911789,-1.06022443107154,0.289049971883046,0.675160084824232,1.06022443107154,FALSE,TRUE,FALSE,FALSE,FALSE
"BRD7","turquoise",0.979227066736025,1360.20316278861,1360.15052665481,0.0526361338004335,1322.87384937954,-0.315398493542183,-0.605275251468344,0.545000125683528,0.678834478822713,0.605275251468344,FALSE,TRUE,TRUE,FALSE,FALSE
"CLEC2D","turquoise",0.969506264109129,1176.14456699101,1176.12348323095,0.021083760053898,1322.87384937954,-0.40237702796638,-0.772194102933666,0.440004792166023,0.675160084824232,0.772194102933666,FALSE,TRUE,FALSE,FALSE,FALSE
"ANKRD11","turquoise",0.970965042613822,1122.57958707558,1122.56018056578,0.0194065097978182,1322.87384937954,-0.452014508611372,-0.867452448153487,0.385700221769667,0.675160084824232,0.867452448153487,FALSE,TRUE,FALSE,FALSE,FALSE
"C11orf21","turquoise",0.960768323918366,1049.81951173317,1049.76480877307,0.0547029600986662,1322.87384937954,-0.178946801185452,-0.343413403375987,0.731289581584596,0.781195769717642,0.343413403375987,FALSE,TRUE,FALSE,FALSE,FALSE
"ABT1","turquoise",0.977050098233372,1272.30593013567,1272.291781445,0.0141486906738919,1322.87384937954,-0.509703130660639,-0.978161585745047,0.328001308666256,0.675160084824232,0.978161585745047,FALSE,TRUE,FALSE,FALSE,FALSE
"NCAPH2","turquoise",0.926566401335259,691.869951892969,691.867504881437,0.00244701153155802,1322.87384937954,-0.366739869222933,-0.703803509250718,0.481559923970379,0.675160084824232,0.703803509250718,FALSE,TRUE,FALSE,FALSE,FALSE
"ZDHHC8","turquoise",0.970938983882036,1231.00212882078,1230.96602521775,0.0361036030278683,1322.87384937954,-0.253379007248187,-0.486254834658664,0.626789602949537,0.708496645619581,0.486254834658664,FALSE,TRUE,FALSE,FALSE,FALSE
"VPREB3","turquoise",0.715529019333565,28.0412823587433,28.0406538789526,0.000628479790737657,1322.87384937954,-0.620723945495742,-1.19121952036879,0.233575658278062,0.675160084824232,1.19121952036879,FALSE,FALSE,FALSE,FALSE,FALSE
"REPIN1","turquoise",0.97255201174394,1223.83829431646,1223.82877162553,0.00952269093500036,1322.87384937954,-0.640171772517917,-1.22854147539514,0.21925219600044,0.675160084824232,1.22854147539514,FALSE,TRUE,FALSE,FALSE,FALSE
"ANAPC2","turquoise",0.970783133171191,1181.58576263596,1181.51241150374,0.0733511322257527,1322.87384937954,-0.292880246103085,-0.562060911005735,0.574078191019495,0.688257984588534,0.562060911005735,FALSE,TRUE,FALSE,FALSE,FALSE
"STRN4","turquoise",0.95208194647817,915.595283581159,915.570618100602,0.0246654805566777,1322.87384937954,-0.424710255960328,-0.815053376097344,0.415047415022398,0.675160084824232,0.815053376097344,FALSE,TRUE,FALSE,FALSE,FALSE
"RBM15B","turquoise",0.979191366633808,1373.04661833907,1372.98835878724,0.0582595518326343,1322.87384937954,-0.457440762349871,-0.877865868519623,0.380022660406272,0.675160084824232,0.877865868519623,FALSE,TRUE,TRUE,FALSE,FALSE
"CPSF1","turquoise",0.895474499886648,425.997840578019,425.941527457213,0.056313120805612,1322.87384937954,-0.273025307204466,-0.523957675318774,0.600311362598188,0.696333200477201,0.523957675318774,FALSE,TRUE,FALSE,FALSE,FALSE
"TRA2A","turquoise",0.973609314778216,1220.50760904102,1220.37509581002,0.132513230995755,1322.87384937954,-0.549026954569125,-1.05362718844211,0.292061055688664,0.675160084824232,1.05362718844211,FALSE,TRUE,FALSE,FALSE,FALSE
"GPR171","turquoise",0.873906409824116,318.364594968435,318.359835789746,0.00475917868931219,1322.87384937954,-0.393650856686127,-0.755447873563028,0.449985483322549,0.675160084824232,0.755447873563028,FALSE,TRUE,FALSE,FALSE,FALSE
"GMPPA","turquoise",0.957915566204496,1015.55722891047,1015.55235706146,0.0048718490097599,1322.87384937954,-0.298607484326647,-0.573051944973757,0.566613278527813,0.68669238530822,0.573051944973757,FALSE,TRUE,FALSE,FALSE,FALSE
"SEC61A1","turquoise",0.975091172274982,1290.46506548425,1290.44660315923,0.0184623250213463,1322.87384937954,-0.497616588896996,-0.954966533279163,0.339601349210829,0.675160084824232,0.954966533279163,FALSE,TRUE,FALSE,FALSE,FALSE
"GPR132","turquoise",0.97393517314765,1228.18762011381,1228.15219702651,0.0354230872992503,1322.87384937954,-0.35036240144174,-0.672373822259045,0.501350271302271,0.675272681317988,0.672373822259045,FALSE,TRUE,FALSE,FALSE,FALSE
"SNX12","turquoise",0.986886583171043,1451.85203821367,1451.8299583709,0.0220798427692444,1322.87384937954,-0.500231535921219,-0.95998482838859,0.337069615181258,0.675160084824232,0.95998482838859,FALSE,TRUE,TRUE,FALSE,FALSE
"NENF","turquoise",0.663928505001062,31.4659633613002,31.4658273271786,0.000136034121688056,1322.87384937954,-0.370434522381534,-0.71089384787138,0.477154850796175,0.675160084824232,0.71089384787138,FALSE,FALSE,FALSE,FALSE,FALSE
"SERTAD3","turquoise",0.859596361705194,263.254278855994,263.252831341856,0.00144751413739641,1322.87384937954,-0.693410314367952,-1.33071054869726,0.183293113648002,0.675160084824232,1.33071054869726,FALSE,TRUE,FALSE,FALSE,FALSE
"DPP7","turquoise",0.949481071681801,941.889407654833,941.888292312753,0.00111534207974273,1322.87384937954,-0.566426225009368,-1.08701779748658,0.277036580223917,0.675160084824232,1.08701779748658,FALSE,TRUE,FALSE,FALSE,FALSE
"CERS2","turquoise",0.9880485129632,1452.58763642497,1452.55467829003,0.0329581349451473,1322.87384937954,-0.604200994408629,-1.15951063913118,0.246256171074314,0.675160084824232,1.15951063913118,FALSE,TRUE,TRUE,FALSE,FALSE
"MRM2","turquoise",0.974156997941424,1196.23585846227,1196.22138832693,0.01447013534289,1322.87384937954,-0.171358561032812,-0.328850955993919,0.742270352747413,0.789000319584186,0.328850955993919,FALSE,TRUE,FALSE,FALSE,FALSE
"UBQLN2","turquoise",0.981381709422554,1378.12841451858,1378.01431196657,0.114102552003033,1322.87384937954,-0.423033967341879,-0.811836442485295,0.416891119894224,0.675160084824232,0.811836442485295,FALSE,TRUE,TRUE,FALSE,FALSE
"UBQLN1","turquoise",0.830404262136435,244.36332359429,241.091691934583,3.27163165970782,1322.87384937954,-0.412082271828846,-0.790819251879186,0.429054939824199,0.675160084824232,0.790819251879186,FALSE,TRUE,FALSE,FALSE,FALSE
"PILRB","turquoise",0.880672595865392,398.438641004055,398.438526883053,0.00011412100235475,1322.87384937954,-0.00455300952255787,-0.00873759399657819,0.993028548156209,0.99488424271011,0.00873759399657819,FALSE,TRUE,FALSE,FALSE,FALSE
"PILRA","turquoise",0.926516692011576,640.388320078619,640.376068254352,0.0122518242665137,1322.87384937954,-0.661551869249453,-1.26957161247747,0.204245877104499,0.675160084824232,1.26957161247747,FALSE,TRUE,FALSE,FALSE,FALSE
"NOP53","turquoise",0.862238287463951,351.530356780509,351.530176273936,0.000180506572576178,1322.87384937954,-0.337943469653288,-0.648429296853803,0.516713061529942,0.675818875712212,0.648429296853803,FALSE,TRUE,FALSE,FALSE,FALSE
"TNPO2","turquoise",0.976840262998911,1295.73123341505,1295.72166567463,0.00956774042424513,1322.87384937954,-0.25726561272036,-0.493713545314214,0.621511657867782,0.706060156778971,0.493713545314214,FALSE,TRUE,FALSE,FALSE,FALSE
"ERO1A","turquoise",0.95595629958277,933.431600225765,933.370573244854,0.0610269809117199,1322.87384937954,-0.31326890733954,-0.60118840308219,0.547718479192188,0.680335982512171,0.60118840308219,FALSE,TRUE,FALSE,FALSE,FALSE
"TBX21","turquoise",0.902484649336589,497.137219508327,497.127362891587,0.00985661674076255,1322.87384937954,-0.293177480845486,-0.562631328547782,0.573689630274325,0.688257984588534,0.562631328547782,FALSE,TRUE,FALSE,FALSE,FALSE
"SH3KBP1","turquoise",0.986815930778131,1433.37114542542,1433.31726798772,0.0538774376973379,1322.87384937954,-0.75043905184479,-1.44015331435396,0.149833152001124,0.675160084824232,1.44015331435396,FALSE,TRUE,TRUE,FALSE,FALSE
"SLC40A1","turquoise",0.883729288399241,450.594298590982,449.81318547367,0.781113117311804,1322.87384937954,-0.598467365231141,-1.148507340405,0.250767191059166,0.675160084824232,1.148507340405,FALSE,TRUE,FALSE,FALSE,FALSE
"CXXC1","turquoise",0.969020962509684,1194.4826436744,1194.46837431878,0.014269355614033,1322.87384937954,-0.242953037218114,-0.466246553829923,0.64104198994769,0.716370269641908,0.466246553829923,FALSE,TRUE,FALSE,FALSE,FALSE
"NT5C","turquoise",0.965340998627129,1061.1361975685,1061.0903158462,0.0458817222997823,1322.87384937954,-0.335147393791983,-0.643174990400744,0.520114857606071,0.675868213972517,0.643174990400744,FALSE,TRUE,FALSE,FALSE,FALSE
"POLR1H","turquoise",0.947617339377446,849.62218222996,849.619689261641,0.00249296831918855,1322.87384937954,-0.449903664209149,-0.863401566800132,0.387922753323435,0.675160084824232,0.863401566800132,FALSE,TRUE,FALSE,FALSE,FALSE
"G0S2","grey",NA,0.204207910890379,0.199456716647986,0.00475119424239287,1.16729646183719,-1.30707648406793,-0.788470231045603,0.453150512090845,0.675160084824232,0.788470231045603,FALSE,NA,FALSE,FALSE,FALSE
"MINK1","turquoise",0.975604314872587,1290.69077994243,1290.63532058137,0.0554593610559095,1322.87384937954,-0.610925931612413,-1.17241633824031,0.241038082879902,0.675160084824232,1.17241633824031,FALSE,TRUE,FALSE,FALSE,FALSE
"IL21R","turquoise",0.960527394285247,1081.1460046869,1081.13217314175,0.0138315451570179,1322.87384937954,-0.112844033669202,-0.21655683921868,0.828555012227198,0.859412925620908,0.21655683921868,FALSE,TRUE,FALSE,FALSE,FALSE
"DEF6","turquoise",0.971744892551252,1210.49647174828,1210.48020041426,0.0162713340271239,1322.87384937954,-0.440509079605174,-0.845372598130213,0.397908733645017,0.675160084824232,0.845372598130213,FALSE,TRUE,FALSE,FALSE,FALSE
"ARHGEF3","turquoise",0.970329318652241,1238.59620100386,1238.51635468405,0.0798463198057107,1322.87384937954,-0.360110264124602,-0.691080760172363,0.489519465686199,0.675160084824232,0.691080760172363,FALSE,TRUE,FALSE,FALSE,FALSE
"DCAF8","turquoise",0.973465736224093,1264.05316488783,1263.79879148284,0.254373404987064,1322.87384937954,-0.402537130609934,-0.772501352872465,0.439822866840665,0.675160084824232,0.772501352872465,FALSE,TRUE,FALSE,FALSE,FALSE
"HP1BP3","turquoise",0.968658564178278,1172.26847034481,1172.10804223072,0.160428114093293,1322.87384937954,-0.418589792171511,-0.803307710424455,0.421802467075143,0.675160084824232,0.803307710424455,FALSE,TRUE,FALSE,FALSE,FALSE
"COPS7A","turquoise",0.982059597135233,1343.429719028,1343.40288345562,0.0268355723851528,1322.87384937954,-0.527915986405479,-1.01311353087677,0.311013079841107,0.675160084824232,1.01311353087677,FALSE,TRUE,TRUE,FALSE,FALSE
"F11R","turquoise",0.973767455885685,1204.73807503894,1204.68191919266,0.0561558462795801,1322.87384937954,-0.518015621483152,-0.994113928815615,0.320174415301909,0.675160084824232,0.994113928815615,FALSE,TRUE,FALSE,FALSE,FALSE
"SNHG32","turquoise",0.850995517889129,253.349248177844,253.347992338872,0.00125583897238357,1322.87384937954,-0.407638588376563,-0.782291463465173,0.434048701009556,0.675160084824232,0.782291463465173,FALSE,TRUE,FALSE,FALSE,FALSE
"STMN3","turquoise",0.833874363498632,237.870013867822,237.869592207737,0.000421660085407893,1322.87384937954,-0.354661237052466,-0.680623635934693,0.496114259874766,0.675160084824232,0.680623635934693,FALSE,TRUE,FALSE,FALSE,FALSE
"HEBP1","turquoise",0.392274319715994,0.146792137955892,0.146241127727412,0.000551010228480475,1322.87384937954,0.196138422710611,0.376405517336091,0.706617772240794,0.762819940886173,0.376405517336091,FALSE,FALSE,FALSE,FALSE,FALSE
"TMED5","turquoise",0.961080647501036,1074.35722027482,1074.21922330112,0.137996973698137,1322.87384937954,-0.64711295053343,-1.24186215813411,0.214295912663719,0.675160084824232,1.24186215813411,FALSE,TRUE,FALSE,FALSE,FALSE
"ASCC1","turquoise",0.96914565862731,1118.18279317711,1118.17463163397,0.00816154314406958,1322.87384937954,-0.307886001669526,-0.590858171169995,0.554619346435746,0.681096310354657,0.590858171169995,FALSE,TRUE,FALSE,FALSE,FALSE
"TMED7","turquoise",0.970032346230921,1194.01551627438,1193.84230047769,0.173215796683508,1322.87384937954,-0.474672029896582,-0.910934066405798,0.362336514175417,0.675160084824232,0.910934066405798,FALSE,TRUE,FALSE,FALSE,FALSE
"PAM16","turquoise",0.908285499892823,485.591715520959,485.578554567127,0.013160953831914,1322.87384937954,-0.459894505694535,-0.882574800712991,0.37747223163705,0.675160084824232,0.882574800712991,FALSE,TRUE,FALSE,FALSE,FALSE
"UBXN1","turquoise",0.975835428017205,1232.26081270664,1232.24965292274,0.0111597839054411,1322.87384937954,-0.43613944839949,-0.836986921974502,0.402605748539048,0.675160084824232,0.836986921974502,FALSE,TRUE,FALSE,FALSE,FALSE
"ZNF593","turquoise",0.873789922554105,283.425063468971,283.424115836407,0.000947632564304968,1322.87384937954,-0.370743758702378,-0.711487297414401,0.476787156444595,0.675160084824232,0.711487297414401,FALSE,TRUE,FALSE,FALSE,FALSE
"ZBTB7B","turquoise",0.970204079952487,1177.2828042307,1177.23551384347,0.0472903872264396,1322.87384937954,-0.638287479940718,-1.22492536534117,0.220611751275359,0.675160084824232,1.22492536534117,FALSE,TRUE,FALSE,FALSE,FALSE
"LAP3","turquoise",0.856863130583233,290.041597415201,290.022543364088,0.0190540511122208,1322.87384937954,-0.140918819564134,-0.270434626971024,0.786827530249949,0.824308151092109,0.270434626971024,FALSE,TRUE,FALSE,FALSE,FALSE
"TXNDC11","turquoise",0.949580206476012,876.334397177834,876.294957104315,0.039440073518449,1322.87384937954,-0.452392962145037,-0.868178731133425,0.385302567768428,0.675160084824232,0.868178731133425,FALSE,TRUE,FALSE,FALSE,FALSE
"CALHM2","turquoise",0.946664285357526,923.44332596983,923.413686386553,0.0296395832774579,1322.87384937954,-0.385479112865762,-0.739765635387896,0.459447275273093,0.675160084824232,0.739765635387896,FALSE,TRUE,FALSE,FALSE,FALSE
"MRPL2","turquoise",0.956477916425693,947.545513397363,947.541806304871,0.00370709249250467,1322.87384937954,-0.243074643722495,-0.466479926560062,0.640874974205185,0.716370269641908,0.466479926560062,FALSE,TRUE,FALSE,FALSE,FALSE
"NOSIP","turquoise",0.839108115209638,268.020615503126,268.020489888141,0.000125614984938238,1322.87384937954,-0.501298218197242,-0.962031878060911,0.336040370566624,0.675160084824232,0.962031878060911,FALSE,TRUE,FALSE,FALSE,FALSE
"MRPL4","turquoise",0.891289038989803,475.729469335406,475.729315844749,0.000153490656828126,1322.87384937954,-0.31367999906952,-0.601977321404043,0.547193211065537,0.680325461565257,0.601977321404043,FALSE,TRUE,FALSE,FALSE,FALSE
"TMX2","turquoise",0.968852780723841,1185.80004049713,1185.78732485128,0.0127156458434001,1322.87384937954,-0.362197104249701,-0.695085575373946,0.48700638090714,0.675160084824232,0.695085575373946,FALSE,TRUE,FALSE,FALSE,FALSE
"THAP4","turquoise",0.965871577882326,1114.13076571867,1114.12213643324,0.00862928542142072,1322.87384937954,-0.441878282285656,-0.848000208958129,0.396443769675842,0.675160084824232,0.848000208958129,FALSE,TRUE,FALSE,FALSE,FALSE
"NDUFA13","turquoise",0.90045237260079,407.591558574536,407.587658972972,0.00389960156377356,1322.87384937954,-0.641250252182145,-1.23061116521083,0.218476763344495,0.675160084824232,1.23061116521083,FALSE,TRUE,FALSE,FALSE,FALSE
"MRPS7","turquoise",0.952940546582934,901.315822830544,901.243857824616,0.0719650059279502,1322.87384937954,-0.425049174067243,-0.815703787391597,0.414675234617852,0.675160084824232,0.815703787391597,FALSE,TRUE,FALSE,FALSE,FALSE
"CRYL1","turquoise",0.978930057911198,1280.25900823329,1280.23950683321,0.019501400086483,1322.87384937954,-0.407779894412207,-0.782562641191159,0.433889387575508,0.675160084824232,0.782562641191159,FALSE,TRUE,FALSE,FALSE,FALSE
"APH1A","turquoise",0.945530473866789,888.79352478408,888.791522979179,0.00200180490116963,1322.87384937954,-0.450351681103803,-0.864261347503357,0.387450380051202,0.675160084824232,0.864261347503357,FALSE,TRUE,FALSE,FALSE,FALSE
"METTL9","brown",0.919210307756301,5.1399454485436,4.49387062948125,0.646074819062352,7.78987287898542,-0.812016105435772,-1.55832466697641,0.11916552725469,0.675160084824232,1.55832466697641,FALSE,TRUE,FALSE,FALSE,FALSE
"RDH11","turquoise",0.975199790036146,1300.74214515027,1300.65896760003,0.0831775502340406,1322.87384937954,-0.317878168132196,-0.610033947821563,0.541843359708255,0.677936455597638,0.610033947821563,FALSE,TRUE,FALSE,FALSE,FALSE
"COQ4","turquoise",0.9646842773858,1142.55714513424,1142.5540668849,0.00307824933906886,1322.87384937954,-0.284299633404027,-0.545594020340385,0.585348582367082,0.691291908175511,0.545594020340385,FALSE,TRUE,FALSE,FALSE,FALSE
"ZNF706","turquoise",0.960796368092441,1066.77463845824,1066.68068619041,0.0939522678245339,1322.87384937954,-0.479392604038366,-0.919993230476791,0.357582764476809,0.675160084824232,0.919993230476791,FALSE,TRUE,FALSE,FALSE,FALSE
"GOLGA7","turquoise",0.968380857365726,1130.03156297084,1129.96764056332,0.0639224075250695,1322.87384937954,-0.582271101414272,-1.11742539849556,0.263820304538274,0.675160084824232,1.11742539849556,FALSE,TRUE,FALSE,FALSE,FALSE
"PHF11","turquoise",0.95513867482269,986.78077598593,986.739158259609,0.04161772632051,1322.87384937954,-0.465826348482151,-0.893958487409214,0.371350372786478,0.675160084824232,0.893958487409214,FALSE,TRUE,FALSE,FALSE,FALSE
"CHCHD2","turquoise",0.624054740264785,17.2043163291384,17.2028599401298,0.00145638900858458,1322.87384937954,-0.549276464529247,-1.054106018262,0.291841803632607,0.675160084824232,1.054106018262,FALSE,FALSE,FALSE,FALSE,FALSE
"SDF4","turquoise",0.977195611772697,1275.24265610534,1275.21174077392,0.0309153314178729,1322.87384937954,-0.496197650441788,-0.952243475471725,0.340980224691266,0.675160084824232,0.952243475471725,FALSE,TRUE,FALSE,FALSE,FALSE
"JPT1","turquoise",0.845554823537323,245.416243816411,245.415907679336,0.000336137075265697,1322.87384937954,-0.526947068949093,-1.01125409981076,0.311901959524058,0.675160084824232,1.01125409981076,FALSE,TRUE,FALSE,FALSE,FALSE
"ZNF580","turquoise",0.93187009136496,674.350921263642,674.339876291904,0.0110449717376468,1322.87384937954,-0.508068976426872,-0.975025511429432,0.329554479269532,0.675160084824232,0.975025511429432,FALSE,TRUE,FALSE,FALSE,FALSE
"DCTN4","turquoise",0.848639653676177,297.363291831909,295.941299490433,1.4219923414766,1322.87384937954,-0.548219743025852,-1.05207808411902,0.292771135249907,0.675160084824232,1.05207808411902,FALSE,TRUE,FALSE,FALSE,FALSE
"HSD17B11","turquoise",0.968141984523361,1131.28865344487,1131.1669840122,0.121669432664476,1322.87384937954,-0.634372412139135,-1.21741203317048,0.223455859481331,0.675160084824232,1.21741203317048,FALSE,TRUE,FALSE,FALSE,FALSE
"LEF1","turquoise",0.954330093653718,965.947404411751,965.942595496529,0.00480891522147431,1322.87384937954,-0.417204031514741,-0.80050275910956,0.423427075514926,0.675160084824232,0.80050275910956,FALSE,TRUE,FALSE,FALSE,FALSE
"PLEKHO1","turquoise",0.9380294868437,767.885041900477,767.883680821495,0.00136107898197224,1322.87384937954,-0.74159861720519,-1.42318780434319,0.154690812079459,0.675160084824232,1.42318780434319,FALSE,TRUE,FALSE,FALSE,FALSE
"DCXR","turquoise",0.884980315594328,371.500769014382,371.499144294364,0.00162472001829883,1322.87384937954,-0.233321795738964,-0.447763421451026,0.654326771656505,0.726483956415934,0.447763421451026,FALSE,TRUE,FALSE,FALSE,FALSE
"RSL24D1","turquoise",0.869462504084329,320.118288326586,320.094353501007,0.0239348255790333,1322.87384937954,-0.601005765514326,-1.15337873611928,0.248762999602271,0.675160084824232,1.15337873611928,FALSE,TRUE,FALSE,FALSE,FALSE
"HERC5","turquoise",0.62577088969263,23.4862033938355,23.4851946373628,0.00100875647264331,1322.87384937954,-0.284188924924812,-0.54538156180311,0.585494664067127,0.691291908175511,0.54538156180311,FALSE,FALSE,FALSE,FALSE,FALSE
"CKLF","turquoise",0.900265876044525,430.145660756352,430.132269268808,0.0133914875440269,1322.87384937954,-0.612208660868718,-1.17487799956423,0.240051681741498,0.675160084824232,1.17487799956423,FALSE,TRUE,FALSE,FALSE,FALSE
"DDX47","turquoise",0.974023981699553,1250.43006191793,1250.38362872567,0.0464331922526071,1322.87384937954,-0.433405123552741,-0.831739531155906,0.405561770311435,0.675160084824232,0.831739531155906,FALSE,TRUE,FALSE,FALSE,FALSE
"GLRX5","blue",0.936840770465065,13.1617562086481,13.1406831356686,0.0210730729794886,19.5381539006617,-0.129639712612674,-0.248789107299353,0.803525406395047,0.837834753434559,0.248789107299353,FALSE,TRUE,FALSE,FALSE,FALSE
"ABI3","turquoise",0.917833262100623,626.184765398995,626.178536506936,0.00622889205885713,1322.87384937954,-0.23706167516666,-0.454940552944703,0.649154885404521,0.722799923026997,0.454940552944703,FALSE,TRUE,FALSE,FALSE,FALSE
"GLTP","turquoise",0.987360091650834,1425.93519649554,1425.88499237631,0.0502041192253273,1322.87384937954,-0.573436560159509,-1.10047119836756,0.271134592179172,0.675160084824232,1.10047119836756,FALSE,TRUE,TRUE,FALSE,FALSE
"PHF20","turquoise",0.969552824705252,1069.91805449594,1069.90111593639,0.0169385595479525,1322.87384937954,-0.462681217723291,-0.887922726776402,0.374588542843425,0.675160084824232,0.887922726776402,FALSE,TRUE,FALSE,FALSE,FALSE
"EMC4","turquoise",0.974247789799818,1213.1421829183,1213.10091237068,0.0412705476226165,1322.87384937954,-0.417806468576523,-0.801804449008673,0.422671637426956,0.675160084824232,0.801804449008673,FALSE,TRUE,FALSE,FALSE,FALSE
"HGH1","turquoise",0.96491136439316,1157.46054076132,1157.45468830948,0.00585245184265659,1322.87384937954,-0.336983057031726,-0.646697776817916,0.517831887983641,0.67583731433186,0.646697776817916,FALSE,TRUE,FALSE,FALSE,FALSE
"MZB1","turquoise",0.398008665906084,2.00992618232033,2.00700788691324,0.00291829540708655,1322.87384937954,-0.709297081809183,-1.36119854199746,0.173459893825883,0.675160084824232,1.36119854199746,FALSE,FALSE,FALSE,FALSE,FALSE
"SHISA5","turquoise",0.896482943794978,489.777722033874,489.772888452061,0.00483358181321591,1322.87384937954,-0.319282148437417,-0.612728299727798,0.540060067878178,0.677574058876686,0.612728299727798,FALSE,TRUE,FALSE,FALSE,FALSE
"PAIP2","turquoise",0.876477137421024,404.899579282427,404.448038264243,0.451541018183661,1322.87384937954,-0.481173532992953,-0.923410977368124,0.355799566598824,0.675160084824232,0.923410977368124,FALSE,TRUE,FALSE,FALSE,FALSE
"PDZD11","turquoise",0.943808418138319,755.022837406712,755.01019111184,0.0126462948728658,1322.87384937954,-0.495762435950415,-0.951408263617191,0.341403868617021,0.675160084824232,0.951408263617191,FALSE,TRUE,FALSE,FALSE,FALSE
"TMEM69","turquoise",0.967601350062457,1137.99977120758,1137.95284397017,0.0469272374114098,1322.87384937954,-0.619911358019996,-1.18966009919592,0.234188245847896,0.675160084824232,1.18966009919592,FALSE,TRUE,FALSE,FALSE,FALSE
"RNF181","turquoise",0.925054640312419,568.728735152432,568.717736654536,0.0109984978954571,1322.87384937954,-0.414819841649565,-0.796072870065621,0.425995189433751,0.675160084824232,0.796072870065621,FALSE,TRUE,FALSE,FALSE,FALSE
"TMEM216","turquoise",0.918428098882948,541.72757752385,541.681688020392,0.0458895034571469,1322.87384937954,-0.417247799559644,-0.800732317921803,0.423292173102153,0.675160084824232,0.800732317921803,FALSE,TRUE,FALSE,FALSE,FALSE
"MRPL30","turquoise",0.967353197137514,1093.8243074764,1093.77804901941,0.0462584569925184,1322.87384937954,-0.262423096239536,-0.503611173863272,0.614537872058939,0.702343188759247,0.503611173863272,FALSE,TRUE,FALSE,FALSE,FALSE
"MRPL27","turquoise",0.932857067754187,655.103043756585,655.075632392243,0.0274113643419014,1322.87384937954,-0.247725810315108,-0.475405891923267,0.634500722030636,0.712401465128115,0.475405891923267,FALSE,TRUE,FALSE,FALSE,FALSE
"UBAP1","turquoise",0.742521684310933,79.3663237978136,75.6675339651324,3.69878983268121,1322.87384937954,-0.325906749001192,-0.625441444699051,0.531685527892028,0.676813488619187,0.625441444699051,FALSE,FALSE,FALSE,FALSE,FALSE
"BET1L","turquoise",0.941104807656045,828.164768386955,828.162742338121,0.00202604883395452,1322.87384937954,-0.245043824544682,-0.470258944030784,0.638173015019455,0.714555823367573,0.470258944030784,FALSE,TRUE,FALSE,FALSE,FALSE
"MAPKAPK5-AS1","turquoise",0.959934826516716,1009.34388982737,1009.32289754189,0.0209922854758133,1322.87384937954,-0.449648154400126,-0.862911222784306,0.388192310973745,0.675160084824232,0.862911222784306,FALSE,TRUE,FALSE,FALSE,FALSE
"IER5","turquoise",0.937246167771805,824.428213453148,824.352567597362,0.0756458557860924,1322.87384937954,-0.260434929120933,-0.499795720152133,0.617222129449456,0.70312502342861,0.499795720152133,FALSE,TRUE,FALSE,FALSE,FALSE
"C1RL","turquoise",0.957375311257356,969.857378241218,969.807442008705,0.0499362325132324,1322.87384937954,-0.349992313754407,-0.671663594015719,0.501802405064717,0.675272681317988,0.671663594015719,FALSE,TRUE,FALSE,FALSE,FALSE
"SCAND1","turquoise",0.901242892091022,420.288334961423,420.285004635391,0.00333032603191441,1322.87384937954,-0.733435646449356,-1.40752240238937,0.15928159791568,0.675160084824232,1.40752240238937,FALSE,TRUE,FALSE,FALSE,FALSE
"GMIP","turquoise",0.972588763849531,1185.36632642368,1185.33954058571,0.0267858379702375,1322.87384937954,-0.57276859766173,-1.09918932423977,0.271693206648686,0.675160084824232,1.09918932423977,FALSE,TRUE,FALSE,FALSE,FALSE
"GMPR2","turquoise",0.98098643208207,1295.3973971187,1295.35941778208,0.0379793366253125,1322.87384937954,-0.523882196280174,-1.0053723609522,0.314724673312706,0.675160084824232,1.0053723609522,FALSE,TRUE,FALSE,FALSE,FALSE
"CD320","turquoise",0.873179741709922,348.653742020463,348.653280004067,0.00046201639611354,1322.87384937954,-0.689710783095439,-1.32361084858095,0.18564113896359,0.675160084824232,1.32361084858095,FALSE,TRUE,FALSE,FALSE,FALSE
"SLC15A3","turquoise",0.891279491822905,391.622609916777,391.614541372956,0.00806854382074107,1322.87384937954,-0.547108580450341,-1.04994567314976,0.293750485869896,0.675160084824232,1.04994567314976,FALSE,TRUE,FALSE,FALSE,FALSE
"TIMMDC1","turquoise",0.976111538414452,1214.19214754013,1214.1534960541,0.0386514860313127,1322.87384937954,-0.487344679103667,-0.935253906521211,0.34966404549567,0.675160084824232,0.935253906521211,FALSE,TRUE,FALSE,FALSE,FALSE
"FKBP11","turquoise",0.951863576331132,862.738772066892,862.732065925758,0.00670614113369083,1322.87384937954,-0.300463860013012,-0.576614480253381,0.564203697644431,0.685904098411838,0.576614480253381,FALSE,TRUE,FALSE,FALSE,FALSE
"FAM53C","turquoise",0.941830932292658,793.328606869717,793.270315210731,0.0582916589859224,1322.87384937954,-0.717954128494068,-1.37781211567158,0.168270290004204,0.675160084824232,1.37781211567158,FALSE,TRUE,FALSE,FALSE,FALSE
"TLR8","turquoise",0.927129049812338,721.039270017803,720.774894896837,0.264375120966633,1322.87384937954,-0.704467567992242,-1.35193031386743,0.176406520230957,0.675160084824232,1.35193031386743,FALSE,TRUE,FALSE,FALSE,FALSE
"PLAC8","turquoise",0.954114088233132,934.243696733282,934.230515871316,0.0131808619662479,1322.87384937954,-0.299384276244624,-0.574542671572389,0.565604400079221,0.686521438768862,0.574542671572389,FALSE,TRUE,FALSE,FALSE,FALSE
"SPG21","turquoise",0.954278221451563,926.474085231457,926.447141221867,0.0269440095897835,1322.87384937954,-0.882577727860774,-1.69373813480134,0.0903241308453794,0.675160084824232,1.69373813480134,FALSE,TRUE,FALSE,FALSE,FALSE
"AHSP","blue",0.902417644225933,8.68392596795281,8.6789337165508,0.00499225140200643,19.5381539006617,0.617912850217443,1.18319702528433,0.236805198575873,0.675160084824232,1.18319702528433,FALSE,TRUE,FALSE,FALSE,FALSE
"ARL6IP4","turquoise",0.887620798775262,449.337087887211,449.336942440182,0.000145447028899071,1322.87384937954,-0.511803143055655,-0.982191679599348,0.32601235121236,0.675160084824232,0.982191679599348,FALSE,TRUE,FALSE,FALSE,FALSE
"THEM6","turquoise",0.946090424526929,881.272880881793,881.270305150902,0.00257573089072594,1322.87384937954,-0.27022103377378,-0.518576047502857,0.604059759991565,0.697580051320361,0.518576047502857,FALSE,TRUE,FALSE,FALSE,FALSE
"ZBTB7A","turquoise",0.952114702268828,902.596658045335,902.591387957279,0.00527008805579499,1322.87384937954,-0.400688707492744,-0.768954079217121,0.441925864494671,0.675160084824232,0.768954079217121,FALSE,TRUE,FALSE,FALSE,FALSE
"TAOK3","turquoise",0.966174695263317,1132.94322869023,1132.87871888217,0.0645098080592561,1322.87384937954,-0.514775274144442,-0.987895439855011,0.323210825165209,0.675160084824232,0.987895439855011,FALSE,TRUE,FALSE,FALSE,FALSE
"KLRF1","turquoise",0.908766157593192,510.411705601705,510.378725153145,0.0329804485600675,1322.87384937954,-0.0765387924129052,-0.146884141089306,0.883224332685323,0.905173037726965,0.146884141089306,FALSE,TRUE,FALSE,FALSE,FALSE
"CHST15","turquoise",0.927419517316082,689.459204288576,689.3198458001,0.139358488475978,1322.87384937954,-0.50349000075913,-0.966238086297392,0.333931869050954,0.675160084824232,0.966238086297392,FALSE,TRUE,FALSE,FALSE,FALSE
"TEX264","turquoise",0.966156604295432,1140.54569531005,1140.54358766163,0.00210764842154276,1322.87384937954,-0.445493423163265,-0.854937957072312,0.392591465263848,0.675160084824232,0.854937957072312,FALSE,TRUE,FALSE,FALSE,FALSE
"POMP","turquoise",0.926951073982082,623.544100003755,623.464893966669,0.0792060370858962,1322.87384937954,-0.268821674706262,-0.515890564126022,0.605934168895016,0.698851950798586,0.515890564126022,FALSE,TRUE,FALSE,FALSE,FALSE
"TMA7","turquoise",0.722102222321572,67.7171248513609,67.6936228816028,0.0235019697580583,1322.87384937954,-0.588687716067108,-1.12961422374877,0.25864711235474,0.675160084824232,1.12961422374877,FALSE,FALSE,FALSE,FALSE,FALSE
"ATRAID","turquoise",0.935986227652668,777.423692854461,777.422789670233,0.000903184228718601,1322.87384937954,-0.545431041667398,-1.04672634037081,0.295233184942424,0.675160084824232,1.04672634037081,FALSE,TRUE,FALSE,FALSE,FALSE
"CRLF3","turquoise",0.978806772731787,1332.1163701726,1331.99681277134,0.119557401263364,1322.87384937954,-0.437158156537406,-0.838941905390639,0.40150775527824,0.675160084824232,0.838941905390639,FALSE,TRUE,TRUE,FALSE,FALSE
"ATP6V1D","brown",0.908690781412107,12.3689764954384,4.91407980547172,7.45489668996664,7.78987287898542,-0.491650561880358,-0.943517244279057,0.345423042466181,0.675160084824232,0.943517244279057,FALSE,TRUE,FALSE,FALSE,FALSE
"ZNF589","turquoise",0.959882683962861,1031.01391995105,1030.96211451259,0.0518054384615425,1322.87384937954,-0.265470108729204,-0.509458637591455,0.610434060238734,0.699535462364124,0.509458637591455,FALSE,TRUE,FALSE,FALSE,FALSE
"EIF3L","turquoise",0.974107243806429,1193.88405195151,1193.8689754733,0.0150764782104034,1322.87384937954,-0.64319734610611,-1.23434779613517,0.217081786400236,0.675160084824232,1.23434779613517,FALSE,TRUE,FALSE,FALSE,FALSE
"TRPV2","turquoise",0.964254269168773,1116.34532881846,1116.30606394169,0.0392648767685841,1322.87384937954,-0.448154604947593,-0.860044980430674,0.389770257128118,0.675160084824232,0.860044980430674,FALSE,TRUE,FALSE,FALSE,FALSE
"TRAPPC4","turquoise",0.957767323888703,989.541712307218,989.537484796315,0.00422751090286511,1322.87384937954,-0.205078664995643,-0.393562566301315,0.693906468378563,0.753078148500925,0.393562566301315,FALSE,TRUE,FALSE,FALSE,FALSE
"BIN2","turquoise",0.97628914034629,1288.28491068317,1288.23756202414,0.0473486590342418,1322.87384937954,-0.452029156208578,-0.867480558078751,0.385684826378638,0.675160084824232,0.867480558078751,FALSE,TRUE,FALSE,FALSE,FALSE
"ZNF107","turquoise",0.711516238519641,43.9380701065226,43.6715454631318,0.266524643390824,1322.87384937954,-0.172939286591915,-0.331884496355966,0.73997850476229,0.787926466466103,0.331884496355966,FALSE,FALSE,FALSE,FALSE,FALSE
"DDX41","turquoise",0.984595616747155,1405.71127531376,1405.69031103604,0.0209642777119825,1322.87384937954,-0.479887483325445,-0.920942943906204,0.357086691138361,0.675160084824232,0.920942943906204,FALSE,TRUE,TRUE,FALSE,FALSE
"ANAPC5","turquoise",0.979270657822378,1310.4803714637,1310.47083235976,0.00953910393991464,1322.87384937954,-0.556185400166429,-1.06736482526583,0.285814635321771,0.675160084824232,1.06736482526583,FALSE,TRUE,FALSE,FALSE,FALSE
"FAM8A1","turquoise",0.949747954419863,906.294563092322,906.236796254468,0.0577668378539329,1322.87384937954,-0.603269477812765,-1.15772298334539,0.246985160291761,0.675160084824232,1.15772298334539,FALSE,TRUE,FALSE,FALSE,FALSE
"YTHDF2","turquoise",0.983429736636236,1421.77235301537,1421.62183907322,0.150513942148336,1322.87384937954,-0.51899149262037,-0.995986704558283,0.319263628838452,0.675160084824232,0.995986704558283,FALSE,TRUE,TRUE,FALSE,FALSE
"IP6K2","turquoise",0.979312388821426,1280.39117370773,1280.31656290581,0.0746108019222902,1322.87384937954,-0.334806702399338,-0.642521176027566,0.520539137439575,0.675868213972517,0.642521176027566,FALSE,TRUE,FALSE,FALSE,FALSE
"LCMT1","turquoise",0.973403792211167,1194.79178060464,1194.78238236211,0.00939824252736798,1322.87384937954,-0.366412543704632,-0.703175345072835,0.481951253033929,0.675160084824232,0.703175345072835,FALSE,TRUE,FALSE,FALSE,FALSE
"UBE2J1","turquoise",0.91675482127997,646.233471918479,646.108197643915,0.125274274563708,1322.87384937954,-0.496830651614296,-0.953458255984994,0.340364653602123,0.675160084824232,0.953458255984994,FALSE,TRUE,FALSE,FALSE,FALSE
"EVL","turquoise",0.969496885166643,1209.54967946707,1209.5403781029,0.00930136417059657,1322.87384937954,-0.355171222504303,-0.681602339317639,0.495495035730745,0.675160084824232,0.681602339317639,FALSE,TRUE,FALSE,FALSE,FALSE
"SPOUT1","turquoise",0.973108893685978,1238.43981997556,1238.43154277761,0.00827719794915538,1322.87384937954,-0.185047519854536,-0.355121176565061,0.72250099541166,0.774895416184199,0.355121176565061,FALSE,TRUE,FALSE,FALSE,FALSE
"NOP16","turquoise",0.900351295771992,509.090438362874,509.089524744363,0.000913618510196557,1322.87384937954,-0.667776296040765,-1.28151679157153,0.200020865802155,0.675160084824232,1.28151679157153,FALSE,TRUE,FALSE,FALSE,FALSE
"RTCB","turquoise",0.955196565585373,1024.58523715134,1024.5362973341,0.0489398172396704,1322.87384937954,-0.304559432328485,-0.58447421520428,0.558905150888396,0.683726238494105,0.58447421520428,FALSE,TRUE,FALSE,FALSE,FALSE
"NELFCD","turquoise",0.98321986943685,1414.66858573314,1414.61400331838,0.0545824147509393,1322.87384937954,-0.429548798056889,-0.824338930227121,0.409752734389485,0.675160084824232,0.824338930227121,FALSE,TRUE,TRUE,FALSE,FALSE
"TRMT112","turquoise",0.952133122198484,893.008124332383,893.004456899648,0.00366743273559678,1322.87384937954,-0.419726667427027,-0.805489466108963,0.420542864466811,0.675160084824232,0.805489466108963,FALSE,TRUE,FALSE,FALSE,FALSE
"UFC1","turquoise",0.928386687634229,633.693987224843,633.614698525834,0.079288699009453,1322.87384937954,-0.29311738950026,-0.562516008389831,0.573768174759547,0.688257984588534,0.562516008389831,FALSE,TRUE,FALSE,FALSE,FALSE
"MTFP1","turquoise",0.799431439959819,144.310169603668,144.310090593618,7.90100498306856e-05,1322.87384937954,-0.316051433269046,-0.606528295682133,0.544168011465075,0.678834478822713,0.606528295682133,FALSE,FALSE,FALSE,FALSE,FALSE
"ZNF581","turquoise",0.882521074410115,431.609084995819,431.608989144541,9.58512777060605e-05,1322.87384937954,-0.633506407316473,-1.2157500997829,0.224088497215821,0.675160084824232,1.2157500997829,FALSE,TRUE,FALSE,FALSE,FALSE
"SIRT7","turquoise",0.992336103646651,1511.23697727,1511.20852575233,0.028451517674057,1322.87384937954,-0.427405495588501,-0.820225759216199,0.412093117762241,0.675160084824232,0.820225759216199,FALSE,TRUE,TRUE,FALSE,FALSE
"RAB14","turquoise",0.969862181655745,1200.92545601837,1200.82798406565,0.0974719527180241,1322.87384937954,-0.597306740668368,-1.14628000787654,0.251687306113932,0.675160084824232,1.14628000787654,FALSE,TRUE,FALSE,FALSE,FALSE
"HDAC7","turquoise",0.974000089928899,1236.87203269559,1236.85291953953,0.0191131560634403,1322.87384937954,-0.25347505228503,-0.486439152862517,0.626658943377422,0.708496645619581,0.486439152862517,FALSE,TRUE,FALSE,FALSE,FALSE
"TDP2","turquoise",0.932273753173158,734.671674898076,734.55556862334,0.116106274736353,1322.87384937954,-0.821445716220461,-1.57642085372369,0.114938064619191,0.675160084824232,1.57642085372369,FALSE,TRUE,FALSE,FALSE,FALSE
"CYRIB","turquoise",0.972574085122483,1194.61156879316,1194.49402916721,0.11753962595003,1322.87384937954,-0.634296651619542,-1.21726664259796,0.223511153346258,0.675160084824232,1.21726664259796,FALSE,TRUE,FALSE,FALSE,FALSE
"GDE1","brown",0.955041759353469,8.40029151838643,6.73611193403341,1.66417958435302,7.78987287898542,-0.492661921616213,-0.945458125516534,0.344431697032112,0.675160084824232,0.945458125516534,FALSE,TRUE,FALSE,FALSE,FALSE
"AZIN1","turquoise",0.946454588328046,916.658412197572,916.408865223356,0.249546974216287,1322.87384937954,-0.515180480649264,-0.988673063953175,0.322830097457972,0.675160084824232,0.988673063953175,FALSE,TRUE,FALSE,FALSE,FALSE
"MED15","turquoise",0.969465738595666,1197.33442782525,1197.2827238196,0.0517040056467977,1322.87384937954,-0.382017991786789,-0.7331234637405,0.463488138899686,0.675160084824232,0.7331234637405,FALSE,TRUE,FALSE,FALSE,FALSE
"PIAS4","turquoise",0.974627904622771,1223.84199604768,1223.80621998491,0.0357760627684911,1322.87384937954,-0.342665912854266,-0.657603637364095,0.510797268001968,0.675272681317988,0.657603637364095,FALSE,TRUE,FALSE,FALSE,FALSE
"SRRT","turquoise",0.97239409393053,1212.08667000863,1212.02680365871,0.0598663499140457,1322.87384937954,-0.387339110270495,-0.743335121038371,0.457283902786189,0.675160084824232,0.743335121038371,FALSE,TRUE,FALSE,FALSE,FALSE
"CUTA","turquoise",0.73590967260744,87.0194315214587,87.0192813873092,0.000150134149436099,1322.87384937954,-0.438688600315419,-0.841878950942733,0.399861581099297,0.675160084824232,0.841878950942733,FALSE,FALSE,FALSE,FALSE,FALSE
"LSR","turquoise",0.940729872207439,828.397895797784,828.395360927165,0.00253487061945634,1322.87384937954,-0.36728160154641,-0.704843137451343,0.48091264416961,0.675160084824232,0.704843137451343,FALSE,TRUE,FALSE,FALSE,FALSE
"PIGT","turquoise",0.973397423188573,1251.86722693224,1251.81493351682,0.0522934154187169,1322.87384937954,-0.433242621282813,-0.831427676139763,0.405737855430701,0.675160084824232,0.831427676139763,FALSE,TRUE,FALSE,FALSE,FALSE
"GET4","turquoise",0.976992976004429,1210.6915448503,1210.66606293733,0.0254819129625048,1322.87384937954,-0.354085577748994,-0.679518899111901,0.496813720921057,0.675160084824232,0.679518899111901,FALSE,TRUE,FALSE,FALSE,FALSE
"ERGIC3","turquoise",0.960315741844586,965.940619952559,965.915492322071,0.0251276304881003,1322.87384937954,-0.543166411062119,-1.0423803308395,0.297242726161791,0.675160084824232,1.0423803308395,FALSE,TRUE,FALSE,FALSE,FALSE
"KLF13","turquoise",0.976054727539126,1307.45360313666,1307.34916517171,0.104437964948829,1322.87384937954,-0.627984618054089,-1.20515333900954,0.228152423263784,0.675160084824232,1.20515333900954,FALSE,TRUE,FALSE,FALSE,FALSE
"SLC25A39","blue",0.841662086749436,4.07751564080985,4.07396427385691,0.00355136695293812,19.5381539006617,0.0767197693422177,0.147231450472967,0.882950202252519,0.905108369374056,0.147231450472967,FALSE,TRUE,FALSE,FALSE,FALSE
"LUC7L2","turquoise",0.979676458305165,1333.1669583832,1333.09952595925,0.0674324239482758,1322.87384937954,-0.518194701962848,-0.994457598758878,0.320007151249535,0.675160084824232,0.994457598758878,FALSE,TRUE,TRUE,FALSE,FALSE
"SF3B6","turquoise",0.89768601654184,449.224486775585,449.041789157514,0.18269761807079,1322.87384937954,-0.563603102167991,-1.08159999612504,0.279437907710124,0.675160084824232,1.08159999612504,FALSE,TRUE,FALSE,FALSE,FALSE
"MRPL48","turquoise",0.883598486324221,357.973777049519,357.972285607563,0.001491441955352,1322.87384937954,-0.375685267671485,-0.720970453311305,0.470932605845559,0.675160084824232,0.720970453311305,FALSE,TRUE,FALSE,FALSE,FALSE
"TMBIM4","turquoise",0.931554896700576,688.474642493545,688.437418806092,0.0372236874532064,1322.87384937954,-0.710271375307112,-1.36306829012257,0.17286993377882,0.675160084824232,1.36306829012257,FALSE,TRUE,FALSE,FALSE,FALSE
"YPEL5","turquoise",0.848202994729317,281.215356648854,280.862565858617,0.352790790237577,1322.87384937954,-0.771333958296575,-1.48025233199661,0.138815100721115,0.675160084824232,1.48025233199661,FALSE,TRUE,FALSE,FALSE,FALSE
"CIAO2B","turquoise",0.930464614640378,665.959713969319,665.956455907431,0.00325806188789102,1322.87384937954,-0.519671635408167,-0.997291953649027,0.318629851130465,0.675160084824232,0.997291953649027,FALSE,TRUE,FALSE,FALSE,FALSE
"ZFR","turquoise",0.969978991145922,1234.32701238647,1234.07030449144,0.256707895029876,1322.87384937954,-0.51098231665535,-0.98061644726302,0.326788834538298,0.675160084824232,0.98061644726302,FALSE,TRUE,FALSE,FALSE,FALSE
"NUB1","turquoise",0.935805298964104,831.549616143582,831.377977141271,0.171639002310712,1322.87384937954,-0.436406884957569,-0.837500154387647,0.402317323523136,0.675160084824232,0.837500154387647,FALSE,TRUE,FALSE,FALSE,FALSE
"IFT25","turquoise",0.919553668874003,615.11418047159,615.048020259971,0.0661602116194899,1322.87384937954,-0.463613248264916,-0.889711368865725,0.373627125593333,0.675160084824232,0.889711368865725,FALSE,TRUE,FALSE,FALSE,FALSE
"SARAF","turquoise",0.974252503029593,1198.66948518918,1198.61652254129,0.0529626478905811,1322.87384937954,-0.623785028750103,-1.19709398703393,0.23127819381041,0.675160084824232,1.19709398703393,FALSE,TRUE,FALSE,FALSE,FALSE
"LSM7","turquoise",0.884116528205057,343.989301956051,343.988106473211,0.00119548283942095,1322.87384937954,-0.308267181525077,-0.591589686182422,0.554129279483252,0.681096310354657,0.591589686182422,FALSE,TRUE,FALSE,FALSE,FALSE
"TRAPPC2L","turquoise",0.939849169791225,789.333636885729,789.331092866423,0.00254401930533277,1322.87384937954,-0.260675751590998,-0.500257877975053,0.616896717730686,0.702941026128297,0.500257877975053,FALSE,TRUE,FALSE,FALSE,FALSE
"HECA","turquoise",0.951096361405522,952.870563027861,952.584621682259,0.285941345602282,1322.87384937954,-0.625860380038762,-1.20107675422797,0.229729720087783,0.675160084824232,1.20107675422797,FALSE,TRUE,FALSE,FALSE,FALSE
"VPS29","turquoise",0.951372431301417,934.54934004595,934.465302593031,0.0840374529190058,1322.87384937954,-0.473366417413952,-0.908428490317373,0.363658259285206,0.675160084824232,0.908428490317373,FALSE,TRUE,FALSE,FALSE,FALSE
"ACSL5","turquoise",0.970477561611361,1215.53541741234,1215.45850267383,0.0769147385044562,1322.87384937954,-0.625263173358255,-1.19993066624364,0.230174553833863,0.675160084824232,1.19993066624364,FALSE,TRUE,FALSE,FALSE,FALSE
"CAB39","turquoise",0.952553950827804,1007.86919298515,1007.53113283912,0.338060146035673,1322.87384937954,-0.678035567985603,-1.30120516527476,0.193196974974561,0.675160084824232,1.30120516527476,FALSE,TRUE,FALSE,FALSE,FALSE
"WBP11","turquoise",0.983400693939786,1449.37605869162,1449.29908374548,0.0769749461385345,1322.87384937954,-0.434226071216002,-0.833314996205666,0.404672901474392,0.675160084824232,0.833314996205666,FALSE,TRUE,TRUE,FALSE,FALSE
"MSRB1","turquoise",0.806650386027873,124.021416996325,124.020243923529,0.00117307279542445,1322.87384937954,-0.743394735802832,-1.42663470138966,0.153694315228453,0.675160084824232,1.42663470138966,FALSE,TRUE,FALSE,FALSE,FALSE
"CD244","turquoise",0.97138691785369,1151.38520023042,1151.35425481152,0.0309454189011831,1322.87384937954,-0.365592182392651,-0.701601005278667,0.482932783058723,0.675160084824232,0.701601005278667,FALSE,TRUE,FALSE,FALSE,FALSE
"LUC7L3","turquoise",0.966416345439007,1110.63197233459,1110.56963834619,0.0623339884054985,1322.87384937954,-0.401866684411499,-0.771214712321978,0.440584985834011,0.675160084824232,0.771214712321978,FALSE,TRUE,FALSE,FALSE,FALSE
"RAB8B","turquoise",0.955449900226185,1017.5872905452,1017.35434174938,0.23294879581897,1322.87384937954,-0.637665773190205,-1.22373225973838,0.221061649025553,0.675160084824232,1.22373225973838,FALSE,TRUE,FALSE,FALSE,FALSE
"ADA2","turquoise",0.939337773774402,856.761991340962,856.74780046265,0.0141908783114104,1322.87384937954,-0.467351594030417,-0.896885557137446,0.369786280226955,0.675160084824232,0.896885557137446,FALSE,TRUE,FALSE,FALSE,FALSE
"UBASH3A","turquoise",0.952285612950879,926.944919744691,926.933360918898,0.0115588257930312,1322.87384937954,-0.347141035716468,-0.666191760551846,0.505293017617111,0.675272681317988,0.666191760551846,FALSE,TRUE,FALSE,FALSE,FALSE
"MBD3","turquoise",0.936302095290948,815.330174503125,815.329478615886,0.000695887238748583,1322.87384937954,-0.372227021275376,-0.714333798413129,0.475025656888503,0.675160084824232,0.714333798413129,FALSE,TRUE,FALSE,FALSE,FALSE
"PTOV1","turquoise",0.934787622364806,704.05412036383,704.031997213281,0.0221231505483956,1322.87384937954,-0.477671038087432,-0.916689405996947,0.359311861854159,0.675160084824232,0.916689405996947,FALSE,TRUE,FALSE,FALSE,FALSE
"S1PR5","turquoise",0.915611439628984,589.158810732799,589.121401090324,0.0374096424750405,1322.87384937954,-0.162886224182977,-0.312591855451885,0.75459266634806,0.797547547059346,0.312591855451885,FALSE,TRUE,FALSE,FALSE,FALSE
"FXYD5","turquoise",0.953388463912886,983.913852726527,983.912455431781,0.00139729474665273,1322.87384937954,-0.622500825591769,-1.19462949717265,0.23224007697323,0.675160084824232,1.19462949717265,FALSE,TRUE,FALSE,FALSE,FALSE
"P2RY13","turquoise",0.894377307692472,405.361126257614,405.353852981366,0.00727327624736063,1322.87384937954,-0.499470074589436,-0.958344170409747,0.337898539355986,0.675160084824232,0.958344170409747,FALSE,TRUE,FALSE,FALSE,FALSE
"C11orf24","turquoise",0.927334629712553,675.420724669287,675.414722116633,0.0060025526543086,1322.87384937954,-0.0636739824555132,-0.122195528932027,0.902744882935773,0.920997336563161,0.122195528932027,FALSE,TRUE,FALSE,FALSE,FALSE
"RAB24","turquoise",0.95035607975941,851.341713420491,851.308724309676,0.032989110814583,1322.87384937954,-0.237699418886921,-0.456164434791183,0.648274625251768,0.722194770832424,0.456164434791183,FALSE,TRUE,FALSE,FALSE,FALSE
"CYP4F29P","grey",NA,0.0101742636831581,1.33542264020012e-05,0.0101609094567561,1.16729646183719,0.292815033183919,0.561935762132624,0.574163457416128,0.688257984588534,0.561935762132624,FALSE,NA,FALSE,FALSE,FALSE
"POLE3","turquoise",0.988571846840296,1509.56821868231,1509.53197857823,0.0362401040770237,1322.87384937954,-0.374365101318518,-0.718436947167068,0.472492804416619,0.675160084824232,0.718436947167068,FALSE,TRUE,TRUE,FALSE,FALSE
"CHRAC1","turquoise",0.970923147735423,1206.31992477075,1206.30580294976,0.0141218209928411,1322.87384937954,-0.467413073305732,-0.897003540845639,0.369723321074626,0.675160084824232,0.897003540845639,FALSE,TRUE,FALSE,FALSE,FALSE
"TREM1","turquoise",0.82611897764686,151.022653228365,150.99031361664,0.0323396117249501,1322.87384937954,-0.627083864432581,-1.20342471986287,0.228820309439387,0.675160084824232,1.20342471986287,FALSE,TRUE,FALSE,FALSE,FALSE
"GNG2","turquoise",0.969789497019089,1184.18487627021,1184.0809024522,0.103973818010218,1322.87384937954,-0.579885204895274,-1.11284666985518,0.265782083907682,0.675160084824232,1.11284666985518,FALSE,TRUE,FALSE,FALSE,FALSE
"DPM3","turquoise",0.849523705524372,277.707819355113,277.707424761385,0.000394593727264692,1322.87384937954,-0.636306046837159,-1.22112283475025,0.222047905667563,0.675160084824232,1.22112283475025,FALSE,TRUE,FALSE,FALSE,FALSE
"TERF2IP","brown",0.942148860833603,7.63536753215933,6.5350400415606,1.10032749059873,7.78987287898542,-0.597420725376092,-1.14649875376165,0.251596837661042,0.675160084824232,1.14649875376165,FALSE,TRUE,FALSE,FALSE,FALSE
"SLC38A2","turquoise",0.963136746437444,1087.50102450892,1087.37955040373,0.121474105191965,1322.87384937954,-0.644431612665997,-1.23671645361995,0.216200832750118,0.675160084824232,1.23671645361995,FALSE,TRUE,FALSE,FALSE,FALSE
"YIPF1","turquoise",0.971345893036586,1178.51763254918,1178.50776129954,0.00987124963239694,1322.87384937954,-0.402550758542791,-0.772527505979266,0.439807383355566,0.675160084824232,0.772527505979266,FALSE,TRUE,FALSE,FALSE,FALSE
"SASH3","turquoise",0.976026057646332,1303.42563725371,1303.40326276636,0.0223744873446776,1322.87384937954,-0.489990291494662,-0.940331050952889,0.347054396653827,0.675160084824232,0.940331050952889,FALSE,TRUE,FALSE,FALSE,FALSE
"KCTD5","turquoise",0.975151967800267,1261.63917630778,1261.58799195262,0.051184355162377,1322.87384937954,-0.397763001853447,-0.763339413158766,0.445266250833519,0.675160084824232,0.763339413158766,FALSE,TRUE,FALSE,FALSE,FALSE
"PRR13","turquoise",0.958418644993537,964.098049058877,964.090666586233,0.00738247264428082,1322.87384937954,-0.589313059645872,-1.13093948663083,0.258088466724085,0.675160084824232,1.13093948663083,FALSE,TRUE,FALSE,FALSE,FALSE
"MRPS21","turquoise",0.962495023139469,1024.11780762063,1024.06022350029,0.0575841203319669,1322.87384937954,-0.196625955458246,-0.377341132161355,0.70592244225256,0.762261166873422,0.377341132161355,FALSE,TRUE,FALSE,FALSE,FALSE
"FBXW5","turquoise",0.972511653110593,1167.87589298149,1167.86166405912,0.0142289223688294,1322.87384937954,-0.472497898051087,-0.906761731323507,0.364539178686428,0.675160084824232,0.906761731323507,FALSE,TRUE,FALSE,FALSE,FALSE
"RNF216","turquoise",0.986035180478361,1422.73085417044,1422.71779711737,0.0130570530634486,1322.87384937954,-0.498126820347912,-0.955945708754265,0.339106399188211,0.675160084824232,0.955945708754265,FALSE,TRUE,TRUE,FALSE,FALSE
"CHPF2","turquoise",0.968909390434624,1159.25983376436,1159.23459297733,0.0252407870250408,1322.87384937954,-0.336055710091589,-0.644918122939147,0.518984558473465,0.675868213972517,0.644918122939147,FALSE,TRUE,FALSE,FALSE,FALSE
"SMOX","blue",0.564391079706856,0.237523256993513,0.221615716235833,0.0159075407576797,19.5381539006617,-0.531173750035491,-1.01936544311083,0.308036692797665,0.675160084824232,1.01936544311083,FALSE,FALSE,FALSE,FALSE,FALSE
"CPVL","turquoise",0.919785441511234,664.658536361465,664.433318665168,0.225217696297477,1322.87384937954,-0.831794221266191,-1.59628047297402,0.110435397005122,0.675160084824232,1.59628047297402,FALSE,TRUE,FALSE,FALSE,FALSE
"ADAMTSL4","turquoise",0.82117897254453,177.289456344189,177.202310518733,0.0871458254562754,1322.87384937954,-0.481261344369881,-0.923579494511802,0.355711788678245,0.675160084824232,0.923579494511802,FALSE,TRUE,FALSE,FALSE,FALSE
"RHOF","turquoise",0.960315903005139,1091.50780024014,1091.50529944202,0.00250079812303738,1322.87384937954,-0.472732432018795,-0.907211821001133,0.36430116488922,0.675160084824232,0.907211821001133,FALSE,TRUE,FALSE,FALSE,FALSE
"APBB1IP","turquoise",0.952332538483132,979.413009333278,979.273411974534,0.139597358743799,1322.87384937954,-0.573652877043537,-1.1008863279863,0.270953856010072,0.675160084824232,1.1008863279863,FALSE,TRUE,FALSE,FALSE,FALSE
"NDUFB11","turquoise",0.883256643737803,420.25577516115,420.255478971522,0.000296189627988497,1322.87384937954,-0.548744897697121,-1.05308589846252,0.292309040946977,0.675160084824232,1.05308589846252,FALSE,TRUE,FALSE,FALSE,FALSE
"FAM193B","turquoise",0.939774680986102,752.972248413504,752.941912399188,0.0303360143158216,1322.87384937954,-0.309668690382654,-0.59427929518048,0.55232924266852,0.681096310354657,0.59427929518048,FALSE,TRUE,FALSE,FALSE,FALSE
"DDIT4","turquoise",0.698838640891947,24.2022093920225,24.1974402343213,0.00476915770117614,1322.87384937954,-0.180035959467077,-0.345503586323266,0.729717932651925,0.780294244114711,0.345503586323266,FALSE,FALSE,FALSE,FALSE,FALSE
"TOMM7","turquoise",0.792852199331772,134.517358081824,134.501994345257,0.0153637365671671,1322.87384937954,-0.635249065039169,-1.2189220254627,0.222883738276966,0.675160084824232,1.2189220254627,FALSE,FALSE,FALSE,FALSE,FALSE
"GNL3L","turquoise",0.927195302415198,649.76837068961,649.766981685936,0.00138900367448969,1322.87384937954,-0.427936317162219,-0.821244448804435,0.411512748740983,0.675160084824232,0.821244448804435,FALSE,TRUE,FALSE,FALSE,FALSE
"DDX56","turquoise",0.966826428614932,1172.30221998634,1172.2926877885,0.00953219783991699,1322.87384937954,-0.533775321744225,-1.02435806990664,0.305673400722742,0.675160084824232,1.02435806990664,FALSE,TRUE,FALSE,FALSE,FALSE
"PAF1","turquoise",0.98900880833135,1460.10606466727,1460.05724289699,0.0488217702863949,1322.87384937954,-0.520260069975137,-0.998421207237069,0.318082195132167,0.675160084824232,0.998421207237069,FALSE,TRUE,TRUE,FALSE,FALSE
"PARP14","turquoise",0.902150029799152,520.946428175936,520.924880948838,0.0215472270979262,1322.87384937954,-0.451642443738221,-0.866738425530456,0.386091407287293,0.675160084824232,0.866738425530456,FALSE,TRUE,FALSE,FALSE,FALSE
"TBC1D13","turquoise",0.976027129919703,1304.93761869396,1304.93205447933,0.0055642146298851,1322.87384937954,-0.24877899666159,-0.477427041813842,0.633061102916056,0.71190906812825,0.477427041813842,FALSE,TRUE,FALSE,FALSE,FALSE
"GTPBP2","turquoise",0.956868500042664,1035.58501862132,1035.50979472142,0.0752238999009478,1322.87384937954,-0.368040354364356,-0.706299245556131,0.480006858247661,0.675160084824232,0.706299245556131,FALSE,TRUE,FALSE,FALSE,FALSE
"P4HTM","turquoise",0.952901020129334,928.317182400909,928.302809082941,0.014373317967852,1322.87384937954,-0.331449826372806,-0.636079059078027,0.524729136396713,0.676047841996246,0.636079059078027,FALSE,TRUE,FALSE,FALSE,FALSE
"TMED9","turquoise",0.983943844074081,1333.93336308713,1333.91376426635,0.0195988207844948,1322.87384937954,-0.548053620887518,-1.05175928228225,0.292917411565964,0.675160084824232,1.05175928228225,FALSE,TRUE,TRUE,FALSE,FALSE
"MPHOSPH8","turquoise",0.971036589219289,1140.18714386378,1140.16147391857,0.0256699452068005,1322.87384937954,-0.384535640778587,-0.737955036046078,0.460546819919459,0.675160084824232,0.737955036046078,FALSE,TRUE,FALSE,FALSE,FALSE
"XAF1","turquoise",0.759298841015778,84.2023018471604,84.2003536215321,0.00194822562831121,1322.87384937954,-0.170465984418057,-0.327138029185414,0.743565485325199,0.789589593107149,0.327138029185414,FALSE,FALSE,FALSE,FALSE,FALSE
"PPP1R12C","turquoise",0.978490239689556,1271.86385766869,1271.8521308793,0.0117267893958797,1322.87384937954,-0.301747474177288,-0.579077839787362,0.562540453282798,0.685241693873877,0.579077839787362,FALSE,TRUE,FALSE,FALSE,FALSE
"NSMCE4A","turquoise",0.963777545077113,1055.95894291891,1055.92376999303,0.0351729258800333,1322.87384937954,-0.504932997060621,-0.969007313060158,0.332548370636445,0.675160084824232,0.969007313060158,FALSE,TRUE,FALSE,FALSE,FALSE
"BORCS6","turquoise",0.977682019551737,1226.07288813254,1226.05653579844,0.0163523340941083,1322.87384937954,-0.517925066316372,-0.993940146117007,0.320259017044198,0.675160084824232,0.993940146117007,FALSE,TRUE,FALSE,FALSE,FALSE
"MED18","turquoise",0.953887069043655,914.053580320487,914.035571742705,0.018008577781643,1322.87384937954,-0.116967477435456,-0.224470061740782,0.822392896418606,0.854882000179205,0.224470061740782,FALSE,TRUE,FALSE,FALSE,FALSE
"SAMD9","turquoise",0.901474449455865,534.750142508153,534.63357314131,0.116569366843009,1322.87384937954,-0.344570916465197,-0.661259493569065,0.508450353671577,0.675272681317988,0.661259493569065,FALSE,TRUE,FALSE,FALSE,FALSE
"GATAD2A","turquoise",0.981329160509272,1345.43762411299,1345.4058777564,0.0317463565959315,1322.87384937954,-0.598573353170571,-1.14871073984414,0.25068328354409,0.675160084824232,1.14871073984414,FALSE,TRUE,TRUE,FALSE,FALSE
"NDE1","turquoise",0.91674588682184,575.773948078093,575.738169333637,0.0357787444562518,1322.87384937954,-0.567722668786013,-1.0895057780857,0.275938559861398,0.675160084824232,1.0895057780857,FALSE,TRUE,FALSE,FALSE,FALSE
"WBP1L","turquoise",0.979507442453167,1332.24937481969,1332.17470421699,0.0746706026998254,1322.87384937954,-0.571463302257487,-1.09668435665045,0.272787093836666,0.675160084824232,1.09668435665045,FALSE,TRUE,TRUE,FALSE,FALSE
"SIDT1","turquoise",0.985714716478887,1465.64478135373,1465.58562632637,0.0591550273543362,1322.87384937954,-0.320325615657201,-0.61473079782714,0.538736593645583,0.676813488619187,0.61473079782714,FALSE,TRUE,TRUE,FALSE,FALSE
"DEF8","turquoise",0.966390202078486,1061.82121062125,1061.74818992631,0.0730206949422154,1322.87384937954,-0.558172635675186,-1.07117849114223,0.284096715296901,0.675160084824232,1.07117849114223,FALSE,TRUE,FALSE,FALSE,FALSE
"FBXL12","turquoise",0.960583203801615,1052.22228864272,1052.21139996738,0.0108886753330353,1322.87384937954,-0.405172886073048,-0.777559581061282,0.436834057899129,0.675160084824232,0.777559581061282,FALSE,TRUE,FALSE,FALSE,FALSE
"TENT5C","blue",0.976462085172273,21.2934754984847,21.1671524662348,0.126323032249893,19.5381539006617,-0.141120368476635,-0.270786221645721,0.786557294584359,0.824308151092109,0.270786221645721,FALSE,TRUE,TRUE,FALSE,FALSE
"PGPEP1","turquoise",0.929536148237905,727.901900050599,727.900963226607,0.000936823992219615,1322.87384937954,-0.32071856617588,-0.615484901695352,0.538238619500852,0.676813488619187,0.615484901695352,FALSE,TRUE,FALSE,FALSE,FALSE
"SNRK","turquoise",0.955216212178442,1036.51794585936,1036.27106633875,0.246879520605717,1322.87384937954,-0.495192543469895,-0.950314593794667,0.3419591192146,0.675160084824232,0.950314593794667,FALSE,TRUE,FALSE,FALSE,FALSE
"CC2D1A","turquoise",0.951959292370181,956.571738514331,956.56863705319,0.00310146114043164,1322.87384937954,-0.321990266584958,-0.617925397768279,0.536628617493764,0.676813488619187,0.617925397768279,FALSE,TRUE,FALSE,FALSE,FALSE
"TOR4A","turquoise",0.951817264140045,957.397067774724,957.39007064709,0.00699712763423577,1322.87384937954,-0.576136746405357,-1.10565307444633,0.268884460384755,0.675160084824232,1.10565307444633,FALSE,TRUE,FALSE,FALSE,FALSE
"GPATCH4","turquoise",0.923496161702446,644.198194718077,644.197087526696,0.00110719138069726,1322.87384937954,-0.220173414445293,-0.42253061293457,0.672640408543568,0.738784817475893,0.42253061293457,FALSE,TRUE,FALSE,FALSE,FALSE
"TMEM214","turquoise",0.970326039101265,1238.53097328372,1238.50129239788,0.0296808858424811,1322.87384937954,-0.371213979822767,-0.712389689825007,0.476228342215047,0.675160084824232,0.712389689825007,FALSE,TRUE,FALSE,FALSE,FALSE
"QRICH1","turquoise",0.974296910501335,1296.04444686469,1295.96517069318,0.0792761715056258,1322.87384937954,-0.301479078921554,-0.578562767555778,0.56288803088786,0.685275834367877,0.578562767555778,FALSE,TRUE,FALSE,FALSE,FALSE
"ZCCHC2","turquoise",0.897626501758915,505.721206401403,505.688041289852,0.0331651115512273,1322.87384937954,-0.219849281369382,-0.421908575312171,0.673094393865088,0.738905005192568,0.421908575312171,FALSE,TRUE,FALSE,FALSE,FALSE
"ANKHD1","turquoise",0.982522030036026,1394.04264860789,1393.94567300888,0.0969755990117847,1322.87384937954,-0.455002417706047,-0.873186487680224,0.382567549362796,0.675160084824232,0.873186487680224,FALSE,TRUE,TRUE,FALSE,FALSE
"NSUN2","turquoise",0.956139767231843,997.289850602198,997.209921599087,0.0799290031111468,1322.87384937954,-0.309278898005032,-0.593531252040719,0.55282958675041,0.681096310354657,0.593531252040719,FALSE,TRUE,FALSE,FALSE,FALSE
"LAX1","turquoise",0.965869472247234,1116.93189923509,1116.90341525284,0.0284839822547838,1322.87384937954,-0.269030653124769,-0.516291610635131,0.605654081861144,0.698851950798586,0.516291610635131,FALSE,TRUE,FALSE,FALSE,FALSE
"CMTM6","turquoise",0.943845420210147,820.152501950246,820.104863833093,0.0476381171528146,1322.87384937954,-0.671658132545276,-1.28896635019193,0.197418475119971,0.675160084824232,1.28896635019193,FALSE,TRUE,FALSE,FALSE,FALSE
"CHTF8","turquoise",0.981542849990307,1397.97478935732,1397.95265504397,0.0221343133532628,1322.87384937954,-0.418260408999439,-0.802675597442347,0.42216782056044,0.675160084824232,0.802675597442347,FALSE,TRUE,TRUE,FALSE,FALSE
"LIME1","turquoise",0.853558047461627,323.996043198164,323.995861453864,0.000181744299823094,1322.87384937954,-0.554753564004804,-1.06450193144636,0.287109187225184,0.675160084824232,1.06450193144636,FALSE,TRUE,FALSE,FALSE,FALSE
"UBE2R2","turquoise",0.93232037339065,728.591188350318,728.386510405715,0.204677944602736,1322.87384937954,-0.757793849549697,-1.45426776677363,0.145881230254945,0.675160084824232,1.45426776677363,FALSE,TRUE,FALSE,FALSE,FALSE
"CHCHD3","turquoise",0.88789870862486,446.59414652543,446.01422551215,0.579921013279602,1322.87384937954,-0.157211909980176,-0.301702386965723,0.762880776929555,0.805117040416059,0.301702386965723,FALSE,TRUE,FALSE,FALSE,FALSE
"HAUS4","turquoise",0.930664015107525,708.823054576474,708.695726017585,0.127328558888735,1322.87384937954,-0.295950468025413,-0.567952915514791,0.570070656075692,0.688160158713381,0.567952915514791,FALSE,TRUE,FALSE,FALSE,FALSE
"KANSL2","turquoise",0.973695394899053,1175.02351587088,1175.00693552677,0.0165803441104799,1322.87384937954,-0.375834603496665,-0.721257040853699,0.470756296996431,0.675160084824232,0.721257040853699,FALSE,TRUE,FALSE,FALSE,FALSE
"DUSP23","turquoise",0.884779720084821,351.750143413298,351.749579911413,0.000563501885494588,1322.87384937954,-0.906319532498918,-1.73930058061798,0.0819908730590903,0.675160084824232,1.73930058061798,FALSE,TRUE,FALSE,FALSE,FALSE
"ADPRS","turquoise",0.964563999728684,1060.77162032811,1060.73238346266,0.0392368654570419,1322.87384937954,-0.422194114028065,-0.810224695961061,0.417816665369887,0.675160084824232,0.810224695961061,FALSE,TRUE,FALSE,FALSE,FALSE
"SARS2","turquoise",0.953835549415608,930.344810849743,930.3358133499,0.00899749984284881,1322.87384937954,-0.174049454180075,-0.334014997863911,0.738370282632001,0.786800035331342,0.334014997863911,FALSE,TRUE,FALSE,FALSE,FALSE
"OCIAD1","turquoise",0.969077866498128,1108.39099428182,1108.36701178021,0.023982501612636,1322.87384937954,-0.568156594989249,-1.09033851761097,0.275571710944637,0.675160084824232,1.09033851761097,FALSE,TRUE,FALSE,FALSE,FALSE
"LPCAT2","turquoise",0.934204757117148,737.657040286872,737.544374947479,0.112665339392493,1322.87384937954,-0.439194868590113,-0.842850520761709,0.399317924042538,0.675160084824232,0.842850520761709,FALSE,TRUE,FALSE,FALSE,FALSE
"MRPL16","turquoise",0.967714605565476,1103.71234392801,1103.70652196727,0.00582196074515196,1322.87384937954,-0.403093248599024,-0.773568588330415,0.439191283059564,0.675160084824232,0.773568588330415,FALSE,TRUE,FALSE,FALSE,FALSE
"SDHAF2","turquoise",0.930031497282293,618.935130875319,618.929633559346,0.00549731597300251,1322.87384937954,-0.638253256807987,-1.22485968837792,0.220636499735655,0.675160084824232,1.22485968837792,FALSE,TRUE,FALSE,FALSE,FALSE
"TMEM160","turquoise",0.787659023762224,88.7766600607585,88.7663058414767,0.0103542192818509,1322.87384937954,-1.09275029489692,-2.09707631164504,0.0359941204161567,0.675160084824232,2.09707631164504,FALSE,FALSE,FALSE,FALSE,FALSE
"C1orf56","turquoise",0.822762239686275,164.421915696916,164.42148781462,0.000427882296378357,1322.87384937954,-0.447499236054645,-0.858787274450443,0.390463888882073,0.675160084824232,0.858787274450443,FALSE,TRUE,FALSE,FALSE,FALSE
"INTS11","turquoise",0.981931638334107,1329.50138132043,1329.49364902211,0.00773229832498146,1322.87384937954,-0.465193919262642,-0.892744804520068,0.3720001116308,0.675160084824232,0.892744804520068,FALSE,TRUE,TRUE,FALSE,FALSE
"ADISSP","turquoise",0.780505602072223,103.731330037694,103.730975140121,0.000354897572336199,1322.87384937954,-0.95828489213981,-1.83902631415284,0.0659199515677627,0.675160084824232,1.83902631415284,FALSE,FALSE,FALSE,FALSE,FALSE
"SLC35F6","turquoise",0.963334095175114,1130.18931554894,1130.17641472139,0.0129008275491742,1322.87384937954,-0.372257669884941,-0.714392615576942,0.474989296784108,0.675160084824232,0.714392615576942,FALSE,TRUE,FALSE,FALSE,FALSE
"CLN6","turquoise",0.792819550686804,116.156956237108,116.156599189593,0.000357047514540909,1322.87384937954,-0.195365641414515,-0.374922487445647,0.707720431607509,0.763433835805988,0.374922487445647,FALSE,FALSE,FALSE,FALSE,FALSE
"HCFC1R1","turquoise",0.929556547611951,683.869179364721,683.866170255744,0.00300910897772155,1322.87384937954,-0.489128104489085,-0.938676444265481,0.347903498487677,0.675160084824232,0.938676444265481,FALSE,TRUE,FALSE,FALSE,FALSE
"CZIB","turquoise",0.963204876206182,1097.09385635974,1097.07917782861,0.0146785311312669,1322.87384937954,-0.251063008480127,-0.481810245462962,0.629943823496635,0.710073340072817,0.481810245462962,FALSE,TRUE,FALSE,FALSE,FALSE
"AURKAIP1","turquoise",0.927191030874911,684.931892646278,684.93133894828,0.00055369799838445,1322.87384937954,-0.453559076637301,-0.870416599281175,0.384078867914326,0.675160084824232,0.870416599281175,FALSE,TRUE,FALSE,FALSE,FALSE
"TUG1","turquoise",0.983698796969271,1388.99436550841,1388.89212411327,0.102241395142755,1322.87384937954,-0.532926580254787,-1.02272926625358,0.306443080339391,0.675160084824232,1.02272926625358,FALSE,TRUE,TRUE,FALSE,FALSE
"LAMTOR1","turquoise",0.913947962864782,526.756876779744,526.746252094193,0.0106246855513064,1322.87384937954,-0.564308461939508,-1.08295363864973,0.278836611814718,0.675160084824232,1.08295363864973,FALSE,TRUE,FALSE,FALSE,FALSE
"FAM174C","turquoise",0.887056404693248,368.241463890747,368.238858310128,0.00260558061808069,1322.87384937954,-0.509884065995862,-0.978508815306282,0.327829632434896,0.675160084824232,0.978508815306282,FALSE,TRUE,FALSE,FALSE,FALSE
"PIH1D1","turquoise",0.964044543998315,1050.54244525516,1050.53323136969,0.00921388546998969,1322.87384937954,-0.348133976088193,-0.668097293537875,0.504075983220486,0.675272681317988,0.668097293537875,FALSE,TRUE,FALSE,FALSE,FALSE
"MCUB","turquoise",0.970017870040922,1179.64121812251,1179.59783581578,0.0433823067228332,1322.87384937954,-0.550487404967879,-1.05642991103103,0.290779284473797,0.675160084824232,1.05642991103103,FALSE,TRUE,FALSE,FALSE,FALSE
"MARCHF1","turquoise",0.940514695339025,851.846342206689,851.776825173538,0.0695170331509871,1322.87384937954,-0.49345125923467,-0.946972928330394,0.343659242779574,0.675160084824232,0.946972928330394,FALSE,TRUE,FALSE,FALSE,FALSE
"PLEKHB2","turquoise",0.980930244379359,1341.7941311052,1341.72276435705,0.0713667481500124,1322.87384937954,-0.60250954384785,-1.15626460852392,0.247580990402649,0.675160084824232,1.15626460852392,FALSE,TRUE,TRUE,FALSE,FALSE
"REX1BD","turquoise",0.881328992726402,380.707624818667,380.707089875379,0.000534943288812428,1322.87384937954,-0.166978380054715,-0.320445033970579,0.748632943035156,0.79320323435716,0.320445033970579,FALSE,TRUE,FALSE,FALSE,FALSE
"MRPL20","turquoise",0.946956379157079,804.710228191425,804.701650915566,0.00857727585969315,1322.87384937954,-0.30619599250491,-0.587614906718701,0.556794669989692,0.682507099052812,0.587614906718701,FALSE,TRUE,FALSE,FALSE,FALSE
"ATG16L1","turquoise",0.977781501443242,1309.7693899768,1309.6617974162,0.10759256059896,1322.87384937954,-0.3613603616038,-0.693479798473352,0.488013193447031,0.675160084824232,0.693479798473352,FALSE,TRUE,FALSE,FALSE,FALSE
"PDPR","turquoise",0.879369481806247,356.889833340944,356.837600010779,0.0522333301657909,1322.87384937954,-0.529037919771739,-1.01526661186574,0.309985914234441,0.675160084824232,1.01526661186574,FALSE,TRUE,FALSE,FALSE,FALSE
"TMEM248","turquoise",0.991617396516334,1551.20227491564,1551.14275072847,0.0595241871683356,1322.87384937954,-0.528469765678077,-1.01417627814837,0.310505797017385,0.675160084824232,1.01417627814837,FALSE,TRUE,TRUE,FALSE,FALSE
"RNF31","turquoise",0.956727255532654,1021.46472271419,1021.45442214259,0.0103005715978952,1322.87384937954,-0.44710649836463,-0.858033579017674,0.390879915271438,0.675160084824232,0.858033579017674,FALSE,TRUE,FALSE,FALSE,FALSE
"TAPBPL","turquoise",0.975569237527814,1219.77826971596,1219.76222551517,0.0160442007877464,1322.87384937954,-0.341328646549285,-0.655037315027114,0.51244812058759,0.675272681317988,0.655037315027114,FALSE,TRUE,FALSE,FALSE,FALSE
"ARGLU1","turquoise",0.931929230696711,698.049730442297,698.013077658898,0.0366527833989494,1322.87384937954,-0.599608205257181,-1.15035094397337,0.250014260932982,0.675160084824232,1.15035094397337,FALSE,TRUE,FALSE,FALSE,FALSE
"SAMD4B","turquoise",0.989996197172059,1473.83782528264,1473.80771826198,0.0301070206617169,1322.87384937954,-0.465421441546932,-0.89318143820938,0.371766280916888,0.675160084824232,0.89318143820938,FALSE,TRUE,TRUE,FALSE,FALSE
"DMAC2","turquoise",0.970173890887907,1161.23056440911,1161.19590507484,0.0346593342753749,1322.87384937954,-0.344435591401258,-0.660999793812145,0.508616883819582,0.675272681317988,0.660999793812145,FALSE,TRUE,FALSE,FALSE,FALSE
"BSDC1","turquoise",0.979867507141562,1288.22502423019,1288.07376828414,0.151255946051833,1322.87384937954,-0.351005752576234,-0.673608465187551,0.500564807195439,0.675272681317988,0.673608465187551,FALSE,TRUE,FALSE,FALSE,FALSE
"PLEKHJ1","turquoise",0.953085900241483,955.690116333533,955.687803227938,0.00231310559411213,1322.87384937954,-0.367431057576495,-0.705129955676685,0.480734152567089,0.675160084824232,0.705129955676685,FALSE,TRUE,FALSE,FALSE,FALSE
"XKR8","turquoise",0.926451205114053,598.508543746797,598.487271445229,0.0212723015677057,1322.87384937954,-0.811442680651344,-1.55722421837662,0.119426483189971,0.675160084824232,1.55722421837662,FALSE,TRUE,FALSE,FALSE,FALSE
"ARHGAP17","turquoise",0.956854128129911,1066.45898285564,1066.41288160875,0.046101246895887,1322.87384937954,-0.264276829932915,-0.507168638944397,0.612039756981158,0.700944864537299,0.507168638944397,FALSE,TRUE,FALSE,FALSE,FALSE
"PRPF38B","turquoise",0.949005678645105,884.851191054232,884.768703552302,0.0824875019305864,1322.87384937954,-0.361463603644388,-0.693677928310237,0.487888906525708,0.675160084824232,0.693677928310237,FALSE,TRUE,FALSE,FALSE,FALSE
"AKIRIN2","turquoise",0.937039381697719,807.502757828138,807.341881753056,0.160876075081319,1322.87384937954,-0.669967113228098,-1.28572114717606,0.198549075112052,0.675160084824232,1.28572114717606,FALSE,TRUE,FALSE,FALSE,FALSE
"ANKZF1","turquoise",0.97247587842037,1214.68912894074,1214.65132212906,0.037806811677001,1322.87384937954,-0.318193224241532,-0.610638566010012,0.541442929725523,0.677830918153172,0.610638566010012,FALSE,TRUE,FALSE,FALSE,FALSE
"SDAD1","turquoise",0.978788933003681,1323.09978505462,1323.07049960607,0.0292854485480802,1322.87384937954,-0.370728268741275,-0.711457570924599,0.476805570935437,0.675160084824232,0.711457570924599,FALSE,TRUE,TRUE,FALSE,FALSE
"MRPS18A","turquoise",0.966846460586248,1113.40670331521,1113.39980696474,0.0068963504702424,1322.87384937954,-0.251777637168,-0.483181675788774,0.62896982804365,0.709705627823626,0.483181675788774,FALSE,TRUE,FALSE,FALSE,FALSE
"MRPS10","turquoise",0.972022321218077,1173.78788830068,1173.75804416845,0.0298441322313465,1322.87384937954,-0.440980941203505,-0.846278138750845,0.397403502258806,0.675160084824232,0.846278138750845,FALSE,TRUE,FALSE,FALSE,FALSE
"RNF220","turquoise",0.969768484359754,1200.70251831627,1200.69510919743,0.0074091188366765,1322.87384937954,-0.341595301693893,-0.655549047844527,0.512118713441366,0.675272681317988,0.655549047844527,FALSE,TRUE,FALSE,FALSE,FALSE
"NADSYN1","turquoise",0.959459986879425,979.136510294106,979.099661447335,0.0368488467705674,1322.87384937954,-0.407085013410102,-0.781229108273592,0.43467314659177,0.675160084824232,0.781229108273592,FALSE,TRUE,FALSE,FALSE,FALSE
"RESF1","turquoise",0.956333225552362,1005.27041336463,1005.11518716401,0.155226200624497,1322.87384937954,-0.648606806036805,-1.24444574933351,0.213348795645869,0.675160084824232,1.24444574933351,FALSE,TRUE,FALSE,FALSE,FALSE
"MAP1S","turquoise",0.950815957890249,924.514216093496,924.500881365238,0.0133347282580871,1322.87384937954,-0.571415724557933,-1.09659305119196,0.272827022590952,0.675160084824232,1.09659305119196,FALSE,TRUE,FALSE,FALSE,FALSE
"ARL8B","turquoise",0.975362640186841,1300.71824143551,1300.6041237296,0.11411770590189,1322.87384937954,-0.565821727435967,-1.08585771768835,0.277549574606569,0.675160084824232,1.08585771768835,FALSE,TRUE,FALSE,FALSE,FALSE
"SETD5","turquoise",0.98931139998941,1478.00146256779,1477.95810931635,0.0433532514384751,1322.87384937954,-0.320343078012667,-0.614764309501459,0.538714459234,0.676813488619187,0.614764309501459,FALSE,TRUE,TRUE,FALSE,FALSE
"NAT10","turquoise",0.955993268139835,1046.82980400151,1046.75913491341,0.0706690881070244,1322.87384937954,-0.335373549854205,-0.643609002199263,0.519833312783688,0.675868213972517,0.643609002199263,FALSE,TRUE,FALSE,FALSE,FALSE
"PANK4","turquoise",0.986133676865564,1422.06027509557,1422.00246152533,0.0578135702405689,1322.87384937954,-0.371265667504605,-0.71248888267235,0.476166938098245,0.675160084824232,0.71248888267235,FALSE,TRUE,TRUE,FALSE,FALSE
"MOB1A","turquoise",0.978232346808486,1301.39945429846,1301.33895604647,0.060498251989884,1322.87384937954,-0.726653886860162,-1.39450765652091,0.16317338742905,0.675160084824232,1.39450765652091,FALSE,TRUE,FALSE,FALSE,FALSE
"TRAPPC14","turquoise",0.971283793157867,1148.54724961893,1148.51917970772,0.028069911212242,1322.87384937954,-0.520861461318234,-0.999575325927795,0.317523117913799,0.675160084824232,0.999575325927795,FALSE,TRUE,FALSE,FALSE,FALSE
"ECHDC2","turquoise",0.905387023197108,516.982196100063,516.974739404918,0.00745669514481051,1322.87384937954,-0.326168790603785,-0.625944323755711,0.531355624232439,0.676813488619187,0.625944323755711,FALSE,TRUE,FALSE,FALSE,FALSE
"IMP3","turquoise",0.96386069435298,1107.87007518681,1107.86648771824,0.00358746857136794,1322.87384937954,-0.391487183788495,-0.7512956100487,0.452479923302551,0.675160084824232,0.7512956100487,FALSE,TRUE,FALSE,FALSE,FALSE
"TMEM140","turquoise",0.91309999325329,560.714150678059,560.705400055366,0.00875062269312821,1322.87384937954,-0.26190413352303,-0.502615242382408,0.615238036427361,0.702357183454073,0.502615242382408,FALSE,TRUE,FALSE,FALSE,FALSE
"GIMAP4","turquoise",0.960990447309543,1068.29168360516,1068.25748523716,0.0341983679938949,1322.87384937954,-0.270929913200923,-0.519936444531727,0.603111227304898,0.697107615282832,0.519936444531727,FALSE,TRUE,FALSE,FALSE,FALSE
"RSAD1","turquoise",0.968467063239606,1121.30404318444,1121.2870132785,0.0170299059361696,1322.87384937954,-0.179036006851717,-0.343584596273818,0.731160815824699,0.781195769717642,0.343584596273818,FALSE,TRUE,FALSE,FALSE,FALSE
"ABCF3","turquoise",0.987279464531822,1457.52037960766,1457.49170686783,0.0286727398272433,1322.87384937954,-0.336038506049224,-0.644885106988591,0.519005955207805,0.675868213972517,0.644885106988591,FALSE,TRUE,TRUE,FALSE,FALSE
"BLOC1S4","turquoise",0.94118047716618,789.077922737772,789.056538866146,0.0213838716258579,1322.87384937954,-0.336763096747918,-0.646275655219933,0.518105173588985,0.67583731433186,0.646275655219933,FALSE,TRUE,FALSE,FALSE,FALSE
"SLC39A9","turquoise",0.978747371081098,1331.64625544229,1331.60057124638,0.04568419591169,1322.87384937954,-0.42074761935357,-0.807448755537187,0.419413584121358,0.675160084824232,0.807448755537187,FALSE,TRUE,TRUE,FALSE,FALSE
"SHFL","turquoise",0.938873040939508,804.394686094854,804.389186032669,0.00550006218531962,1322.87384937954,-0.170765410258243,-0.327712651621556,0.74313093603214,0.789519094536004,0.327712651621556,FALSE,TRUE,FALSE,FALSE,FALSE
"GIMAP5","turquoise",0.950316471316123,916.252518208767,916.250571206906,0.00194700186182217,1322.87384937954,-0.36396368166978,-0.698475780508307,0.484884432912625,0.675160084824232,0.698475780508307,FALSE,TRUE,FALSE,FALSE,FALSE
"LSG1","turquoise",0.939308448856789,727.504879398979,727.49525956917,0.0096198298086847,1322.87384937954,-0.444330628664963,-0.852706460261844,0.393828059414373,0.675160084824232,0.852706460261844,FALSE,TRUE,FALSE,FALSE,FALSE
"ABHD10","turquoise",0.953459366025762,956.416696251659,956.356468455186,0.060227796472418,1322.87384937954,-0.304124095660573,-0.583638768883075,0.559467207358017,0.684218663347173,0.583638768883075,FALSE,TRUE,FALSE,FALSE,FALSE
"VNN3P","turquoise",0.848813594326594,234.557587963378,234.451361268548,0.106226694830184,1322.87384937954,-0.826936921696984,-1.58695892173517,0.112531163133101,0.675160084824232,1.58695892173517,FALSE,TRUE,FALSE,FALSE,FALSE
"HEMGN","blue",0.892539077092832,7.4387948465803,7.37957011662866,0.0592247299516382,19.5381539006617,0.233960503196243,0.448310696185186,0.653947660258329,0.726344654180073,0.448310696185186,FALSE,TRUE,FALSE,FALSE,FALSE
"TMEM176A","turquoise",0.59109857575306,5.83442407964708,5.83223620858469,0.00218787106239215,1322.87384937954,-0.406332406976793,-0.779608798568809,0.435629511771553,0.675160084824232,0.779608798568809,FALSE,FALSE,FALSE,FALSE,FALSE
"LRRC59","turquoise",0.939468266698325,863.062972155105,862.9975059342,0.0654662209047956,1322.87384937954,-0.565570642549401,-1.08537586545707,0.277762842671059,0.675160084824232,1.08537586545707,FALSE,TRUE,FALSE,FALSE,FALSE
"SIRPG","turquoise",0.923394429048875,689.823378644168,689.822304349193,0.00107429497529665,1322.87384937954,-0.431112713155039,-0.827340209953211,0.408050012694344,0.675160084824232,0.827340209953211,FALSE,TRUE,FALSE,FALSE,FALSE
"STRADB","blue",0.939746289081954,13.3131036552058,13.0851946271074,0.227909028098381,19.5381539006617,0.0259994737576707,0.049895095693011,0.960206275929741,0.968092089323581,0.049895095693011,FALSE,TRUE,FALSE,FALSE,FALSE
"CSGALNACT2","turquoise",0.952578333936063,964.127460713574,963.898702186028,0.228758527546802,1322.87384937954,-0.375176065451455,-0.719993253013626,0.47153405399812,0.675160084824232,0.719993253013626,FALSE,TRUE,FALSE,FALSE,FALSE
"NOP10","turquoise",0.728194284324432,45.0986783941001,45.024236160218,0.0744422338820954,1322.87384937954,-0.550624563918561,-1.05669313016513,0.290659100949273,0.675160084824232,1.05669313016513,FALSE,FALSE,FALSE,FALSE,FALSE
"RBM38","blue",0.922505702730411,9.44832225545862,9.41743619105847,0.0308860644001516,19.5381539006617,0.134358522891111,0.257844886373739,0.79652816745821,0.83223125705926,0.257844886373739,FALSE,TRUE,FALSE,FALSE,FALSE
"CDV3","turquoise",0.961638915718255,1116.66743087428,1116.31814503281,0.349285841477467,1322.87384937954,-0.638757483237982,-1.22582733973156,0.220272069763099,0.675160084824232,1.22582733973156,FALSE,TRUE,FALSE,FALSE,FALSE
"NAGK","turquoise",0.947406515324522,888.649514053081,888.645334748975,0.00417930410583267,1322.87384937954,-0.559925428465106,-1.07454224245497,0.282587278736051,0.675160084824232,1.07454224245497,FALSE,TRUE,FALSE,FALSE,FALSE
"UBE2Q1","turquoise",0.982574829285883,1375.43699846976,1375.42015884934,0.0168396204212513,1322.87384937954,-0.407939178175122,-0.782868319631695,0.433709845944827,0.675160084824232,0.782868319631695,FALSE,TRUE,TRUE,FALSE,FALSE
"MED29","turquoise",0.994028243743304,1602.5518824875,1602.50575354014,0.0461289473612396,1322.87384937954,-0.362979111083863,-0.696586309819064,0.486066444676506,0.675160084824232,0.696586309819064,FALSE,TRUE,TRUE,FALSE,FALSE
"ITLN1","blue",0.736533266721674,0.965637519014105,0.950983437606712,0.0146540814073922,19.5381539006617,0.364807744799154,0.700095606009529,0.483872346343662,0.675160084824232,0.700095606009529,FALSE,FALSE,FALSE,FALSE,FALSE
"TENT5A","turquoise",0.92231521701971,663.013600902451,663.00019558814,0.0134053143110577,1322.87384937954,-0.136117153485512,-0.261219840906054,0.793924546119332,0.829713055142743,0.261219840906054,FALSE,TRUE,FALSE,FALSE,FALSE
"ANKRD10","turquoise",0.986634738158184,1427.04054566685,1426.99822856196,0.0423171048930726,1322.87384937954,-0.465736534057162,-0.893786126254091,0.371442602516814,0.675160084824232,0.893786126254091,FALSE,TRUE,TRUE,FALSE,FALSE
"OTUB1","turquoise",0.947985469744396,928.587424644072,928.586480497549,0.000944146523011113,1322.87384937954,-0.488772200523929,-0.937993435733674,0.348254385861045,0.675160084824232,0.937993435733674,FALSE,TRUE,FALSE,FALSE,FALSE
"DOCK10","turquoise",0.969115420703674,1225.31185988412,1225.19268998356,0.119169900557154,1322.87384937954,-0.31216880881046,-0.599077224914056,0.549125343604882,0.68072193569281,0.599077224914056,FALSE,TRUE,FALSE,FALSE,FALSE
"TRMT1","turquoise",0.943833994584244,865.5726186806,865.56740436393,0.00521431666959415,1322.87384937954,-0.327236502970454,-0.627993350255406,0.530012475720476,0.676813488619187,0.627993350255406,FALSE,TRUE,FALSE,FALSE,FALSE
"ZDHHC7","turquoise",0.966121308322076,1168.80253073389,1168.60754322775,0.194987506135931,1322.87384937954,-0.687434538726381,-1.31924255129642,0.187096840236704,0.675160084824232,1.31924255129642,FALSE,TRUE,FALSE,FALSE,FALSE
"PNRC2","turquoise",0.967125620449352,1127.97654435214,1127.90559899109,0.070945361049553,1322.87384937954,-0.503168418269421,-0.965620943456473,0.334240697116213,0.675160084824232,0.965620943456473,FALSE,TRUE,FALSE,FALSE,FALSE
"BTBD2","turquoise",0.970717787934451,1214.85985827972,1214.85409953669,0.00575874302376178,1322.87384937954,-0.573062271419116,-1.09975290796319,0.271447511403273,0.675160084824232,1.09975290796319,FALSE,TRUE,FALSE,FALSE,FALSE
"LYAR","turquoise",0.921727697440615,598.71827487034,598.716553865883,0.00172100445649903,1322.87384937954,-0.417821229205215,-0.801832775850516,0.422655249444473,0.675160084824232,0.801832775850516,FALSE,TRUE,FALSE,FALSE,FALSE
"RAB20","turquoise",0.816903792148974,135.171496000338,135.147767263947,0.0237287363917176,1322.87384937954,-0.792887572624091,-1.52161546339785,0.128114675688048,0.675160084824232,1.52161546339785,FALSE,TRUE,FALSE,FALSE,FALSE
"NHP2","turquoise",0.955374510538234,993.670095741442,993.668835723507,0.00126001793535124,1322.87384937954,-0.317438388719653,-0.609189975513617,0.54240255750179,0.678209317787269,0.609189975513617,FALSE,TRUE,FALSE,FALSE,FALSE
"TMEM127","turquoise",0.967598648640512,1173.48801613131,1173.45480848244,0.0332076488634812,1322.87384937954,-0.62161582275307,-1.19293110505375,0.232904604970073,0.675160084824232,1.19293110505375,FALSE,TRUE,FALSE,FALSE,FALSE
"ZNF692","turquoise",0.962742831714391,1047.82382237642,1047.79716008003,0.0266622963974896,1322.87384937954,-0.2267501075784,-0.435151819666616,0.663454968835893,0.732447454655636,0.435151819666616,FALSE,TRUE,FALSE,FALSE,FALSE
"RNF126","turquoise",0.947644262054468,900.523885718559,900.520515383719,0.00337033484015592,1322.87384937954,-0.463803908801981,-0.890077261876884,0.37343064190541,0.675160084824232,0.890077261876884,FALSE,TRUE,FALSE,FALSE,FALSE
"SCYL2","turquoise",0.921671838732413,685.696418909097,685.03617301315,0.660245895947696,1322.87384937954,-0.367728821954187,-0.705701389631748,0.480378647613209,0.675160084824232,0.705701389631748,FALSE,TRUE,FALSE,FALSE,FALSE
"KANSL3","turquoise",0.968514346384663,1217.27776759618,1217.0744004396,0.203367156577087,1322.87384937954,-0.34438001788037,-0.660893143724972,0.508685280516353,0.675272681317988,0.660893143724972,FALSE,TRUE,FALSE,FALSE,FALSE
"RABL6","turquoise",0.93267291128671,773.352287862531,773.351920501476,0.000367361055396032,1322.87384937954,-0.47664831419319,-0.914726716019206,0.360341543407344,0.675160084824232,0.914726716019206,FALSE,TRUE,FALSE,FALSE,FALSE
"PACS1","turquoise",0.973757066677422,1201.20096446549,1201.18065418331,0.0203102821783432,1322.87384937954,-0.673415022268166,-1.29233796385083,0.196248833276483,0.675160084824232,1.29233796385083,FALSE,TRUE,FALSE,FALSE,FALSE
"NSUN5","turquoise",0.962369097038446,1108.73353445275,1108.72975231714,0.00378213561702978,1322.87384937954,-0.338925998493816,-0.650426438831634,0.515421158863324,0.675623884585818,0.650426438831634,FALSE,TRUE,FALSE,FALSE,FALSE
"RBM22","turquoise",0.983040040959562,1392.47886548605,1392.40437854885,0.074486937192205,1322.87384937954,-0.607998626093762,-1.16679860188391,0.243299820843061,0.675160084824232,1.16679860188391,FALSE,TRUE,TRUE,FALSE,FALSE
"MAP7D1","turquoise",0.955708686416806,981.573806052564,981.510055184555,0.0637508680091514,1322.87384937954,-0.789187326706555,-1.51451439181986,0.12990463761833,0.675160084824232,1.51451439181986,FALSE,TRUE,FALSE,FALSE,FALSE
"YJU2","turquoise",0.922998063776093,588.981466553895,588.92884664537,0.0526199085242069,1322.87384937954,-0.294194176176436,-0.564582449224346,0.572361496326641,0.688257984588534,0.564582449224346,FALSE,TRUE,FALSE,FALSE,FALSE
"NECAP2","turquoise",0.981284657169245,1370.47720158614,1370.45326364142,0.0239379447273222,1322.87384937954,-0.522288981031037,-1.00231485186351,0.31619862003307,0.675160084824232,1.00231485186351,FALSE,TRUE,TRUE,FALSE,FALSE
"ASF1B","turquoise",0.895815528689578,435.373778118152,435.369521306138,0.00425681201403449,1322.87384937954,-0.688320629278806,-1.32094303082604,0.18652916967071,0.675160084824232,1.32094303082604,FALSE,TRUE,FALSE,FALSE,FALSE
"ATF7IP","turquoise",0.97719820103164,1300.68270746503,1300.47434982353,0.208357641501152,1322.87384937954,-0.532826046436485,-1.02253633371458,0.306534334241804,0.675160084824232,1.02253633371458,FALSE,TRUE,FALSE,FALSE,FALSE
"DNAJC11","turquoise",0.96350881218591,1113.73193311767,1113.67482551488,0.0571076027838444,1322.87384937954,-0.341798015556389,-0.655938072163318,0.511868368811392,0.675272681317988,0.655938072163318,FALSE,TRUE,FALSE,FALSE,FALSE
"VPS35","turquoise",0.980049853787561,1343.5098547123,1343.43668764986,0.0731670624350045,1322.87384937954,-0.535327821393721,-1.02733744246229,0.304268839395051,0.675160084824232,1.02733744246229,FALSE,TRUE,TRUE,FALSE,FALSE
"ARFGAP1","turquoise",0.973911767996784,1229.46989900753,1229.44845538034,0.0214436271883187,1322.87384937954,-0.253995543444262,-0.487438017548752,0.625951071572089,0.708178355571799,0.487438017548752,FALSE,TRUE,FALSE,FALSE,FALSE
"NAXD","turquoise",0.972803229864333,1227.68528637684,1227.65075759521,0.0345287816342079,1322.87384937954,-0.355452896432952,-0.682142894397914,0.495153204355789,0.675160084824232,0.682142894397914,FALSE,TRUE,FALSE,FALSE,FALSE
"CNDP2","turquoise",0.95035897592579,968.625459300878,968.5718967124,0.0535625884779165,1322.87384937954,-0.589101872842273,-1.13053420205189,0.258259097364264,0.675160084824232,1.13053420205189,FALSE,TRUE,FALSE,FALSE,FALSE
"CCAR1","turquoise",0.976396085119527,1286.94356293009,1286.85386699902,0.0896959310739476,1322.87384937954,-0.383279648617955,-0.73554468537404,0.462012863826054,0.675160084824232,0.73554468537404,FALSE,TRUE,FALSE,FALSE,FALSE
"TMEM30A","turquoise",0.958613879372571,1059.26225846855,1059.05439162272,0.20786684583004,1322.87384937954,-0.485561490305008,-0.931831822806092,0.35143000228147,0.675160084824232,0.931831822806092,FALSE,TRUE,FALSE,FALSE,FALSE
"ZNF83","turquoise",0.967184670842403,1170.77107322521,1170.59920734006,0.171865885152783,1322.87384937954,-0.523593181226263,-1.00481771765803,0.314991716728473,0.675160084824232,1.00481771765803,FALSE,TRUE,FALSE,FALSE,FALSE
"LMBRD1","turquoise",0.964371765023952,1086.45448778599,1086.35190969082,0.102578095169747,1322.87384937954,-0.549709122668475,-1.05493632426974,0.291461875907916,0.675160084824232,1.05493632426974,FALSE,TRUE,FALSE,FALSE,FALSE
"MINDY1","turquoise",0.931324705997256,701.850913291074,701.629816209671,0.221097081403059,1322.87384937954,-0.611841664273528,-1.17417370337706,0.240333606052069,0.675160084824232,1.17417370337706,FALSE,TRUE,FALSE,FALSE,FALSE
"DCP1A","turquoise",0.970928713035071,1158.01144483114,1158.00555899705,0.00588583408898558,1322.87384937954,-0.445745511058061,-0.855421734157615,0.392323688798633,0.675160084824232,0.855421734157615,FALSE,TRUE,FALSE,FALSE,FALSE
"RNF130","turquoise",0.951994628937338,912.971659543543,912.949332730708,0.0223268128347627,1322.87384937954,-0.630333797210298,-1.20966160405719,0.22641710301385,0.675160084824232,1.20966160405719,FALSE,TRUE,FALSE,FALSE,FALSE
"VPS11","turquoise",0.95263389541878,984.272944224984,983.941698423354,0.331245801630075,1322.87384937954,-0.409026554271169,-0.784955082420521,0.432485324303562,0.675160084824232,0.784955082420521,FALSE,TRUE,FALSE,FALSE,FALSE
"PAG1","turquoise",0.96024034490046,1023.32210435241,1023.29650114053,0.0256032118809344,1322.87384937954,-0.469581764998822,-0.901165435834896,0.367506690590723,0.675160084824232,0.901165435834896,FALSE,TRUE,FALSE,FALSE,FALSE
"SELENOS","turquoise",0.955328145899667,904.2818835611,904.27729418678,0.00458937432040329,1322.87384937954,-0.356791646150671,-0.684712063524072,0.49353026002474,0.675160084824232,0.684712063524072,FALSE,TRUE,FALSE,FALSE,FALSE
"EAPP","turquoise",0.988025898839976,1416.40528413102,1416.36301803315,0.0422660978633758,1322.87384937954,-0.571553682937078,-1.09685780449401,0.272711254439086,0.675160084824232,1.09685780449401,FALSE,TRUE,TRUE,FALSE,FALSE
"ARHGAP15","turquoise",0.977438458993429,1247.46649680048,1247.40453668015,0.0619601203311504,1322.87384937954,-0.615080706724244,-1.18038968815192,0.237853444126978,0.675160084824232,1.18038968815192,FALSE,TRUE,FALSE,FALSE,FALSE
"BRK1","turquoise",0.907854754028659,469.61082977138,469.566841322813,0.0439884485673474,1322.87384937954,-0.584769888637349,-1.12222077353945,0.261776435012177,0.675160084824232,1.12222077353945,FALSE,TRUE,FALSE,FALSE,FALSE
"USE1","turquoise",0.946870096896018,846.442205824245,846.436276273488,0.00592955075774171,1322.87384937954,-0.409639430065089,-0.786131240702437,0.431796032426802,0.675160084824232,0.786131240702437,FALSE,TRUE,FALSE,FALSE,FALSE
"PSENEN","turquoise",0.797938284196529,161.21470634564,161.214560744874,0.000145600765620202,1322.87384937954,-0.654174717164324,-1.2554142601918,0.209336964712778,0.675160084824232,1.2554142601918,FALSE,FALSE,FALSE,FALSE,FALSE
"ACTR10","turquoise",0.850456620271058,264.329399317819,263.869070424466,0.460328893353449,1322.87384937954,-0.41228949979184,-0.791216939122406,0.428822877458058,0.675160084824232,0.791216939122406,FALSE,TRUE,FALSE,FALSE,FALSE
"GSDMB","turquoise",0.941190586947774,823.631427074649,823.620400333941,0.0110267407087576,1322.87384937954,-0.427984899512135,-0.821337682268337,0.411459655902437,0.675160084824232,0.821337682268337,FALSE,TRUE,FALSE,FALSE,FALSE
"WSB2","turquoise",0.953609506531758,978.129586629458,978.104656109083,0.0249305203747099,1322.87384937954,-0.592013465966701,-1.13612178505132,0.255913533847651,0.675160084824232,1.13612178505132,FALSE,TRUE,FALSE,FALSE,FALSE
"ZNF395","turquoise",0.9579754220833,1006.71221070003,1006.70777497906,0.00443572097071865,1322.87384937954,-0.437788599812414,-0.840151777091457,0.400829146462536,0.675160084824232,0.840151777091457,FALSE,TRUE,FALSE,FALSE,FALSE
"RNF114","turquoise",0.976718558938964,1289.90640709505,1289.81152374212,0.0948833529216699,1322.87384937954,-0.564310234846321,-1.08295704100148,0.278835101580057,0.675160084824232,1.08295704100148,FALSE,TRUE,FALSE,FALSE,FALSE
"BIN3","turquoise",0.969042632162453,1092.31177451381,1092.29964809829,0.0121264155181962,1322.87384937954,-0.504022157079011,-0.96725933737161,0.333421223216981,0.675160084824232,0.96725933737161,FALSE,TRUE,FALSE,FALSE,FALSE
"RCC2","turquoise",0.968611567127582,1214.19251667979,1214.06609529983,0.12642137996545,1322.87384937954,-0.39358078370458,-0.75531339783662,0.450066146257534,0.675160084824232,0.75531339783662,FALSE,TRUE,FALSE,FALSE,FALSE
"INKA2","turquoise",0.859953098256606,256.254044069944,256.230009681397,0.0240343885463403,1322.87384937954,-0.727927070897622,-1.39695099979685,0.16243734095826,0.675160084824232,1.39695099979685,FALSE,TRUE,FALSE,FALSE,FALSE
"DMAP1","turquoise",0.96604190905022,1113.3875678279,1113.37704676011,0.0105210677907053,1322.87384937954,-0.358603319317764,-0.688188811049007,0.491338541430583,0.675160084824232,0.688188811049007,FALSE,TRUE,FALSE,FALSE,FALSE
"ZMAT5","turquoise",0.953907386094447,970.246268671378,970.244167840932,0.00210083044589737,1322.87384937954,-0.51511991354608,-0.988556830777175,0.322886987062847,0.675160084824232,0.988556830777175,FALSE,TRUE,FALSE,FALSE,FALSE
"LIN37","turquoise",0.924687459585962,617.618915338284,617.616495762079,0.00241957620562516,1322.87384937954,-0.453660941047621,-0.870612085334008,0.38397208628218,0.675160084824232,0.870612085334008,FALSE,TRUE,FALSE,FALSE,FALSE
"SULF2","turquoise",0.835281620971217,222.38327078352,221.840854512464,0.542416271056368,1322.87384937954,-0.755321189031238,-1.44952253099175,0.147200852369781,0.675160084824232,1.44952253099175,FALSE,TRUE,FALSE,FALSE,FALSE
"NDUFA12","turquoise",0.921870374321118,630.500295152749,630.497764576337,0.00253057641157284,1322.87384937954,-0.642163780839298,-1.23236430068549,0.21782147442891,0.675160084824232,1.23236430068549,FALSE,TRUE,FALSE,FALSE,FALSE
"RAB5IF","turquoise",0.927170616000983,616.018009860944,615.921118355839,0.0968915051054182,1322.87384937954,-0.736170756089891,-1.4127712992908,0.157732050033547,0.675160084824232,1.4127712992908,FALSE,TRUE,FALSE,FALSE,FALSE
"SLC50A1","turquoise",0.923152763447505,592.126711692073,591.895440276047,0.231271416025493,1322.87384937954,-0.548755416909303,-1.05310608568259,0.292299789885383,0.675160084824232,1.05310608568259,FALSE,TRUE,FALSE,FALSE,FALSE
"MYDGF","turquoise",0.948868031672939,852.759642284614,852.747566605998,0.0120756786152469,1322.87384937954,-0.48508370792625,-0.930914919728332,0.351904125760484,0.675160084824232,0.930914919728332,FALSE,TRUE,FALSE,FALSE,FALSE
"TMX4","turquoise",0.961543933087547,1013.16992219904,1013.05601916036,0.113903038684384,1322.87384937954,-0.542601268597111,-1.04129577668143,0.297745633097649,0.675160084824232,1.04129577668143,FALSE,TRUE,FALSE,FALSE,FALSE
"MEPCE","turquoise",0.982374728134977,1369.21258137142,1369.20108443454,0.011496936880576,1322.87384937954,-0.376967017139284,-0.723430234341735,0.469420533252326,0.675160084824232,0.723430234341735,FALSE,TRUE,TRUE,FALSE,FALSE
"KYAT3","turquoise",0.98233269288893,1334.17025613235,1334.12901260275,0.0412435295961586,1322.87384937954,-0.551128069670945,-1.05765939848007,0.290218197944205,0.675160084824232,1.05765939848007,FALSE,TRUE,TRUE,FALSE,FALSE
"WDR45B","turquoise",0.98091307519421,1350.73264354345,1350.66068059807,0.0719629453840298,1322.87384937954,-0.500515446372128,-0.960529675536203,0.336795471482817,0.675160084824232,0.960529675536203,FALSE,TRUE,TRUE,FALSE,FALSE
"LTB4R2","turquoise",0.885718042602507,415.457069432434,415.015847349081,0.441222083352898,1322.87384937954,-0.431175482278455,-0.827460668984367,0.407981760556248,0.675160084824232,0.827460668984367,FALSE,TRUE,FALSE,FALSE,FALSE
"CLDND1","turquoise",0.933531635416949,716.091997432653,716.071459411926,0.0205380207279404,1322.87384937954,-0.522992021176363,-1.00366404283768,0.315547651975926,0.675160084824232,1.00366404283768,FALSE,TRUE,FALSE,FALSE,FALSE
"PANX2","turquoise",0.852777933680661,231.176705845459,231.151792890989,0.0249129544699258,1322.87384937954,-0.859661575220823,-1.64976018203418,0.0990011491498759,0.675160084824232,1.64976018203418,FALSE,TRUE,FALSE,FALSE,FALSE
"TMEM9B","turquoise",0.839854954321894,209.978768747055,209.559920219143,0.418848527911507,1322.87384937954,-0.581373886241482,-1.11570356991853,0.264556855594885,0.675160084824232,1.11570356991853,FALSE,TRUE,FALSE,FALSE,FALSE
"RETN","turquoise",0.149667787517697,0.0362542436066635,0.0340714624509526,0.00218278115571094,1322.87384937954,0.16684007311202,0.14518809947848,0.887449391623702,0.90885158564328,0.14518809947848,FALSE,FALSE,FALSE,FALSE,FALSE
"SLC2A4RG","turquoise",0.917744483340082,649.583141522931,649.582738449222,0.00040307370818482,1322.87384937954,-0.433090043510055,-0.831134867037419,0.405903228072447,0.675160084824232,0.831134867037419,FALSE,TRUE,FALSE,FALSE,FALSE
"ZC3HAV1","turquoise",0.968804970226033,1166.21562058638,1166.04595899272,0.169661593660976,1322.87384937954,-0.516621391655617,-0.991438288865694,0.321478603082564,0.675160084824232,0.991438288865694,FALSE,TRUE,FALSE,FALSE,FALSE
"EMC7","turquoise",0.945467753881703,875.731968285896,875.630649917679,0.101318368216425,1322.87384937954,-0.735033080950857,-1.41058800856504,0.158375195067092,0.675160084824232,1.41058800856504,FALSE,TRUE,FALSE,FALSE,FALSE
"CDC42SE1","turquoise",0.990382011472752,1504.85265696075,1504.7805188862,0.0721380745424085,1322.87384937954,-0.585962255774593,-1.12450902263897,0.260805011529211,0.675160084824232,1.12450902263897,FALSE,TRUE,TRUE,FALSE,FALSE
"AGPAT3","turquoise",0.827337190061712,217.683968384504,215.442959961414,2.24100842309093,1322.87384937954,-0.332564558843248,-0.638218320964757,0.523335832036849,0.676021301912766,0.638218320964757,FALSE,TRUE,FALSE,FALSE,FALSE
"TMEM167B","turquoise",0.945532728285014,862.34366664139,862.251808862569,0.0918577788213497,1322.87384937954,-0.53846347898502,-1.03335502331937,0.301445069473616,0.675160084824232,1.03335502331937,FALSE,TRUE,FALSE,FALSE,FALSE
"C15orf39","turquoise",0.897444747419895,496.962589718089,496.952747538029,0.00984218005964976,1322.87384937954,-0.511883358988433,-0.982345620470589,0.325936533130625,0.675160084824232,0.982345620470589,FALSE,TRUE,FALSE,FALSE,FALSE
"STARD7","turquoise",0.970186446248517,1226.18481512619,1226.15483902144,0.0299761047413085,1322.87384937954,-0.48950940396502,-0.939408188839114,0.347527823096857,0.675160084824232,0.939408188839114,FALSE,TRUE,FALSE,FALSE,FALSE
"MAP3K7CL","turquoise",0.844051686207184,197.296911508075,197.295792077069,0.00111943100586132,1322.87384937954,-0.273208295953111,-0.524308845546658,0.60006713241544,0.696333200477201,0.524308845546658,FALSE,TRUE,FALSE,FALSE,FALSE
"EXOSC5","turquoise",0.898199541413414,484.02304525719,484.02274717591,0.000298081280561746,1322.87384937954,-0.460650292891211,-0.884025217550391,0.376688794188214,0.675160084824232,0.884025217550391,FALSE,TRUE,FALSE,FALSE,FALSE
"NCLN","turquoise",0.943622030680833,843.938151551419,843.935336581212,0.0028149702062592,1322.87384937954,-0.509330029424332,-0.97744557425719,0.328355501105518,0.675160084824232,0.97744557425719,FALSE,TRUE,FALSE,FALSE,FALSE
"GPR108","turquoise",0.958684405279089,1027.83540037002,1027.83284739761,0.00255297241938024,1322.87384937954,-0.513341271069571,-0.985143471822441,0.324560549071418,0.675160084824232,0.985143471822441,FALSE,TRUE,FALSE,FALSE,FALSE
"SPPL2B","turquoise",0.945713869944643,883.960359448894,883.944759965351,0.0155994835428146,1322.87384937954,-0.253453168211171,-0.486397155552513,0.626688713419237,0.708496645619581,0.486397155552513,FALSE,TRUE,FALSE,FALSE,FALSE
"HMCES","turquoise",0.967401783296254,1105.06183874982,1105.04509804868,0.0167407011413161,1322.87384937954,-0.503371438731596,-0.966010556164879,0.334045707312841,0.675160084824232,0.966010556164879,FALSE,TRUE,FALSE,FALSE,FALSE
"SDR39U1","turquoise",0.952851679806317,964.505070789498,964.499820544503,0.00525024499484061,1322.87384937954,-0.340234461504323,-0.652937485313902,0.513800956208066,0.675506535372884,0.652937485313902,FALSE,TRUE,FALSE,FALSE,FALSE
"XAB2","turquoise",0.980514367513404,1295.47355554085,1295.44802947594,0.0255260649150841,1322.87384937954,-0.524636280026706,-1.00681950873082,0.314028617803765,0.675160084824232,1.00681950873082,FALSE,TRUE,FALSE,FALSE,FALSE
"C5orf15","turquoise",0.975491812486445,1243.34381985329,1243.27285399953,0.0709658537607538,1322.87384937954,-0.391648119771009,-0.751604459232449,0.45229411603208,0.675160084824232,0.751604459232449,FALSE,TRUE,FALSE,FALSE,FALSE
"NT5M","turquoise",0.47810299753029,0.594310735129804,0.593823214578027,0.000487520551777476,1322.87384937954,-0.325501528007517,-0.624663792795605,0.532195895045745,0.676813488619187,0.624663792795605,FALSE,FALSE,FALSE,FALSE,FALSE
"PARP6","turquoise",0.978324702869962,1311.14049461247,1311.06053415694,0.0799604555338647,1322.87384937954,-0.395515721074348,-0.759026699348966,0.44784179947455,0.675160084824232,0.759026699348966,FALSE,TRUE,FALSE,FALSE,FALSE
"ATXN7L3","turquoise",0.964910674439191,1097.488679437,1097.47547034238,0.0132090946240169,1322.87384937954,-0.52732615045734,-1.01198158792478,0.311553992954895,0.675160084824232,1.01198158792478,FALSE,TRUE,FALSE,FALSE,FALSE
"PSMG2","turquoise",0.987720741759887,1468.96717352914,1468.94364115168,0.0235323774566041,1322.87384937954,-0.638037157291891,-1.22444497590584,0.220792818091926,0.675160084824232,1.22444497590584,FALSE,TRUE,TRUE,FALSE,FALSE
"CDC42SE2","turquoise",0.9623003723761,1048.12676467149,1048.08638731601,0.040377355478995,1322.87384937954,-0.855314664177437,-1.64141810770989,0.100719818519596,0.675160084824232,1.64141810770989,FALSE,TRUE,FALSE,FALSE,FALSE
"TOMM22","turquoise",0.967753765168996,1093.12964813359,1093.09599153265,0.0336566009452781,1322.87384937954,-0.455754107791633,-0.874629041829641,0.381781902343121,0.675160084824232,0.874629041829641,FALSE,TRUE,FALSE,FALSE,FALSE
"SLC12A9","turquoise",0.911277465671042,497.460752355706,497.451792209055,0.0089601466514182,1322.87384937954,-0.577668984284563,-1.10859356302391,0.267613326586449,0.675160084824232,1.10859356302391,FALSE,TRUE,FALSE,FALSE,FALSE
"COQ9","turquoise",0.970819654519696,1149.46842063663,1149.42635757597,0.0420630606602117,1322.87384937954,-0.303349064852497,-0.582151421996963,0.56046851597722,0.684662336948533,0.582151421996963,FALSE,TRUE,FALSE,FALSE,FALSE
"CCNL1","turquoise",0.943728900099873,832.715172028306,832.505195353562,0.209976674744439,1322.87384937954,-0.502852462165661,-0.965014598105838,0.334544301236864,0.675160084824232,0.965014598105838,FALSE,TRUE,FALSE,FALSE,FALSE
"CIAPIN1","turquoise",0.967537641289741,1081.95389127054,1081.9466726913,0.00721857923849711,1322.87384937954,-0.323817042618705,-0.621431128917419,0.534320124218401,0.676813488619187,0.621431128917419,FALSE,TRUE,FALSE,FALSE,FALSE
"RSRP1","turquoise",0.970160238306546,1168.57000487924,1168.42423690936,0.145767969877625,1322.87384937954,-0.532169460960477,-1.02112876415962,0.30720200622791,0.675160084824232,1.02112876415962,FALSE,TRUE,FALSE,FALSE,FALSE
"PLSCR3","turquoise",0.961026473702974,1099.94266748258,1099.93867853577,0.00398894681507045,1322.87384937954,-0.567407836333553,-1.08890158911291,0.27620493324355,0.675160084824232,1.08890158911291,FALSE,TRUE,FALSE,FALSE,FALSE
"DDX24","turquoise",0.981867208965087,1389.94734094782,1389.93095342537,0.0163875224425283,1322.87384937954,-0.577697007196812,-1.10864734126193,0.267590117503889,0.675160084824232,1.10864734126193,FALSE,TRUE,TRUE,FALSE,FALSE
"AGTRAP","turquoise",0.904259789103529,514.293812718764,514.292614009364,0.00119870939965949,1322.87384937954,-0.681172545529686,-1.30722527922813,0.191144972303152,0.675160084824232,1.30722527922813,FALSE,TRUE,FALSE,FALSE,FALSE
"PCNP","turquoise",0.932697160476936,716.751561554019,716.681464774637,0.0700967793820837,1322.87384937954,-0.703661384188076,-1.35038318185891,0.176902009166785,0.675160084824232,1.35038318185891,FALSE,TRUE,FALSE,FALSE,FALSE
"PNPLA2","brown",0.896286698713906,4.90583416693233,3.93202199434742,0.973812172584911,7.78987287898542,-0.400991608529762,-0.76953537083742,0.441580852522082,0.675160084824232,0.76953537083742,FALSE,TRUE,FALSE,FALSE,FALSE
"REXO4","turquoise",0.983670178940775,1394.93074028873,1394.88839070323,0.0423495854963676,1322.87384937954,-0.499351158422441,-0.958295312671581,0.337920618887614,0.675160084824232,0.958295312671581,FALSE,TRUE,TRUE,FALSE,FALSE
"LPAR5","turquoise",0.955804073102705,1022.75910497826,1022.73651644195,0.0225885363122416,1322.87384937954,-0.260226845398899,-0.499396390638013,0.617503363428855,0.703258610129144,0.499396390638013,FALSE,TRUE,FALSE,FALSE,FALSE
"CD248","turquoise",0.808786741470942,146.159533120869,146.158824610673,0.000708510196261614,1322.87384937954,0.0787253775142383,0.151080374978069,0.879913201438965,0.902642363303449,0.151080374978069,FALSE,TRUE,FALSE,FALSE,FALSE
"CD177","grey",NA,0.0121203318878438,0.0004017158996239,0.0117186159882199,1.16729646183719,-0.920791958846666,-1.76707433882022,0.0772246673669954,0.675160084824232,1.76707433882022,FALSE,NA,FALSE,FALSE,FALSE
"ATP13A1","turquoise",0.965731210634558,1142.21589258243,1142.20221288799,0.0136796944339039,1322.87384937954,-0.34485102863564,-0.661797051508864,0.5081057403111,0.675272681317988,0.661797051508864,FALSE,TRUE,FALSE,FALSE,FALSE
"CHMP1B","turquoise",0.964761474127539,1053.35746830572,1053.2440310579,0.113437247822276,1322.87384937954,-0.716398632171253,-1.37482699225714,0.169194065291216,0.675160084824232,1.37482699225714,FALSE,TRUE,FALSE,FALSE,FALSE
"APMAP","turquoise",0.888905741677432,361.979637272956,361.974643718932,0.00499355402405399,1322.87384937954,-0.661776193338946,-1.27000210857197,0.20409249139468,0.675160084824232,1.27000210857197,FALSE,TRUE,FALSE,FALSE,FALSE
"RNPEPL1","turquoise",0.964120617608297,1049.50241334026,1049.4947244847,0.00768885556522036,1322.87384937954,-0.559919838562229,-1.07453151497866,0.282592083883976,0.675160084824232,1.07453151497866,FALSE,TRUE,FALSE,FALSE,FALSE
"RTN4","turquoise",0.958204085107422,1058.83611621891,1058.6281053074,0.208010911507927,1322.87384937954,-0.594684601983686,-1.14124791138828,0.253774736416123,0.675160084824232,1.14124791138828,FALSE,TRUE,FALSE,FALSE,FALSE
"SLC44A2","turquoise",0.950133657377343,863.412249137126,863.346466475512,0.0657826616138664,1322.87384937954,-0.528132420109378,-1.01352888468231,0.310814753304692,0.675160084824232,1.01352888468231,FALSE,TRUE,FALSE,FALSE,FALSE
"PELI1","turquoise",0.921765507139469,612.477201581925,612.319172640013,0.158028941912107,1322.87384937954,-0.786555604928589,-1.50946390459951,0.13118948073029,0.675160084824232,1.50946390459951,FALSE,TRUE,FALSE,FALSE,FALSE
"ZNFX1","turquoise",0.940609850320371,840.362120263765,840.283499331949,0.0786209318166584,1322.87384937954,-0.54804504250253,-1.05174281966674,0.292924966464037,0.675160084824232,1.05174281966674,FALSE,TRUE,FALSE,FALSE,FALSE
"CORO1B","turquoise",0.922704902156731,677.804465644528,677.804007751966,0.000457892561826156,1322.87384937954,-0.394825078642985,-0.757701300591912,0.448635023767833,0.675160084824232,0.757701300591912,FALSE,TRUE,FALSE,FALSE,FALSE
"SELENON","turquoise",0.962308749862628,1119.34366083827,1119.30922636127,0.0344344769937379,1322.87384937954,-0.509576188732218,-0.97791797390409,0.328121789336398,0.675160084824232,0.97791797390409,FALSE,TRUE,FALSE,FALSE,FALSE
"MCOLN1","blue",0.814261012593679,2.59356362507992,2.5474180184875,0.0461456065924239,19.5381539006617,-0.195656982372658,-0.375481594338399,0.707304653453836,0.763177272619749,0.375481594338399,FALSE,TRUE,FALSE,FALSE,FALSE
"ATP8B2","turquoise",0.963376728069993,1077.18964107774,1077.16665082282,0.022990254919705,1322.87384937954,-0.425287216473349,-0.816160610046638,0.414413948129426,0.675160084824232,0.816160610046638,FALSE,TRUE,FALSE,FALSE,FALSE
"TTC7A","turquoise",0.961450316405919,1073.82383733429,1073.73092880597,0.0929085283221411,1322.87384937954,-0.575608301048226,-1.10463894501016,0.269323814801763,0.675160084824232,1.10463894501016,FALSE,TRUE,FALSE,FALSE,FALSE
"ERGIC1","turquoise",0.918378043758502,556.503192281213,556.383009782827,0.12018249838593,1322.87384937954,-0.566351816423647,-1.08687500138465,0.277099690640081,0.675160084824232,1.08687500138465,FALSE,TRUE,FALSE,FALSE,FALSE
"PPP4R3B","turquoise",0.971270471402182,1219.96095060952,1219.82299359961,0.137957009915226,1322.87384937954,-0.405316280014333,-0.77783476564728,0.436671792889679,0.675160084824232,0.77783476564728,FALSE,TRUE,FALSE,FALSE,FALSE
"DANCR","turquoise",0.938011871921144,787.97269916405,787.970791146141,0.00190801790859041,1322.87384937954,-0.414969272911099,-0.796359640758108,0.425828539100735,0.675160084824232,0.796359640758108,FALSE,TRUE,FALSE,FALSE,FALSE
"PBXIP1","turquoise",0.855737114044808,223.477592991207,223.473475043866,0.00411794734128534,1322.87384937954,-0.612858520615357,-1.17612513304654,0.23955303586444,0.675160084824232,1.17612513304654,FALSE,TRUE,FALSE,FALSE,FALSE
"RCN3","turquoise",0.71983407472315,34.4829046943704,34.3815352128775,0.101369481492974,1322.87384937954,-0.334345170856387,-0.641635459619785,0.521114189805377,0.675868213972517,0.641635459619785,FALSE,FALSE,FALSE,FALSE,FALSE
"CLK4","turquoise",0.943553976233524,852.767618719816,852.648650193711,0.118968526104823,1322.87384937954,-0.509121233453323,-0.977044877879605,0.328553823497952,0.675160084824232,0.977044877879605,FALSE,TRUE,FALSE,FALSE,FALSE
"CYP20A1","turquoise",0.935866927304034,736.600982320407,736.598334748837,0.0026475715703782,1322.87384937954,-0.248795565518217,-0.477458838791528,0.633038465733924,0.71190906812825,0.477458838791528,FALSE,TRUE,FALSE,FALSE,FALSE
"NMRAL1","turquoise",0.89311097812578,492.564456327303,492.564347661242,0.000108666060611995,1322.87384937954,-0.261012993183586,-0.500905071902542,0.616441145977444,0.702795341599484,0.500905071902542,FALSE,TRUE,FALSE,FALSE,FALSE
"MIF4GD","turquoise",0.969131200870703,1138.47172548116,1138.46714983369,0.00457564746238859,1322.87384937954,-0.482250093422473,-0.925476984016985,0.354724359325213,0.675160084824232,0.925476984016985,FALSE,TRUE,FALSE,FALSE,FALSE
"RHBDD2","turquoise",0.960015864668295,1048.32209504447,1048.31969579182,0.00239925265418606,1322.87384937954,-0.377504612390073,-0.724461923164833,0.468787135165008,0.675160084824232,0.724461923164833,FALSE,TRUE,FALSE,FALSE,FALSE
"WDR18","turquoise",0.89524604712222,466.668028104475,466.666303485042,0.00172461943344615,1322.87384937954,-0.400504395251027,-0.768600369098849,0.442135876308269,0.675160084824232,0.768600369098849,FALSE,TRUE,FALSE,FALSE,FALSE
"GATAD2B","turquoise",0.988205739189222,1459.63484017409,1459.59741619822,0.0374239758768908,1322.87384937954,-0.546283517984379,-1.04836231146039,0.294479095154237,0.675160084824232,1.04836231146039,FALSE,TRUE,TRUE,FALSE,FALSE
"SCAF4","turquoise",0.9767519665127,1350.12261884741,1349.97684182748,0.145777019929255,1322.87384937954,-0.465198417005256,-0.892753436052391,0.371995488297555,0.675160084824232,0.892753436052391,FALSE,TRUE,TRUE,FALSE,FALSE
"LRRC47","turquoise",0.975533467319379,1250.83582267084,1250.76554411489,0.0702785559485619,1322.87384937954,-0.5150618962849,-0.988445490954477,0.32294148777654,0.675160084824232,0.988445490954477,FALSE,TRUE,FALSE,FALSE,FALSE
"PRR12","turquoise",0.970410700139833,1232.95682340421,1232.92168913384,0.035134270366143,1322.87384937954,-0.345365743479337,-0.662784830977797,0.507472822124736,0.675272681317988,0.662784830977797,FALSE,TRUE,FALSE,FALSE,FALSE
"MAVS","turquoise",0.982041101115988,1312.53711698413,1312.51983036319,0.0172866209386484,1322.87384937954,-0.530924961008315,-1.01888799681965,0.308263326739591,0.675160084824232,1.01888799681965,FALSE,TRUE,FALSE,FALSE,FALSE
"SERINC1","turquoise",0.937283163763045,823.005097471505,822.73495019389,0.270147277615138,1322.87384937954,-0.605332698691135,-1.16168247129971,0.245372549183091,0.675160084824232,1.16168247129971,FALSE,TRUE,FALSE,FALSE,FALSE
"RPTOR","turquoise",0.938241180554727,791.687303597184,791.622521892474,0.0647817047101853,1322.87384937954,-0.486722851493777,-0.93406056897949,0.350279223353343,0.675160084824232,0.93406056897949,FALSE,TRUE,FALSE,FALSE,FALSE
"ELAPOR1","turquoise",0.402043769081034,0.401379860024915,0.400721493998033,0.00065836602688224,1322.87384937954,-1.24464478976663,-2.38857414838604,0.0169192667611691,0.675160084824232,2.38857414838604,FALSE,FALSE,FALSE,FALSE,FALSE
"ARRDC3","turquoise",0.944868785327631,874.950111519154,874.824242886632,0.125868632521474,1322.87384937954,-0.503154218733819,-0.965593693397712,0.334254337721665,0.675160084824232,0.965593693397712,FALSE,TRUE,FALSE,FALSE,FALSE
"ZNF319","turquoise",0.941100506518138,801.25330487137,801.151888378889,0.10141649248169,1322.87384937954,-0.391420204654695,-0.751167071666671,0.452557266199795,0.675160084824232,0.751167071666671,FALSE,TRUE,FALSE,FALSE,FALSE
"PREX1","turquoise",0.957717574470468,1016.40545496607,1016.28247732035,0.122977645712808,1322.87384937954,-0.500631646254198,-0.960752672520275,0.336683310337701,0.675160084824232,0.960752672520275,FALSE,TRUE,FALSE,FALSE,FALSE
"MRTFA","turquoise",0.966384449866749,1186.54867218258,1186.44909540506,0.099576777527318,1322.87384937954,-0.605314657589257,-1.16164784896416,0.245386618003114,0.675160084824232,1.16164784896416,FALSE,TRUE,FALSE,FALSE,FALSE
"PDZD4","turquoise",0.847856283983513,216.277536879663,216.27118288943,0.00635399023315131,1322.87384937954,-0.580909725848594,-1.11481280853483,0.26493845473507,0.675160084824232,1.11481280853483,FALSE,TRUE,FALSE,FALSE,FALSE
"USP36","turquoise",0.974671605514811,1223.36122497621,1223.33126177425,0.0299632019575711,1322.87384937954,-0.344674227772484,-0.661457756334355,0.508323238693837,0.675272681317988,0.661457756334355,FALSE,TRUE,FALSE,FALSE,FALSE
"LRFN1","turquoise",0.939676501719169,765.027214647642,764.997362093821,0.0298525538203194,1322.87384937954,-0.370985216699335,-0.711950674864894,0.476500161145212,0.675160084824232,0.711950674864894,FALSE,TRUE,FALSE,FALSE,FALSE
"DHX37","turquoise",0.960939349980093,1104.76300849962,1104.71714089336,0.045867606261254,1322.87384937954,-0.289645932994881,-0.555854002222152,0.578314289552952,0.689763622884486,0.555854002222152,FALSE,TRUE,FALSE,FALSE,FALSE
"PHF12","turquoise",0.979704353927462,1334.81993420555,1334.63215975938,0.187774446165122,1322.87384937954,-0.445285304691896,-0.854538560871403,0.392812619368718,0.675160084824232,0.854538560871403,FALSE,TRUE,TRUE,FALSE,FALSE
"GRAMD1A","turquoise",0.967190587879736,1077.20427019747,1077.19688808656,0.00738211091697849,1322.87384937954,-0.396639325899377,-0.761182988002672,0.446553009036277,0.675160084824232,0.761182988002672,FALSE,TRUE,FALSE,FALSE,FALSE
"ZBTB4","turquoise",0.980850642948748,1395.61533930561,1395.56782414417,0.0475151614468814,1322.87384937954,-0.479981870020007,-0.921124079616919,0.3569921259509,0.675160084824232,0.921124079616919,FALSE,TRUE,TRUE,FALSE,FALSE
"PHRF1","turquoise",0.968268331161963,1185.84749570221,1185.80891971975,0.0385759824594061,1322.87384937954,-0.447617723837781,-0.859014662101945,0.390338427824004,0.675160084824232,0.859014662101945,FALSE,TRUE,FALSE,FALSE,FALSE
"FBRSL1","turquoise",0.976394537446019,1281.98313821511,1281.96237260494,0.020765610169974,1322.87384937954,-0.466261660458457,-0.894793886345228,0.370903555677926,0.675160084824232,0.894793886345228,FALSE,TRUE,FALSE,FALSE,FALSE
"RNF213","turquoise",0.930098494906899,753.755938232823,753.66823341128,0.0877048215431842,1322.87384937954,-0.331619142820036,-0.636403991052255,0.524517385437171,0.67602954949341,0.636403991052255,FALSE,TRUE,FALSE,FALSE,FALSE
"TNRC6C","turquoise",0.964108466338471,1035.45812549135,1035.4433975898,0.0147279015543518,1322.87384937954,-0.357900719819943,-0.686840465713081,0.492187908387048,0.675160084824232,0.686840465713081,FALSE,TRUE,FALSE,FALSE,FALSE
"NCKAP5L","turquoise",0.937390739176257,838.496911060477,838.488392198402,0.00851886207510688,1322.87384937954,-0.412077271747158,-0.790809656317498,0.429060540022537,0.675160084824232,0.790809656317498,FALSE,TRUE,FALSE,FALSE,FALSE
"GBA2","turquoise",0.936964877542144,787.02869621339,786.457295853598,0.571400359792165,1322.87384937954,-0.303118731573799,-0.581709393781739,0.560766264567095,0.684831010457936,0.581709393781739,FALSE,TRUE,FALSE,FALSE,FALSE
"NCOA5","turquoise",0.980228392874395,1367.84667490035,1367.79793508347,0.0487398168788786,1322.87384937954,-0.420689131278617,-0.80733651218473,0.419478229901415,0.675160084824232,0.80733651218473,FALSE,TRUE,TRUE,FALSE,FALSE
"MARK4","turquoise",0.958396448437215,990.35198932326,990.32914984019,0.0228394830700154,1322.87384937954,-0.501542010607361,-0.962499735439315,0.335805418886716,0.675160084824232,0.962499735439315,FALSE,TRUE,FALSE,FALSE,FALSE
"POLD4","turquoise",0.895511225622021,459.794272281159,459.793622953287,0.000649327871940386,1322.87384937954,-0.304949411578277,-0.585222616966871,0.558401887670796,0.683305476810284,0.585222616966871,FALSE,TRUE,FALSE,FALSE,FALSE
"CCAR2","turquoise",0.976007459627557,1289.25909171929,1289.2469986115,0.012093107794044,1322.87384937954,-0.436549373650565,-0.837773601728869,0.402163702908764,0.675160084824232,0.837773601728869,FALSE,TRUE,FALSE,FALSE,FALSE
"LSM2","turquoise",0.950808643167132,907.783768035192,907.782126705236,0.00164132995564614,1322.87384937954,-0.23203010576003,-0.445284563774701,0.656116930834557,0.727718002676342,0.445284563774701,FALSE,TRUE,FALSE,FALSE,FALSE
"SLAMF7","turquoise",0.937135895700109,771.452305090021,771.429236160255,0.0230689297662821,1322.87384937954,-0.207415649585869,-0.398047428989277,0.690597701315387,0.751579178112585,0.398047428989277,FALSE,TRUE,FALSE,FALSE,FALSE
"RAP2C","turquoise",0.938773154549122,816.547107949885,816.297395639497,0.24971231038819,1322.87384937954,-0.404192828985153,-0.775678772140265,0.437944022865516,0.675160084824232,0.775678772140265,FALSE,TRUE,FALSE,FALSE,FALSE
"C6orf47","turquoise",0.987425592091632,1445.53698774784,1445.51048143128,0.0265063165636548,1322.87384937954,-0.285936691469752,-0.548735667344692,0.58319043561903,0.691036061334209,0.548735667344692,FALSE,TRUE,TRUE,FALSE,FALSE
"CTDSP1","turquoise",0.944437994261577,907.431014131946,907.429898870509,0.00111526143700758,1322.87384937954,-0.601354744353392,-1.15404845477329,0.248488342050714,0.675160084824232,1.15404845477329,FALSE,TRUE,FALSE,FALSE,FALSE
"CXCL16","turquoise",0.863457930620507,287.894458735894,287.856663874126,0.0377948617673951,1322.87384937954,-1.11547298129733,-2.14068298703077,0.0323066380001317,0.675160084824232,2.14068298703077,FALSE,TRUE,FALSE,FALSE,FALSE
"SQOR","turquoise",0.923972390809416,653.955422473622,653.918051447898,0.0373710257233597,1322.87384937954,-0.856358003747883,-1.64342036083982,0.100305152562577,0.675160084824232,1.64342036083982,FALSE,TRUE,FALSE,FALSE,FALSE
"PLEKHB1","turquoise",0.884243918980386,432.353836622535,432.353381570742,0.000455051793494476,1322.87384937954,-0.355951766118806,-0.683100265725735,0.494548099746812,0.675160084824232,0.683100265725735,FALSE,TRUE,FALSE,FALSE,FALSE
"MS4A7","turquoise",0.914317550444949,577.624078822802,577.572284634365,0.0517941884371567,1322.87384937954,-0.394172266906723,-0.756448502002451,0.449385531062688,0.675160084824232,0.756448502002451,FALSE,TRUE,FALSE,FALSE,FALSE
"TRAPPC1","turquoise",0.864883254189954,361.054614279897,361.054456865829,0.000157414067871287,1322.87384937954,-0.607463618126759,-1.16577187826792,0.2437147934297,0.675160084824232,1.16577187826792,FALSE,TRUE,FALSE,FALSE,FALSE
"ZBED5","turquoise",0.94343874416806,847.505986761542,847.417583911639,0.0884028499023088,1322.87384937954,-0.344156874034774,-0.660464912614101,0.508959961681038,0.675272681317988,0.660464912614101,FALSE,TRUE,FALSE,FALSE,FALSE
"LY6G5B","turquoise",0.882785802824885,357.23437202074,357.171253364008,0.063118656731433,1322.87384937954,-0.228440661254069,-0.438396129078716,0.661101912031388,0.731544401626063,0.438396129078716,FALSE,TRUE,FALSE,FALSE,FALSE
"OSTC","turquoise",0.948072764635704,861.040817666114,860.979148527016,0.061669139097944,1322.87384937954,-0.504387319017568,-0.967960112704125,0.33307111330006,0.675160084824232,0.967960112704125,FALSE,TRUE,FALSE,FALSE,FALSE
"SCAF1","turquoise",0.937389890585103,803.55159733663,803.539997678064,0.0115996585665243,1322.87384937954,-0.445123868796281,-0.854228752313928,0.392984218897203,0.675160084824232,0.854228752313928,FALSE,TRUE,FALSE,FALSE,FALSE
"SINHCAF","turquoise",0.946607115061241,841.057407272255,841.0131425982,0.0442646740549435,1322.87384937954,-0.529649482245519,-1.01644024977994,0.309426953895681,0.675160084824232,1.01644024977994,FALSE,TRUE,FALSE,FALSE,FALSE
"RBM25","turquoise",0.970935174117191,1129.8152993165,1129.79311575984,0.0221835566553636,1322.87384937954,-0.356295017021588,-0.683758992006145,0.494131982860159,0.675160084824232,0.683758992006145,FALSE,TRUE,FALSE,FALSE,FALSE
"ABRACL","turquoise",0.953086899508114,912.505133927788,912.485197689669,0.019936238119044,1322.87384937954,-0.575442125837659,-1.10432004132348,0.269462076200555,0.675160084824232,1.10432004132348,FALSE,TRUE,FALSE,FALSE,FALSE
"SNX6","turquoise",0.98233458516234,1360.88502338149,1360.78837961563,0.0966437658605628,1322.87384937954,-0.61852994963134,-1.18700906462554,0.235232262940936,0.675160084824232,1.18700906462554,FALSE,TRUE,TRUE,FALSE,FALSE
"PGAP6","turquoise",0.950078642047765,857.299049470559,857.295568824777,0.00348064578270169,1322.87384937954,-0.586394677060397,-1.12533887410581,0.260453334093152,0.675160084824232,1.12533887410581,FALSE,TRUE,FALSE,FALSE,FALSE
"TLNRD1","turquoise",0.970951618010237,1226.04682149496,1225.97308305368,0.0737384412843767,1322.87384937954,-0.378753694865616,-0.726859013591607,0.467317286102558,0.675160084824232,0.726859013591607,FALSE,TRUE,FALSE,FALSE,FALSE
"SIGIRR","turquoise",0.88493747145858,461.966531753622,461.966296282858,0.000235470764948786,1322.87384937954,-0.472240170999492,-0.906267132239623,0.364800841734562,0.675160084824232,0.906267132239623,FALSE,TRUE,FALSE,FALSE,FALSE
"PLEKHA2","turquoise",0.98166964944599,1366.8157076902,1366.72943724355,0.0862704466521791,1322.87384937954,-0.62690464095825,-1.20308077550132,0.228953365008758,0.675160084824232,1.20308077550132,FALSE,TRUE,TRUE,FALSE,FALSE
"SCPEP1","turquoise",0.952202229759587,952.823025914699,952.788776980021,0.0342489346776347,1322.87384937954,-0.46359907747434,-0.889684173970996,0.373641731742144,0.675160084824232,0.889684173970996,FALSE,TRUE,FALSE,FALSE,FALSE
"GPBP1L1","turquoise",0.980307111624234,1374.2091691986,1374.06275650334,0.146412695261461,1322.87384937954,-0.416172967254308,-0.798669627683202,0.424487530486477,0.675160084824232,0.798669627683202,FALSE,TRUE,TRUE,FALSE,FALSE
"TGIF2","turquoise",0.974682384527936,1249.04048520332,1249.02247983581,0.0180053675098861,1322.87384937954,-0.519955624991926,-0.99783695265899,0.318365465004126,0.675160084824232,0.99783695265899,FALSE,TRUE,FALSE,FALSE,FALSE
"ELOVL5","turquoise",0.965616471179939,1126.84282016688,1126.74126079768,0.101559369200459,1322.87384937954,-0.668829694780457,-1.28340723506686,0.199358288733598,0.675160084824232,1.28340723506686,FALSE,TRUE,FALSE,FALSE,FALSE
"APOBEC3G","turquoise",0.953711522437347,945.821192218549,945.806546919292,0.0146452992572677,1322.87384937954,-0.43005387983517,-0.825308223063391,0.409202362280183,0.675160084824232,0.825308223063391,FALSE,TRUE,FALSE,FALSE,FALSE
"ELAC2","turquoise",0.971850924488899,1243.24441274228,1243.13700797717,0.107404765110005,1322.87384937954,-0.323772740666656,-0.62134610988367,0.534376049138042,0.676813488619187,0.62134610988367,FALSE,TRUE,FALSE,FALSE,FALSE
"SPCS3","turquoise",0.977736255624078,1275.87076396304,1275.82355873887,0.0472052241707388,1322.87384937954,-0.512950085591154,-0.984392755209433,0.324929379943184,0.675160084824232,0.984392755209433,FALSE,TRUE,FALSE,FALSE,FALSE
"RIC8A","turquoise",0.98716199912572,1460.77271956492,1460.75330126432,0.0194183006003641,1322.87384937954,-0.33753568340148,-0.647758311575594,0.517145616714264,0.675818875712212,0.647758311575594,FALSE,TRUE,TRUE,FALSE,FALSE
"ATG101","turquoise",0.961177264393276,1075.35674123601,1075.33936679982,0.0173744361902664,1322.87384937954,-0.380399382267793,-0.730017220991408,0.465384642074415,0.675160084824232,0.730017220991408,FALSE,TRUE,FALSE,FALSE,FALSE
"GAS5","turquoise",0.855236023456984,274.733347258129,274.731810770784,0.00153648734550416,1322.87384937954,-0.362882640295758,-0.696314720209264,0.486236967814478,0.675160084824232,0.696314720209264,FALSE,TRUE,FALSE,FALSE,FALSE
"PROK2","turquoise",0.914890091335126,506.185317746348,506.163301050979,0.0220166953686203,1322.87384937954,-0.705788942539109,-1.3542124404853,0.175680896298763,0.675160084824232,1.3542124404853,FALSE,TRUE,FALSE,FALSE,FALSE
"SMAP1","turquoise",0.976595062275976,1264.69358558559,1264.65843084459,0.0351547409932209,1322.87384937954,-0.437394165950359,-0.839394826567179,0.401253634147984,0.675160084824232,0.839394826567179,FALSE,TRUE,FALSE,FALSE,FALSE
"RNF123","blue",0.932228432759252,13.2419680561844,12.7230909723165,0.518877083867887,19.5381539006617,-0.0512441643401701,-0.0983417013471983,0.921661540205145,0.937620101029381,0.0983417013471983,FALSE,TRUE,FALSE,FALSE,FALSE
"UBE2O","blue",0.967292176198878,19.471814929207,19.0757879854049,0.396026943802131,19.5381539006617,0.0113511684991893,0.0217838116176274,0.982620534250313,0.986761758698102,0.0217838116176274,FALSE,TRUE,FALSE,FALSE,FALSE
"FAM111A","turquoise",0.980637275223133,1353.44529658625,1353.32723677924,0.118059807010695,1322.87384937954,-0.540736130520601,-1.0377164256655,0.299409408239106,0.675160084824232,1.0377164256655,FALSE,TRUE,TRUE,FALSE,FALSE
"MANBAL","turquoise",0.966746399235259,1092.75403806848,1092.74927089952,0.00476716895900609,1322.87384937954,-0.263217568122878,-0.505135829747244,0.613466681744443,0.701642292800511,0.505135829747244,FALSE,TRUE,FALSE,FALSE,FALSE
"ELMO2","turquoise",0.967786154989364,1177.77760936396,1177.75539069067,0.0222186732869432,1322.87384937954,-0.295058420335001,-0.566241003754935,0.571233662734505,0.688257984588534,0.566241003754935,FALSE,TRUE,FALSE,FALSE,FALSE
"ZNF335","turquoise",0.97876200775604,1321.94442453529,1321.86418551641,0.0802390188807749,1322.87384937954,-0.4454663878658,-0.854886074147039,0.392620189667673,0.675160084824232,0.854886074147039,FALSE,TRUE,FALSE,FALSE,FALSE
"PCIF1","turquoise",0.965561847293569,1139.80778855938,1139.80093095344,0.00685760593751183,1322.87384937954,-0.429681228860195,-0.824593075663495,0.409608386048365,0.675160084824232,0.824593075663495,FALSE,TRUE,FALSE,FALSE,FALSE
"GPSM3","turquoise",0.932799281103054,731.530451456439,731.529124989225,0.00132646721408491,1322.87384937954,-0.628932417557958,-1.20697224301445,0.227451154426307,0.675160084824232,1.20697224301445,FALSE,TRUE,FALSE,FALSE,FALSE
"MYO1G","turquoise",0.959423456407461,1038.12947986518,1038.11966781019,0.00981205498942472,1322.87384937954,-0.576393276155537,-1.10614537581184,0.268671356673972,0.675160084824232,1.10614537581184,FALSE,TRUE,FALSE,FALSE,FALSE
"GOLPH3","turquoise",0.963023982990598,1114.35860688647,1114.24889657493,0.109710311541221,1322.87384937954,-0.627693044359705,-1.20459378547709,0.228368465649716,0.675160084824232,1.20459378547709,FALSE,TRUE,FALSE,FALSE,FALSE
"PARVG","turquoise",0.971919673727062,1152.21862866278,1152.2036871781,0.0149414846830496,1322.87384937954,-0.335821138094768,-0.644467960280573,0.519276335814417,0.675868213972517,0.644467960280573,FALSE,TRUE,FALSE,FALSE,FALSE
"RTP4","turquoise",0.769325492120026,91.8694219769297,91.8674276341416,0.00199434278805199,1322.87384937954,0.0434865338437999,0.0834541801775357,0.933490896000738,0.947407111440408,0.0834541801775357,FALSE,FALSE,FALSE,FALSE,FALSE
"MAGEF1","turquoise",0.945708683627038,799.656596147885,799.649987503443,0.00660864444193976,1322.87384937954,-0.223749387733827,-0.429393195273355,0.667639801148217,0.73490607059096,0.429393195273355,FALSE,TRUE,FALSE,FALSE,FALSE
"TMBIM1","turquoise",0.892139721239044,453.976409247445,453.211401473882,0.76500777356307,1322.87384937954,-0.261393315112139,-0.501634940483581,0.61592755518459,0.702681296195138,0.501634940483581,FALSE,TRUE,FALSE,FALSE,FALSE
"VSIR","turquoise",0.92299964655227,632.649211124527,632.642890274343,0.00632085018366979,1322.87384937954,-0.595328883389335,-1.14248433958248,0.253260723878968,0.675160084824232,1.14248433958248,FALSE,TRUE,FALSE,FALSE,FALSE
"NOD2","turquoise",0.9090207243418,568.247293049258,567.927098728689,0.320194320569044,1322.87384937954,-0.345071623697945,-0.662220391298189,0.507834435287128,0.675272681317988,0.662220391298189,FALSE,TRUE,FALSE,FALSE,FALSE
"IFIH1","turquoise",0.888052193675518,443.091907320245,442.982020038986,0.109887281258466,1322.87384937954,-0.41828878357729,-0.802730050555142,0.422136340035436,0.675160084824232,0.802730050555142,FALSE,TRUE,FALSE,FALSE,FALSE
"ERAP2","turquoise",0.808210677852184,125.6147425355,125.608810532333,0.0059320031672172,1322.87384937954,-0.126466674055668,-0.242699789341802,0.808239421320877,0.841801573104721,0.242699789341802,FALSE,TRUE,FALSE,FALSE,FALSE
"DPEP2","turquoise",0.911926753584744,494.816307883304,494.809548393828,0.00675948947576899,1322.87384937954,-0.617698709181307,-1.18541384688441,0.235862069068334,0.675160084824232,1.18541384688441,FALSE,TRUE,FALSE,FALSE,FALSE
"IRF2BPL","turquoise",0.937744470249903,718.26896863664,718.076810027785,0.192158608855379,1322.87384937954,-0.604402636775567,-1.15989760716322,0.24609856791831,0.675160084824232,1.15989760716322,FALSE,TRUE,FALSE,FALSE,FALSE
"MMS19","turquoise",0.983020257157262,1400.20033134519,1400.14514563281,0.055185712385537,1322.87384937954,-0.356840315455952,-0.684805463862361,0.493471312725284,0.675160084824232,0.684805463862361,FALSE,TRUE,TRUE,FALSE,FALSE
"SEMA4A","turquoise",0.884591647226293,399.5826648858,399.571848106409,0.0108167793906091,1322.87384937954,-0.556363005834467,-1.06770566492608,0.285660814161537,0.675160084824232,1.06770566492608,FALSE,TRUE,FALSE,FALSE,FALSE
"TOR3A","turquoise",0.958768272259368,1033.84869009335,1033.80742829062,0.0412618027305598,1322.87384937954,-0.274544700841271,-0.526873514754998,0.598284833323041,0.695822020816178,0.526873514754998,FALSE,TRUE,FALSE,FALSE,FALSE
"MS4A6A","turquoise",0.928098264159415,697.771918492933,697.559634345101,0.212284147831838,1322.87384937954,-1.07959803825942,-2.07183606602993,0.0382881853617767,0.675160084824232,2.07183606602993,FALSE,TRUE,FALSE,FALSE,FALSE
"PDLIM2","turquoise",0.984131886284201,1352.7930781304,1352.77825378519,0.0148243452051702,1322.87384937954,-0.449248901332143,-0.862145023813572,0.388613743234194,0.675160084824232,0.862145023813572,FALSE,TRUE,TRUE,FALSE,FALSE
"FBRS","turquoise",0.953913643187244,932.961729074411,932.812938999057,0.148790075353986,1322.87384937954,-0.585904972235032,-1.12439909088748,0.260851623428313,0.675160084824232,1.12439909088748,FALSE,TRUE,FALSE,FALSE,FALSE
"RNF25","turquoise",0.956182047206042,983.38331094729,983.38150686089,0.00180408640062524,1322.87384937954,-0.160966846016658,-0.308908413311012,0.757393072238835,0.799719076029632,0.308908413311012,FALSE,TRUE,FALSE,FALSE,FALSE
"NFKBIZ","turquoise",0.936322501897743,758.598998959727,758.408182505337,0.19081645438996,1322.87384937954,-0.390640616546123,-0.749670978951839,0.453458030116904,0.675160084824232,0.749670978951839,FALSE,TRUE,FALSE,FALSE,FALSE
"ARHGAP9","turquoise",0.910053461915052,501.444716685956,501.394136642954,0.0505800430025829,1322.87384937954,-0.430766738021048,-0.826676255652492,0.408426331552713,0.675160084824232,0.826676255652492,FALSE,TRUE,FALSE,FALSE,FALSE
"MMP25","turquoise",0.889855588504711,400.587406862913,400.569829615041,0.0175772478721115,1322.87384937954,-0.550728810411216,-1.05673540516507,0.290641413078905,0.675160084824232,1.05673540516507,FALSE,TRUE,FALSE,FALSE,FALSE
"RGS18","turquoise",0.838588370478687,219.540069453495,219.498323390876,0.0417460626193531,1322.87384937954,-0.596007933905595,-1.14378749251568,0.252719757645637,0.675160084824232,1.14378749251568,FALSE,TRUE,FALSE,FALSE,FALSE
"MTMR14","turquoise",0.980680339595458,1307.95137358976,1307.93670371125,0.0146698785154058,1322.87384937954,-0.721721731430566,-1.38504245082382,0.16604849198489,0.675160084824232,1.38504245082382,FALSE,TRUE,FALSE,FALSE,FALSE
"ATG3","turquoise",0.919798757227636,661.787781911106,661.222065311431,0.56571659967517,1322.87384937954,-0.441166752065487,-0.846634724842771,0.397204657161382,0.675160084824232,0.846634724842771,FALSE,TRUE,FALSE,FALSE,FALSE
"INF2","turquoise",0.932307471638504,688.782963818466,688.772670537218,0.0102932812487779,1322.87384937954,-0.3330327578027,-0.639116832684763,0.52275119674331,0.676021301912766,0.639116832684763,FALSE,TRUE,FALSE,FALSE,FALSE
"TTC31","turquoise",0.958278406832041,1060.50339844269,1060.49202490441,0.0113735382799405,1322.87384937954,-0.409193267524952,-0.785275018655704,0.432297761444922,0.675160084824232,0.785275018655704,FALSE,TRUE,FALSE,FALSE,FALSE
"CIAO3","turquoise",0.93919440674238,799.424818538259,799.423695428377,0.00112310988197351,1322.87384937954,-0.25716398999809,-0.493518523080321,0.621649413787224,0.706060156778971,0.493518523080321,FALSE,TRUE,FALSE,FALSE,FALSE
"ZDHHC6","turquoise",0.983398678006709,1370.85295395133,1370.7983172005,0.0546367508370622,1322.87384937954,-0.341750014055443,-0.65584595339563,0.511927643238804,0.675272681317988,0.65584595339563,FALSE,TRUE,TRUE,FALSE,FALSE
"CLEC7A","turquoise",0.964555968438552,1055.02309947727,1054.93245140176,0.0906480755161283,1322.87384937954,-0.577081106523492,-1.10735420283454,0.268148689219018,0.675160084824232,1.10735420283454,FALSE,TRUE,FALSE,FALSE,FALSE
"MOSPD3","turquoise",0.950988244544444,876.028397901983,876.017857211059,0.0105406909242447,1322.87384937954,-0.311440264245101,-0.59767908889238,0.550058025348202,0.681062029653129,0.59767908889238,FALSE,TRUE,FALSE,FALSE,FALSE
"GIGYF1","turquoise",0.951190956253597,933.062061405295,933.059254144588,0.00280726070673154,1322.87384937954,-0.273518817321487,-0.524904761199962,0.599652790763942,0.696333200477201,0.524904761199962,FALSE,TRUE,FALSE,FALSE,FALSE
"VPS16","turquoise",0.970659469391104,1212.89592245332,1212.85697597631,0.0389464770098584,1322.87384937954,-0.224837224513795,-0.431480842151931,0.666121490522529,0.733880059812773,0.431480842151931,FALSE,TRUE,FALSE,FALSE,FALSE
"MFSD14A","turquoise",0.980342144635848,1352.31983266714,1352.22711723722,0.0927154299158701,1322.87384937954,-0.545548990652537,-1.04695269402532,0.295128771724677,0.675160084824232,1.04695269402532,FALSE,TRUE,TRUE,FALSE,FALSE
"CSRNP1","turquoise",0.620799381817698,7.70982328463046,7.70407517650934,0.00574810812111792,1322.87384937954,-0.99864452436845,-1.9164797169006,0.0553123604526849,0.675160084824232,1.9164797169006,FALSE,FALSE,FALSE,FALSE,FALSE
"NUCKS1","turquoise",0.970879680490484,1148.27928730378,1148.27121512756,0.00807217621809286,1322.87384937954,-0.406103514385833,-0.7793455321599,0.435781574972988,0.675160084824232,0.7793455321599,FALSE,TRUE,FALSE,FALSE,FALSE
"SMAP2","turquoise",0.92675664871435,654.468888979275,654.366036977663,0.102852001611154,1322.87384937954,-0.768416888648095,-1.47465423910401,0.140314699652348,0.675160084824232,1.47465423910401,FALSE,TRUE,FALSE,FALSE,FALSE
"METTL17","turquoise",0.971705251952589,1216.35515449882,1216.34234217757,0.0128123212566607,1322.87384937954,-0.219052097291246,-0.420378714506746,0.674211447678102,0.739563401302144,0.420378714506746,FALSE,TRUE,FALSE,FALSE,FALSE
"MFSD1","turquoise",0.938835264201146,861.665506867784,861.307708430801,0.357798436982421,1322.87384937954,-0.63704304452157,-1.22253719299196,0.221512945247707,0.675160084824232,1.22253719299196,FALSE,TRUE,FALSE,FALSE,FALSE
"PLPPR2","turquoise",0.878935909067421,327.414857483227,327.411639360669,0.00321812255759824,1322.87384937954,-0.851429310501899,-1.63396179935346,0.102276046334449,0.675160084824232,1.63396179935346,FALSE,TRUE,FALSE,FALSE,FALSE
"ATPAF1","turquoise",0.973463363297549,1228.05884849263,1227.97127165781,0.0875768348191741,1322.87384937954,-0.28734655247976,-0.55144130479966,0.581334783320732,0.690122958963235,0.55144130479966,FALSE,TRUE,FALSE,FALSE,FALSE
"FHIP2B","turquoise",0.944343282378055,882.579424497039,882.561759846993,0.0176646500466404,1322.87384937954,-0.280717704713367,-0.538720009102626,0.59008356006398,0.693768747016011,0.538720009102626,FALSE,TRUE,FALSE,FALSE,FALSE
"PARP12","turquoise",0.895007306046052,469.213329944747,469.202036771863,0.0112931728839385,1322.87384937954,-0.130488802816724,-0.250418580163993,0.802265161699247,0.837205663875443,0.250418580163993,FALSE,TRUE,FALSE,FALSE,FALSE
"ENGASE","turquoise",0.87777458392492,375.230413637434,375.227491669935,0.00292196749921914,1322.87384937954,-0.111016592630372,-0.213049831870931,0.831289360307052,0.860999774536814,0.213049831870931,FALSE,TRUE,FALSE,FALSE,FALSE
"PCED1A","turquoise",0.952439828590032,967.110759965023,967.104574049997,0.0061859150255259,1322.87384937954,-0.235054035266376,-0.451087729388526,0.651929171776025,0.725135948585936,0.451087729388526,FALSE,TRUE,FALSE,FALSE,FALSE
"MICAL1","turquoise",0.931716989171459,693.849273828817,693.766905870722,0.0823679580940961,1322.87384937954,-0.277668190548646,-0.532867744457422,0.594128585857192,0.694715786461695,0.532867744457422,FALSE,TRUE,FALSE,FALSE,FALSE
"CERK","turquoise",0.978450570867628,1288.18521103713,1288.16184428666,0.0233667504642199,1322.87384937954,-0.479208550233454,-0.919640016319678,0.357767372999077,0.675160084824232,0.919640016319678,FALSE,TRUE,FALSE,FALSE,FALSE
"ELOVL1","turquoise",0.958832127826406,1030.45485902752,1030.4333728803,0.0214861472179564,1322.87384937954,-0.613198046629377,-1.17677671096376,0.23929280380826,0.675160084824232,1.17677671096376,FALSE,TRUE,FALSE,FALSE,FALSE
"MARCHF7","turquoise",0.9401080691066,855.55026571911,855.303629062313,0.246636656797591,1322.87384937954,-0.587486706051596,-1.12743456617725,0.259566675284023,0.675160084824232,1.12743456617725,FALSE,TRUE,FALSE,FALSE,FALSE
"TUT1","turquoise",0.946535356275327,953.134010620962,953.130946699551,0.00306392141169454,1322.87384937954,-0.235217151461928,-0.451400762577658,0.651703586730775,0.725073069646769,0.451400762577658,FALSE,TRUE,FALSE,FALSE,FALSE
"AIDA","turquoise",0.718341124408679,64.6873623412536,62.4157065670542,2.2716557741994,1322.87384937954,-0.532929443550577,-1.02273476115008,0.306440481607848,0.675160084824232,1.02273476115008,FALSE,FALSE,FALSE,FALSE,FALSE
"BCL11B","turquoise",0.933818948403397,725.411010602684,725.405578085118,0.00543251756528207,1322.87384937954,-0.615530668061677,-1.18125320039831,0.237510340109683,0.675160084824232,1.18125320039831,FALSE,TRUE,FALSE,FALSE,FALSE
"CCDC71","turquoise",0.973789593597009,1209.93162998786,1209.90108558424,0.0305444036282552,1322.87384937954,-0.423697596919342,-0.813110001388096,0.416160634620475,0.675160084824232,0.813110001388096,FALSE,TRUE,FALSE,FALSE,FALSE
"RASAL3","turquoise",0.92339275615783,681.219023451966,681.211443769659,0.00757968230630013,1322.87384937954,-0.436668730021658,-0.838002656271001,0.402035048910937,0.675160084824232,0.838002656271001,FALSE,TRUE,FALSE,FALSE,FALSE
"MRPS26","turquoise",0.96660831762638,1106.98237056826,1106.96506640378,0.0173041644789009,1322.87384937954,-0.43590796372805,-0.836542684143358,0.402855500216665,0.675160084824232,0.836542684143358,FALSE,TRUE,FALSE,FALSE,FALSE
"MRPS24","turquoise",0.874585031105651,339.476353448113,339.476061930592,0.000291517521418427,1322.87384937954,-0.374531774017011,-0.718756805573366,0.472295670464143,0.675160084824232,0.718756805573366,FALSE,TRUE,FALSE,FALSE,FALSE
"MRPS15","turquoise",0.909946462793886,514.959471970125,514.954794174524,0.00467779560085546,1322.87384937954,-0.360055746342884,-0.690976136134157,0.489585212370565,0.675160084824232,0.690976136134157,FALSE,TRUE,FALSE,FALSE,FALSE
"MRPS6","turquoise",0.97312129660522,1157.04150356473,1157.02358761643,0.0179159482945579,1322.87384937954,-0.681288677685629,-1.30744814624028,0.191069315426595,0.675160084824232,1.30744814624028,FALSE,TRUE,FALSE,FALSE,FALSE
"MRPL41","turquoise",0.89712143406875,467.761664579723,467.761479975078,0.000184604645312447,1322.87384937954,-0.437995949654845,-0.840549698231185,0.400606105851889,0.675160084824232,0.840549698231185,FALSE,TRUE,FALSE,FALSE,FALSE
"MRPL38","turquoise",0.918458684578897,683.050913974962,683.050473086181,0.000440888781213289,1322.87384937954,-0.420480896011521,-0.806936891843363,0.419708436021049,0.675160084824232,0.806936891843363,FALSE,TRUE,FALSE,FALSE,FALSE
"MRPL36","turquoise",0.829371483001649,172.280733565472,172.277834805044,0.0028987604277404,1322.87384937954,-0.33396659160164,-0.640908935370907,0.521586130548029,0.675868213972517,0.640908935370907,FALSE,TRUE,FALSE,FALSE,FALSE
"MRPL34","turquoise",0.951440388004652,896.859828238625,896.849282352347,0.0105458862788055,1322.87384937954,-0.624501137240702,-1.19846825722101,0.230743050931834,0.675160084824232,1.19846825722101,FALSE,TRUE,FALSE,FALSE,FALSE
"MRPL32","turquoise",0.851618655889781,245.430979903811,245.420070041405,0.0109098624064359,1322.87384937954,-0.431423482572567,-0.827936601632927,0.407712163454443,0.675160084824232,0.827936601632927,FALSE,TRUE,FALSE,FALSE,FALSE
"MRPL9","turquoise",0.964868583359693,1093.58133488289,1093.57662445383,0.00471042906269759,1322.87384937954,-0.372322709244295,-0.714517431374718,0.474912142133004,0.675160084824232,0.714517431374718,FALSE,TRUE,FALSE,FALSE,FALSE
"CFLAR-AS1","turquoise",0.887193565401946,350.121404377465,350.085264001135,0.0361403763303656,1322.87384937954,-0.672907820511072,-1.29136460260354,0.196585978166026,0.675160084824232,1.29136460260354,FALSE,TRUE,FALSE,FALSE,FALSE
"MRPL44","turquoise",0.962974786267086,1045.51477579091,1045.47564217785,0.0391336130680884,1322.87384937954,-0.351913551044573,-0.675350603965817,0.499457591600186,0.675272681317988,0.675350603965817,FALSE,TRUE,FALSE,FALSE,FALSE
"NOL6","turquoise",0.95932543663415,1083.90254597205,1083.88744499224,0.0151009798069026,1322.87384937954,-0.248545179730072,-0.476978328186731,0.633380591676837,0.71190906812825,0.476978328186731,FALSE,TRUE,FALSE,FALSE,FALSE
"KRI1","turquoise",0.94016612427654,849.686574223811,849.682799867851,0.00377435596055875,1322.87384937954,-0.282937926882441,-0.542980795248462,0.58714655230882,0.692593939178364,0.542980795248462,FALSE,TRUE,FALSE,FALSE,FALSE
"MARCKSL1","turquoise",0.915288473315853,601.470277992728,601.469668418073,0.000609574654731659,1322.87384937954,-0.642644099215338,-1.23328607054741,0.21747750159658,0.675160084824232,1.23328607054741,FALSE,TRUE,FALSE,FALSE,FALSE
"INTS3","turquoise",0.960061917170852,1066.24648414719,1066.15451983301,0.0919643141819506,1322.87384937954,-0.449768132402321,-0.863141470286866,0.388065722414011,0.675160084824232,0.863141470286866,FALSE,TRUE,FALSE,FALSE,FALSE
"WNK1","brown",0.979912474608439,13.8705500668504,9.46477605881238,4.40577400803807,7.78987287898542,-0.423294349118168,-0.812336136200857,0.416604416506894,0.675160084824232,0.812336136200857,FALSE,TRUE,TRUE,FALSE,FALSE
"NADK","turquoise",0.927204855249773,700.605084693008,700.560464500555,0.0446201924530669,1322.87384937954,-0.485210133093686,-0.931157539863109,0.351778629374351,0.675160084824232,0.931157539863109,FALSE,TRUE,FALSE,FALSE,FALSE
"UBE2Z","turquoise",0.987825804097919,1495.00338574094,1494.95812255758,0.0452631833563828,1322.87384937954,-0.447262610498961,-0.858333170846106,0.390714513713116,0.675160084824232,0.858333170846106,FALSE,TRUE,TRUE,FALSE,FALSE
"DDRGK1","turquoise",0.983439248869563,1359.19235177189,1359.18011651877,0.0122352531270735,1322.87384937954,-0.557850610620774,-1.0705604989838,0.284374623058423,0.675160084824232,1.0705604989838,FALSE,TRUE,TRUE,FALSE,FALSE
"MRPS34","turquoise",0.949979637128962,871.819230742084,871.814511176046,0.00471956603780654,1322.87384937954,-0.501544930147649,-0.962505338273565,0.335802605859699,0.675160084824232,0.962505338273565,FALSE,TRUE,FALSE,FALSE,FALSE
"MZF1-AS1","turquoise",0.876393013006556,336.640753082991,336.640346987367,0.000406095623986857,1322.87384937954,-0.584227488040645,-1.12117986286839,0.262219156122948,0.675160084824232,1.12117986286839,FALSE,TRUE,FALSE,FALSE,FALSE
"MRPL57","turquoise",0.92852146698137,671.731142466311,671.728499477414,0.00264298889715064,1322.87384937954,-0.332105600932304,-0.63733754356522,0.523909253624289,0.676021301912766,0.63733754356522,FALSE,TRUE,FALSE,FALSE,FALSE
"PRR14","turquoise",0.983112257699705,1339.69742887762,1339.65368920186,0.0437396757604347,1322.87384937954,-0.579348862002199,-1.11181738440796,0.266224465714962,0.675160084824232,1.11181738440796,FALSE,TRUE,TRUE,FALSE,FALSE
"CYREN","turquoise",0.959393174154793,1003.79140719844,1003.7702172341,0.0211899643395554,1322.87384937954,-0.417597734410362,-0.801403871239597,0.422903424304122,0.675160084824232,0.801403871239597,FALSE,TRUE,FALSE,FALSE,FALSE
"VKORC1","turquoise",0.959217856288033,1004.39211426556,1004.38749909025,0.00461517531664413,1322.87384937954,-0.54170238501093,-1.03957074628399,0.298546699145415,0.675160084824232,1.03957074628399,FALSE,TRUE,FALSE,FALSE,FALSE
"TRIR","turquoise",0.95187031715688,864.799188169885,864.795489377244,0.00369879264178508,1322.87384937954,-0.6572356989377,-1.26128853210672,0.207213486524207,0.675160084824232,1.26128853210672,FALSE,TRUE,FALSE,FALSE,FALSE
"CUEDC2","turquoise",0.937462878935375,826.933011660103,826.932475458031,0.000536202071089065,1322.87384937954,-0.363286099343897,-0.697175445151333,0.485697727297459,0.675160084824232,0.697175445151333,FALSE,TRUE,FALSE,FALSE,FALSE
"SCNM1","turquoise",0.904370439088857,515.682180261971,515.681210644674,0.000969617297073455,1322.87384937954,-0.446764491163497,-0.857377239501449,0.39124242217027,0.675160084824232,0.857377239501449,FALSE,TRUE,FALSE,FALSE,FALSE
"SLX1B","turquoise",0.93063818540692,758.884521633588,758.835757601049,0.0487640325393386,1322.87384937954,-0.429367112610242,-0.823990261141317,0.409950819041949,0.675160084824232,0.823990261141317,FALSE,TRUE,FALSE,FALSE,FALSE
"AHNAK","turquoise",0.911167738950299,577.872553677703,577.700219259858,0.172334417844809,1322.87384937954,-0.789962859721099,-1.51600270248086,0.129527881087884,0.675160084824232,1.51600270248086,FALSE,TRUE,FALSE,FALSE,FALSE
"ZNF655","turquoise",0.987092637488542,1435.44064440692,1435.40569590444,0.0349485024783007,1322.87384937954,-0.414011495107131,-0.794521587587223,0.42689734182555,0.675160084824232,0.794521587587223,FALSE,TRUE,TRUE,FALSE,FALSE
"ERI3","turquoise",0.904757194054031,516.185967414482,516.183651530046,0.00231588443534747,1322.87384937954,-0.739281384330173,-1.41874084679629,0.155983666935788,0.675160084824232,1.41874084679629,FALSE,TRUE,FALSE,FALSE,FALSE
"INTS15","turquoise",0.96239745762383,1091.94787977603,1091.94399570648,0.00388406954334641,1322.87384937954,-0.427735376614514,-0.820858827620337,0.411732388215493,0.675160084824232,0.820858827620337,FALSE,TRUE,FALSE,FALSE,FALSE
"KXD1","turquoise",0.984072698178474,1335.86757439954,1335.80997435783,0.0576000417190698,1322.87384937954,-0.426773218166016,-0.819012367637836,0.412785045697533,0.675160084824232,0.819012367637836,FALSE,TRUE,TRUE,FALSE,FALSE
"PVRIG","turquoise",0.906160311398646,593.402522982754,593.402152193832,0.000370788921827625,1322.87384937954,-0.0794129340639347,-0.152399851678297,0.878872470131267,0.902222121683342,0.152399851678297,FALSE,TRUE,FALSE,FALSE,FALSE
"TSEN34","turquoise",0.85625857832794,235.050675691885,235.047900435714,0.00277525617099172,1322.87384937954,-0.932078666948116,-1.78873444571429,0.0736664115082846,0.675160084824232,1.78873444571429,FALSE,TRUE,FALSE,FALSE,FALSE
"NOC4L","turquoise",0.930510897581211,764.509535246519,764.508687969081,0.00084727743728763,1322.87384937954,-0.334866394627833,-0.642635730248188,0.520464786872091,0.675868213972517,0.642635730248188,FALSE,TRUE,FALSE,FALSE,FALSE
"TMEM223","turquoise",0.928481006313354,713.963834735747,713.963072926684,0.000761809063078545,1322.87384937954,-0.434500485832221,-0.833841620077496,0.404376043171507,0.675160084824232,0.833841620077496,FALSE,TRUE,FALSE,FALSE,FALSE
"ATG9A","brown",0.88396421786072,8.57631806731838,3.87367564423691,4.70264242308148,7.78987287898542,-0.38627639551589,-0.741295685360958,0.458519250559248,0.675160084824232,0.741295685360958,FALSE,TRUE,FALSE,FALSE,FALSE
"TMEM109","turquoise",0.97352249517854,1288.01155316241,1288.00530854471,0.00624461769643858,1322.87384937954,-0.427177654057577,-0.819788512866744,0.412342375080106,0.675160084824232,0.819788512866744,FALSE,TRUE,FALSE,FALSE,FALSE
"DCTPP1","turquoise",0.936619399975942,802.270168842815,802.268503030179,0.00166581263681564,1322.87384937954,-0.42087368952915,-0.807690694413844,0.419274261028625,0.675160084824232,0.807690694413844,FALSE,TRUE,FALSE,FALSE,FALSE
"LBHD1","turquoise",0.960532853667844,1046.18825840003,1046.18531550958,0.00294289044722973,1322.87384937954,-0.344293502076597,-0.660727112891101,0.508791768791996,0.675272681317988,0.660727112891101,FALSE,TRUE,FALSE,FALSE,FALSE
"WDR77","turquoise",0.952625714962404,1006.93083963628,1006.92234410789,0.00849552839122225,1322.87384937954,-0.194834931932914,-0.373904012971259,0.708478041013208,0.764058918256387,0.373904012971259,FALSE,TRUE,FALSE,FALSE,FALSE
"SMIM7","turquoise",0.967021325651667,1087.14854818816,1087.13787394529,0.0106742428756661,1322.87384937954,-0.368860625606991,-0.707873412499931,0.479028680114453,0.675160084824232,0.707873412499931,FALSE,TRUE,FALSE,FALSE,FALSE
"TRAPPC6A","turquoise",0.875089695320827,408.92054756151,408.920445115389,0.000102446120877175,1322.87384937954,-0.217464781511941,-0.417332526978428,0.676437811124173,0.741436691007304,0.417332526978428,FALSE,TRUE,FALSE,FALSE,FALSE
"BBLN","turquoise",0.813542141728476,205.283655868332,205.283611047678,4.48206534144902e-05,1322.87384937954,-0.559149002162632,-1.0730522175021,0.283255234640605,0.675160084824232,1.0730522175021,FALSE,TRUE,FALSE,FALSE,FALSE
"RNF26","turquoise",0.970060867865105,1149.8949082811,1149.85431285076,0.0405954303425915,1322.87384937954,-0.260870510518657,-0.500631636129668,0.616633604459125,0.702827937689393,0.500631636129668,FALSE,TRUE,FALSE,FALSE,FALSE
"DHX58","turquoise",0.817699862662592,183.538604744188,183.537690710128,0.000914034060031099,1322.87384937954,0.0370444218429933,0.0710912455373486,0.943325549916406,0.953777294576017,0.0710912455373486,FALSE,TRUE,FALSE,FALSE,FALSE
"DERL1","turquoise",0.964245664774259,1106.27139070931,1106.03832884239,0.233061866917751,1322.87384937954,-0.408716781507564,-0.784360603400399,0.4328339631652,0.675160084824232,0.784360603400399,FALSE,TRUE,FALSE,FALSE,FALSE
"PHF23","turquoise",0.97587137505787,1241.00500835593,1240.98907219142,0.0159361645139597,1322.87384937954,-0.474562806757547,-0.910724458356617,0.362446971436452,0.675160084824232,0.910724458356617,FALSE,TRUE,FALSE,FALSE,FALSE
"MBOAT7","turquoise",0.915863425421615,566.046332297734,566.039934917269,0.00639738046447746,1322.87384937954,-0.630223205209219,-1.2094493690509,0.226498584642672,0.675160084824232,1.2094493690509,FALSE,TRUE,FALSE,FALSE,FALSE
"PPDPF","turquoise",0.718720495820565,39.127154895292,39.115356317176,0.0117985781160499,1322.87384937954,-0.602571012580268,-1.15638257199943,0.247532758155388,0.675160084824232,1.15638257199943,FALSE,FALSE,FALSE,FALSE,FALSE
"GDPD3","turquoise",0.849848922190639,212.188503087943,212.146188729199,0.0423143587439938,1322.87384937954,-0.0415022865776348,-0.0796462489806708,0.936519075139179,0.949357200017002,0.0796462489806708,FALSE,TRUE,FALSE,FALSE,FALSE
"TNIP2","turquoise",0.970129287608949,1098.90282360277,1098.88480808842,0.0180155143534648,1322.87384937954,-0.287426866887524,-0.551595434652374,0.581229157084165,0.690122958963235,0.551595434652374,FALSE,TRUE,FALSE,FALSE,FALSE
"PLEKHF1","turquoise",0.904520949158597,528.258174779479,528.256995169262,0.00117961021715018,1322.87384937954,-0.208792850023229,-0.400690388160335,0.688650583174867,0.750529450463295,0.400690388160335,FALSE,TRUE,FALSE,FALSE,FALSE
"NOL12","turquoise",0.980347221425091,1301.92268037123,1301.91331641298,0.00936395824714964,1322.87384937954,-0.397588632469458,-0.763004784189688,0.445465788272075,0.675160084824232,0.763004784189688,FALSE,TRUE,FALSE,FALSE,FALSE
"TMEM243","turquoise",0.942592094703988,817.392337075188,817.388419924968,0.00391715022055905,1322.87384937954,-0.398735142502036,-0.765205029791645,0.44415472811515,0.675160084824232,0.765205029791645,FALSE,TRUE,FALSE,FALSE,FALSE
"LILRA6","turquoise",0.883516849524569,379.309240744484,379.239094348682,0.0701463958024533,1322.87384937954,-0.59767992536678,-1.14699617953494,0.251391197824667,0.675160084824232,1.14699617953494,FALSE,TRUE,FALSE,FALSE,FALSE
"C1orf35","turquoise",0.913167769910258,546.067082761683,546.066125317321,0.00095744436134737,1322.87384937954,-0.151024204071517,-0.289827678219294,0.771949823381969,0.81248902883074,0.289827678219294,FALSE,TRUE,FALSE,FALSE,FALSE
"FBXL15","turquoise",0.883139172214357,409.581840438502,409.581574498487,0.000265940015196975,1322.87384937954,-0.22582337651107,-0.43337334769764,0.664746284148168,0.732929771905268,0.43337334769764,FALSE,TRUE,FALSE,FALSE,FALSE
"EFHD2","turquoise",0.97174548038045,1159.59267330047,1159.58091916485,0.0117541356219135,1322.87384937954,-0.540510787400387,-1.03728397396853,0.299610842166309,0.675160084824232,1.03728397396853,FALSE,TRUE,FALSE,FALSE,FALSE
"CYBC1","turquoise",0.982050714721839,1333.73484892711,1333.72485457465,0.00999435246262692,1322.87384937954,-0.369369663737454,-0.708850297896442,0.47842219696253,0.675160084824232,0.708850297896442,FALSE,TRUE,TRUE,FALSE,FALSE
"PAGR1","turquoise",0.974006741365694,1205.97317557415,1205.91837007676,0.0548054973842227,1322.87384937954,-0.297333818530605,-0.57060767716408,0.568269349901655,0.687266112133024,0.57060767716408,FALSE,TRUE,FALSE,FALSE,FALSE
"RIPOR1","turquoise",0.94903686488197,970.704181418457,970.583277249336,0.12090416912099,1322.87384937954,-0.376399763596048,-0.722341628853572,0.470089387696961,0.675160084824232,0.722341628853572,FALSE,TRUE,FALSE,FALSE,FALSE
"ABHD8","turquoise",0.948098986785678,861.650486623503,861.646227156733,0.00425946676989497,1322.87384937954,-0.583197242599319,-1.11920273843266,0.263061492201483,0.675160084824232,1.11920273843266,FALSE,TRUE,FALSE,FALSE,FALSE
"SLC52A2","turquoise",0.945414439017293,798.696753030757,798.680217732508,0.0165352982487548,1322.87384937954,-0.162350910607088,-0.311564545347701,0.75537337550776,0.798176005802607,0.311564545347701,FALSE,TRUE,FALSE,FALSE,FALSE
"CORO7","turquoise",0.948517563090638,870.392558286789,870.388383531655,0.00417475513370391,1322.87384937954,-0.613313345323453,-1.17699797849509,0.239204477697972,0.675160084824232,1.17699797849509,FALSE,TRUE,FALSE,FALSE,FALSE
"CARS2","turquoise",0.973668758092461,1188.0421932473,1187.93373944276,0.108453804537476,1322.87384937954,-0.574865641402757,-1.10321372100665,0.269942101364383,0.675160084824232,1.10321372100665,FALSE,TRUE,FALSE,FALSE,FALSE
"MRPL24","turquoise",0.877686100878188,384.45656738882,384.456353863874,0.000213524945422705,1322.87384937954,-0.251324176812137,-0.482311448642654,0.629587792214761,0.709858580654341,0.482311448642654,FALSE,TRUE,FALSE,FALSE,FALSE
"CERS4","turquoise",0.956984977812582,904.207154070521,904.197633804675,0.00952026584627674,1322.87384937954,-0.499253744859145,-0.958108368154636,0.338014866982477,0.675160084824232,0.958108368154636,FALSE,TRUE,FALSE,FALSE,FALSE
"FAM118B","turquoise",0.978581201871976,1329.87614412035,1329.86106287257,0.0150812477718318,1322.87384937954,-0.382997385501167,-0.735002999594012,0.462342690698258,0.675160084824232,0.735002999594012,FALSE,TRUE,TRUE,FALSE,FALSE
"TNFAIP8L2","turquoise",0.961028327582903,1031.51653293343,1031.51241223585,0.00412069758499456,1322.87384937954,-0.347046448236602,-0.666010239517872,0.505409032976967,0.675272681317988,0.666010239517872,FALSE,TRUE,FALSE,FALSE,FALSE
"OGFRL1","turquoise",0.967038531812115,1092.18014119009,1092.12381129368,0.0563298964104888,1322.87384937954,-0.728647887026738,-1.39833430432349,0.162021738662709,0.675160084824232,1.39833430432349,FALSE,TRUE,FALSE,FALSE,FALSE
"OCEL1","turquoise",0.931982190730076,714.981651876293,714.977469401604,0.00418247468917343,1322.87384937954,-0.48262500850657,-0.926196476425644,0.354350397630837,0.675160084824232,0.926196476425644,FALSE,TRUE,FALSE,FALSE,FALSE
"CHMP6","turquoise",0.898311931514872,509.259569373179,509.259387618958,0.000181754220818675,1322.87384937954,-0.485676535556561,-0.932052603960693,0.351315898543519,0.675160084824232,0.932052603960693,FALSE,TRUE,FALSE,FALSE,FALSE
"USB1","turquoise",0.962923560725551,1045.07154013488,1045.03686240929,0.0346777255854249,1322.87384937954,-0.577332964618005,-1.10794871407143,0.267891731926014,0.675160084824232,1.10794871407143,FALSE,TRUE,FALSE,FALSE,FALSE
"RHBDF2","turquoise",0.953763182751707,1003.81352753237,1003.74285669106,0.0706708413141541,1322.87384937954,-0.440903303381638,-0.846129145483228,0.397486603985619,0.675160084824232,0.846129145483228,FALSE,TRUE,FALSE,FALSE,FALSE
"TMEM204","turquoise",0.887818915699046,413.67548548879,413.674685870606,0.000799618183975781,1322.87384937954,-0.489180078554934,-0.938776186706934,0.347852275833001,0.675160084824232,0.938776186706934,FALSE,TRUE,FALSE,FALSE,FALSE
"PPP1R3B","turquoise",0.923320247792561,633.413630349556,633.366685757114,0.0469445924421734,1322.87384937954,-0.346375630318233,-0.664722885606727,0.506232220581968,0.675272681317988,0.664722885606727,FALSE,TRUE,FALSE,FALSE,FALSE
"PLEKHF2","turquoise",0.958197671728901,1009.46847242502,1009.34570195693,0.122770468091744,1322.87384937954,-0.392424969069563,-0.753095295949057,0.451397817953912,0.675160084824232,0.753095295949057,FALSE,TRUE,FALSE,FALSE,FALSE
"PARP8","turquoise",0.950740008528222,897.919284261633,897.77891708219,0.140367179443615,1322.87384937954,-0.508470579548119,-0.975796220342697,0.329172337497594,0.675160084824232,0.975796220342697,FALSE,TRUE,FALSE,FALSE,FALSE
"FN3KRP","turquoise",0.947915764677524,843.677598807281,843.6632649499,0.0143338573808478,1322.87384937954,-0.288608510971974,-0.553863105345182,0.579676145822338,0.690044682051626,0.553863105345182,FALSE,TRUE,FALSE,FALSE,FALSE
"STEAP4","turquoise",0.931423476514796,711.534875811555,711.415987943218,0.118887868337424,1322.87384937954,-0.420001426715194,-0.806016751434173,0.420238776279992,0.675160084824232,0.806016751434173,FALSE,TRUE,FALSE,FALSE,FALSE
"GAL3ST4","turquoise",0.910729369755801,575.693269419269,575.687125767332,0.00614365193700905,1322.87384937954,-0.288855695009082,-0.554337471530447,0.579351523127507,0.690044682051626,0.554337471530447,FALSE,TRUE,FALSE,FALSE,FALSE
"COLGALT1","turquoise",0.972049363146727,1215.29694187383,1215.23955994822,0.0573819256117076,1322.87384937954,-0.606593988679783,-1.16410298893275,0.244390371719004,0.675160084824232,1.16410298893275,FALSE,TRUE,FALSE,FALSE,FALSE
"IPO4","turquoise",0.945490190926847,886.214053778192,886.158563397509,0.0554903806824996,1322.87384937954,-0.219089642524906,-0.420450766850718,0.674158821294125,0.739563401302144,0.420450766850718,FALSE,TRUE,FALSE,FALSE,FALSE
"IGFLR1","turquoise",0.943985287019688,829.598746235276,829.597780500345,0.000965734930787221,1322.87384937954,-0.420608793481669,-0.807182337446277,0.419567035322282,0.675160084824232,0.807182337446277,FALSE,TRUE,FALSE,FALSE,FALSE
"NPEPL1","turquoise",0.954181094927334,916.621955666621,916.592554576686,0.0294010899343675,1322.87384937954,-0.490458710123938,-0.941229984237077,0.346593640479494,0.675160084824232,0.941229984237077,FALSE,TRUE,FALSE,FALSE,FALSE
"KCTD17","turquoise",0.926362231994757,709.806568838866,709.800627408725,0.00594143014120618,1322.87384937954,-0.27565080600408,-0.528996220139704,0.596811493933085,0.695800099697167,0.528996220139704,FALSE,TRUE,FALSE,FALSE,FALSE
"GEMIN7","turquoise",0.937959026589007,700.196485343545,700.191116885305,0.00536845823967269,1322.87384937954,-0.440806605049889,-0.845943573553544,0.39759012229203,0.675160084824232,0.845943573553544,FALSE,TRUE,FALSE,FALSE,FALSE
"ISOC2","turquoise",0.919462647562669,577.132860553869,577.131113004011,0.00174754985721393,1322.87384937954,-0.277931015138137,-0.53337212612935,0.593779463436976,0.694686338974684,0.53337212612935,FALSE,TRUE,FALSE,FALSE,FALSE
"KATNBL1","turquoise",0.925350046573736,585.42734698611,585.409203524963,0.0181434611469058,1322.87384937954,-0.2679373410706,-0.514193456261949,0.607120053893496,0.698911341143287,0.514193456261949,FALSE,TRUE,FALSE,FALSE,FALSE
"TXNDC15","turquoise",0.968037545927532,1105.03734977587,1105.0101893663,0.027160409566477,1322.87384937954,-0.368627889924841,-0.707426773877923,0.479306108096559,0.675160084824232,0.707426773877923,FALSE,TRUE,FALSE,FALSE,FALSE
"GSDMD","turquoise",0.935568932699415,729.942035511546,729.940148705927,0.00188680561882393,1322.87384937954,-0.47360119076466,-0.908879039390364,0.363420362842514,0.675160084824232,0.908879039390364,FALSE,TRUE,FALSE,FALSE,FALSE
"HPS6","turquoise",0.929205075880128,705.887548586334,705.884120056239,0.00342853009465216,1322.87384937954,-0.391416237272282,-0.751159457938525,0.452561847694439,0.675160084824232,0.751159457938525,FALSE,TRUE,FALSE,FALSE,FALSE
"RNF122","turquoise",0.928204973966552,708.972583548162,708.96374272235,0.00884082581239909,1322.87384937954,-0.0393820936374304,-0.0755774270258443,0.939755736327233,0.951281953675304,0.0755774270258443,FALSE,TRUE,FALSE,FALSE,FALSE
"SNX22","turquoise",0.944956473888396,787.546780447451,787.538496428141,0.00828401930982636,1322.87384937954,-0.391087194570986,-0.750527998347409,0.452941914200552,0.675160084824232,0.750527998347409,FALSE,TRUE,FALSE,FALSE,FALSE
"PLBD1","turquoise",0.921675579943602,650.401653410471,650.156997204532,0.244656205939123,1322.87384937954,-0.657949265072952,-1.262657923308,0.206720722696649,0.675160084824232,1.262657923308,FALSE,TRUE,FALSE,FALSE,FALSE
"LPCAT1","turquoise",0.987951185726595,1450.28364078568,1450.25177498222,0.0318658034589134,1322.87384937954,-0.416134475227462,-0.798595758366431,0.424530375337893,0.675160084824232,0.798595758366431,FALSE,TRUE,TRUE,FALSE,FALSE
"RIN3","turquoise",0.959054668379366,1020.65871958364,1020.60293686198,0.055782721658943,1322.87384937954,-0.607003305933194,-1.16488850189036,0.244072226866183,0.675160084824232,1.16488850189036,FALSE,TRUE,FALSE,FALSE,FALSE
"MCMBP","turquoise",0.970734870207184,1202.59295847243,1202.55079030439,0.0421681680406891,1322.87384937954,-0.525532773796464,-1.008539952877,0.313202429581158,0.675160084824232,1.008539952877,FALSE,TRUE,FALSE,FALSE,FALSE
"ZNF672","turquoise",0.974830083130081,1276.37803572175,1276.34464295741,0.0333927643364405,1322.87384937954,-0.483503490199385,-0.927882353937477,0.353475125670603,0.675160084824232,0.927882353937477,FALSE,TRUE,FALSE,FALSE,FALSE
"RPP21","turquoise",0.948836640939276,869.414422361671,869.409012254146,0.00541010752476723,1322.87384937954,-0.0566343591265419,-0.10868592166399,0.913452244122054,0.929930376225846,0.10868592166399,FALSE,TRUE,FALSE,FALSE,FALSE
"PRR5L","turquoise",0.945410000838678,875.901201295494,875.839774479993,0.0614268155013633,1322.87384937954,-0.358742544109164,-0.68845599469874,0.491170327178872,0.675160084824232,0.68845599469874,FALSE,TRUE,FALSE,FALSE,FALSE
"NAA60","turquoise",0.972797768521036,1209.90849497864,1209.89249807601,0.0159969026269664,1322.87384937954,-0.388414541169438,-0.745398960026579,0.456035678295217,0.675160084824232,0.745398960026579,FALSE,TRUE,FALSE,FALSE,FALSE
"DOK3","turquoise",0.925612290133488,697.331025922333,697.284505559567,0.0465203627654773,1322.87384937954,-0.355048528694472,-0.681366879960287,0.495643972797461,0.675160084824232,0.681366879960287,FALSE,TRUE,FALSE,FALSE,FALSE
"KIAA0319L","turquoise",0.901887188366303,473.72960350917,473.728977794681,0.000625714489387974,1322.87384937954,-0.254059649448019,-0.487561042161548,0.625863910757778,0.708178355571799,0.487561042161548,FALSE,TRUE,FALSE,FALSE,FALSE
"COQ8B","turquoise",0.958960729348818,966.713827435254,966.707940718717,0.00588671653713391,1322.87384937954,-0.370908128042745,-0.711802735489919,0.476591777901781,0.675160084824232,0.711802735489919,FALSE,TRUE,FALSE,FALSE,FALSE
"DHDDS","turquoise",0.980719665575592,1353.97744907238,1353.95968322498,0.0177658473969586,1322.87384937954,-0.41271322761504,-0.792030107130474,0.428348596957748,0.675160084824232,0.792030107130474,FALSE,TRUE,TRUE,FALSE,FALSE
"DENND1C","turquoise",0.957615462303142,1037.44917879806,1037.44607884016,0.00309995789621098,1322.87384937954,-0.520007388933224,-0.997936291854413,0.318317289752841,0.675160084824232,0.997936291854413,FALSE,TRUE,FALSE,FALSE,FALSE
"DENND2D","turquoise",0.961354093510705,1079.38097662928,1079.37553288814,0.00544374113792401,1322.87384937954,-0.190337405587096,-0.365223704023655,0.714947021172723,0.76932700532996,0.365223704023655,FALSE,TRUE,FALSE,FALSE,FALSE
"ZNF767P","turquoise",0.969866737944687,1174.29136316907,1174.25979770768,0.0315654613930292,1322.87384937954,-0.326568822024488,-0.626712016448349,0.530852195188744,0.676813488619187,0.626712016448349,FALSE,TRUE,FALSE,FALSE,FALSE
"WLS","turquoise",0.916852431006135,529.762588986959,529.720200152609,0.0423888343497083,1322.87384937954,-1.01042405035126,-1.93908558121956,0.0524991058184396,0.675160084824232,1.93908558121956,FALSE,TRUE,FALSE,FALSE,FALSE
"ESRP2","turquoise",0.950396348983822,933.853448446835,933.850348165101,0.00310028173464616,1322.87384937954,-0.368335270201237,-0.70686521293069,0.479655044078895,0.675160084824232,0.70686521293069,FALSE,TRUE,FALSE,FALSE,FALSE
"MYO15B","turquoise",0.941178775856794,811.184949223583,811.077210427885,0.10773879569831,1322.87384937954,-0.306444238988694,-0.588091311825177,0.556474875008481,0.68250521558804,0.588091311825177,FALSE,TRUE,FALSE,FALSE,FALSE
"SLC8B1","turquoise",0.966156415910312,1067.26735765275,1067.2365295829,0.030828069854806,1322.87384937954,-0.170055955970187,-0.32635115138804,0.744160681949354,0.789830528305067,0.32635115138804,FALSE,TRUE,FALSE,FALSE,FALSE
"PANK2","turquoise",0.976056315524108,1209.58869016412,1209.53617510536,0.052515058755489,1322.87384937954,-0.390227500976916,-0.748878176718611,0.453935768405282,0.675160084824232,0.748878176718611,FALSE,TRUE,FALSE,FALSE,FALSE
"PTGES2","turquoise",0.95594695821715,1003.92666895744,1003.92524754388,0.00142141356184311,1322.87384937954,-0.456171808497215,-0.875430643310897,0.381345760536701,0.675160084824232,0.875430643310897,FALSE,TRUE,FALSE,FALSE,FALSE
"THOC7","turquoise",0.748271989681045,81.8887678993481,80.1521789825895,1.73658891675851,1322.87384937954,-0.383580292239988,-0.736121644832168,0.461661703679184,0.675160084824232,0.736121644832168,FALSE,FALSE,FALSE,FALSE,FALSE
"ZC3H12A","turquoise",0.975769316432795,1228.83191631965,1228.81478402402,0.0171322956296081,1322.87384937954,-0.406705460410829,-0.780500715330111,0.435101590930269,0.675160084824232,0.780500715330111,FALSE,TRUE,FALSE,FALSE,FALSE
"CENPT","turquoise",0.960382968777028,1048.53592156498,1048.52859767179,0.00732389318841342,1322.87384937954,-0.321294275260828,-0.616589734052827,0.537509458360804,0.676813488619187,0.616589734052827,FALSE,TRUE,FALSE,FALSE,FALSE
"PGGHG","turquoise",0.807484563159322,122.69276512818,122.689614402252,0.00315072592849219,1322.87384937954,-0.316161821387268,-0.606661018257863,0.544080423774472,0.678834478822713,0.606661018257863,FALSE,TRUE,FALSE,FALSE,FALSE
"CTC1","turquoise",0.970486013164973,1165.61290130796,1165.52918824571,0.083713062244442,1322.87384937954,-0.368646104406289,-0.707461728942911,0.479284392720409,0.675160084824232,0.707461728942911,FALSE,TRUE,FALSE,FALSE,FALSE
"TTI2","turquoise",0.968884337723106,1095.36734264905,1095.35216830635,0.015174342700675,1322.87384937954,-0.298800163078669,-0.573421711102863,0.566362951581785,0.68667660733274,0.573421711102863,FALSE,TRUE,FALSE,FALSE,FALSE
"RNF34","turquoise",0.975758079574872,1246.61970259628,1246.58433831092,0.0353642853590372,1322.87384937954,-0.414513798027105,-0.79548554756936,0.426336617440386,0.675160084824232,0.79548554756936,FALSE,TRUE,FALSE,FALSE,FALSE
"MUS81","turquoise",0.967125110673062,1137.16479952911,1137.15487204736,0.00992748175326597,1322.87384937954,-0.210441507285273,-0.403854294961733,0.686322384379319,0.748983768391916,0.403854294961733,FALSE,TRUE,FALSE,FALSE,FALSE
"FBXO11","turquoise",0.961297569314886,1108.47135335838,1108.15543593451,0.315917423872179,1322.87384937954,-0.606335255192538,-1.16360645841735,0.244591624357859,0.675160084824232,1.16360645841735,FALSE,TRUE,FALSE,FALSE,FALSE
"SPG11","turquoise",0.969443361974456,1217.64923675615,1217.44301016803,0.206226588118625,1322.87384937954,-0.499484202589948,-0.958550635203531,0.337791925285471,0.675160084824232,0.958550635203531,FALSE,TRUE,FALSE,FALSE,FALSE
"PROSER1","turquoise",0.972615096942396,1284.28173572209,1284.18853281222,0.0932029098664771,1322.87384937954,-0.327978994087172,-0.629418250838591,0.529079463292856,0.676813488619187,0.629418250838591,FALSE,TRUE,FALSE,FALSE,FALSE
"CCDC92","turquoise",0.95704853604795,1037.43299195686,1037.39142871368,0.0415632431790982,1322.87384937954,-0.41446291641638,-0.79538790163776,0.426393397389788,0.675160084824232,0.79538790163776,FALSE,TRUE,FALSE,FALSE,FALSE
"ALPK1","turquoise",0.947534733428656,871.248615354444,871.121936273163,0.126679081280599,1322.87384937954,-0.435988845495813,-0.836697902805858,0.402768225324114,0.675160084824232,0.836697902805858,FALSE,TRUE,FALSE,FALSE,FALSE
"ORAI2","turquoise",0.913288713196753,525.065693517228,525.064970181352,0.000723335876273268,1322.87384937954,-0.538704618165725,-1.03381778893566,0.301228640077788,0.675160084824232,1.03381778893566,FALSE,TRUE,FALSE,FALSE,FALSE
"TASL","turquoise",0.927607559274799,746.378101193625,746.173287326096,0.204813867529424,1322.87384937954,-0.441237684637289,-0.84677085019249,0.397128764650845,0.675160084824232,0.84677085019249,FALSE,TRUE,FALSE,FALSE,FALSE
"WDR26","brown",0.87951082487673,106.837056807037,5.25221026245173,101.584846544586,7.78987287898542,-0.511176013629563,-0.98098816744297,0.326605493343508,0.675160084824232,0.98098816744297,FALSE,TRUE,FALSE,FALSE,FALSE
"ATOSB","brown",0.74781363664314,1.19131812235705,0.677261052767348,0.514057069589698,7.78987287898542,-0.315712106918228,-0.605877100934769,0.544600374187807,0.678834478822713,0.605877100934769,FALSE,FALSE,FALSE,FALSE,FALSE
"CDK5RAP3","turquoise",0.950830079968632,936.900131380026,936.797315740027,0.102815639999221,1322.87384937954,-0.239780324395255,-0.460157860982581,0.645405830952353,0.720308511307479,0.460157860982581,FALSE,TRUE,FALSE,FALSE,FALSE
"PLEKHO2","turquoise",0.915557808679028,605.705751894063,605.700875908173,0.00487598588961191,1322.87384937954,-0.402875109017058,-0.773149960806717,0.439438962300357,0.675160084824232,0.773149960806717,FALSE,TRUE,FALSE,FALSE,FALSE
"TRABD","turquoise",0.943098629140077,786.602396436391,786.598077264767,0.00431917162438822,1322.87384937954,-0.707110800188096,-1.35700289051187,0.174789218667332,0.675160084824232,1.35700289051187,FALSE,TRUE,FALSE,FALSE,FALSE
"MED28","turquoise",0.982594524016799,1343.94494559485,1343.89474322678,0.0502023680733146,1322.87384937954,-0.336848221643358,-0.646439016788074,0.517999402883513,0.67583731433186,0.646439016788074,FALSE,TRUE,TRUE,FALSE,FALSE
"ABTB1","turquoise",0.814299735402013,127.789337763602,127.78586001917,0.00347774443154947,1322.87384937954,-0.394508522816586,-0.757093804324964,0.44899886438147,0.675160084824232,0.757093804324964,FALSE,TRUE,FALSE,FALSE,FALSE
"DNAJC5","turquoise",0.979489960323022,1325.0843133408,1325.04884118495,0.0354721558526307,1322.87384937954,-0.486134073467146,-0.932930656264545,0.350862337421725,0.675160084824232,0.932930656264545,FALSE,TRUE,TRUE,FALSE,FALSE
"WDR82","turquoise",0.978456649214467,1288.45195230866,1288.44638180198,0.00557050667134718,1322.87384937954,-0.577773164839381,-1.1087934939456,0.267527049357529,0.675160084824232,1.1087934939456,FALSE,TRUE,FALSE,FALSE,FALSE
"TRAF3IP3","turquoise",0.979919523634649,1346.55874030523,1346.50636567009,0.0523746351395857,1322.87384937954,-0.415369648464728,-0.7971279938697,0.425382215571465,0.675160084824232,0.7971279938697,FALSE,TRUE,TRUE,FALSE,FALSE
"REEP4","turquoise",0.893808090945555,471.567622816363,471.548175132266,0.0194476840975426,1322.87384937954,-0.350773292946886,-0.673162356333226,0.500848540656959,0.675272681317988,0.673162356333226,FALSE,TRUE,FALSE,FALSE,FALSE
"COASY","turquoise",0.984410264217787,1391.41236526582,1391.39221571674,0.020149549080088,1322.87384937954,-0.527137694108361,-1.01161992492906,0.311726948832861,0.675160084824232,1.01161992492906,FALSE,TRUE,TRUE,FALSE,FALSE
"AKNA","turquoise",0.988527250953399,1509.37083657469,1509.31607866182,0.0547579128706275,1322.87384937954,-0.498769313497197,-0.957178705139671,0.338483807401346,0.675160084824232,0.957178705139671,FALSE,TRUE,TRUE,FALSE,FALSE
"PBX4","turquoise",0.8720182813493,353.542589209949,353.540056191989,0.0025330179595926,1322.87384937954,-0.224288359231894,-0.430427525226433,0.666887379755726,0.73453517508277,0.430427525226433,FALSE,TRUE,FALSE,FALSE,FALSE
"TTYH3","turquoise",0.888880346854701,480.936738386071,480.851480349907,0.0852580361636797,1322.87384937954,-0.526700061456607,-1.01078007242892,0.312128830482868,0.675160084824232,1.01078007242892,FALSE,TRUE,FALSE,FALSE,FALSE
"NDFIP1","turquoise",0.96908793390038,1140.76370656257,1140.71506697246,0.0486395901182277,1322.87384937954,-0.55742150375632,-1.06973700815995,0.284745228301884,0.675160084824232,1.06973700815995,FALSE,TRUE,FALSE,FALSE,FALSE
"THAP7","turquoise",0.945109476629292,905.98964298034,905.988451054472,0.00119192586737427,1322.87384937954,-0.309360386694689,-0.593687635435484,0.552724968114897,0.681096310354657,0.593687635435484,FALSE,TRUE,FALSE,FALSE,FALSE
"LIMD2","turquoise",0.905227849812106,560.621801791154,560.621632087114,0.000169704039763019,1322.87384937954,-0.549295640628022,-1.05414281874851,0.29182495758466,0.675160084824232,1.05414281874851,FALSE,TRUE,FALSE,FALSE,FALSE
"COL18A1","turquoise",0.582297065745842,5.13752797570148,5.13104276408106,0.0064852116204186,1322.87384937954,-0.392863165677412,-0.753936230726613,0.450892687599087,0.675160084824232,0.753936230726613,FALSE,FALSE,FALSE,FALSE,FALSE
"CMIP","turquoise",0.944955849292355,898.884676481048,898.831948810442,0.0527276706055773,1322.87384937954,-0.587708121338832,-1.12785948004464,0.259387155181438,0.675160084824232,1.12785948004464,FALSE,TRUE,FALSE,FALSE,FALSE
"ZFP91","turquoise",0.983620094745253,1400.14851915653,1400.06135831358,0.0871608429458774,1322.87384937954,-0.599437561724351,-1.15036922604626,0.249999846654594,0.675160084824232,1.15036922604626,FALSE,TRUE,TRUE,FALSE,FALSE
"APOL6","turquoise",0.931507417727451,658.714471957868,658.711793812122,0.00267814574567637,1322.87384937954,-0.420289610074638,-0.806569798639306,0.419919969918925,0.675160084824232,0.806569798639306,FALSE,TRUE,FALSE,FALSE,FALSE
"APOL3","turquoise",0.965963275977567,1124.22178905388,1124.19879423939,0.022994814492904,1322.87384937954,-0.377731079633075,-0.72489653214447,0.468520451694275,0.675160084824232,0.72489653214447,FALSE,TRUE,FALSE,FALSE,FALSE
"TUBB1","turquoise",0.793658041296632,133.7448121045,133.653421811902,0.0913902925981063,1322.87384937954,-0.7861360867784,-1.50865881529487,0.131395202805903,0.675160084824232,1.50865881529487,FALSE,FALSE,FALSE,FALSE,FALSE
"ZBP1","turquoise",0.833071252627134,192.585016161552,192.584357579702,0.00065858185058687,1322.87384937954,-0.327008228412886,-0.627555272892751,0.530299492871576,0.676813488619187,0.627555272892751,FALSE,TRUE,FALSE,FALSE,FALSE
"CLPTM1L","turquoise",0.972660279188188,1195.53968327149,1195.4957209823,0.043962289184492,1322.87384937954,-0.32276582529806,-0.619413757746886,0.535647932914337,0.676813488619187,0.619413757746886,FALSE,TRUE,FALSE,FALSE,FALSE
"HM13","turquoise",0.977602919261494,1293.37127426893,1293.35163481467,0.0196394542613234,1322.87384937954,-0.387300352616187,-0.743260741960988,0.457328923572948,0.675160084824232,0.743260741960988,FALSE,TRUE,FALSE,FALSE,FALSE
"SLC38A1","turquoise",0.968670149266929,1144.64638979128,1144.60690475748,0.0394850338032029,1322.87384937954,-0.570209534139866,-1.09427827409707,0.273840632535812,0.675160084824232,1.09427827409707,FALSE,TRUE,FALSE,FALSE,FALSE
"VOPP1","turquoise",0.980281173346033,1281.41386485349,1281.38568511909,0.0281797343991457,1322.87384937954,-0.417444807165536,-0.801110391472054,0.42307328815079,0.675160084824232,0.801110391472054,FALSE,TRUE,FALSE,FALSE,FALSE
"CYRIA","turquoise",0.951848640556842,956.195283812006,956.065261925603,0.130021886403028,1322.87384937954,-0.596782205942961,-1.14527338325935,0.252103916197571,0.675160084824232,1.14527338325935,FALSE,TRUE,FALSE,FALSE,FALSE
"INTS14","turquoise",0.980118768949101,1364.33554855537,1364.31866419747,0.0168843579053828,1322.87384937954,-0.30177228927227,-0.579125461964268,0.562508322437327,0.685241693873877,0.579125461964268,FALSE,TRUE,TRUE,FALSE,FALSE
"FAM117A","brown",0.910841797703776,4.30581100579133,3.55113092282167,0.754680082969662,7.78987287898542,-0.0594085921901895,-0.114009899582757,0.909230612938543,0.92685954360209,0.114009899582757,FALSE,TRUE,FALSE,FALSE,FALSE
"TRIM11","turquoise",0.96787282105017,1119.94143385494,1119.91158356921,0.0298502857299354,1322.87384937954,-0.49904581805733,-0.957709339783124,0.338216093647395,0.675160084824232,0.957709339783124,FALSE,TRUE,FALSE,FALSE,FALSE
"TXNDC5","turquoise",0.655389169561213,15.8631793222313,15.8603663783567,0.00281294387460918,1322.87384937954,-0.513586560826164,-0.985614202729991,0.324329415687402,0.675160084824232,0.985614202729991,FALSE,FALSE,FALSE,FALSE,FALSE
"YJU2B","turquoise",0.965173525999519,1089.76385867249,1089.76034418272,0.00351448976766733,1322.87384937954,-0.438018804886556,-0.840593559271756,0.400581525661775,0.675160084824232,0.840593559271756,FALSE,TRUE,FALSE,FALSE,FALSE
"TRIM8","turquoise",0.958734803210222,1039.23625831769,1039.171432548,0.0648257696889232,1322.87384937954,-0.697900125055392,-1.33932685901112,0.180473160024669,0.675160084824232,1.33932685901112,FALSE,TRUE,FALSE,FALSE,FALSE
"URM1","turquoise",0.950518344686181,938.068803898674,938.064687971815,0.004115926858276,1322.87384937954,-0.470756881434362,-0.903420579440808,0.366309064181062,0.675160084824232,0.903420579440808,FALSE,TRUE,FALSE,FALSE,FALSE
"LBH","turquoise",0.950404602049279,935.21722733837,935.213911441046,0.00331589732445536,1322.87384937954,-0.256731723399271,-0.492618127615485,0.622286188892697,0.706060156778971,0.492618127615485,FALSE,TRUE,FALSE,FALSE,FALSE
"ITM2C","turquoise",0.730613360876935,45.7422166004007,45.7413381498177,0.000878450583051915,1322.87384937954,-0.518937301746618,-0.995882707882937,0.319314161002077,0.675160084824232,0.995882707882937,FALSE,FALSE,FALSE,FALSE,FALSE
"TSPAN14","turquoise",0.985948222877369,1445.47877265525,1445.43369178646,0.0450808687903645,1322.87384937954,-0.592955913316216,-1.13793041783858,0.255157484208012,0.675160084824232,1.13793041783858,FALSE,TRUE,TRUE,FALSE,FALSE
"UNC93B1","turquoise",0.940310202900819,797.750141728626,797.741099845874,0.00904188275217166,1322.87384937954,-0.459638769249824,-0.882084021764925,0.377737551374298,0.675160084824232,0.882084021764925,FALSE,TRUE,FALSE,FALSE,FALSE
"TSC22D4","turquoise",0.905431782371619,529.180413251425,529.178719806081,0.00169344534435822,1322.87384937954,-0.664968968449423,-1.27612930257398,0.201918452662612,0.675160084824232,1.27612930257398,FALSE,TRUE,FALSE,FALSE,FALSE
"MAP1LC3B","brown",0.884364092449567,49.8380131074143,4.76844644190485,45.0695666655094,7.78987287898542,-0.574057336409228,-1.10166251826397,0.270616145372708,0.675160084824232,1.10166251826397,FALSE,TRUE,FALSE,FALSE,FALSE
"CCNL2","turquoise",0.973499061847934,1218.0754036883,1218.04830971206,0.0270939762447142,1322.87384937954,-0.302975476176348,-0.581434475072576,0.560951487428721,0.684862205972612,0.581434475072576,FALSE,TRUE,FALSE,FALSE,FALSE
"VMP1","turquoise",0.92843622455721,672.870859734085,672.597474088881,0.273385645203575,1322.87384937954,-0.729031829140915,-1.39907112033393,0.161800696307344,0.675160084824232,1.39907112033393,FALSE,TRUE,FALSE,FALSE,FALSE
"C6orf62","turquoise",0.953660656125433,984.895536514268,984.560223615555,0.335312898712118,1322.87384937954,-0.387042951257379,-0.742766767907939,0.457627983447947,0.675160084824232,0.742766767907939,FALSE,TRUE,FALSE,FALSE,FALSE
"DOCK8","turquoise",0.939537391769936,875.197985360414,874.907703985787,0.290281374626602,1322.87384937954,-0.581247151470713,-1.11546035562989,0.264661010144983,0.675160084824232,1.11546035562989,FALSE,TRUE,FALSE,FALSE,FALSE
"NUAK2","turquoise",0.955503069281206,917.122926013841,917.111255430845,0.0116705829967714,1322.87384937954,-0.290116668916836,-0.556757382578655,0.577696836404159,0.68970573654207,0.556757382578655,FALSE,TRUE,FALSE,FALSE,FALSE
"SLCO5A1","grey",NA,0.111130714231272,0.0738259931588856,0.0373047210723861,1.16729646183719,-0.103299570428257,-0.198240241306583,0.842858278633208,0.871298905051297,0.198240241306583,FALSE,NA,FALSE,FALSE,FALSE
"TRIM56","turquoise",0.957483594835066,963.334430807416,963.331333092449,0.00309771496711164,1322.87384937954,-0.308100530055364,-0.591269868515873,0.55434351021146,0.681096310354657,0.591269868515873,FALSE,TRUE,FALSE,FALSE,FALSE
"TMEM14B","turquoise",0.864402728267647,313.597733050583,313.540936422395,0.0567966281886925,1322.87384937954,-0.437178658456427,-0.838981250233576,0.401485676180447,0.675160084824232,0.838981250233576,FALSE,TRUE,FALSE,FALSE,FALSE
"SFXN3","turquoise",0.968422234476318,1171.63531882943,1171.60811196184,0.0272068675894843,1322.87384937954,-0.521692348095316,-1.00116986494189,0.316751753151472,0.675160084824232,1.00116986494189,FALSE,TRUE,FALSE,FALSE,FALSE
"ISG20L2","turquoise",0.973737618005088,1177.68810713938,1177.68277197968,0.00533515970687404,1322.87384937954,-0.500947598863997,-0.961359011165715,0.336378460718911,0.675160084824232,0.961359011165715,FALSE,TRUE,FALSE,FALSE,FALSE
"RAB1B","turquoise",0.965880950480326,1045.21393050146,1045.18725529367,0.0266752077918682,1322.87384937954,-0.539120401661116,-1.0346157111353,0.300855705478258,0.675160084824232,1.0346157111353,FALSE,TRUE,FALSE,FALSE,FALSE
"QTRT1","turquoise",0.902485206123205,527.129164902181,527.128428188218,0.000736713962965041,1322.87384937954,-0.169518502996274,-0.325319735605789,0.744941079267188,0.790463208554421,0.325319735605789,FALSE,TRUE,FALSE,FALSE,FALSE
"SLIRP","turquoise",0.877708519821411,355.459311971044,355.359194105436,0.100117865608013,1322.87384937954,-0.634400681204527,-1.21746628379632,0.223435229792464,0.675160084824232,1.21746628379632,FALSE,TRUE,FALSE,FALSE,FALSE
"SLC25A28","turquoise",0.987074074874815,1415.64990820955,1415.62445563555,0.0254525740012923,1322.87384937954,-0.364685211208432,-0.699860454125624,0.484019200941655,0.675160084824232,0.699860454125624,FALSE,TRUE,TRUE,FALSE,FALSE
"ABHD17A","turquoise",0.900158949098114,457.208620264242,457.197789219431,0.0108310448110274,1322.87384937954,-0.54509853970286,-1.04608824217338,0.295527662330357,0.675160084824232,1.04608824217338,FALSE,TRUE,FALSE,FALSE,FALSE
"HDHD3","turquoise",0.894546018153235,422.788681071201,422.788030853145,0.000650218056193808,1322.87384937954,-0.408042763632883,-0.783067108513945,0.433593109438387,0.675160084824232,0.783067108513945,FALSE,TRUE,FALSE,FALSE,FALSE
"ADPGK","turquoise",0.985018190001995,1416.87885713475,1416.80120857272,0.077648562029708,1322.87384937954,-0.563431448523514,-1.08127057888002,0.279584370047703,0.675160084824232,1.08127057888002,FALSE,TRUE,TRUE,FALSE,FALSE
"SF3B5","turquoise",0.924205322707456,612.688399576785,612.685088579017,0.0033109977686081,1322.87384937954,-0.404946059018219,-0.777124281573608,0.437090806974033,0.675160084824232,0.777124281573608,FALSE,TRUE,FALSE,FALSE,FALSE
"PLVAP","grey",NA,0.0311686855413519,0.0168124743018779,0.014356211239474,1.16729646183719,0.0992009838278612,0.190374721698806,0.849016630837511,0.87703090791476,0.190374721698806,FALSE,NA,FALSE,FALSE,FALSE
"FAM110A","turquoise",0.951211463571064,981.556840702846,981.550747439115,0.00609326373069052,1322.87384937954,-0.400414213684707,-0.768427303369778,0.442238653144258,0.675160084824232,0.768427303369778,FALSE,TRUE,FALSE,FALSE,FALSE
"UCK1","turquoise",0.983073143317666,1307.21260253961,1307.18563073133,0.0269718082849977,1322.87384937954,-0.421736984307568,-0.809347427007046,0.418320945443512,0.675160084824232,0.809347427007046,FALSE,TRUE,FALSE,FALSE,FALSE
"TMUB1","turquoise",0.957152411122955,972.560926126229,972.558141863596,0.00278426263264464,1322.87384937954,-0.459829376571545,-0.88244981265153,0.37753979046005,0.675160084824232,0.88244981265153,FALSE,TRUE,FALSE,FALSE,FALSE
"RASSF5","turquoise",0.987335991035648,1490.37195753546,1490.3218908051,0.0500667303547289,1322.87384937954,-0.596262582583202,-1.14427618395058,0.252517099281198,0.675160084824232,1.14427618395058,FALSE,TRUE,TRUE,FALSE,FALSE
"BCL2L12","turquoise",0.948383873966054,832.749660535687,832.724239625116,0.0254209105710288,1322.87384937954,-0.291206285037173,-0.558848444155499,0.576268804464227,0.689048481278804,0.558848444155499,FALSE,TRUE,FALSE,FALSE,FALSE
"CCM2","turquoise",0.977268368423198,1215.76128206869,1215.71179875302,0.0494833156637924,1322.87384937954,-0.469718661769888,-0.901428151825076,0.36736704608625,0.675160084824232,0.901428151825076,FALSE,TRUE,FALSE,FALSE,FALSE
"ZMIZ2","turquoise",0.966024668961305,1154.33195675643,1154.31359393993,0.0183628165025311,1322.87384937954,-0.352245934887464,-0.675988475478233,0.499052518142995,0.675272681317988,0.675988475478233,FALSE,TRUE,FALSE,FALSE,FALSE
"C11orf68","turquoise",0.880920247955916,420.932554946043,420.932253424884,0.000301521158633022,1322.87384937954,-0.48000280933276,-0.92116426385385,0.356971149178434,0.675160084824232,0.92116426385385,FALSE,TRUE,FALSE,FALSE,FALSE
"FAM107B","turquoise",0.965916802554927,1113.39958297378,1113.34070320002,0.0588797737566438,1322.87384937954,-0.734034095114965,-1.40867087384369,0.158941572535795,0.675160084824232,1.40867087384369,FALSE,TRUE,FALSE,FALSE,FALSE
"SELENOO","turquoise",0.956339895595161,950.305946778597,950.298895369246,0.00705140935167492,1322.87384937954,-0.582190267234457,-1.11727027115819,0.263886605721555,0.675160084824232,1.11727027115819,FALSE,TRUE,FALSE,FALSE,FALSE
"PARP9","turquoise",0.880394706503204,396.083325407556,396.043071687597,0.040253719959594,1322.87384937954,-0.274103996598486,-0.526027767622922,0.598872313872752,0.695822020816178,0.526027767622922,FALSE,TRUE,FALSE,FALSE,FALSE
"RHNO1","turquoise",0.973968333893927,1204.28926832311,1204.25615373815,0.033114584959776,1322.87384937954,-0.302650397011891,-0.580810621829638,0.561371910158834,0.684985525653269,0.580810621829638,FALSE,TRUE,FALSE,FALSE,FALSE
"FERMT3","turquoise",0.945967504299232,831.451502204356,831.436168199334,0.0153340050219413,1322.87384937954,-0.586192474953314,-1.12495083188711,0.260617739154175,0.675160084824232,1.12495083188711,FALSE,TRUE,FALSE,FALSE,FALSE
"TRPT1","turquoise",0.892545179816213,461.667897994966,461.667777054945,0.000120940021588467,1322.87384937954,-0.375831146625515,-0.72125040683801,0.470760377835375,0.675160084824232,0.72125040683801,FALSE,TRUE,FALSE,FALSE,FALSE
"CRISPLD2","turquoise",0.864999890949077,276.428524298499,276.341870455274,0.0866538432249513,1322.87384937954,-1.04573250857334,-2.00684537198241,0.0447739599167146,0.675160084824232,2.00684537198241,FALSE,TRUE,FALSE,FALSE,FALSE
"RBM4B","turquoise",0.98923064187145,1501.69346113703,1501.65699149304,0.0364696439919499,1322.87384937954,-0.405690601103439,-0.778553118131448,0.436248373705197,0.675160084824232,0.778553118131448,FALSE,TRUE,TRUE,FALSE,FALSE
"KLF16","turquoise",0.948511529519467,880.30673028787,880.304566382642,0.00216390522814436,1322.87384937954,-0.563231835180018,-1.08088750470828,0.27975475443166,0.675160084824232,1.08088750470828,FALSE,TRUE,FALSE,FALSE,FALSE
"TAF3","turquoise",0.945535630720493,822.998073961197,822.994752940489,0.00332102070831297,1322.87384937954,-0.349863598463,-0.671416578947577,0.501959706284674,0.675272681317988,0.671416578947577,FALSE,TRUE,FALSE,FALSE,FALSE
"TMEM120A","turquoise",0.88275648690128,385.695101423548,385.69482113125,0.000280292298327822,1322.87384937954,-0.511187898371369,-0.981010975224975,0.326594246181849,0.675160084824232,0.981010975224975,FALSE,TRUE,FALSE,FALSE,FALSE
"TBC1D10A","turquoise",0.955824173417541,1017.36536231286,1017.36108869195,0.00427362091124905,1322.87384937954,-0.32399489122351,-0.621772434793006,0.534095645367128,0.676813488619187,0.621772434793006,FALSE,TRUE,FALSE,FALSE,FALSE
"FGFBP2","turquoise",0.869938711474051,291.93955417766,291.927032697666,0.0125214799943478,1322.87384937954,-0.228682620371774,-0.438860468220509,0.660765405815125,0.731360729171889,0.438860468220509,FALSE,TRUE,FALSE,FALSE,FALSE
"KCTD10","turquoise",0.968223782162513,1215.73698453614,1215.62790621721,0.109078318933371,1322.87384937954,-0.363503789394943,-0.69759320998879,0.485436355938299,0.675160084824232,0.69759320998879,FALSE,TRUE,FALSE,FALSE,FALSE
"STK40","turquoise",0.943818038998456,834.172429597886,834.083144866086,0.0892847318004897,1322.87384937954,-0.699157165581442,-1.3417392215813,0.179689444309298,0.675160084824232,1.3417392215813,FALSE,TRUE,FALSE,FALSE,FALSE
"HDAC10","turquoise",0.919445541422205,651.044423946788,651.040711655197,0.00371229159088671,1322.87384937954,-0.447596730673263,-0.858974374519116,0.390360654697792,0.675160084824232,0.858974374519116,FALSE,TRUE,FALSE,FALSE,FALSE
"RASSF4","turquoise",0.928952777090447,725.363879592538,725.276714891924,0.087164700614494,1322.87384937954,-0.44516860420781,-0.854314603191523,0.392936662497578,0.675160084824232,0.854314603191523,FALSE,TRUE,FALSE,FALSE,FALSE
"EIF2A","turquoise",0.957830561757167,982.355885100921,982.321414885536,0.034470215384772,1322.87384937954,-0.370805015075674,-0.711604853355568,0.476714338584398,0.675160084824232,0.711604853355568,FALSE,TRUE,FALSE,FALSE,FALSE
"TATDN1","turquoise",0.946152860954517,823.326339725327,823.302598778093,0.0237409472339323,1322.87384937954,-0.320670213611511,-0.615392109208524,0.538299882759,0.676813488619187,0.615392109208524,FALSE,TRUE,FALSE,FALSE,FALSE
"TM2D1","turquoise",0.941517623578545,800.561481407237,800.529898368669,0.0315830385679874,1322.87384937954,-0.594670214372702,-1.14122030039763,0.25378622324432,0.675160084824232,1.14122030039763,FALSE,TRUE,FALSE,FALSE,FALSE
"IFI27L2","turquoise",0.777833855334495,98.4021297216082,98.4020703801533,5.9341454957007e-05,1322.87384937954,-0.426577047030483,-0.818635899341944,0.412999863925652,0.675160084824232,0.818635899341944,FALSE,FALSE,FALSE,FALSE,FALSE
"SPNS1","turquoise",0.965717284870978,1154.83050063599,1154.82322613551,0.00727450048020728,1322.87384937954,-0.375116633480289,-0.719879198247895,0.471604280124696,0.675160084824232,0.719879198247895,FALSE,TRUE,FALSE,FALSE,FALSE
"MAGT1","turquoise",0.971520091783254,1167.55865570295,1167.51275265883,0.0459030441147661,1322.87384937954,-0.509874084691785,-0.978489660375427,0.327839101440318,0.675160084824232,0.978489660375427,FALSE,TRUE,FALSE,FALSE,FALSE
"TMEM222","turquoise",0.93400757315217,769.693537245854,769.692745921575,0.000791324279020955,1322.87384937954,-0.246869615205263,-0.473762784169018,0.635672090427583,0.712597385217957,0.473762784169018,FALSE,TRUE,FALSE,FALSE,FALSE
"FHIP1B","turquoise",0.966918410519421,1120.74831178461,1120.61602577982,0.132286004793286,1322.87384937954,-0.510224813193035,-0.979162736772867,0.327506480819163,0.675160084824232,0.979162736772867,FALSE,TRUE,FALSE,FALSE,FALSE
"PRAM1","turquoise",0.913411216448741,605.199060569656,605.197330438743,0.00173013091250596,1322.87384937954,-0.564651493637336,-1.08361194425808,0.278544506977769,0.675160084824232,1.08361194425808,FALSE,TRUE,FALSE,FALSE,FALSE
"SLC7A6OS","turquoise",0.980072950868609,1360.89023040716,1360.84576792532,0.0444624818353532,1322.87384937954,-0.410155255729898,-0.787121151927042,0.431216385020115,0.675160084824232,0.787121151927042,FALSE,TRUE,TRUE,FALSE,FALSE
"KAT8","turquoise",0.982345240331708,1303.97055320567,1303.94983694163,0.0207162640413117,1322.87384937954,-0.455778870515236,-0.874676563501629,0.381756037837891,0.675160084824232,0.874676563501629,FALSE,TRUE,FALSE,FALSE,FALSE
"RNASEH2C","turquoise",0.967829867991937,1136.49074813471,1136.47830803609,0.0124400986235287,1322.87384937954,-0.213220729515784,-0.409187847495756,0.682404366022162,0.745689764552625,0.409187847495756,FALSE,TRUE,FALSE,FALSE,FALSE
"ASCC2","blue",0.90758890189844,9.13888895601406,9.03466275683437,0.104226199179692,19.5381539006617,-0.0441627479315685,-0.0847518897747624,0.93245913671361,0.946583961506432,0.0847518897747624,FALSE,TRUE,FALSE,FALSE,FALSE
"NLRC5","turquoise",0.956444955921878,981.317247998466,981.279485384889,0.0377626135770015,1322.87384937954,-0.341861156048077,-0.656059243880263,0.511790405526641,0.675272681317988,0.656059243880263,FALSE,TRUE,FALSE,FALSE,FALSE
"SLA2","turquoise",0.982556738229421,1349.98757331155,1349.95770717382,0.0298661377323697,1322.87384937954,-0.440123542702107,-0.844632721590749,0.398321822721272,0.675160084824232,0.844632721590749,FALSE,TRUE,TRUE,FALSE,FALSE
"FAR1","turquoise",0.949734419540489,924.878391946591,924.737632638729,0.140759307861913,1322.87384937954,-0.616254744546139,-1.1826427618109,0.236958952412526,0.675160084824232,1.1826427618109,FALSE,TRUE,FALSE,FALSE,FALSE
"LRRC8C","turquoise",0.971794729953404,1197.48387670191,1197.44832885348,0.035547848430042,1322.87384937954,-0.441926560699964,-0.848092859144986,0.396392174191428,0.675160084824232,0.848092859144986,FALSE,TRUE,FALSE,FALSE,FALSE
"TRAF7","turquoise",0.981745942494818,1371.34710731491,1371.27592228792,0.0711850269897241,1322.87384937954,-0.524422775926284,-1.00640977707161,0.314225589493739,0.675160084824232,1.00640977707161,FALSE,TRUE,TRUE,FALSE,FALSE
"ZDHHC18","turquoise",0.92096243565542,588.71494894546,588.701999135033,0.0129498104262211,1322.87384937954,-0.532506486243313,-1.0219230718245,0.306824516551528,0.675160084824232,1.0219230718245,FALSE,TRUE,FALSE,FALSE,FALSE
"FLYWCH1","turquoise",0.892984769832907,370.571601299136,370.560145667287,0.0114556318492873,1322.87384937954,-0.450093659410928,-0.863766182978995,0.387722386215076,0.675160084824232,0.863766182978995,FALSE,TRUE,FALSE,FALSE,FALSE
"POLR3GL","turquoise",0.960242527024883,1014.65657179757,1014.65375088562,0.00282091194981149,1322.87384937954,-0.28574462113869,-0.548367068824683,0.583443451273077,0.691036061334209,0.548367068824683,FALSE,TRUE,FALSE,FALSE,FALSE
"ALKBH7","turquoise",0.870342412602968,300.872273043404,300.870586375865,0.0016866675389906,1322.87384937954,-0.683727004463412,-1.3121274927933,0.189485898906271,0.675160084824232,1.3121274927933,FALSE,TRUE,FALSE,FALSE,FALSE
"POLDIP3","turquoise",0.975403083552566,1298.88100487455,1298.83595051704,0.0450543575113898,1322.87384937954,-0.397363972118756,-0.762573642782706,0.445722950669163,0.675160084824232,0.762573642782706,FALSE,TRUE,FALSE,FALSE,FALSE
"YIPF4","turquoise",0.941052309243688,744.231871849468,744.227559881049,0.00431196841896053,1322.87384937954,-0.341693989281468,-0.655738437317238,0.511996829696314,0.675272681317988,0.655738437317238,FALSE,TRUE,FALSE,FALSE,FALSE
"NOA1","turquoise",0.979906961045539,1333.17543333333,1333.15063128361,0.0248020497253947,1322.87384937954,-0.637498368847947,-1.22341099724845,0.221182903402486,0.675160084824232,1.22341099724845,FALSE,TRUE,TRUE,FALSE,FALSE
"COQ5","blue",0.71486643553224,2.95806625340758,1.63356719750839,1.32449905589919,19.5381539006617,-0.555609217683064,-1.06625908441845,0.286314042218184,0.675160084824232,1.06625908441845,FALSE,FALSE,FALSE,FALSE,FALSE
"PRADC1","turquoise",0.898969456344013,408.207152780382,408.193500207461,0.0136525729205914,1322.87384937954,-0.268752555273956,-0.515757918337829,0.606026820196891,0.698851950798586,0.515757918337829,FALSE,TRUE,FALSE,FALSE,FALSE
"EIF1AD","turquoise",0.979287853289372,1328.56741218764,1328.54439696873,0.023015218901719,1322.87384937954,-0.229022811323348,-0.439513322206742,0.660292399025613,0.731025838776678,0.439513322206742,FALSE,TRUE,TRUE,FALSE,FALSE
"TMEM175","turquoise",0.946148047857695,870.25396490722,870.244780736402,0.0091841708181164,1322.87384937954,-0.308033077781716,-0.591140422140159,0.554430231734818,0.681096310354657,0.591140422140159,FALSE,TRUE,FALSE,FALSE,FALSE
"MIEN1","turquoise",0.928438714094017,653.439003436967,653.433122411029,0.00588102593815165,1322.87384937954,-0.352485117171304,-0.676447485650959,0.498761136699674,0.675272681317988,0.676447485650959,FALSE,TRUE,FALSE,FALSE,FALSE
"NUDT22","turquoise",0.934250965793229,774.311732912315,774.311197501403,0.000535410912561929,1322.87384937954,-0.305460195160955,-0.586202852027538,0.557743061389343,0.683279060353868,0.586202852027538,FALSE,TRUE,FALSE,FALSE,FALSE
"PYM1","turquoise",0.945814322791007,851.183259335445,851.180628490626,0.00263084481900933,1322.87384937954,-0.376741058014664,-0.722996600482423,0.469686900887411,0.675160084824232,0.722996600482423,FALSE,TRUE,FALSE,FALSE,FALSE
"NUDT16L1","turquoise",0.966850356227462,1091.47001196645,1091.44343468511,0.0265772813445437,1322.87384937954,-0.499564818221487,-0.958705343129063,0.33771396112031,0.675160084824232,0.958705343129063,FALSE,TRUE,FALSE,FALSE,FALSE
"MRPL45","turquoise",0.955314063952362,920.628465952566,920.615303652079,0.013162300486897,1322.87384937954,-0.560965304624817,-1.07653784901921,0.281694352110969,0.675160084824232,1.07653784901921,FALSE,TRUE,FALSE,FALSE,FALSE
"VPS25","turquoise",0.969478010570599,1102.51245940232,1102.49940997834,0.0130494239808741,1322.87384937954,-0.457224713225779,-0.87745125275388,0.380247728818252,0.675160084824232,0.87745125275388,FALSE,TRUE,FALSE,FALSE,FALSE
"NAA38","turquoise",0.823453494464757,157.241263020377,157.236924069187,0.00433895118959526,1322.87384937954,-0.488397593745995,-0.93727453498951,0.348623955331561,0.675160084824232,0.93727453498951,FALSE,TRUE,FALSE,FALSE,FALSE
"CCDC115","turquoise",0.975135215911197,1251.78356487672,1251.77737856703,0.00618630968961043,1322.87384937954,-0.435809640251424,-0.836353993429044,0.402961610722909,0.675160084824232,0.836353993429044,FALSE,TRUE,FALSE,FALSE,FALSE
"THOC3","turquoise",0.956257650030377,967.843212868064,967.831414901912,0.0117979661515619,1322.87384937954,-0.364598327365833,-0.699693716995439,0.484123344517999,0.675160084824232,0.699693716995439,FALSE,TRUE,FALSE,FALSE,FALSE
"SARNP","turquoise",0.887278458536088,374.411435242609,374.403998949579,0.00743629302985482,1322.87384937954,-0.379898603969547,-0.72905618688184,0.465972269814612,0.675160084824232,0.72905618688184,FALSE,TRUE,FALSE,FALSE,FALSE
"METTL26","turquoise",0.886743963759603,478.109185237816,478.109047914308,0.000137323508113241,1322.87384937954,-0.30205321160225,-0.57966457466583,0.562144643065904,0.685148728078903,0.57966457466583,FALSE,TRUE,FALSE,FALSE,FALSE
"HVCN1","turquoise",0.970694874061021,1151.20460240222,1151.17920001404,0.0254023881757348,1322.87384937954,-0.778938473249369,-1.49484601203817,0.13496383117747,0.675160084824232,1.49484601203817,FALSE,TRUE,FALSE,FALSE,FALSE
"ZNF414","turquoise",0.911270535524097,557.524772812627,557.516966536706,0.00780627592178007,1322.87384937954,-0.512964779973288,-0.984420954918764,0.324915520354393,0.675160084824232,0.984420954918764,FALSE,TRUE,FALSE,FALSE,FALSE
"MCRIP2","turquoise",0.868387355581368,283.345301189539,283.343869929933,0.00143125960596535,1322.87384937954,-0.36792525793979,-0.706078366196373,0.480144198475131,0.675160084824232,0.706078366196373,FALSE,TRUE,FALSE,FALSE,FALSE
"COG8","turquoise",0.964693054741607,1086.9187967363,1086.85825615508,0.0605405812170829,1322.87384937954,-0.527611861467764,-1.01252989049192,0.311291902287245,0.675160084824232,1.01252989049192,FALSE,TRUE,FALSE,FALSE,FALSE
"ARFGAP2","turquoise",0.977358228126573,1321.67103962827,1321.6647483397,0.00629128856394345,1322.87384937954,-0.317122231150348,-0.608583243534287,0.542804742687216,0.678222703019203,0.608583243534287,FALSE,TRUE,FALSE,FALSE,FALSE
"NIFK","turquoise",0.944368936707344,767.656493301954,767.624904758389,0.031588543565249,1322.87384937954,-0.244363065951253,-0.468952513159162,0.639106558788469,0.715139063564765,0.468952513159162,FALSE,TRUE,FALSE,FALSE,FALSE
"CARD11","turquoise",0.962231232436933,1118.67558306089,1118.64354580528,0.0320372556072925,1322.87384937954,-0.291507817068842,-0.559427108543667,0.575873916278526,0.688806131578259,0.559427108543667,FALSE,TRUE,FALSE,FALSE,FALSE
"RAB11FIP4","turquoise",0.978493820485389,1275.10231705347,1275.05035066535,0.0519663881220822,1322.87384937954,-0.433307447021733,-0.831552081982626,0.405667605718804,0.675160084824232,0.831552081982626,FALSE,TRUE,FALSE,FALSE,FALSE
"SYVN1","turquoise",0.95572384375899,1010.55890389046,1010.43492336663,0.123980523832415,1322.87384937954,-0.329462042372266,-0.632264340601477,0.527218373582652,0.676813488619187,0.632264340601477,FALSE,TRUE,FALSE,FALSE,FALSE
"ZNF512","turquoise",0.979618842525104,1354.65905947492,1354.61025971123,0.0487997636828368,1322.87384937954,-0.32922753802983,-0.631814307777146,0.52751243256491,0.676813488619187,0.631814307777146,FALSE,TRUE,TRUE,FALSE,FALSE
"GHDC","turquoise",0.894817822634264,497.905140107654,497.904663439173,0.000476668480700937,1322.87384937954,-0.442754952061327,-0.849682609254226,0.395507498134349,0.675160084824232,0.849682609254226,FALSE,TRUE,FALSE,FALSE,FALSE
"JAGN1","turquoise",0.953241829060745,939.472545688672,939.465539289933,0.00700639873878117,1322.87384937954,-0.435739085323866,-0.836218592809212,0.403037763784993,0.675160084824232,0.836218592809212,FALSE,TRUE,FALSE,FALSE,FALSE
"HOPX","turquoise",0.930882764608324,675.248239984661,675.224556918708,0.0236830659530369,1322.87384937954,-0.333336161127804,-0.639699088236577,0.522372519293437,0.676021301912766,0.639699088236577,FALSE,TRUE,FALSE,FALSE,FALSE
"MAP1LC3A","turquoise",0.847013746136309,219.838782384071,219.838292075215,0.000490308855859212,1322.87384937954,-0.501546052619114,-0.962507492387209,0.335801524343276,0.675160084824232,0.962507492387209,FALSE,TRUE,FALSE,FALSE,FALSE
"GNPTG","turquoise",0.987416675922656,1428.37185970515,1428.33437976348,0.0374799416727001,1322.87384937954,-0.389675705640505,-0.747819236781218,0.454574322376029,0.675160084824232,0.747819236781218,FALSE,TRUE,TRUE,FALSE,FALSE
"ZGPAT","turquoise",0.97476737168086,1239.30193452187,1239.29277146309,0.00916305877990453,1322.87384937954,-0.316443847451862,-0.607281370278388,0.543668218212724,0.678833475375363,0.607281370278388,FALSE,TRUE,FALSE,FALSE,FALSE
"NTNG2","turquoise",0.880643877210806,358.05420820133,358.043735951043,0.0104722502864547,1322.87384937954,-0.326872753517801,-0.627295285597729,0.530469867255875,0.676813488619187,0.627295285597729,FALSE,TRUE,FALSE,FALSE,FALSE
"TNRC18","turquoise",0.95774086891133,1037.92558107745,1037.77085047197,0.15473060547879,1322.87384937954,-0.513725274763982,-0.985880406010328,0.324198754785024,0.675160084824232,0.985880406010328,FALSE,TRUE,FALSE,FALSE,FALSE
"GPR174","turquoise",0.928417443929587,678.146769067946,678.121674706184,0.0250943617626262,1322.87384937954,-0.288093023708637,-0.552873843540407,0.5803534010724,0.690122958963235,0.552873843540407,FALSE,TRUE,FALSE,FALSE,FALSE
"MFSD14B","turquoise",0.919961240750807,601.210920161816,601.199217234368,0.0117029274475726,1322.87384937954,-0.491611306615525,-0.943441910246778,0.345461557524708,0.675160084824232,0.943441910246778,FALSE,TRUE,FALSE,FALSE,FALSE
"DGAT2","turquoise",0.907743815105682,474.236712473769,474.230446438668,0.0062660351010777,1322.87384937954,-0.632096392048993,-1.21304416629535,0.225121285910065,0.675160084824232,1.21304416629535,FALSE,TRUE,FALSE,FALSE,FALSE
"EBPL","turquoise",0.886342787222409,347.928369118778,347.875563152506,0.0528059662720466,1322.87384937954,-0.417400774996365,-0.801025890173495,0.423122204262701,0.675160084824232,0.801025890173495,FALSE,TRUE,FALSE,FALSE,FALSE
"ADGRE3","turquoise",0.952183286243358,867.956475409305,867.910732184508,0.0457432247973202,1322.87384937954,-0.672107240119292,-1.28949413341356,0.197241010125562,0.675160084824232,1.28949413341356,FALSE,TRUE,FALSE,FALSE,FALSE
"ACCS","turquoise",0.697536298843178,20.5471573276609,20.5461540171427,0.00100331051821811,1322.87384937954,-0.806121244012474,-1.54701195051322,0.121869586596292,0.675160084824232,1.54701195051322,FALSE,FALSE,FALSE,FALSE,FALSE
"HINT2","turquoise",0.929869960479648,699.7448098066,699.743641766755,0.00116803984451508,1322.87384937954,-0.407706510470816,-0.782421811464675,0.43397211901352,0.675160084824232,0.782421811464675,FALSE,TRUE,FALSE,FALSE,FALSE
"PPP1R9B","turquoise",0.941153897306873,833.831697137889,833.774400439478,0.057296698410596,1322.87384937954,-0.598035646355492,-1.14767883692013,0.251109172679758,0.675160084824232,1.14767883692013,FALSE,TRUE,FALSE,FALSE,FALSE
"HDGFL2","turquoise",0.97107634624973,1152.88881866268,1152.86930889229,0.019509770387458,1322.87384937954,-0.456497762315725,-0.876056175085795,0.381005628686993,0.675160084824232,0.876056175085795,FALSE,TRUE,FALSE,FALSE,FALSE
"PRRC2B","turquoise",0.976344009027143,1309.33281501083,1309.21358076125,0.119234249574447,1322.87384937954,-0.556887322114251,-1.06871187032843,0.285207039494055,0.675160084824232,1.06871187032843,FALSE,TRUE,FALSE,FALSE,FALSE
"SPSB2","turquoise",0.765069331439342,58.2986548198162,58.2973437966227,0.0013110231934732,1322.87384937954,0.129986375079294,0.24945438064705,0.803010817843983,0.837688407596317,0.24945438064705,FALSE,FALSE,FALSE,FALSE,FALSE
"PCGF1","turquoise",0.90359153851495,519.119466587681,519.118815702729,0.000650884952165143,1322.87384937954,-0.281596926816729,-0.540407307522262,0.588919677023846,0.693347880871342,0.540407307522262,FALSE,TRUE,FALSE,FALSE,FALSE
"DDX11L2","turquoise",0.689854356017295,20.8230865861573,20.8229088922618,0.000177693895437869,1322.87384937954,-0.196895735292757,-0.377858861511743,0.705537781740122,0.762037659502237,0.377858861511743,FALSE,FALSE,FALSE,FALSE,FALSE
"TUBA1C","turquoise",0.913428232302815,592.587608422152,592.494158290102,0.0934501320505206,1322.87384937954,-0.491818384222376,-0.943839308944383,0.345258415489593,0.675160084824232,0.943839308944383,FALSE,TRUE,FALSE,FALSE,FALSE
"NFKBID","turquoise",0.95668416017455,946.550810646203,946.545744767689,0.00506587851464246,1322.87384937954,-0.662291639890186,-1.27099129224693,0.203740362971434,0.675160084824232,1.27099129224693,FALSE,TRUE,FALSE,FALSE,FALSE
"BUD13","turquoise",0.971306174045609,1204.7209304303,1204.69051475078,0.0304156795173185,1322.87384937954,-0.197401280549815,-0.378829043801321,0.704817162211079,0.761574143775469,0.378829043801321,FALSE,TRUE,FALSE,FALSE,FALSE
"ABHD14B","turquoise",0.921821537069267,708.711286501686,708.710698091527,0.000588410159366504,1322.87384937954,-0.502293686486549,-0.963942262325503,0.335081667172456,0.675160084824232,0.963942262325503,FALSE,TRUE,FALSE,FALSE,FALSE
"PHF5A","turquoise",0.83292955219691,168.81699877877,168.814329436174,0.00266934259605023,1322.87384937954,-0.418205048352381,-0.802569355877293,0.422229245073705,0.675160084824232,0.802569355877293,FALSE,TRUE,FALSE,FALSE,FALSE
"ATP1A1-AS1","turquoise",0.953136745850341,962.652273315605,962.550846621143,0.101426694461793,1322.87384937954,-0.441056584386101,-0.846423304144164,0.397322545625056,0.675160084824232,0.846423304144164,FALSE,TRUE,FALSE,FALSE,FALSE
"CCDC142","turquoise",0.933468800195584,712.127443958164,712.122931149697,0.0045128084669841,1322.87384937954,-0.210371539271413,-0.403720020676818,0.686421131451474,0.748983768391916,0.403720020676818,FALSE,TRUE,FALSE,FALSE,FALSE
"HAVCR2","turquoise",0.931925188168676,736.087751780508,735.99686915958,0.0908826209274594,1322.87384937954,-0.163252169701285,-0.313294134537401,0.754059110253745,0.79737660845126,0.313294134537401,FALSE,TRUE,FALSE,FALSE,FALSE
"PARP10","turquoise",0.918105141624657,607.857061237693,607.852081657724,0.00497957996878995,1322.87384937954,-0.396869580606665,-0.761624865432998,0.446289164533349,0.675160084824232,0.761624865432998,FALSE,TRUE,FALSE,FALSE,FALSE
"ORAI1","turquoise",0.936953438539847,812.880291472069,812.879379087588,0.00091238448067088,1322.87384937954,-0.582373162666751,-1.11762126230444,0.263736609064863,0.675160084824232,1.11762126230444,FALSE,TRUE,FALSE,FALSE,FALSE
"ZBTB45","turquoise",0.961546386463762,1075.08527257114,1075.05598660184,0.0292859692999627,1322.87384937954,-0.219394780639581,-0.42103635160421,0.673731174608624,0.739414792194572,0.42103635160421,FALSE,TRUE,FALSE,FALSE,FALSE
"ZDHHC12","turquoise",0.905639751557142,539.423187195825,539.422994168885,0.000193026940223717,1322.87384937954,-0.285648413032356,-0.548182437677271,0.583570206144208,0.691036061334209,0.548182437677271,FALSE,TRUE,FALSE,FALSE,FALSE
"MIGA2","turquoise",0.981925845123583,1322.87739689133,1322.86917641543,0.00822047589645081,1322.87384937954,-0.406309893999808,-0.77974159135265,0.435548370697465,0.675160084824232,0.77974159135265,FALSE,TRUE,FALSE,FALSE,FALSE
"TBRG1","turquoise",0.981787218568184,1358.00184570431,1357.96725164152,0.0345940627969412,1322.87384937954,-0.327175970713017,-0.627877183951215,0.530088577239024,0.676813488619187,0.627877183951215,FALSE,TRUE,TRUE,FALSE,FALSE
"NFATC2IP","turquoise",0.986187294880707,1433.03309330654,1433.00880200922,0.0242912973208149,1322.87384937954,-0.50414941295717,-0.967503551707539,0.333299185891912,0.675160084824232,0.967503551707539,FALSE,TRUE,TRUE,FALSE,FALSE
"SPRYD3","turquoise",0.967340304849441,1150.32839718714,1150.32401437848,0.00438280866478635,1322.87384937954,-0.285260324285695,-0.547437663943291,0.584081646085578,0.691259983460553,0.547437663943291,FALSE,TRUE,FALSE,FALSE,FALSE
"HSH2D","turquoise",0.916233005975341,594.131259494368,594.129785713519,0.00147378084898264,1322.87384937954,-0.227386223965929,-0.436372578529795,0.662569176603093,0.732212735445837,0.436372578529795,FALSE,TRUE,FALSE,FALSE,FALSE
"WDR73","turquoise",0.983190887816472,1368.85479700055,1368.83043033332,0.0243666672326981,1322.87384937954,-0.327756694089407,-0.628991639140047,0.529358717227144,0.676813488619187,0.628991639140047,FALSE,TRUE,TRUE,FALSE,FALSE
"SYTL1","turquoise",0.889690122669518,438.55512942235,438.554102937018,0.00102648533186311,1322.87384937954,-0.46963673773765,-0.901270932972642,0.367450610489574,0.675160084824232,0.901270932972642,FALSE,TRUE,FALSE,FALSE,FALSE
"ALKBH6","turquoise",0.936677298797675,753.259277663902,753.24797939678,0.0112982671219015,1322.87384937954,-0.236728782802981,-0.454301705539711,0.649614562411772,0.723124022368048,0.454301705539711,FALSE,TRUE,FALSE,FALSE,FALSE
"LSM10","turquoise",0.929996972154485,655.029226700319,655.026531782416,0.00269491790345455,1322.87384937954,-0.520392809424063,-0.998675944989385,0.317958739845459,0.675160084824232,0.998675944989385,FALSE,TRUE,FALSE,FALSE,FALSE
"ATG4D","turquoise",0.87395365151294,306.204090260355,306.122421422339,0.0816688380159007,1322.87384937954,-0.359938861333719,-0.690751824335705,0.489726187936851,0.675160084824232,0.690751824335705,FALSE,TRUE,FALSE,FALSE,FALSE
"CEP19","turquoise",0.885450823081806,357.79673076155,357.772970314452,0.0237604470974588,1322.87384937954,-0.180447604803964,-0.346293567061607,0.729124225997371,0.779853816783721,0.346293567061607,FALSE,TRUE,FALSE,FALSE,FALSE
"COX14","turquoise",0.920163946619107,561.959803243059,561.947776743541,0.0120264995179014,1322.87384937954,-0.401276249911958,-0.770081620701369,0.44125677938673,0.675160084824232,0.770081620701369,FALSE,TRUE,FALSE,FALSE,FALSE
"PHYKPL","turquoise",0.976515008402061,1272.03265975798,1272.01238963425,0.0202701237315068,1322.87384937954,-0.338205833116843,-0.649044383151055,0.516314033068515,0.675818875712212,0.649044383151055,FALSE,TRUE,FALSE,FALSE,FALSE
"TMEM141","turquoise",0.876847463002162,359.077229937204,359.077041271077,0.000188666127087345,1322.87384937954,-0.0500441737530279,-0.0960388222299428,0.923490300242732,0.939035063475836,0.0960388222299428,FALSE,TRUE,FALSE,FALSE,FALSE
"REPS1","turquoise",0.975808291767385,1311.8554690477,1311.79256329216,0.0629057555386225,1322.87384937954,-0.217008177944719,-0.416456267755158,0.677078766935297,0.741949624779124,0.416456267755158,FALSE,TRUE,FALSE,FALSE,FALSE
"TMEM60","turquoise",0.917515209050711,556.961236404482,556.949127809299,0.0121085951825535,1322.87384937954,-0.553610613782546,-1.0624236016776,0.288050901275553,0.675160084824232,1.0624236016776,FALSE,TRUE,FALSE,FALSE,FALSE
"ARRDC1-AS1","turquoise",0.908570297313889,527.537234631443,527.532192394887,0.00504223655570968,1322.87384937954,-0.412173301318112,-0.790993944841057,0.428952992280638,0.675160084824232,0.790993944841057,FALSE,TRUE,FALSE,FALSE,FALSE
"PAQR8","turquoise",0.959163559628449,983.874332556651,983.841934460876,0.0323980957753065,1322.87384937954,-0.247999122230484,-0.475930399622877,0.634126993962094,0.712401465128115,0.475930399622877,FALSE,TRUE,FALSE,FALSE,FALSE
"DGCR6L","turquoise",0.882458701852524,415.29811928447,415.297746586761,0.000372697708598935,1322.87384937954,-0.563387538765105,-1.08118631249763,0.279621844139462,0.675160084824232,1.08118631249763,FALSE,TRUE,FALSE,FALSE,FALSE
"TRIM5","turquoise",0.937276173108658,805.065346308989,805.038099333331,0.0272469756580449,1322.87384937954,-0.422707748034746,-0.811210401216229,0.417250480400683,0.675160084824232,0.811210401216229,FALSE,TRUE,FALSE,FALSE,FALSE
"ZCCHC3","turquoise",0.982858683261767,1405.91845744581,1405.87724737829,0.0412100675209786,1322.87384937954,-0.553450849782149,-1.06211700162244,0.288190048041381,0.675160084824232,1.06211700162244,FALSE,TRUE,TRUE,FALSE,FALSE
"ALG2","turquoise",0.973533533051837,1227.59247514599,1227.55272541419,0.039749731806296,1322.87384937954,-0.433157028874123,-0.831263417375836,0.405830620491983,0.675160084824232,0.831263417375836,FALSE,TRUE,FALSE,FALSE,FALSE
"STRIP1","turquoise",0.987667215680151,1461.13454446004,1461.05331612466,0.0812283353800467,1322.87384937954,-0.399794205064615,-0.76723745661679,0.442945625663308,0.675160084824232,0.76723745661679,FALSE,TRUE,TRUE,FALSE,FALSE
"TUBGCP6","turquoise",0.955324077144224,985.154034318385,985.137562412018,0.0164719063665189,1322.87384937954,-0.267088677117617,-0.512564801407625,0.60825907966633,0.699352857330657,0.512564801407625,FALSE,TRUE,FALSE,FALSE,FALSE
"SNORD14D","turquoise",0.822132072491905,139.484318910152,139.478101032414,0.00621787773775395,1322.87384937954,-0.458690581236568,-0.880264372179041,0.378722273654205,0.675160084824232,0.880264372179041,FALSE,TRUE,FALSE,FALSE,FALSE
"DNAJC14","turquoise",0.985520417745153,1425.08950218978,1424.98615422832,0.103347961456393,1322.87384937954,-0.29315851181133,-0.56259492543504,0.573714423860537,0.688257984588534,0.56259492543504,FALSE,TRUE,TRUE,FALSE,FALSE
"HELZ2","turquoise",0.838207965777271,229.459055499154,229.452671281716,0.00638421743747131,1322.87384937954,-0.298740732459237,-0.573307658931219,0.566440157785785,0.68667660733274,0.573307658931219,FALSE,TRUE,FALSE,FALSE,FALSE
"ITPRIP","turquoise",0.943025021706496,855.132136372559,855.050381776976,0.0817545955839023,1322.87384937954,-0.471310945703458,-0.904483873643772,0.365745232029788,0.675160084824232,0.904483873643772,FALSE,TRUE,FALSE,FALSE,FALSE
"SSH2","turquoise",0.960634126325091,1048.40872548504,1048.30273044932,0.105995035718024,1322.87384937954,-0.708015108081174,-1.35873833059353,0.174238453028475,0.675160084824232,1.35873833059353,FALSE,TRUE,FALSE,FALSE,FALSE
"ANKRD13A","turquoise",0.962359587175374,1083.38532998287,1083.15160605381,0.233723929061171,1322.87384937954,-0.828258817509543,-1.58949574685243,0.11195772677316,0.675160084824232,1.58949574685243,FALSE,TRUE,FALSE,FALSE,FALSE
"RRP36","turquoise",0.969495939901253,1185.09513680273,1184.95212941435,0.143007388385058,1322.87384937954,-0.693534919631552,-1.33094967628919,0.183214413795436,0.675160084824232,1.33094967628919,FALSE,TRUE,FALSE,FALSE,FALSE
"TRIM4","turquoise",0.973318636079297,1241.87003421245,1241.77560390521,0.0944303072376442,1322.87384937954,-0.519297861304991,-0.996574650875159,0.318978043147624,0.675160084824232,0.996574650875159,FALSE,TRUE,FALSE,FALSE,FALSE
"SIGLEC10","turquoise",0.912164386748334,520.346242020904,520.305897233916,0.0403447869887259,1322.87384937954,-0.402186488181387,-0.771828441655513,0.44022135960498,0.675160084824232,0.771828441655513,FALSE,TRUE,FALSE,FALSE,FALSE
"FGD3","turquoise",0.964220424586987,1051.02909592508,1051.00514547583,0.0239504492544711,1322.87384937954,-0.563346507286523,-1.08110756976732,0.27965686489457,0.675160084824232,1.08110756976732,FALSE,TRUE,FALSE,FALSE,FALSE
"FCHSD1","turquoise",0.968533656366905,1153.44153155555,1153.3947494378,0.0467821177542191,1322.87384937954,-0.278315822461899,-0.534110602547043,0.593268474964198,0.694686338974684,0.534110602547043,FALSE,TRUE,FALSE,FALSE,FALSE
"ATG16L2","turquoise",0.914863744950948,549.131453108387,549.028740361787,0.102712746600332,1322.87384937954,-0.394722114189086,-0.757503703466363,0.448753349925542,0.675160084824232,0.757503703466363,FALSE,TRUE,FALSE,FALSE,FALSE
"RHOT2","turquoise",0.959329743308673,1005.82050549166,1005.81612464966,0.00438084200084177,1322.87384937954,-0.429496039701415,-0.824237682670361,0.4098102489299,0.675160084824232,0.824237682670361,FALSE,TRUE,FALSE,FALSE,FALSE
"MIDN","turquoise",0.934105743232338,715.661398080481,715.611873343053,0.0495247374277596,1322.87384937954,-0.652113265108637,-1.25145816675146,0.21077589889284,0.675160084824232,1.25145816675146,FALSE,TRUE,FALSE,FALSE,FALSE
"TMEM250","turquoise",0.975492976655329,1230.91505392497,1230.87476207802,0.0402918469487759,1322.87384937954,-0.728862304506079,-1.39874578883082,0.161898266592453,0.675160084824232,1.39874578883082,FALSE,TRUE,FALSE,FALSE,FALSE
"BTBD6","turquoise",0.951116393612863,900.029758668581,899.955014965132,0.0747437034483482,1322.87384937954,-0.222491728535163,-0.426979645420329,0.669396832341553,0.735662741444982,0.426979645420329,FALSE,TRUE,FALSE,FALSE,FALSE
"SYS1","turquoise",0.981308413668961,1320.45726031144,1320.43363210976,0.0236282016790028,1322.87384937954,-0.253149023552237,-0.485813477321041,0.627102520129775,0.708496645619581,0.485813477321041,FALSE,TRUE,FALSE,FALSE,FALSE
"KIAA2013","turquoise",0.962058496237239,988.60785168819,988.594164464327,0.013687223863144,1322.87384937954,-0.546560232648986,-1.04889334931134,0.294234594670713,0.675160084824232,1.04889334931134,FALSE,TRUE,FALSE,FALSE,FALSE
"TP53I13","turquoise",0.931394593720607,734.628924743976,734.625974825775,0.00294991820123869,1322.87384937954,-0.368318038495005,-0.706832143890933,0.479675596440663,0.675160084824232,0.706832143890933,FALSE,TRUE,FALSE,FALSE,FALSE
"CCDC97","turquoise",0.962256573927956,1131.72757246888,1131.70558144724,0.0219910216419521,1322.87384937954,-0.439514384628971,-0.843463697916095,0.398975040242615,0.675160084824232,0.843463697916095,FALSE,TRUE,FALSE,FALSE,FALSE
"CTU1","turquoise",0.891832428658003,405.982411936515,405.857422098751,0.124989837763451,1322.87384937954,-0.276678185312346,-0.530967844233973,0.595444498979931,0.695117434982287,0.530967844233973,FALSE,TRUE,FALSE,FALSE,FALSE
"SAMD1","turquoise",0.934169908889607,745.896116482322,745.884229173407,0.011887308915334,1322.87384937954,-0.370723104234822,-0.71144765981847,0.476811710595643,0.675160084824232,0.71144765981847,FALSE,TRUE,FALSE,FALSE,FALSE
"DCAF15","turquoise",0.987390519565159,1464.64393864402,1464.57960309397,0.0643355500587859,1322.87384937954,-0.341178098775659,-0.654748401657503,0.512634145575045,0.675272681317988,0.654748401657503,FALSE,TRUE,TRUE,FALSE,FALSE
"SCRN2","turquoise",0.967055996811829,1137.71538351279,1137.71059155976,0.00479195303569213,1322.87384937954,-0.339758684432784,-0.652024430583093,0.514389779769589,0.67551064465149,0.652024430583093,FALSE,TRUE,FALSE,FALSE,FALSE
"YIF1B","turquoise",0.920839199868147,596.484924765763,596.482709340296,0.00221542546728415,1322.87384937954,-0.443141304184542,-0.850424050267174,0.395095303807475,0.675160084824232,0.850424050267174,FALSE,TRUE,FALSE,FALSE,FALSE
"COX19","turquoise",0.971909237546824,1154.73846970652,1154.72431548836,0.0141542181586374,1322.87384937954,-0.287387839383386,-0.551520537711314,0.58128048334589,0.690122958963235,0.551520537711314,FALSE,TRUE,FALSE,FALSE,FALSE
"PPP1R3E","turquoise",0.96563251998177,1126.53429988299,1126.52107630724,0.0132235757573653,1322.87384937954,-0.241756132945066,-0.463949597599357,0.642686800375641,0.717832342436533,0.463949597599357,FALSE,TRUE,FALSE,FALSE,FALSE
"SEC11C","turquoise",0.878222317185185,323.198871768631,323.1886017568,0.0102700118305847,1322.87384937954,-0.407462104187704,-0.781952776014284,0.434247723010296,0.675160084824232,0.781952776014284,FALSE,TRUE,FALSE,FALSE,FALSE
"PYGO2","turquoise",0.933014132038081,778.7195736324,778.717556635818,0.00201699658225607,1322.87384937954,-0.318888420083658,-0.611972703131077,0.540559872851992,0.677574058876686,0.611972703131077,FALSE,TRUE,FALSE,FALSE,FALSE
"PIP4P1","turquoise",0.985277071306362,1433.22321901328,1433.20744943934,0.0157695739349037,1322.87384937954,-0.417632201972395,-0.801470017282473,0.422865144996167,0.675160084824232,0.801470017282473,FALSE,TRUE,TRUE,FALSE,FALSE
"JPT2","turquoise",0.979215120411757,1351.74004881103,1351.72184319108,0.0182056199500948,1322.87384937954,-0.406338282876222,-0.779796071905545,0.435516297545604,0.675160084824232,0.779796071905545,FALSE,TRUE,TRUE,FALSE,FALSE
"TRIM41","turquoise",0.976268262506947,1256.81318644304,1256.7355475856,0.0776388574447537,1322.87384937954,-0.346916080450607,-0.665760053178788,0.505568957314584,0.675272681317988,0.665760053178788,FALSE,TRUE,FALSE,FALSE,FALSE
"ADCK2","turquoise",0.982799717915664,1357.98184130289,1357.95717397701,0.0246673258814099,1322.87384937954,-0.479799211875849,-0.920773543845816,0.357175143792688,0.675160084824232,0.920773543845816,FALSE,TRUE,TRUE,FALSE,FALSE
"KIFC2","turquoise",0.890915815357663,429.925572285466,429.912370526055,0.0132017594111176,1322.87384937954,-0.274032034414203,-0.525889666363467,0.598968267860417,0.695822020816178,0.525889666363467,FALSE,TRUE,FALSE,FALSE,FALSE
"CERS5","turquoise",0.990695146582103,1492.0918653154,1492.06183450965,0.0300308057508119,1322.87384937954,-0.45530916212471,-0.873775155061153,0.382246828417934,0.675160084824232,0.873775155061153,FALSE,TRUE,TRUE,FALSE,FALSE
"DPP9","turquoise",0.97577906836831,1281.86847799882,1281.8527365688,0.0157414300263099,1322.87384937954,-0.397833258674267,-0.763474241687626,0.445185867716597,0.675160084824232,0.763474241687626,FALSE,TRUE,FALSE,FALSE,FALSE
"AP5B1","turquoise",0.93718554885926,765.52360980229,765.494264536783,0.0293452655073452,1322.87384937954,-0.565407012161115,-1.08506184549043,0.277901888126303,0.675160084824232,1.08506184549043,FALSE,TRUE,FALSE,FALSE,FALSE
"SLC39A13","turquoise",0.944000349434838,891.170369604019,891.166556563966,0.00381304005315997,1322.87384937954,-0.203741949323447,-0.390997300673241,0.695801658797199,0.754371414201513,0.390997300673241,FALSE,TRUE,FALSE,FALSE,FALSE
"LMF2","turquoise",0.951280020999978,944.119314851049,944.116798714733,0.00251613631564851,1322.87384937954,-0.405322667713985,-0.777847024160216,0.436664565357754,0.675160084824232,0.777847024160216,FALSE,TRUE,FALSE,FALSE,FALSE
"TMEM259","turquoise",0.959511398036058,967.113990335635,967.07865955078,0.0353307848547502,1322.87384937954,-0.475297321407857,-0.912134051454797,0.361704563415423,0.675160084824232,0.912134051454797,FALSE,TRUE,FALSE,FALSE,FALSE
"GUSBP11","turquoise",0.934571034791805,732.35793012178,732.319856745759,0.0380733760213161,1322.87384937954,-0.361686160163398,-0.694105032293825,0.487621042136547,0.675160084824232,0.694105032293825,FALSE,TRUE,FALSE,FALSE,FALSE
"DDX60L","turquoise",0.902015117944804,528.635571600586,528.593310536616,0.0422610639702725,1322.87384937954,-0.427854154463961,-0.821086771932579,0.411602548850243,0.675160084824232,0.821086771932579,FALSE,TRUE,FALSE,FALSE,FALSE
"ANKRD40","turquoise",0.980207013183458,1385.74801446616,1385.69497979231,0.0530346738571552,1322.87384937954,-0.318460006292137,-0.611150542370309,0.541103970674889,0.677802257659053,0.611150542370309,FALSE,TRUE,TRUE,FALSE,FALSE
"PCED1B","turquoise",0.946326210032958,925.147556360961,925.14537358905,0.0021827719109524,1322.87384937954,-0.407272638210793,-0.781589175460801,0.434461443305847,0.675160084824232,0.781589175460801,FALSE,TRUE,FALSE,FALSE,FALSE
"ANKRD44","turquoise",0.970527266550156,1171.16086991147,1171.0395309839,0.121338927576289,1322.87384937954,-0.499986218537396,-0.95951404446215,0.337306608953508,0.675160084824232,0.95951404446215,FALSE,TRUE,FALSE,FALSE,FALSE
"RSAD2","turquoise",0.415565262994132,4.58422856002956,4.58309132614002,0.00113723388954234,1322.87384937954,0.133694170283837,0.256569939918175,0.797512321075765,0.83305658672527,0.256569939918175,FALSE,FALSE,FALSE,FALSE,FALSE
"UBXN11","turquoise",0.887935450757351,386.179425116588,386.178185081729,0.00124003485922231,1322.87384937954,-0.766222252206846,-1.47044255404191,0.141451102997598,0.675160084824232,1.47044255404191,FALSE,TRUE,FALSE,FALSE,FALSE
"RPS19BP1","turquoise",0.888324984249317,347.060672811762,347.058115098641,0.00255771312112074,1322.87384937954,-0.743688259730339,-1.42719799757741,0.153531931479611,0.675160084824232,1.42719799757741,FALSE,TRUE,FALSE,FALSE,FALSE
"CHURC1","turquoise",0.914406446601228,543.938873569226,543.912820000941,0.0260535682847376,1322.87384937954,-0.800472289684419,-1.53617114968045,0.124505630409012,0.675160084824232,1.53617114968045,FALSE,TRUE,FALSE,FALSE,FALSE
"NLRP12","turquoise",0.969055973382805,1091.28151282676,1091.22729807396,0.0542147527987709,1322.87384937954,-0.637531957662479,-1.22347545690371,0.22115857051726,0.675160084824232,1.22347545690371,FALSE,TRUE,FALSE,FALSE,FALSE
"MYADM","turquoise",0.892334135120537,377.882138749086,377.747999088276,0.134139660809637,1322.87384937954,-1.02550651147939,-1.96803004556867,0.0490726204373454,0.675160084824232,1.96803004556867,FALSE,TRUE,FALSE,FALSE,FALSE
"SMDT1","turquoise",0.816300309117603,161.638974320664,161.63796111232,0.00101320834440344,1322.87384937954,-0.415088285334213,-0.796588035236216,0.425695840013586,0.675160084824232,0.796588035236216,FALSE,TRUE,FALSE,FALSE,FALSE
"MIDEAS","turquoise",0.972128206362021,1243.25639072612,1243.11291164452,0.143479081606529,1322.87384937954,-0.387865859738214,-0.744345995925419,0.456672278867574,0.675160084824232,0.744345995925419,FALSE,TRUE,FALSE,FALSE,FALSE
"CHMP7","turquoise",0.975791219544088,1288.73076078033,1288.71523477635,0.0155260039791756,1322.87384937954,-0.438008006567932,-0.840572836423822,0.400593138851562,0.675160084824232,0.840572836423822,FALSE,TRUE,FALSE,FALSE,FALSE
"NDUFAF2","turquoise",0.826094934871957,156.423536012195,156.416840810207,0.00669520198823648,1322.87384937954,-0.16537297820002,-0.317364137798898,0.750969246703227,0.795089385117289,0.317364137798898,FALSE,TRUE,FALSE,FALSE,FALSE
"TPGS1","turquoise",0.722422176868138,31.5835039954526,31.5730756189194,0.0104283765331985,1322.87384937954,-0.958411239048199,-1.83926878410217,0.0658842968539309,0.675160084824232,1.83926878410217,FALSE,FALSE,FALSE,FALSE,FALSE
"MTDH","turquoise",0.967794946001089,1080.59642794311,1080.58275739049,0.0136705526140304,1322.87384937954,-0.57712551622945,-1.10755060381371,0.268063710310184,0.675160084824232,1.10755060381371,FALSE,TRUE,FALSE,FALSE,FALSE
"RCSD1","turquoise",0.989406410591196,1466.86438187651,1466.81216689216,0.0522149843420721,1322.87384937954,-0.788662533667263,-1.51350727147741,0.130160066057333,0.675160084824232,1.51350727147741,FALSE,TRUE,TRUE,FALSE,FALSE
"LINC01278","turquoise",0.97247265860624,1240.18600982068,1240.15208073817,0.0339290825027092,1322.87384937954,-0.209761290369188,-0.402548903612801,0.687282613112272,0.749441490568819,0.402548903612801,FALSE,TRUE,FALSE,FALSE,FALSE
"TMEM129","turquoise",0.976867029538803,1303.93040149012,1303.91369986919,0.0167016209343274,1322.87384937954,-0.286966201814635,-0.550711381070811,0.581835126925643,0.690315590424366,0.550711381070811,FALSE,TRUE,FALSE,FALSE,FALSE
"STRADA","turquoise",0.980003956297112,1326.46185164671,1326.44706781316,0.0147838335483357,1322.87384937954,-0.409073840169468,-0.785045827888777,0.43243211991811,0.675160084824232,0.785045827888777,FALSE,TRUE,TRUE,FALSE,FALSE
"PRR29","turquoise",0.920001550598454,675.376910322632,675.376233513106,0.000676809526567013,1322.87384937954,-0.172142407745572,-0.330355221315069,0.741133589119184,0.788569080558715,0.330355221315069,FALSE,TRUE,FALSE,FALSE,FALSE
"G6PC3","turquoise",0.845883914368999,266.713242001436,266.712724088863,0.000517912572320256,1322.87384937954,-0.448674184419071,-0.861042095514277,0.38922087559634,0.675160084824232,0.861042095514277,FALSE,TRUE,FALSE,FALSE,FALSE
"ZNF764","turquoise",0.97135873320426,1206.27442554032,1206.24125117363,0.0331743666938564,1322.87384937954,-0.277274820074432,-0.53211283466053,0.594651293920439,0.695117434982287,0.53211283466053,FALSE,TRUE,FALSE,FALSE,FALSE
"ARRDC1","turquoise",0.970853350328047,1141.05010299767,1141.04138262449,0.00872037318072216,1322.87384937954,-0.338136409670916,-0.648911153936104,0.516400147887426,0.675818875712212,0.648911153936104,FALSE,TRUE,FALSE,FALSE,FALSE
"SHKBP1","turquoise",0.929351920092322,644.79218267383,644.788521627417,0.00366104641273068,1322.87384937954,-0.851962770130995,-1.63498555158361,0.102061249587181,0.675160084824232,1.63498555158361,FALSE,TRUE,FALSE,FALSE,FALSE
"ZNF276","turquoise",0.967605326775437,1119.48308120148,1119.47204514799,0.0110360534947631,1322.87384937954,-0.337589341827695,-0.647861286440995,0.517079006848959,0.675818875712212,0.647861286440995,FALSE,TRUE,FALSE,FALSE,FALSE
"IMP4","turquoise",0.978027445294265,1321.49102924614,1321.4842719832,0.00675726294139167,1322.87384937954,-0.268253642599422,-0.514800464511251,0.606695776774913,0.698911341143287,0.514800464511251,FALSE,TRUE,FALSE,FALSE,FALSE
"NAPRT","turquoise",0.76071139099539,85.2837776574368,85.2832714426447,0.000506214792039827,1322.87384937954,-0.907473838048353,-1.7415157864481,0.0816021703663608,0.675160084824232,1.7415157864481,FALSE,FALSE,FALSE,FALSE,FALSE
"ORAI3","turquoise",0.918203937758229,603.566442059574,603.56335507127,0.00308698830428966,1322.87384937954,-0.36102037896949,-0.692827344264819,0.488422598925221,0.675160084824232,0.692827344264819,FALSE,TRUE,FALSE,FALSE,FALSE
"OLFM2","turquoise",0.906201037254055,559.432301639392,559.431780839483,0.00052079990882703,1322.87384937954,0.0214757471477698,0.0412136979772811,0.967125773340917,0.973480976732972,0.0412136979772811,FALSE,TRUE,FALSE,FALSE,FALSE
"MVB12A","turquoise",0.941214636757358,831.4153371106,831.414778358866,0.000558751734729412,1322.87384937954,-0.51451194530585,-0.987390090488224,0.323458402988247,0.675160084824232,0.987390090488224,FALSE,TRUE,FALSE,FALSE,FALSE
"SP140L","turquoise",0.961873473319884,1085.34115014183,1085.24103135256,0.100118789261614,1322.87384937954,-0.307541990135318,-0.590197985176278,0.555061809527404,0.681356640258454,0.590197985176278,FALSE,TRUE,FALSE,FALSE,FALSE
"MAPK1IP1L","turquoise",0.980491512028361,1347.85872646949,1347.75940264379,0.0993238256994573,1322.87384937954,-0.554165229420753,-1.06348795400254,0.287568209425218,0.675160084824232,1.06348795400254,FALSE,TRUE,TRUE,FALSE,FALSE
"FBXO44","turquoise",0.906466706099411,569.337569427903,569.335218360163,0.00235106774039195,1322.87384937954,-0.000863462137222831,-0.0016570537683023,0.998677872620091,0.998677872620091,0.0016570537683023,FALSE,TRUE,FALSE,FALSE,FALSE
"TJAP1","turquoise",0.960914806232136,1055.36225690254,1055.33010974364,0.0321471588940767,1322.87384937954,-0.286032374230409,-0.548919290311204,0.583064411111582,0.691036061334209,0.548919290311204,FALSE,TRUE,FALSE,FALSE,FALSE
"ATP5IF1","turquoise",0.978964619676807,1285.13092012364,1285.04661077699,0.0843093466457958,1322.87384937954,-0.429806093063145,-0.82483270018101,0.409472312935758,0.675160084824232,0.82483270018101,FALSE,TRUE,FALSE,FALSE,FALSE
"PIGS","turquoise",0.97405308828977,1249.798547513,1249.71455753363,0.0839899793709264,1322.87384937954,-0.524302874931781,-1.00617967735304,0.314336241733857,0.675160084824232,1.00617967735304,FALSE,TRUE,FALSE,FALSE,FALSE
"TTYH2","turquoise",0.953326375142351,1031.39465122457,1031.28451764045,0.110133584117875,1322.87384937954,-0.458222669933922,-0.879366412495742,0.379208795618635,0.675160084824232,0.879366412495742,FALSE,TRUE,FALSE,FALSE,FALSE
"ZNF101","turquoise",0.947761511445743,871.407282547363,871.405497360601,0.00178518676261774,1322.87384937954,-0.40373702363482,-0.774804044759849,0.438460798019347,0.675160084824232,0.774804044759849,FALSE,TRUE,FALSE,FALSE,FALSE
"LENG9","turquoise",0.89429211330366,490.95485870027,490.954427146195,0.000431554074452833,1322.87384937954,-0.24921816809946,-0.478269847369153,0.632461201643258,0.71190906812825,0.478269847369153,FALSE,TRUE,FALSE,FALSE,FALSE
"SFXN1","turquoise",0.958950129934763,1037.57881137046,1037.56084127767,0.0179700927974409,1322.87384937954,-0.328310892320599,-0.630055190427121,0.528662671265078,0.676813488619187,0.630055190427121,FALSE,TRUE,FALSE,FALSE,FALSE
"TMEM203","turquoise",0.928426393059267,707.422397581668,707.420864749462,0.00153283220561207,1322.87384937954,-0.377768228360306,-0.724967823560495,0.468476714086929,0.675160084824232,0.724967823560495,FALSE,TRUE,FALSE,FALSE,FALSE
"SYTL3","turquoise",0.982828410548508,1330.04719926518,1330.01672755009,0.0304717150909255,1322.87384937954,-0.432410029173856,-0.829829864455695,0.406640756455491,0.675160084824232,0.829829864455695,FALSE,TRUE,TRUE,FALSE,FALSE
"H2AZ2","turquoise",0.968357451970756,1138.14480624486,1137.98260425765,0.162201987207254,1322.87384937954,-0.532200675137252,-1.02133619554603,0.307102384102275,0.675160084824232,1.02133619554603,FALSE,TRUE,FALSE,FALSE,FALSE
"EPSTI1","turquoise",0.750589455678596,71.4768650712273,71.4726223706166,0.00424270061064647,1322.87384937954,0.0709818362487793,0.136219892183532,0.891648249206206,0.911681833831089,0.136219892183532,FALSE,FALSE,FALSE,FALSE,FALSE
"TP53INP1","turquoise",0.954867841910228,986.894163549855,986.719555731609,0.174607818245136,1322.87384937954,-0.646623167550251,-1.24092222492461,0.214642965752016,0.675160084824232,1.24092222492461,FALSE,TRUE,FALSE,FALSE,FALSE
"MYL12B","turquoise",0.930180204222767,699.759762494866,699.659722202343,0.100040292523317,1322.87384937954,-0.620012903454508,-1.18985497310834,0.234111631330345,0.675160084824232,1.18985497310834,FALSE,TRUE,FALSE,FALSE,FALSE
"EGLN2","turquoise",0.947582493234698,804.702320051297,804.692861606379,0.00945844491798198,1322.87384937954,-0.48559246278445,-0.931891261502429,0.351399280966807,0.675160084824232,0.931891261502429,FALSE,TRUE,FALSE,FALSE,FALSE
"SAT2","turquoise",0.936347204902663,705.169633002654,705.157667479622,0.0119655230322451,1322.87384937954,-0.526378919183885,-1.01016377440005,0.312423955184512,0.675160084824232,1.01016377440005,FALSE,TRUE,FALSE,FALSE,FALSE
"GTF3C6","turquoise",0.926413063075952,602.339177956938,602.334080900323,0.00509705661443149,1322.87384937954,-0.509691418219093,-0.978139108621195,0.328012423750341,0.675160084824232,0.978139108621195,FALSE,TRUE,FALSE,FALSE,FALSE
"CMTM7","turquoise",0.9714110633907,1166.98944004162,1166.97290027217,0.0165397694497642,1322.87384937954,-0.685898273920798,-1.316294334721,0.188084064445286,0.675160084824232,1.316294334721,FALSE,TRUE,FALSE,FALSE,FALSE
"GLMP","turquoise",0.848608053072262,252.672513069855,252.66865827216,0.00385479769491326,1322.87384937954,-0.561013585224812,-1.07663050340058,0.281652940812379,0.675160084824232,1.07663050340058,FALSE,TRUE,FALSE,FALSE,FALSE
"TP53RK","turquoise",0.965858548225145,1098.27781284875,1098.25054342271,0.0272694260438584,1322.87384937954,-0.275973485597959,-0.529615468412373,0.59638199391666,0.695800099697167,0.529615468412373,FALSE,TRUE,FALSE,FALSE,FALSE
"SGF29","turquoise",0.928989810278882,748.899985569506,748.899250565329,0.000735004176817711,1322.87384937954,-0.590959635005647,-1.13409939809318,0.256760779313133,0.675160084824232,1.13409939809318,FALSE,TRUE,FALSE,FALSE,FALSE
"VPS26B","turquoise",0.990924869164265,1524.58217812409,1524.53929635692,0.0428817671634079,1322.87384937954,-0.57043935998109,-1.09471932849869,0.273647302496478,0.675160084824232,1.09471932849869,FALSE,TRUE,TRUE,FALSE,FALSE
"RPUSD1","turquoise",0.936057940956735,806.147591139513,806.146743017307,0.000848122205297841,1322.87384937954,-0.312963910513157,-0.600603089472374,0.548108346708734,0.680390089214384,0.600603089472374,FALSE,TRUE,FALSE,FALSE,FALSE
"SCAMP4","turquoise",0.954871622465941,999.210425343233,999.203287079644,0.0071382635894679,1322.87384937954,-0.310851307544023,-0.5965488332867,0.550812576900439,0.681096310354657,0.5965488332867,FALSE,TRUE,FALSE,FALSE,FALSE
"ADAT3","turquoise",0.884629014176857,390.994699533058,390.97613333659,0.0185661964684414,1322.87384937954,-0.214725562491443,-0.412075743844057,0.680286481091415,0.744323652398235,0.412075743844057,FALSE,TRUE,FALSE,FALSE,FALSE
"C12orf57","turquoise",0.827693172935718,223.172808599156,223.172183940784,0.000624658371947362,1322.87384937954,-0.574383796037849,-1.10217311301416,0.270394408965153,0.675160084824232,1.10217311301416,FALSE,TRUE,FALSE,FALSE,FALSE
"TMEM106A","turquoise",0.962779830903597,1083.73489468414,1083.71667549937,0.0182191847688955,1322.87384937954,-0.328929566950964,-0.631242477145792,0.527886196905535,0.676813488619187,0.631242477145792,FALSE,TRUE,FALSE,FALSE,FALSE
"SFT2D1","turquoise",0.930306511515403,664.740541331859,664.718540891848,0.0220004400107428,1322.87384937954,-0.390238481645468,-0.748899249510825,0.453923066384875,0.675160084824232,0.748899249510825,FALSE,TRUE,FALSE,FALSE,FALSE
"TEX261","turquoise",0.950960155095296,961.519759851863,961.499591257941,0.0201685939225626,1322.87384937954,-0.334329829314753,-0.641606017958963,0.521133310451821,0.675868213972517,0.641606017958963,FALSE,TRUE,FALSE,FALSE,FALSE
"PIK3IP1","turquoise",0.921573057275587,638.633457526074,638.632063045614,0.00139448045956669,1322.87384937954,-0.464995660898246,-0.892269564442269,0.372254966271113,0.675160084824232,0.892269564442269,FALSE,TRUE,FALSE,FALSE,FALSE
"SLC35A4","turquoise",0.9600003591038,1101.74117286447,1101.7374624254,0.00371043906079649,1322.87384937954,-0.533902660261157,-1.02460244283307,0.305558034727628,0.675160084824232,1.02460244283307,FALSE,TRUE,FALSE,FALSE,FALSE
"DTX2","turquoise",0.960633532631302,998.3846773375,998.373465525739,0.0112118117614273,1322.87384937954,-0.448723058389772,-0.861135888622081,0.389169222568725,0.675160084824232,0.861135888622081,FALSE,TRUE,FALSE,FALSE,FALSE
"MBD6","turquoise",0.95369345939857,920.595941717941,920.545447789077,0.0504939288636024,1322.87384937954,-0.322290321220373,-0.618501226913389,0.536249094952795,0.676813488619187,0.618501226913389,FALSE,TRUE,FALSE,FALSE,FALSE
"LENG8","turquoise",0.959298488201239,1062.45367776134,1062.41216579605,0.0415119652900557,1322.87384937954,-0.333911527269133,-0.640803262457473,0.521654792618062,0.675868213972517,0.640803262457473,FALSE,TRUE,FALSE,FALSE,FALSE
"SLAMF6","turquoise",0.978711416679754,1305.0002013248,1304.99142625974,0.00877506506799364,1322.87384937954,-0.51034018554009,-0.979384145650227,0.327397112969606,0.675160084824232,0.979384145650227,FALSE,TRUE,FALSE,FALSE,FALSE
"OSBPL5","turquoise",0.904870460262783,521.10640599222,521.082021701844,0.024384290376247,1322.87384937954,-0.112136362373611,-0.215198760692098,0.829613636135587,0.860302921998436,0.215198760692098,FALSE,TRUE,FALSE,FALSE,FALSE
"TMEM123","turquoise",0.944280614621009,848.106477260103,848.083330256058,0.0231470040448585,1322.87384937954,-0.355182128855257,-0.681623269488365,0.495481797752349,0.675160084824232,0.681623269488365,FALSE,TRUE,FALSE,FALSE,FALSE
"MRFAP1L1","turquoise",0.975184757348871,1207.39365263223,1207.37910650648,0.0145461257525312,1322.87384937954,-0.531932774523711,-1.02082207257287,0.30734594214295,0.675160084824232,1.02082207257287,FALSE,TRUE,FALSE,FALSE,FALSE
"KCTD12","turquoise",0.935577118855544,834.153571509667,833.800692924268,0.352878585399367,1322.87384937954,-0.811473313813233,-1.5572830058951,0.119412531243563,0.675160084824232,1.5572830058951,FALSE,TRUE,FALSE,FALSE,FALSE
"GPR146","blue",0.858200359205275,3.79245976604865,3.78718494471449,0.00527482133415624,19.5381539006617,-0.488846319206261,-0.938135675487526,0.348181293368074,0.675160084824232,0.938135675487526,FALSE,TRUE,FALSE,FALSE,FALSE
"FCRL1","turquoise",0.89702811721254,420.342176805372,420.240594694144,0.101582111227344,1322.87384937954,-0.287777111543877,-0.552267582512272,0.580768634574193,0.690122958963235,0.552267582512272,FALSE,TRUE,FALSE,FALSE,FALSE
"FCRL3","turquoise",0.953969659149036,977.95999677336,977.937377547797,0.0226192255631759,1322.87384937954,-0.370842518491292,-0.711676825447329,0.476669759805453,0.675160084824232,0.711676825447329,FALSE,TRUE,FALSE,FALSE,FALSE
"GBP4","turquoise",0.942406225922806,800.325074500636,800.307636094022,0.0174384066145876,1322.87384937954,-0.548244535129929,-1.05212566217451,0.292749309147344,0.675160084824232,1.05212566217451,FALSE,TRUE,FALSE,FALSE,FALSE
"GBP5","turquoise",0.922297651345537,598.746492871975,598.725082790005,0.0214100819695204,1322.87384937954,-0.606246939875033,-1.16270357039517,0.244976557518877,0.675160084824232,1.16270357039517,FALSE,TRUE,FALSE,FALSE,FALSE
"TNFRSF13C","turquoise",0.92320236309619,575.330378407854,575.263932240747,0.0664461671069603,1322.87384937954,-0.471950544980048,-0.905711316453118,0.365095030902764,0.675160084824232,0.905711316453118,FALSE,TRUE,FALSE,FALSE,FALSE
"RASGRP4","turquoise",0.926827057385568,675.381816921912,675.308546115197,0.0732708067149588,1322.87384937954,-0.599997061083058,-1.15144295062635,0.249558075832556,0.675160084824232,1.15144295062635,FALSE,TRUE,FALSE,FALSE,FALSE
"TSR3","turquoise",0.947310029633778,779.462323751457,779.450930692612,0.011393058844078,1322.87384937954,-0.599621152784268,-1.15072155215826,0.249854826214934,0.675160084824232,1.15072155215826,FALSE,TRUE,FALSE,FALSE,FALSE
"RNF166","turquoise",0.977304918913361,1230.01770765573,1229.95740861337,0.0602990423594747,1322.87384937954,-0.413845317616517,-0.794202679524949,0.427082941547325,0.675160084824232,0.794202679524949,FALSE,TRUE,FALSE,FALSE,FALSE
"DNTTIP1","turquoise",0.952897674235971,862.729392559209,862.706861878872,0.022530680336672,1322.87384937954,-0.718646055984184,-1.37913998056045,0.167860588226998,0.675160084824232,1.37913998056045,FALSE,TRUE,FALSE,FALSE,FALSE
"KLHDC3","turquoise",0.954862234382246,964.540664104966,964.533388967002,0.00727513796471158,1322.87384937954,-0.554639375544675,-1.06439787881279,0.287155984592069,0.675160084824232,1.06439787881279,FALSE,TRUE,FALSE,FALSE,FALSE
"FAM210B","blue",0.944793856163974,13.3457453403857,13.186588473941,0.159156866444745,19.5381539006617,-0.225914527294932,-0.433548273433663,0.664619229631348,0.732929771905268,0.433548273433663,FALSE,TRUE,FALSE,FALSE,FALSE
"COX20","turquoise",0.951381387511506,937.791133745654,937.704390518564,0.0867432270899826,1322.87384937954,-0.271164233546843,-0.520386124251841,0.602797836916338,0.697107615282832,0.520386124251841,FALSE,TRUE,FALSE,FALSE,FALSE
"ABHD15","turquoise",0.977419446396337,1313.29613161765,1313.26737963883,0.0287519788175814,1322.87384937954,-0.33291721379327,-0.638895094373403,0.52289544419263,0.676021301912766,0.638895094373403,FALSE,TRUE,FALSE,FALSE,FALSE
"RBP7","turquoise",0.924682831286681,585.210912120377,585.203905128674,0.00700699170261032,1322.87384937954,-0.692855754833675,-1.3296463040403,0.18364367358128,0.675160084824232,1.3296463040403,FALSE,TRUE,FALSE,FALSE,FALSE
"OLIG1","turquoise",0.939977490298023,777.199770948697,777.169462245354,0.0303087033425982,1322.87384937954,-0.558375696674403,-1.0715681816445,0.283921568114519,0.675160084824232,1.0715681816445,FALSE,TRUE,FALSE,FALSE,FALSE
"NIBAN1","turquoise",0.926456485771425,674.297482386543,674.169914436123,0.127567950419461,1322.87384937954,-0.598624711855474,-1.14867861490849,0.250697047727816,0.675160084824232,1.14867861490849,FALSE,TRUE,FALSE,FALSE,FALSE
"MRPL53","turquoise",0.841819277584809,191.318732907406,191.264058270885,0.054674636521213,1322.87384937954,-0.0844341501503486,-0.162035971988348,0.871278480728179,0.8952835179308,0.162035971988348,FALSE,TRUE,FALSE,FALSE,FALSE
"MRPL54","turquoise",0.713799363189477,46.9005192676714,46.9000751255505,0.000444142120869628,1322.87384937954,-0.771624165962519,-1.48080926400985,0.138666589295729,0.675160084824232,1.48080926400985,FALSE,FALSE,FALSE,FALSE,FALSE
"LRG1","turquoise",0.858845078488358,248.465025735933,248.458138276328,0.00688745960570714,1322.87384937954,-0.466644272416884,-0.895528149679054,0.370511107120778,0.675160084824232,0.895528149679054,FALSE,TRUE,FALSE,FALSE,FALSE
"ACAP3","turquoise",0.94732416463961,879.08193298323,879.071546564197,0.0103864190332388,1322.87384937954,-0.230605496487262,-0.442550623209117,0.658093595885012,0.729533066102563,0.442550623209117,FALSE,TRUE,FALSE,FALSE,FALSE
"ARAP1","turquoise",0.883059168228617,388.249080170607,387.947134083444,0.301946087162548,1322.87384937954,-0.797368012185143,-1.53021378976126,0.125973037861278,0.675160084824232,1.53021378976126,FALSE,TRUE,FALSE,FALSE,FALSE
"AGAP2","turquoise",0.989420645993096,1501.17851502197,1501.13765623934,0.0408587826339044,1322.87384937954,-0.388486064867821,-0.745536219796081,0.455952730635139,0.675160084824232,0.745536219796081,FALSE,TRUE,TRUE,FALSE,FALSE
"TAGAP","turquoise",0.976588320501324,1278.94078777927,1278.91043496829,0.0303528109736817,1322.87384937954,-0.490727496815357,-0.94160347324402,0.346403773470761,0.675160084824232,0.94160347324402,FALSE,TRUE,FALSE,FALSE,FALSE
"UBE2J2","turquoise",0.983354493187231,1328.8363443799,1328.80733923426,0.0290051456379388,1322.87384937954,-0.491494380031112,-0.943217518662059,0.34557629553523,0.675160084824232,0.943217518662059,FALSE,TRUE,TRUE,FALSE,FALSE
"ZNF511","turquoise",0.920683148133873,570.739135852742,570.733269985953,0.00586586678809908,1322.87384937954,-0.526401361925409,-1.01020684383855,0.312403324684562,0.675160084824232,1.01020684383855,FALSE,TRUE,FALSE,FALSE,FALSE
"CHCHD1","turquoise",0.878493825717711,356.037304655086,355.97264623728,0.0646584178066405,1322.87384937954,-0.391766534940323,-0.751831707532145,0.452157428345287,0.675160084824232,0.751831707532145,FALSE,TRUE,FALSE,FALSE,FALSE
"PIK3AP1","turquoise",0.895333156330099,525.967995520642,525.76570135389,0.20229416675204,1322.87384937954,-0.415111029593701,-0.796631683312104,0.425670482866794,0.675160084824232,0.796631683312104,FALSE,TRUE,FALSE,FALSE,FALSE
"ZFYVE27","turquoise",0.966850753772837,1081.29163272135,1081.28053614299,0.0110965783562733,1322.87384937954,-0.249908137549798,-0.479593954621122,0.631519202653463,0.711662075717473,0.479593954621122,FALSE,TRUE,FALSE,FALSE,FALSE
"COMTD1","turquoise",0.885195344174747,326.274139421116,326.268169167559,0.00597025355676806,1322.87384937954,-0.432686635588792,-0.830360694566764,0.406340658866595,0.675160084824232,0.830360694566764,FALSE,TRUE,FALSE,FALSE,FALSE
"ANAPC16","turquoise",0.946674858094939,843.555779365529,843.552318094247,0.00346127128216267,1322.87384937954,-0.42646772855132,-0.818426108327337,0.413119602429772,0.675160084824232,0.818426108327337,FALSE,TRUE,FALSE,FALSE,FALSE
"JAML","turquoise",0.941166401805872,751.065704617421,751.052922813942,0.01278180347947,1322.87384937954,-0.674610411138088,-1.29463201190008,0.195455915872372,0.675160084824232,1.29463201190008,FALSE,TRUE,FALSE,FALSE,FALSE
"LRRK2","turquoise",0.929172778375267,751.864960730716,751.61927620777,0.245684522945908,1322.87384937954,-0.687192751961401,-1.31877854291346,0.187251961363728,0.675160084824232,1.31877854291346,FALSE,TRUE,FALSE,FALSE,FALSE
"SLC15A4","turquoise",0.962082914130017,1034.00002523003,1033.94041655737,0.0596086726638987,1322.87384937954,-0.395727049672092,-0.75943225604236,0.447599241353885,0.675160084824232,0.75943225604236,FALSE,TRUE,FALSE,FALSE,FALSE
"PLD4","turquoise",0.806746998892853,137.108440745589,137.107905258983,0.000535486605883762,1322.87384937954,-0.531138376730296,-1.01929755887347,0.308068909325077,0.675160084824232,1.01929755887347,FALSE,TRUE,FALSE,FALSE,FALSE
"TC2N","turquoise",0.975374547084774,1234.42809547121,1234.39541616449,0.0326793067115432,1322.87384937954,-0.617544788301532,-1.18511846025093,0.235978821119321,0.675160084824232,1.18511846025093,FALSE,TRUE,FALSE,FALSE,FALSE
"DEGS2","turquoise",0.864849157438125,337.137757500429,337.136639399599,0.00111810082972852,1322.87384937954,-0.327140158546216,-0.627808457502895,0.530133603124327,0.676813488619187,0.627808457502895,FALSE,TRUE,FALSE,FALSE,FALSE
"CMTM3","turquoise",0.979752662147621,1342.80272637389,1342.78414919226,0.0185771816225042,1322.87384937954,-0.466742154970365,-0.895715994226144,0.370410749535969,0.675160084824232,0.895715994226144,FALSE,TRUE,TRUE,FALSE,FALSE
"ZC3H18","turquoise",0.980819655580562,1346.82916504339,1346.76836810847,0.0607969349211999,1322.87384937954,-0.429985108291746,-0.825176244902139,0.409277274640997,0.675160084824232,0.825176244902139,FALSE,TRUE,TRUE,FALSE,FALSE
"UBALD1","turquoise",0.523450988899525,3.14100022543202,2.48466849387222,0.656331731559802,1322.87384937954,-0.183661755186897,-0.352461781942527,0.724494140225124,0.776644680686218,0.352461781942527,FALSE,FALSE,FALSE,FALSE,FALSE
"TMEM219","turquoise",0.9098404741817,574.563798373152,574.563617441698,0.000180931453769517,1322.87384937954,-0.475516281153185,-0.912554252938407,0.361483435204801,0.675160084824232,0.912554252938407,FALSE,TRUE,FALSE,FALSE,FALSE
"SNX20","turquoise",0.973518687913667,1245.52288230397,1245.45621859401,0.0666637099541276,1322.87384937954,-0.578435681343102,-1.11006491676975,0.26697883313022,0.675160084824232,1.11006491676975,FALSE,TRUE,FALSE,FALSE,FALSE
"SLC38A10","turquoise",0.970730929028387,1196.92854416312,1196.86447802262,0.0640661404995626,1322.87384937954,-0.508360544631576,-0.975585054426738,0.329277011642003,0.675160084824232,0.975585054426738,FALSE,TRUE,FALSE,FALSE,FALSE
"CANT1","turquoise",0.976600286965248,1259.30682858168,1259.25806020088,0.0487683807996291,1322.87384937954,-0.490985769386623,-0.942241453645753,0.346075668838233,0.675160084824232,0.942241453645753,FALSE,TRUE,FALSE,FALSE,FALSE
"CD300LB","turquoise",0.936817723808537,801.817800585612,801.81103888271,0.00676170290262235,1322.87384937954,-0.836013387605609,-1.60437739486606,0.108640094163927,0.675160084824232,1.60437739486606,FALSE,TRUE,FALSE,FALSE,FALSE
"OVCA2","turquoise",0.976591446547384,1292.03700915916,1292.03035200875,0.00665715041623116,1322.87384937954,-0.449525719265302,-0.862676259845241,0.388321517981078,0.675160084824232,0.862676259845241,FALSE,TRUE,FALSE,FALSE,FALSE
"SLC43A2","turquoise",0.901966266652932,474.396611928472,474.392521680321,0.00409024815087378,1322.87384937954,-0.512557916281622,-0.983640150544843,0.325299412120726,0.675160084824232,0.983640150544843,FALSE,TRUE,FALSE,FALSE,FALSE
"C17orf49","turquoise",0.92306074949274,690.923849769636,690.922818901901,0.0010308677346984,1322.87384937954,-0.622790230779318,-1.19518488916487,0.232023061648754,0.675160084824232,1.19518488916487,FALSE,TRUE,FALSE,FALSE,FALSE
"MRPL10","turquoise",0.971826566473568,1165.08631917503,1165.07152458888,0.0147945861474454,1322.87384937954,-0.44570605649909,-0.855346017663746,0.392365591480595,0.675160084824232,0.855346017663746,FALSE,TRUE,FALSE,FALSE,FALSE
"RN7SK","grey",NA,0.0453249838474333,0.00481628617307751,0.0405086976743558,1.16729646183719,-0.677948583545556,-1.29995677064831,0.193651409954758,0.675160084824232,1.29995677064831,FALSE,NA,FALSE,FALSE,FALSE
"SNHG29","turquoise",0.801083314769212,130.097552035562,130.092393333148,0.00515870241389393,1322.87384937954,-0.55029233020215,-1.05605554675758,0.290950273458723,0.675160084824232,1.05605554675758,FALSE,TRUE,FALSE,FALSE,FALSE
"CLDND2","turquoise",0.822401428692799,169.883733330085,169.880029773341,0.00370355674385792,1322.87384937954,-0.0237832782130929,-0.0456420369656777,0.963595829026143,0.970552922146797,0.0456420369656777,FALSE,TRUE,FALSE,FALSE,FALSE
"RAVER1","turquoise",0.977288612256889,1289.46547554324,1289.44878203029,0.0166935129548165,1322.87384937954,-0.561912573228765,-1.07835573418418,0.280882614134654,0.675160084824232,1.07835573418418,FALSE,TRUE,FALSE,FALSE,FALSE
"MICOS13","turquoise",0.703661205439123,58.9713271233949,58.971191720008,0.000135403386941846,1322.87384937954,-0.457268576804905,-0.877535430514489,0.380202027463638,0.675160084824232,0.877535430514489,FALSE,FALSE,FALSE,FALSE,FALSE
"OSCAR","turquoise",0.910321851771913,493.667540835851,493.660715871652,0.00682496419977952,1322.87384937954,-0.661785946323265,-1.27002082533872,0.20408582451465,0.675160084824232,1.27002082533872,FALSE,TRUE,FALSE,FALSE,FALSE
"SWSAP1","turquoise",0.908350513631501,489.630267254133,489.627940574708,0.00232667942503895,1322.87384937954,-0.355440173300271,-0.682118477675924,0.495168642066243,0.675160084824232,0.682118477675924,FALSE,TRUE,FALSE,FALSE,FALSE
"CCDC159","turquoise",0.936593613945401,733.388614314859,733.38524491543,0.00336939942985737,1322.87384937954,-0.483112988766922,-0.927132950064053,0.35386403142865,0.675160084824232,0.927132950064053,FALSE,TRUE,FALSE,FALSE,FALSE
"ALDH16A1","turquoise",0.926822517477943,716.71608832117,716.715518721633,0.000569599536675014,1322.87384937954,-0.281936859806703,-0.541059666459295,0.588469970011854,0.693201785603088,0.541059666459295,FALSE,TRUE,FALSE,FALSE,FALSE
"TMIGD2","turquoise",0.692649547321566,47.9980376869309,47.9977368110098,0.00030087592111272,1322.87384937954,0.170500436716357,0.327204145935951,0.74351548139775,0.789589593107149,0.327204145935951,FALSE,FALSE,FALSE,FALSE,FALSE
"TNFAIP8L1","turquoise",0.9397388777736,812.248365240897,812.247457217175,0.000908023721422069,1322.87384937954,-0.258988490019616,-0.497019886377688,0.619178212327436,0.704552189834397,0.497019886377688,FALSE,TRUE,FALSE,FALSE,FALSE
"MOB3A","turquoise",0.956560568845051,962.129823852103,962.121302706297,0.00852114580629859,1322.87384937954,-0.595950243506556,-1.1436767799679,0.252765685434241,0.675160084824232,1.1436767799679,FALSE,TRUE,FALSE,FALSE,FALSE
"MFSD12","turquoise",0.948163106148358,890.407628678176,890.374450344091,0.0331783340856191,1322.87384937954,-0.489440607250932,-0.939276162373317,0.347595585987911,0.675160084824232,0.939276162373317,FALSE,TRUE,FALSE,FALSE,FALSE
"NDUFA11","turquoise",0.950478152239597,864.024110798278,864.018812235321,0.00529856295622722,1322.87384937954,-0.414598246384686,-0.795647610806559,0.426242389327271,0.675160084824232,0.795647610806559,FALSE,TRUE,FALSE,FALSE,FALSE
"LRRC25","turquoise",0.907002775729738,507.26871719729,507.241534510296,0.0271826869943084,1322.87384937954,-0.625346581986589,-1.20009073415621,0.230112389537289,0.675160084824232,1.20009073415621,FALSE,TRUE,FALSE,FALSE,FALSE
"RINL","turquoise",0.964653502006543,1042.58373957198,1042.57338609924,0.01035347273978,1322.87384937954,-0.271186780536205,-0.520429393750382,0.602767685442773,0.697107615282832,0.520429393750382,FALSE,TRUE,FALSE,FALSE,FALSE
"B3GALT6","turquoise",0.958260234999882,982.941290894151,982.935478344832,0.00581254931944386,1322.87384937954,-0.381250416090278,-0.731650423817229,0.464386959806731,0.675160084824232,0.731650423817229,FALSE,TRUE,FALSE,FALSE,FALSE
"TPRG1L","turquoise",0.782004863753841,107.907309376837,104.632311375515,3.27499800132185,1322.87384937954,-0.471840033548743,-0.905499236066739,0.365207322522641,0.675160084824232,0.905499236066739,FALSE,FALSE,FALSE,FALSE,FALSE
"C1orf122","turquoise",0.884620535364769,336.875626064946,336.874933591217,0.000692473729031917,1322.87384937954,-0.574306755758793,-1.10214117419486,0.270408032080731,0.675160084824232,1.10214117419486,FALSE,TRUE,FALSE,FALSE,FALSE
"ARL8A","turquoise",0.973467384259301,1247.4924993567,1247.4650023336,0.0274970230996132,1322.87384937954,-0.630577259460531,-1.21012882783204,0.226237799361864,0.675160084824232,1.21012882783204,FALSE,TRUE,FALSE,FALSE,FALSE
"UHMK1","turquoise",0.953020327897168,986.5485106407,986.318917259995,0.229593380704955,1322.87384937954,-0.529399199011707,-1.01595993598522,0.309655629036714,0.675160084824232,1.01595993598522,FALSE,TRUE,FALSE,FALSE,FALSE
"LIX1L","turquoise",0.984122487956982,1399.20405856147,1399.18404034696,0.0200182145113104,1322.87384937954,-0.540536068744766,-1.03733249091578,0.299588238703917,0.675160084824232,1.03733249091578,FALSE,TRUE,TRUE,FALSE,FALSE
"NAXE","turquoise",0.945074134934696,901.164579467643,901.162941517161,0.0016379504819497,1322.87384937954,-0.363371122207666,-0.697338610912433,0.485595634830635,0.675160084824232,0.697338610912433,FALSE,TRUE,FALSE,FALSE,FALSE
"DRAM2","turquoise",0.941428925652808,834.627593594675,834.275365202785,0.35222839188998,1322.87384937954,-0.521448733569591,-1.00070234893805,0.316977788435519,0.675160084824232,1.00070234893805,FALSE,TRUE,FALSE,FALSE,FALSE
"C1orf162","turquoise",0.925403645815757,711.537521083599,711.503442285009,0.0340787985898032,1322.87384937954,-0.471304528996811,-0.904471559464062,0.365751758757926,0.675160084824232,0.904471559464062,FALSE,TRUE,FALSE,FALSE,FALSE
"TRABD2A","turquoise",0.871018421024086,358.592943441943,358.592206857506,0.000736584436936027,1322.87384937954,-0.334038862258141,-0.641047628613529,0.521496020233975,0.675868213972517,0.641047628613529,FALSE,TRUE,FALSE,FALSE,FALSE
"ZNF513","turquoise",0.972096596746088,1152.71080793738,1152.69997763394,0.0108303034469373,1322.87384937954,-0.237795342910236,-0.456348520760275,0.648142266437122,0.722194770832424,0.456348520760275,FALSE,TRUE,FALSE,FALSE,FALSE
"GALM","turquoise",0.945868841344311,820.507066653879,820.503965995929,0.00310065795031278,1322.87384937954,-0.460629769678819,-0.883985831843752,0.376710054977853,0.675160084824232,0.883985831843752,FALSE,TRUE,FALSE,FALSE,FALSE
"ZFAND2B","turquoise",0.953806766974548,866.904053674911,866.894503175091,0.00955049982064793,1322.87384937954,-0.445380461610769,-0.854721174704947,0.392711492867235,0.675160084824232,0.854721174704947,FALSE,TRUE,FALSE,FALSE,FALSE
"SLC66A3","turquoise",0.968484533130601,1146.6308377026,1146.60265383003,0.0281838725702528,1322.87384937954,-0.401480814145729,-0.770474196032489,0.441023960766891,0.675160084824232,0.770474196032489,FALSE,TRUE,FALSE,FALSE,FALSE
"PPM1M","turquoise",0.964712785454995,1064.43651418639,1064.4306411119,0.00587307449268337,1322.87384937954,-0.742629157794054,-1.42516549519094,0.154118463857277,0.675160084824232,1.42516549519094,FALSE,TRUE,FALSE,FALSE,FALSE
"OCIAD2","turquoise",0.852695292488315,235.595449503679,235.592887977554,0.0025615261247367,1322.87384937954,-0.489385952932842,-0.939171276310755,0.347649424993825,0.675160084824232,0.939171276310755,FALSE,TRUE,FALSE,FALSE,FALSE
"EMB","turquoise",0.971808723320648,1153.10292426518,1153.04385874089,0.0590655242974663,1322.87384937954,-0.890581272655091,-1.70909758542399,0.0874419177055873,0.675160084824232,1.70909758542399,FALSE,TRUE,FALSE,FALSE,FALSE
"C5orf58","turquoise",0.918038063486446,574.634721287901,574.581799590231,0.0529216976701719,1322.87384937954,-0.401186994991424,-0.769910333280608,0.441358384244701,0.675160084824232,0.769910333280608,FALSE,TRUE,FALSE,FALSE,FALSE
"MTPN","turquoise",0.911772958367567,637.329929724123,636.73647073258,0.593458991543002,1322.87384937954,-0.639340006489259,-1.22694524902606,0.219851588550638,0.675160084824232,1.22694524902606,FALSE,TRUE,FALSE,FALSE,FALSE
"LYPD2","turquoise",0.345264167117425,0.107753102912591,0.10533424861958,0.00241885429301149,1322.87384937954,1.12944281525855,2.1674922297411,0.0302041958719909,0.675160084824232,2.1674922297411,FALSE,FALSE,FALSE,FALSE,FALSE
"TMEM71","turquoise",0.920917685109185,585.131030333242,585.092122699917,0.0389076333250387,1322.87384937954,-0.644371651986618,-1.23660138422034,0.216243569914301,0.675160084824232,1.23660138422034,FALSE,TRUE,FALSE,FALSE,FALSE
"NACC2","turquoise",0.954127871569408,1030.2824089687,1029.9067839738,0.375624994908321,1322.87384937954,-0.524340212695788,-1.00625133154595,0.314301781330795,0.675160084824232,1.00625133154595,FALSE,TRUE,FALSE,FALSE,FALSE
"GAB3","turquoise",0.973295970330818,1219.37817711251,1219.29193949087,0.0862376216382472,1322.87384937954,-0.339000174516961,-0.650568788627151,0.515329239628995,0.675623884585818,0.650568788627151,FALSE,TRUE,FALSE,FALSE,FALSE
"DOCK11","turquoise",0.941705629050555,887.877304689588,887.47567772809,0.401626961498437,1322.87384937954,-0.764862885035394,-1.46783381835235,0.142158535093616,0.675160084824232,1.46783381835235,FALSE,TRUE,FALSE,FALSE,FALSE
"ASB8","turquoise",0.983031349246939,1317.94434433972,1317.93092367342,0.0134206662962697,1322.87384937954,-0.501659806874971,-0.962725796016518,0.335691932209345,0.675160084824232,0.962725796016518,FALSE,TRUE,FALSE,FALSE,FALSE
"APOBEC3D","turquoise",0.966478753501276,1114.80509291251,1114.79882362994,0.00626928257247528,1322.87384937954,-0.315508311231162,-0.605486000507016,0.544860128517116,0.678834478822713,0.605486000507016,FALSE,TRUE,FALSE,FALSE,FALSE
"SELENOM","turquoise",0.760944007879115,109.151632800001,109.151522179062,0.000110620938670536,1322.87384937954,-0.0244209014725794,-0.0468656876381758,0.962620548077408,0.969856596359879,0.0468656876381758,FALSE,FALSE,FALSE,FALSE,FALSE
"NOL4L","turquoise",0.962219873139423,1100.26159589671,1100.10528891462,0.156306982098613,1322.87384937954,-0.224934824608267,-0.43166814463731,0.665985335309685,0.733880059812773,0.43166814463731,FALSE,TRUE,FALSE,FALSE,FALSE
"TLDC2","turquoise",0.940882751852989,878.303177091801,878.095550985886,0.207626105914187,1322.87384937954,-0.69390982339509,-1.33166914697278,0.182977778091667,0.675160084824232,1.33166914697278,FALSE,TRUE,FALSE,FALSE,FALSE
"ROMO1","turquoise",0.797836846459023,105.639416326598,105.636192479355,0.00322384724303504,1322.87384937954,-0.42526956932451,-0.816126743738871,0.414433315123599,0.675160084824232,0.816126743738871,FALSE,FALSE,FALSE,FALSE,FALSE
"SIRPA","turquoise",0.942705748977523,795.991928045066,795.944742085314,0.0471859597520279,1322.87384937954,-0.480516759014923,-0.922043053042082,0.356513109576685,0.675160084824232,0.922043053042082,FALSE,TRUE,FALSE,FALSE,FALSE
"MIB2","turquoise",0.841095655849821,228.595118236683,228.588918405239,0.00619983144397906,1322.87384937954,-0.0949176125216013,-0.182154585275796,0.855462488434594,0.881990051176916,0.182154585275796,FALSE,TRUE,FALSE,FALSE,FALSE
"SESN3","brown",0.897908431355416,8.33746504319812,4.00217374473373,4.33529129846439,7.78987287898542,-0.267718809302916,-0.513774076102097,0.607413263041506,0.698913452508386,0.513774076102097,FALSE,TRUE,FALSE,FALSE,FALSE
"TMEM120B","turquoise",0.968358795498496,1190.01065332341,1190.00655533824,0.00409798517375748,1322.87384937954,-0.426644393502023,-0.818765142674844,0.412926108355143,0.675160084824232,0.818765142674844,FALSE,TRUE,FALSE,FALSE,FALSE
"HAPLN3","turquoise",0.931989971933464,719.158571192031,719.155798472711,0.00277271932043277,1322.87384937954,-0.279651899865066,-0.53667464328516,0.591495853711872,0.694477338234388,0.53667464328516,FALSE,TRUE,FALSE,FALSE,FALSE
"CARMIL2","turquoise",0.940547134342151,841.53145400886,841.524621944911,0.00683206394978697,1322.87384937954,-0.297216872569825,-0.570383248394544,0.568421523691862,0.687266112133024,0.570383248394544,FALSE,TRUE,FALSE,FALSE,FALSE
"CMTM2","turquoise",0.690675529405114,28.240440924704,28.2396971846681,0.000743740035883178,1322.87384937954,-0.863508765831276,-1.6571432523781,0.0974996587509164,0.675160084824232,1.6571432523781,FALSE,FALSE,FALSE,FALSE,FALSE
"ZNF688","turquoise",0.951879282671574,954.128110137706,954.126114396591,0.00199574111502443,1322.87384937954,-0.442780649778438,-0.849731925254477,0.395480073491167,0.675160084824232,0.849731925254477,FALSE,TRUE,FALSE,FALSE,FALSE
"TEPSIN","turquoise",0.969563841916807,1111.68508256935,1111.60324333198,0.0818392373755614,1322.87384937954,-0.402832109192689,-0.773067440661438,0.439487794463253,0.675160084824232,0.773067440661438,FALSE,TRUE,FALSE,FALSE,FALSE
"CD300LF","turquoise",0.918812164730227,624.830181278663,624.788852693755,0.0413285849081149,1322.87384937954,-0.484768842566414,-0.93031066760362,0.352216801179947,0.675160084824232,0.93031066760362,FALSE,TRUE,FALSE,FALSE,FALSE
"TMC8","turquoise",0.927913855136285,727.25432246363,727.252804878529,0.00151758510151012,1322.87384937954,-0.335811691564391,-0.644449831623757,0.519288087854708,0.675868213972517,0.644449831623757,FALSE,TRUE,FALSE,FALSE,FALSE
"WIPF2","turquoise",0.969916245973493,1123.48325816543,1123.47566738513,0.00759078030387172,1322.87384937954,-0.355322660777649,-0.68189296162833,0.495311238939149,0.675160084824232,0.68189296162833,FALSE,TRUE,FALSE,FALSE,FALSE
"ILF3-DT","turquoise",0.89891766582296,492.864965809246,492.864667801667,0.000298007578464876,1322.87384937954,-0.185392869492969,-0.35578393048915,0.722004571547008,0.774750464689796,0.35578393048915,FALSE,TRUE,FALSE,FALSE,FALSE
"ZNF524","turquoise",0.899763240671352,508.447307441926,508.447164787163,0.000142654763408245,1322.87384937954,-0.509131342633275,-0.977064278214619,0.32854421962355,0.675160084824232,0.977064278214619,FALSE,TRUE,FALSE,FALSE,FALSE
"FAM98C","turquoise",0.927418577491074,663.290430956044,663.289564429207,0.000866526837512538,1322.87384937954,-0.215766930592784,-0.414074213565112,0.678822345207466,0.743480346934326,0.414074213565112,FALSE,TRUE,FALSE,FALSE,FALSE
"CAPN12","turquoise",0.850230765093975,274.754193669798,274.754126043568,6.76262307592879e-05,1322.87384937954,-0.427859179718521,-0.821096415803048,0.411597056140703,0.675160084824232,0.821096415803048,FALSE,TRUE,FALSE,FALSE,FALSE
"TICAM1","turquoise",0.921284414726532,673.873992151298,673.846209801078,0.0277823502199226,1322.87384937954,-0.403660105428795,-0.774656432493313,0.438548039575907,0.675160084824232,0.774656432493313,FALSE,TRUE,FALSE,FALSE,FALSE
"C19orf25","turquoise",0.909699107799959,596.268124161533,596.267858732393,0.000265429140313245,1322.87384937954,-0.402094857853955,-0.771652595636542,0.440325528364552,0.675160084824232,0.771652595636542,FALSE,TRUE,FALSE,FALSE,FALSE
"C1orf74","turquoise",0.975786716561663,1268.81085685917,1268.77736295653,0.0334939026420216,1322.87384937954,-0.275682986462378,-0.529057977045292,0.596768654079892,0.695800099697167,0.529057977045292,FALSE,TRUE,FALSE,FALSE,FALSE
"BROX","turquoise",0.964324975224569,1131.88847083285,1131.70864532308,0.179825509766033,1322.87384937954,-0.465584925300208,-0.893495176771552,0.371598320600368,0.675160084824232,0.893495176771552,FALSE,TRUE,FALSE,FALSE,FALSE
"MOB3C","turquoise",0.981382283085071,1361.06491916896,1361.03082369211,0.0340954768510073,1322.87384937954,-0.26277802376892,-0.504292308535758,0.61405921974256,0.702132762856795,0.504292308535758,FALSE,TRUE,TRUE,FALSE,FALSE
"ZNF362","turquoise",0.979826603188165,1310.34861485175,1310.32790669639,0.0207081553587614,1322.87384937954,-0.477347163442341,-0.916067864324221,0.359637739606707,0.675160084824232,0.916067864324221,FALSE,TRUE,FALSE,FALSE,FALSE
"SHISA4","grey",NA,0.0287564908071027,0.0175150103175468,0.0112414804895559,1.16729646183719,-0.768505042635461,-1.47482341374486,0.140269199831475,0.675160084824232,1.47482341374486,FALSE,NA,FALSE,FALSE,FALSE
"PYHIN1","turquoise",0.955985031837273,990.100676852088,990.05483844628,0.045838405807217,1322.87384937954,-0.32858791882922,-0.630586826731992,0.528314914235209,0.676813488619187,0.630586826731992,FALSE,TRUE,FALSE,FALSE,FALSE
"COMMD7","turquoise",0.95447670436752,1007.82689607308,1007.82466528842,0.00223078465921844,1322.87384937954,-0.442570188479594,-0.849328032977911,0.39570471194663,0.675160084824232,0.849328032977911,FALSE,TRUE,FALSE,FALSE,FALSE
"YDJC","turquoise",0.899562991408304,535.82699303468,535.826581777132,0.000411257548648791,1322.87384937954,-0.454708003494146,-0.872621482964623,0.382875533376616,0.675160084824232,0.872621482964623,FALSE,TRUE,FALSE,FALSE,FALSE
"DUSP18","turquoise",0.954876123041368,890.196965156175,890.187319788372,0.00964536780315939,1322.87384937954,-0.370484352923958,-0.71098947671779,0.477095589800204,0.675160084824232,0.71098947671779,FALSE,TRUE,FALSE,FALSE,FALSE
"NFAM1","turquoise",0.950762712822793,918.778851430021,918.729934977429,0.0489164525920387,1322.87384937954,-0.541467139501884,-1.03911929110091,0.298756582347314,0.675160084824232,1.03911929110091,FALSE,TRUE,FALSE,FALSE,FALSE
"COPS9","turquoise",0.853541709114505,253.967827644606,253.966226507447,0.00160113715935495,1322.87384937954,-0.378284571502772,-0.725958727866632,0.46786902390959,0.675160084824232,0.725958727866632,FALSE,TRUE,FALSE,FALSE,FALSE
"SMPD4BP","turquoise",0.98278230607763,1381.67987664562,1381.6528258651,0.0270507805148554,1322.87384937954,-0.287873749422673,-0.552453038427843,0.580641599421864,0.690122958963235,0.552453038427843,FALSE,TRUE,TRUE,FALSE,FALSE
"GPBAR1","turquoise",0.823662371734811,196.301953594841,196.300710967332,0.0012426275091002,1322.87384937954,-0.179626892845546,-0.344718554348529,0.730308080638475,0.780536097148871,0.344718554348529,FALSE,TRUE,FALSE,FALSE,FALSE
"GPR155","turquoise",0.971608827901888,1118.05778422899,1118.0505951314,0.0071890975941642,1322.87384937954,-0.392303035962705,-0.752861296442316,0.451538433042679,0.675160084824232,0.752861296442316,FALSE,TRUE,FALSE,FALSE,FALSE
"DTX3L","turquoise",0.938848855840936,816.37628142904,816.34005577218,0.036225656860438,1322.87384937954,-0.447067877721206,-0.857959462875275,0.390920840590608,0.675160084824232,0.857959462875275,FALSE,TRUE,FALSE,FALSE,FALSE
"RNF38","turquoise",0.96565084289715,1132.3628475501,1132.15900268089,0.203844869215118,1322.87384937954,-0.565472275832385,-1.08518709176094,0.277846424428569,0.675160084824232,1.08518709176094,FALSE,TRUE,FALSE,FALSE,FALSE
"GLIPR2","turquoise",0.971978690852282,1119.8235104494,1119.80849617319,0.0150142762124688,1322.87384937954,-0.835721502665622,-1.60381724402809,0.10876354637443,0.675160084824232,1.60381724402809,FALSE,TRUE,FALSE,FALSE,FALSE
"PPM1K","turquoise",0.973036127916627,1197.54304705812,1197.52378410022,0.0192629578966717,1322.87384937954,-0.253060091145457,-0.485642808830293,0.627223540083364,0.708496645619581,0.485642808830293,FALSE,TRUE,FALSE,FALSE,FALSE
"RNF145","turquoise",0.952963906757617,831.092959321022,831.071248667906,0.0217106531159743,1322.87384937954,-0.65407394970582,-1.25522087927834,0.209407136566057,0.675160084824232,1.25522087927834,FALSE,TRUE,FALSE,FALSE,FALSE
"SAMD3","turquoise",0.960212265278639,1065.86457777679,1065.81343138078,0.0511463960167475,1322.87384937954,-0.392283417785687,-0.752823647571851,0.451561059332616,0.675160084824232,0.752823647571851,FALSE,TRUE,FALSE,FALSE,FALSE
"KCTD7","turquoise",0.965097008870541,1122.31001693761,1122.24659379325,0.0634231443573299,1322.87384937954,-0.255078636774733,-0.489516561363599,0.62447916184701,0.70738144799485,0.489516561363599,FALSE,TRUE,FALSE,FALSE,FALSE
"GIMAP8","turquoise",0.947379797147299,938.469697270814,938.304330810182,0.165366460632754,1322.87384937954,-0.403288749686799,-0.773943770750396,0.438969376077458,0.675160084824232,0.773943770750396,FALSE,TRUE,FALSE,FALSE,FALSE
"ATP6V0E2","turquoise",0.882058990870381,411.260097026093,411.259533879722,0.000563146371860057,1322.87384937954,-0.0658816005027776,-0.126432126747373,0.899390613534026,0.919105632939584,0.126432126747373,FALSE,TRUE,FALSE,FALSE,FALSE
"NSUN5P1","turquoise",0.913571830064895,611.711964846824,611.7004021818,0.0115626650242575,1322.87384937954,-0.291988128284175,-0.56034886466361,0.57524516177581,0.688806131578259,0.56034886466361,FALSE,TRUE,FALSE,FALSE,FALSE
"TTC16","turquoise",0.829422900503154,183.660971533735,183.652605935499,0.00836559823582661,1322.87384937954,-0.479739848007797,-0.920659619775477,0.35723463728353,0.675160084824232,0.920659619775477,FALSE,TRUE,FALSE,FALSE,FALSE
"MOSPD2","turquoise",0.945979686144937,844.992800340121,844.921866839928,0.0709335001931777,1322.87384937954,-0.757468985727638,-1.45364432679019,0.146054086715899,0.675160084824232,1.45364432679019,FALSE,TRUE,FALSE,FALSE,FALSE
"CLEC12A","turquoise",0.684006197037714,23.2343919436789,23.2107219232438,0.0236700204350946,1322.87384937954,-1.29423422058799,-2.48348004093362,0.013015459773325,0.675160084824232,2.48348004093362,FALSE,FALSE,FALSE,FALSE,FALSE
"TMEM229B","turquoise",0.938962850352777,851.629180087367,851.62184139878,0.00733868858662845,1322.87384937954,-0.25687491538394,-0.492963765485231,0.622041344894322,0.706060156778971,0.492963765485231,FALSE,TRUE,FALSE,FALSE,FALSE
"REM2","turquoise",0.809413184323516,136.539452808218,136.495785089802,0.0436677184156053,1322.87384937954,-0.121446383304637,-0.23306544482529,0.815711977322787,0.848348368268049,0.23306544482529,FALSE,TRUE,FALSE,FALSE,FALSE
"NOP9","turquoise",0.979441896288169,1377.35138961342,1377.23958213151,0.111807481907135,1322.87384937954,-0.453122920558946,-0.869579580444969,0.384536283673699,0.675160084824232,0.869579580444969,FALSE,TRUE,TRUE,FALSE,FALSE
"SLFN5","turquoise",0.966121063067934,1137.17204088929,1137.13032635886,0.0417145304243149,1322.87384937954,-0.350394567146631,-0.672435550851651,0.501310984860437,0.675272681317988,0.672435550851651,FALSE,TRUE,FALSE,FALSE,FALSE
"RETREG3","turquoise",0.989530862068075,1507.13899675333,1507.04256945551,0.0964272978148983,1322.87384937954,-0.513053272125422,-0.984590778525195,0.324832063609663,0.675160084824232,0.984590778525195,FALSE,TRUE,TRUE,FALSE,FALSE
"ZNF296","turquoise",0.939421245441694,779.673094218354,779.657695367124,0.0153988512303158,1322.87384937954,-0.403589336080773,-0.774520620383243,0.438628315835839,0.675160084824232,0.774520620383243,FALSE,TRUE,FALSE,FALSE,FALSE
"CITED4","turquoise",0.766485759846998,59.0726482356057,59.0695121261864,0.00313610941931586,1322.87384937954,-0.784029728042707,-1.50461654229885,0.132431895246096,0.675160084824232,1.50461654229885,FALSE,FALSE,FALSE,FALSE,FALSE
"OXER1","turquoise",0.904825301397184,442.50969192444,442.508192575547,0.00149934889282122,1322.87384937954,-0.162061738472734,-0.31100960060344,0.75579521240254,0.798425040885343,0.31100960060344,FALSE,TRUE,FALSE,FALSE,FALSE
"PARP15","turquoise",0.934309674686841,736.158485624865,736.143678281441,0.0148073434239677,1322.87384937954,-0.254912133705124,-0.489197028488868,0.624705340098713,0.70738144799485,0.489197028488868,FALSE,TRUE,FALSE,FALSE,FALSE
"CHST13","turquoise",0.683947750549413,22.9989355791731,22.9828764368676,0.0160591423055152,1322.87384937954,-0.0146188256762485,-0.0280547103696922,0.977618678888744,0.982428892632105,0.0280547103696922,FALSE,FALSE,FALSE,FALSE,FALSE
"GIMAP7","turquoise",0.928749880116469,639.779011829677,639.765731943242,0.0132798864350434,1322.87384937954,0.152512969883019,0.292638000648001,0.769801100019681,0.810625317452593,0.292638000648001,FALSE,TRUE,FALSE,FALSE,FALSE
"FUT11","turquoise",0.974056387453483,1190.58526384937,1190.54614220156,0.0391216478110437,1322.87384937954,-0.449816471215031,-0.863234236383146,0.38801472733466,0.675160084824232,0.863234236383146,FALSE,TRUE,FALSE,FALSE,FALSE
"PWWP2B","turquoise",0.920735525996055,638.250552770927,638.243619693583,0.00693307734388782,1322.87384937954,-0.33698074558553,-0.646693340965473,0.51783475940965,0.67583731433186,0.646693340965473,FALSE,TRUE,FALSE,FALSE,FALSE
"SSBP4","turquoise",0.893248531931643,484.565232405908,484.564732887451,0.000499518457047543,1322.87384937954,-0.459750373429476,-0.882298199223875,0.377621750886891,0.675160084824232,0.882298199223875,FALSE,TRUE,FALSE,FALSE,FALSE
"GIMAP1","turquoise",0.9739118452061,1220.81227701444,1220.7999471372,0.0123298772373346,1322.87384937954,-0.313641459487038,-0.601903360824155,0.547242444019617,0.680325461565257,0.601903360824155,FALSE,TRUE,FALSE,FALSE,FALSE
"COMMD6","turquoise",0.809284519608496,161.972378302787,161.896819270405,0.0755590323823583,1322.87384937954,-0.349414224235844,-0.670554193413359,0.502509084978645,0.675272681317988,0.670554193413359,FALSE,TRUE,FALSE,FALSE,FALSE
"PPP1R18","turquoise",0.965417158671594,1119.02311220654,1118.97537359222,0.047738614322725,1322.87384937954,-0.678286135754822,-1.30168602511598,0.193032477847196,0.675160084824232,1.30168602511598,FALSE,TRUE,FALSE,FALSE,FALSE
"ZNF384","turquoise",0.98024172751345,1355.61049420345,1355.45417859463,0.156315608817067,1322.87384937954,-0.423052125831637,-0.811871290097696,0.416871122015663,0.675160084824232,0.811871290097696,FALSE,TRUE,TRUE,FALSE,FALSE
"PGAM5","turquoise",0.979663229171137,1293.84636047043,1293.81748370705,0.0288767633801399,1322.87384937954,-0.487884265531954,-0.936289416575183,0.349130785409796,0.675160084824232,0.936289416575183,FALSE,TRUE,FALSE,FALSE,FALSE
"HIGD2A","turquoise",0.912120869692752,604.528477717927,604.527993717375,0.000484000551409736,1322.87384937954,-0.809869824889368,-1.55420578079259,0.12014456201748,0.675160084824232,1.55420578079259,FALSE,TRUE,FALSE,FALSE,FALSE
"MPZL3","turquoise",0.962760701895809,990.295676990044,990.25595972352,0.0397172665244625,1322.87384937954,-0.487994806732848,-0.936501554091813,0.349021604016164,0.675160084824232,0.936501554091813,FALSE,TRUE,FALSE,FALSE,FALSE
"RILPL2","turquoise",0.939491859723035,724.724771873975,724.713742623434,0.0110292505403322,1322.87384937954,-0.688366501716486,-1.3210310637489,0.186499816352463,0.675160084824232,1.3210310637489,FALSE,TRUE,FALSE,FALSE,FALSE
"DTX3","turquoise",0.907124800134857,542.723843318844,542.721725458582,0.00211786026227401,1322.87384937954,-0.0593266187666707,-0.113852585944456,0.909355318134202,0.92685954360209,0.113852585944456,FALSE,TRUE,FALSE,FALSE,FALSE
"PLBD2","turquoise",0.899551876005776,491.117014265232,490.568082172354,0.548932092878772,1322.87384937954,-0.366850549264492,-0.704015913213827,0.481427641252286,0.675160084824232,0.704015913213827,FALSE,TRUE,FALSE,FALSE,FALSE
"PATL2","turquoise",0.911111812424755,517.747809811664,517.690142538236,0.0576672734276826,1322.87384937954,-0.478769583151864,-0.918797602940616,0.358207905171382,0.675160084824232,0.918797602940616,FALSE,TRUE,FALSE,FALSE,FALSE
"MLKL","turquoise",0.935789363654291,769.111084330567,768.92851474295,0.182569587617536,1322.87384937954,-0.351474559351558,-0.674508143355438,0.499992854644258,0.675272681317988,0.674508143355438,FALSE,TRUE,FALSE,FALSE,FALSE
"NLRC3","turquoise",0.972770428843014,1242.39115889595,1242.34623266495,0.0449262309984988,1322.87384937954,-0.31215071676236,-0.599042504808579,0.549148495569392,0.68072193569281,0.599042504808579,FALSE,TRUE,FALSE,FALSE,FALSE
"NSMCE1","turquoise",0.894636167067011,446.507276432309,446.506835279062,0.000441153246526937,1322.87384937954,-0.271550888412473,-0.521128146252002,0.602280867961418,0.697107615282832,0.521128146252002,FALSE,TRUE,FALSE,FALSE,FALSE
"ZNF48","turquoise",0.865723925466156,314.310249791374,314.309365008463,0.000884782911725779,1322.87384937954,-0.321571845779554,-0.617122414357147,0.537158080350699,0.676813488619187,0.617122414357147,FALSE,TRUE,FALSE,FALSE,FALSE
"U2AF1L4","turquoise",0.907620162890683,476.168102245456,476.166372052207,0.00173019324876122,1322.87384937954,-0.692678880786867,-1.32930686842044,0.183755587352047,0.675160084824232,1.32930686842044,FALSE,TRUE,FALSE,FALSE,FALSE
"TXLNA","turquoise",0.987959176342916,1522.61274277782,1522.56700002797,0.0457427498536163,1322.87384937954,-0.456537229618763,-0.876131916036563,0.380964457319293,0.675160084824232,0.876131916036563,FALSE,TRUE,TRUE,FALSE,FALSE
"KRTCAP2","turquoise",0.881685687425418,444.29118497629,444.291053382285,0.000131594004869839,1322.87384937954,-0.537454229237965,-1.03141819132128,0.302352023707667,0.675160084824232,1.03141819132128,FALSE,TRUE,FALSE,FALSE,FALSE
"CRTC2","turquoise",0.973659957268578,1224.52242270041,1224.42829702567,0.0941256747385069,1322.87384937954,-0.501346321182158,-0.962124191584556,0.335994003580865,0.675160084824232,0.962124191584556,FALSE,TRUE,FALSE,FALSE,FALSE
"LINC00528","turquoise",0.924300830723734,626.322214712696,626.319640297178,0.00257441551798365,1322.87384937954,-0.300050008303664,-0.575820265307606,0.564740450746152,0.686362083663997,0.575820265307606,FALSE,TRUE,FALSE,FALSE,FALSE
"APOBEC3A","turquoise",0.749379935436444,54.6100946935335,54.6085258354361,0.00156885809736451,1322.87384937954,-0.574921037965965,-1.10277044671402,0.27014816018238,0.675160084824232,1.10277044671402,FALSE,FALSE,FALSE,FALSE,FALSE
"ARHGAP27","turquoise",0.957241092148733,1011.14281911919,1010.9295996713,0.213219447888036,1322.87384937954,-0.36021150881232,-0.691275056927336,0.48939738047342,0.675160084824232,0.691275056927336,FALSE,TRUE,FALSE,FALSE,FALSE
"SLC16A13","turquoise",0.959820656943744,1021.19133732717,1021.18762131154,0.00371601563051627,1322.87384937954,-0.111046218959368,-0.213106687195546,0.831245014887725,0.860999774536814,0.213106687195546,FALSE,TRUE,FALSE,FALSE,FALSE
"CENPX","turquoise",0.86790660516008,347.324691233989,347.32456205421,0.000129179779946753,1322.87384937954,-0.4358410141602,-0.836414202500783,0.402927750241725,0.675160084824232,0.836414202500783,FALSE,TRUE,FALSE,FALSE,FALSE
"UNC13D","turquoise",0.951116538185075,901.049187531965,900.968256546224,0.0809309857405651,1322.87384937954,-0.506016923702038,-0.971087456066196,0.331511575070318,0.675160084824232,0.971087456066196,FALSE,TRUE,FALSE,FALSE,FALSE
"STT3B","turquoise",0.963621890246894,1100.51601551693,1100.38308561365,0.132929903279091,1322.87384937954,-0.730421611188638,-1.40173822463418,0.16100247722559,0.675160084824232,1.40173822463418,FALSE,TRUE,FALSE,FALSE,FALSE
"TMEM154","turquoise",0.946309221645809,869.119851249411,868.945186912907,0.174664336504293,1322.87384937954,-0.690291429165934,-1.3247251554135,0.185271149097269,0.675160084824232,1.3247251554135,FALSE,TRUE,FALSE,FALSE,FALSE
"GAPT","turquoise",0.907644256513457,521.344275083998,521.324209123221,0.0200659607767193,1322.87384937954,-0.62696287883026,-1.20319253869406,0.228910123153004,0.675160084824232,1.20319253869406,FALSE,TRUE,FALSE,FALSE,FALSE
"TUBB","turquoise",0.949912037200064,967.327206780322,967.320285410928,0.00692136939392185,1322.87384937954,-0.443504364110347,-0.851120791666988,0.394708196439067,0.675160084824232,0.851120791666988,FALSE,TRUE,FALSE,FALSE,FALSE
"C9orf72","turquoise",0.900068000990873,478.681414291773,478.629305709027,0.0521085827456886,1322.87384937954,-0.570999585367806,-1.09579444638532,0.273176430566155,0.675160084824232,1.09579444638532,FALSE,TRUE,FALSE,FALSE,FALSE
"CCDC107","turquoise",0.971409852197033,1138.59937097144,1138.58583452562,0.0135364458285494,1322.87384937954,-0.442306442550105,-0.848821883179914,0.395986333220107,0.675160084824232,0.848821883179914,FALSE,TRUE,FALSE,FALSE,FALSE
"SUSD3","turquoise",0.908585738684167,574.014531515312,574.014115883699,0.000415631612895595,1322.87384937954,-0.487537554537256,-0.935624050098172,0.349473372075329,0.675160084824232,0.935624050098172,FALSE,TRUE,FALSE,FALSE,FALSE
"SAMD9L","turquoise",0.882595743452399,402.812116006731,402.77911641393,0.0329995928010476,1322.87384937954,-0.226082221121511,-0.433870091467455,0.664385507410365,0.732929771905268,0.433870091467455,FALSE,TRUE,FALSE,FALSE,FALSE
"MED19","turquoise",0.911007748374266,512.48645363102,512.485668328923,0.000785302097369822,1322.87384937954,-0.227270560743117,-0.436150611438299,0.662730202611503,0.732212735445837,0.436150611438299,FALSE,TRUE,FALSE,FALSE,FALSE
"SLC37A2","turquoise",0.882620107684781,396.606228963974,396.546282722265,0.0599462417095538,1322.87384937954,-0.586059145107359,-1.12469496111508,0.260726185314815,0.675160084824232,1.12469496111508,FALSE,TRUE,FALSE,FALSE,FALSE
"MPEG1","turquoise",0.913152155388265,625.405844596908,625.197769597862,0.208074999045721,1322.87384937954,-1.01716520193266,-1.95202239703246,0.0509436680434411,0.675160084824232,1.95202239703246,FALSE,TRUE,FALSE,FALSE,FALSE
"PATL1","turquoise",0.939384578196021,856.568569829976,856.383734488503,0.184835341473331,1322.87384937954,-0.561170222489888,-1.07693110299744,0.281518618134619,0.675160084824232,1.07693110299744,FALSE,TRUE,FALSE,FALSE,FALSE
"OAF","turquoise",0.877980220662271,391.236609876726,391.224709107568,0.0119007691587854,1322.87384937954,-0.685539143268732,-1.3156051339157,0.188315399893092,0.675160084824232,1.3156051339157,FALSE,TRUE,FALSE,FALSE,FALSE
"TIGD3","turquoise",0.864512033488833,243.479432609284,243.476503266519,0.00292934276419032,1322.87384937954,-0.177253599466488,-0.340164012154352,0.73373510034372,0.783222958032408,0.340164012154352,FALSE,TRUE,FALSE,FALSE,FALSE
"MARCHF8","blue",0.955241661059258,17.1147839438941,16.7983386364375,0.31644530745664,19.5381539006617,-0.265705133844848,-0.509909669821746,0.610118026841983,0.699535462364124,0.509909669821746,FALSE,TRUE,FALSE,FALSE,FALSE
"SPATA13","turquoise",0.980361090355109,1330.67441306105,1330.59988906902,0.0745239920290715,1322.87384937954,-0.496700456872189,-0.953208401731147,0.340491205145267,0.675160084824232,0.953208401731147,FALSE,TRUE,TRUE,FALSE,FALSE
"CPNE2","turquoise",0.885128702763547,375.234918668826,375.202446129086,0.0324725397394445,1322.87384937954,-0.638075747097044,-1.2245190328671,0.220764897838729,0.675160084824232,1.2245190328671,FALSE,TRUE,FALSE,FALSE,FALSE
"ADGRG5","turquoise",0.918532333450811,642.573959446238,642.496588844622,0.0773706016158258,1322.87384937954,-0.452771047047743,-0.868904306680701,0.384905551395019,0.675160084824232,0.868904306680701,FALSE,TRUE,FALSE,FALSE,FALSE
"FGD2","turquoise",0.938409426931293,824.728446860398,824.6851179176,0.0433289427980981,1322.87384937954,-0.328916156475212,-0.631216741356782,0.52790302170394,0.676813488619187,0.631216741356782,FALSE,TRUE,FALSE,FALSE,FALSE
"C6orf89","turquoise",0.995651166818265,1613.32131400371,1613.26011982706,0.0611941766521795,1322.87384937954,-0.417817931686971,-0.801826447645957,0.422658910480581,0.675160084824232,0.801826447645957,FALSE,TRUE,TRUE,FALSE,FALSE
"SMIM29","turquoise",0.961765567360728,1012.22554265183,1012.2230040429,0.00253860893838009,1322.87384937954,-0.442841174186104,-0.849848076494322,0.395415486291183,0.675160084824232,0.849848076494322,FALSE,TRUE,FALSE,FALSE,FALSE
"C6orf136","turquoise",0.971467159852903,1194.84632294665,1194.81220140059,0.0341215460598505,1322.87384937954,-0.202693474584578,-0.388985192739242,0.697289513789326,0.755793460864903,0.388985192739242,FALSE,TRUE,FALSE,FALSE,FALSE
"BRAT1","turquoise",0.961680030029929,990.342691445114,990.337774077303,0.00491736781100371,1322.87384937954,-0.452238256266533,-0.867881838023813,0.385465092210531,0.675160084824232,0.867881838023813,FALSE,TRUE,FALSE,FALSE,FALSE
"DAGLB","turquoise",0.97259499003608,1175.72741114498,1175.70704947684,0.020361668136502,1322.87384937954,-0.45399235357322,-0.87124809280988,0.383624801478282,0.675160084824232,0.87124809280988,FALSE,TRUE,FALSE,FALSE,FALSE
"CCZ1B","turquoise",0.957698554710225,977.779356968356,977.650932241947,0.128424726408866,1322.87384937954,-0.354489777721205,-0.680294591592471,0.496322538429957,0.675160084824232,0.680294591592471,FALSE,TRUE,FALSE,FALSE,FALSE
"TMED4","turquoise",0.978617819019351,1282.3157504725,1282.30233315076,0.0134173217375064,1322.87384937954,-0.508046351311779,-0.974982092001287,0.329576016538619,0.675160084824232,0.974982092001287,FALSE,TRUE,FALSE,FALSE,FALSE
"RSBN1L","turquoise",0.962899091335428,982.494598450405,982.483323030511,0.0112754198939911,1322.87384937954,-0.500588922031322,-0.960670681276581,0.336724546809918,0.675160084824232,0.960670681276581,FALSE,TRUE,FALSE,FALSE,FALSE
"ADGRG3","turquoise",0.856820854270276,248.305258683849,248.28893643303,0.0163222508191154,1322.87384937954,-0.624343568703584,-1.19816587043769,0.230860725216266,0.675160084824232,1.19816587043769,FALSE,TRUE,FALSE,FALSE,FALSE
"CNPY4","turquoise",0.934424885870257,733.295983908182,733.289210749217,0.00677315896496111,1322.87384937954,-0.406610896685612,-0.780319239883232,0.435208373604542,0.675160084824232,0.780319239883232,FALSE,TRUE,FALSE,FALSE,FALSE
"POLR2J2","turquoise",0.855502309121145,273.376166761461,273.375432354973,0.000734406487595152,1322.87384937954,-0.405702531529897,-0.778576013585999,0.436234882308327,0.675160084824232,0.778576013585999,FALSE,TRUE,FALSE,FALSE,FALSE
"HCG27","turquoise",0.928406921835638,664.354619752438,664.353556288734,0.00106346370432675,1322.87384937954,-0.533963600956901,-1.02386648852329,0.305927787275389,0.675160084824232,1.02386648852329,FALSE,TRUE,FALSE,FALSE,FALSE
"CUTALP","turquoise",0.912731828666564,529.279031228892,529.264769457363,0.0142617715298456,1322.87384937954,-0.343465105397399,-0.659137352576503,0.50981199494455,0.675272681317988,0.659137352576503,FALSE,TRUE,FALSE,FALSE,FALSE
"ZDHHC20","turquoise",0.948786123712491,935.00609453646,934.837429968287,0.16866456817263,1322.87384937954,-0.435541847652701,-0.835840077745069,0.403250696895405,0.675160084824232,0.835840077745069,FALSE,TRUE,FALSE,FALSE,FALSE
"YTHDF3","turquoise",0.960749938562845,1078.4819289997,1078.27527265058,0.206656349119839,1322.87384937954,-0.578765432624436,-1.11069773618335,0.266706260196688,0.675160084824232,1.11069773618335,FALSE,TRUE,FALSE,FALSE,FALSE
"KCTD13","turquoise",0.983904094564721,1364.92077887641,1364.87831267327,0.0424662031350636,1322.87384937954,-0.266249805714561,-0.510954939249656,0.609385897339899,0.699399548753232,0.510954939249656,FALSE,TRUE,TRUE,FALSE,FALSE
"EHBP1L1","turquoise",0.883867452617841,394.398485908125,394.189189104482,0.20929680364236,1322.87384937954,-0.437913793583476,-0.840392034076867,0.400694469991759,0.675160084824232,0.840392034076867,FALSE,TRUE,FALSE,FALSE,FALSE
"SNX32","turquoise",0.895523600037683,511.128737324426,511.128584445968,0.000152878458834493,1322.87384937954,-0.652347926013477,-1.25190850003173,0.210611740993108,0.675160084824232,1.25190850003173,FALSE,TRUE,FALSE,FALSE,FALSE
"SLC41A1","turquoise",0.956371749476719,1018.59306607813,1018.54859276274,0.0444733153944981,1322.87384937954,-0.139675198513177,-0.268048017460321,0.788663969345276,0.825422099688114,0.268048017460321,FALSE,TRUE,FALSE,FALSE,FALSE
"LPCAT4","turquoise",0.971260962136732,1142.93705332235,1142.91007953304,0.0269737893033835,1322.87384937954,-0.27470737858149,-0.52718570651284,0.598068041971977,0.695822020816178,0.52718570651284,FALSE,TRUE,FALSE,FALSE,FALSE
"TMEM256","turquoise",0.769782840844586,94.7111160301255,94.7108349220391,0.000281108086412019,1322.87384937954,-0.458638515113784,-0.880164453072874,0.37877639164399,0.675160084824232,0.880164453072874,FALSE,FALSE,FALSE,FALSE,FALSE
"TMEM86B","blue",0.886309120008952,5.6491714426557,5.58942544294962,0.0597459997060819,19.5381539006617,-0.229500265136479,-0.440429594740456,0.659628768744094,0.730479677031608,0.440429594740456,FALSE,TRUE,FALSE,FALSE,FALSE
"TCP11L2","turquoise",0.743975369641162,76.0029020103095,73.225599456714,2.77730255359546,1322.87384937954,-0.464691158918112,-0.891779966703166,0.372517135121284,0.675160084824232,0.891779966703166,FALSE,FALSE,FALSE,FALSE,FALSE
"RNF144B","turquoise",0.899549563298159,494.818018194301,494.520136430435,0.297881763865917,1322.87384937954,-0.554492791754793,-1.064116572649,0.287283382600381,0.675160084824232,1.064116572649,FALSE,TRUE,FALSE,FALSE,FALSE
"INAFM1","turquoise",0.876390229312168,318.665745613464,318.652374298125,0.0133713153388726,1322.87384937954,-0.527642910764908,-1.01258947660764,0.3112634286653,0.675160084824232,1.01258947660764,FALSE,TRUE,FALSE,FALSE,FALSE
"C19orf38","turquoise",0.923966712475132,647.858099592983,647.854776519754,0.00332307322923953,1322.87384937954,-0.816999434296189,-1.56788807863149,0.116916475878117,0.675160084824232,1.56788807863149,FALSE,TRUE,FALSE,FALSE,FALSE
"CNEP1R1","turquoise",0.95493361110042,961.106421347223,961.00896049252,0.0974608547027174,1322.87384937954,-0.44176479263463,-0.847782413126919,0.39656507283776,0.675160084824232,0.847782413126919,FALSE,TRUE,FALSE,FALSE,FALSE
"NAPSB","turquoise",0.821443148797169,185.904841388899,185.904035851576,0.000805537323259387,1322.87384937954,-1.09253077067438,-2.09665502688394,0.0360314267956115,0.675160084824232,2.09665502688394,FALSE,TRUE,FALSE,FALSE,FALSE
"EML3","turquoise",0.914856840034084,592.273584284975,592.269847561732,0.00373672324337804,1322.87384937954,-0.358141183931849,-0.687301935817674,0.491897124609974,0.675160084824232,0.687301935817674,FALSE,TRUE,FALSE,FALSE,FALSE
"LYSMD2","turquoise",0.939995326962785,814.757570252558,814.691138771635,0.0664314809229154,1322.87384937954,-0.577548844682582,-1.10836300539827,0.26771284405953,0.675160084824232,1.10836300539827,FALSE,TRUE,FALSE,FALSE,FALSE
"SERINC5","turquoise",0.978769386708131,1324.08552865536,1324.0188149118,0.066713743560058,1322.87384937954,-0.489199065663967,-0.938812624506827,0.347833564424758,0.675160084824232,0.938812624506827,FALSE,TRUE,TRUE,FALSE,FALSE
"ZNF683","turquoise",0.731093955707151,43.5860803839645,43.5841672175031,0.00191316646148465,1322.87384937954,-0.140916562060921,-0.270430294639537,0.786830862805104,0.824308151092109,0.270430294639537,FALSE,FALSE,FALSE,FALSE,FALSE
"ARHGAP30","turquoise",0.970302958941964,1185.23663848936,1185.1859070041,0.0507314852529817,1322.87384937954,-0.661305241415926,-1.26909831369193,0.204414610183057,0.675160084824232,1.26909831369193,FALSE,TRUE,FALSE,FALSE,FALSE
"NCR3","turquoise",0.802476611476908,152.025122510948,152.024951171064,0.000171339883422661,1322.87384937954,-0.436069946015705,-0.836762781023385,0.402731995673287,0.675160084824232,0.836762781023385,FALSE,TRUE,FALSE,FALSE,FALSE
"NSUN5P2","turquoise",0.951352100712471,917.769998054409,917.752477608362,0.0175204460468876,1322.87384937954,-0.201915213448891,-0.387491646592841,0.698394671415074,0.756800087341903,0.387491646592841,FALSE,TRUE,FALSE,FALSE,FALSE
"PRSS33","turquoise",0.691512044566393,24.5223804378082,24.5218031565077,0.000577281300486732,1322.87384937954,-0.790650413848121,-1.51630947046318,0.129472981214867,0.675160084824232,1.51630947046318,FALSE,FALSE,FALSE,FALSE,FALSE
"RGL4","turquoise",0.930397192743216,637.113601714872,637.073786095832,0.0398156190391319,1322.87384937954,-0.320634189501828,-0.615322976024651,0.538345527996743,0.676813488619187,0.615322976024651,FALSE,TRUE,FALSE,FALSE,FALSE
"SELENOH","turquoise",0.881372915755243,386.657541585838,386.65658751556,0.000954070278055497,1322.87384937954,-0.205877418589669,-0.395095439134839,0.692774910709814,0.752815349395525,0.395095439134839,FALSE,TRUE,FALSE,FALSE,FALSE
"POC1B","brown",0.946876543659774,8.28177724317757,6.70799930293065,1.57377794024692,7.78987287898542,-0.185626959908529,-0.356233168954284,0.721668144128705,0.774583250792797,0.356233168954284,FALSE,TRUE,FALSE,FALSE,FALSE
"SLC25A45","turquoise",0.933106942633818,783.4727833873,783.468689977955,0.00409340934527336,1322.87384937954,-0.167368273104171,-0.321193270307745,0.748065888012719,0.792798268763665,0.321193270307745,FALSE,TRUE,FALSE,FALSE,FALSE
"NEAT1","turquoise",0.856403303680457,220.189418191179,220.1880172604,0.00140093077911274,1322.87384937954,-0.311244988465538,-0.597304338857105,0.550308149684882,0.681096310354657,0.597304338857105,FALSE,TRUE,FALSE,FALSE,FALSE
"BCL9L","turquoise",0.972486406158651,1224.16872287084,1224.11144811056,0.0572747602750496,1322.87384937954,-0.220014685110733,-0.422225998486948,0.672862712172319,0.738839777907598,0.422225998486948,FALSE,TRUE,FALSE,FALSE,FALSE
"TMEM80","turquoise",0.915998724627196,560.168967093856,560.165855543894,0.00311154996245477,1322.87384937954,-0.226831088740679,-0.435307229075241,0.663342176378156,0.732447454655636,0.435307229075241,FALSE,TRUE,FALSE,FALSE,FALSE
"CCDC88B","turquoise",0.915834921357569,558.388714639918,558.37528630334,0.0134283365780448,1322.87384937954,-0.452397591877991,-0.868187615965901,0.385297704702383,0.675160084824232,0.868187615965901,FALSE,TRUE,FALSE,FALSE,FALSE
"TTC9C","turquoise",0.979570300760281,1305.61272249971,1305.59193088842,0.0207916112981366,1322.87384937954,-0.328437540093846,-0.630298237760476,0.52850367327068,0.676813488619187,0.630298237760476,FALSE,TRUE,FALSE,FALSE,FALSE
"ZNF740","turquoise",0.981748910989673,1381.29803037813,1381.28580289762,0.0122274805082725,1322.87384937954,-0.396246269481587,-0.76042868090549,0.447003610003548,0.675160084824232,0.76042868090549,FALSE,TRUE,TRUE,FALSE,FALSE
"RASSF3","turquoise",0.949182275474884,952.553715274805,952.315069638471,0.238645636333445,1322.87384937954,-0.65686376436979,-1.26057475955,0.207470669211892,0.675160084824232,1.26057475955,FALSE,TRUE,FALSE,FALSE,FALSE
"ANKRD52","turquoise",0.969908554466285,1215.85803676667,1215.8213361237,0.0367006429673893,1322.87384937954,-0.304972809289144,-0.585267519068876,0.558371700230944,0.683305476810284,0.585267519068876,FALSE,TRUE,FALSE,FALSE,FALSE
"GATC","turquoise",0.97804672163477,1279.92592265427,1279.90455776447,0.0213648897974963,1322.87384937954,-0.43707723800716,-0.838786616177957,0.401594905852147,0.675160084824232,0.838786616177957,FALSE,TRUE,FALSE,FALSE,FALSE
"CHAMP1","turquoise",0.952908085137131,1018.71055418367,1018.56308818983,0.147465993846481,1322.87384937954,-0.232232227961206,-0.445672452647505,0.655836678024462,0.727595321274422,0.445672452647505,FALSE,TRUE,FALSE,FALSE,FALSE
"LINC00926","turquoise",0.883833809873448,354.335377085038,354.329889057414,0.00548802762438072,1322.87384937954,-0.465489921435982,-0.893312856662269,0.371695920160599,0.675160084824232,0.893312856662269,FALSE,TRUE,FALSE,FALSE,FALSE
"BRICD5","turquoise",0.905182195224548,465.669155574111,465.663333165269,0.0058224088421639,1322.87384937954,-0.0254758855798123,-0.0488902875772211,0.961007013557464,0.968458430720856,0.0488902875772211,FALSE,TRUE,FALSE,FALSE,FALSE
"LINC00921","turquoise",0.968910730023541,1069.27763238963,1069.26353972724,0.0140926623869291,1322.87384937954,-0.367931727249532,-0.706090781325682,0.480136478323315,0.675160084824232,0.706090781325682,FALSE,TRUE,FALSE,FALSE,FALSE
"C16orf54","turquoise",0.982172279994683,1334.52134086214,1334.50360849137,0.0177323707750929,1322.87384937954,-0.644077153161917,-1.23589085530407,0.216508259566658,0.675160084824232,1.23589085530407,FALSE,TRUE,TRUE,FALSE,FALSE
"INO80E","turquoise",0.988755024261958,1506.96984584717,1506.94510451061,0.0247413365639204,1322.87384937954,-0.315312288234558,-0.605109816501726,0.545110033959796,0.678834478822713,0.605109816501726,FALSE,TRUE,TRUE,FALSE,FALSE
"TSEN54","turquoise",0.922027255306082,686.066007839485,686.062908738167,0.00309910131795732,1322.87384937954,-0.279998576932268,-0.537339944652559,0.59103630292734,0.694127793881533,0.537339944652559,FALSE,TRUE,FALSE,FALSE,FALSE
"HEXD","turquoise",0.91072976597051,578.791014502416,578.790192035624,0.000822466791987608,1322.87384937954,-0.276689918522079,-0.530990361213657,0.595428895435345,0.695117434982287,0.530990361213657,FALSE,TRUE,FALSE,FALSE,FALSE
"KANSL1","turquoise",0.987283990698379,1479.4266386362,1479.33018636071,0.0964522754891277,1322.87384937954,-0.415491087741631,-0.797361045676765,0.425246893668497,0.675160084824232,0.797361045676765,FALSE,TRUE,TRUE,FALSE,FALSE
"CISD3","turquoise",0.887497011147586,450.867422889906,450.867324576267,9.83136399668183e-05,1322.87384937954,-0.26575448624398,-0.510004381072455,0.610051672926134,0.699535462364124,0.510004381072455,FALSE,TRUE,FALSE,FALSE,FALSE
"TMEM102","turquoise",0.961301538091145,1077.9822712057,1077.97713677481,0.00513443089016619,1322.87384937954,-0.197321358417928,-0.378675666757783,0.704931068031852,0.761574143775469,0.378675666757783,FALSE,TRUE,FALSE,FALSE,FALSE
"NDUFAF8","turquoise",0.83598276397288,170.386535726972,170.380211065271,0.0063246617010293,1322.87384937954,-0.387702448908285,-0.744032397309056,0.456861970661927,0.675160084824232,0.744032397309056,FALSE,TRUE,FALSE,FALSE,FALSE
"METRNL","turquoise",0.958595374972579,964.042434347718,963.973919942289,0.0685144054297098,1322.87384937954,-0.622949993763457,-1.19549148726974,0.231903322392995,0.675160084824232,1.19549148726974,FALSE,TRUE,FALSE,FALSE,FALSE
"EMC10","turquoise",0.97872844178533,1327.15582273984,1327.14276801892,0.0130547209228098,1322.87384937954,-0.357411928899214,-0.685902436351759,0.492779268086117,0.675160084824232,0.685902436351759,FALSE,TRUE,TRUE,FALSE,FALSE
"SIGLEC17P","turquoise",0.912250218188267,535.289190860928,535.256509208391,0.0326816525374625,1322.87384937954,-0.0472676994971779,-0.0907105432818373,0.927723122341445,0.942445398323652,0.0907105432818373,FALSE,TRUE,FALSE,FALSE,FALSE
"VSTM1","turquoise",0.71486755636512,27.9821479752053,27.9786831329116,0.00346484229369537,1322.87384937954,-0.317167247997111,-0.608500353036279,0.542862797730222,0.678222703019203,0.608500353036279,FALSE,FALSE,FALSE,FALSE,FALSE
"SLC25A42","turquoise",0.941169540176645,867.628976998881,867.624055612604,0.00492138627726035,1322.87384937954,-0.188198456592618,-0.361168079342193,0.717976026531091,0.771779242554348,0.361168079342193,FALSE,TRUE,FALSE,FALSE,FALSE
"THEM5","blue",0.718607043324344,0.544226266830805,0.510400660272655,0.0338256065581503,19.5381539006617,-0.601787451693453,-1.15487885520142,0.248148082144937,0.675160084824232,1.15487885520142,FALSE,FALSE,FALSE,FALSE,FALSE
"CYB561D1","turquoise",0.991187442903498,1519.12517053713,1519.09228237807,0.0328881590576202,1322.87384937954,-0.311745702740391,-0.598265250100599,0.549666908419197,0.681014268386309,0.598265250100599,FALSE,TRUE,TRUE,FALSE,FALSE
"C3orf38","turquoise",0.935328310873776,762.744371416038,762.676170061448,0.0682013545903146,1322.87384937954,-0.44276550657149,-0.849702864213981,0.395496234205816,0.675160084824232,0.849702864213981,FALSE,TRUE,FALSE,FALSE,FALSE
"RPL7L1","turquoise",0.95469172624154,916.804074262849,916.784484084065,0.0195901787838011,1322.87384937954,-0.551202102238936,-1.05780147297353,0.290153408100202,0.675160084824232,1.05780147297353,FALSE,TRUE,FALSE,FALSE,FALSE
"LINC00174","turquoise",0.958127880689866,1007.06988625564,1007.04996862962,0.0199176260243803,1322.87384937954,-0.180728457052647,-0.346832545271483,0.728719252400235,0.779809599187776,0.346832545271483,FALSE,TRUE,FALSE,FALSE,FALSE
"SNHG15","turquoise",0.887101646043389,377.278570259734,377.275001738927,0.00356852080750514,1322.87384937954,-0.511439626209069,-0.981494061331551,0.326356081888218,0.675160084824232,0.981494061331551,FALSE,TRUE,FALSE,FALSE,FALSE
"FAM78A","turquoise",0.985498676641428,1471.53524376587,1471.50989118564,0.0253525802247623,1322.87384937954,-0.46041894031608,-0.883581233222764,0.376928504129784,0.675160084824232,0.883581233222764,FALSE,TRUE,TRUE,FALSE,FALSE
"P2RY8","turquoise",0.983600573476021,1401.32184034797,1401.28217609952,0.0396642484488439,1322.87384937954,-0.53503877694634,-1.02678274275967,0.304530015463572,0.675160084824232,1.02678274275967,FALSE,TRUE,TRUE,FALSE,FALSE
"DDX51","turquoise",0.935945300215463,750.560015333613,750.543251633979,0.0167636996345664,1322.87384937954,-0.356728497594916,-0.68459087633153,0.493606749925014,0.675160084824232,0.68459087633153,FALSE,TRUE,FALSE,FALSE,FALSE
"RAB37","turquoise",0.975023113407692,1219.48648858618,1219.48007717839,0.00641140778566296,1322.87384937954,-0.346946245733438,-0.665817942799458,0.505531950689832,0.675272681317988,0.665817942799458,FALSE,TRUE,FALSE,FALSE,FALSE
"SNAI3","turquoise",0.944455723625206,810.734531787607,810.731728192665,0.00280359494195181,1322.87384937954,-0.475230983905206,-0.912006744414907,0.361771574622909,0.675160084824232,0.912006744414907,FALSE,TRUE,FALSE,FALSE,FALSE
"ANO9","turquoise",0.86500857833019,329.423234849645,329.420383096874,0.00285175277150529,1322.87384937954,-0.203760564963064,-0.391033025593242,0.69577525253044,0.754371414201513,0.391033025593242,FALSE,TRUE,FALSE,FALSE,FALSE
"HCAR2","turquoise",0.763335631083534,64.9209880254548,64.9200620539792,0.000925971475595588,1322.87384937954,-0.17624819500547,-0.338181568338259,0.735228948952492,0.78421081617537,0.338181568338259,FALSE,FALSE,FALSE,FALSE,FALSE
"CENATAC","turquoise",0.938443209252574,764.080011062375,764.070734074268,0.00927698810744459,1322.87384937954,-0.371061847382509,-0.712097735351797,0.476409098234956,0.675160084824232,0.712097735351797,FALSE,TRUE,FALSE,FALSE,FALSE
"ANKRD13D","turquoise",0.952532631972022,861.0446218379,861.038346308958,0.0062755289419556,1322.87384937954,-0.487555585279312,-0.935658652552386,0.349455550560428,0.675160084824232,0.935658652552386,FALSE,TRUE,FALSE,FALSE,FALSE
"LINC01089","turquoise",0.890341406943668,463.220697774762,463.220363732942,0.000334041820451603,1322.87384937954,-0.494872056675042,-0.94969955368091,0.342271625603734,0.675160084824232,0.94969955368091,FALSE,TRUE,FALSE,FALSE,FALSE
"RAB43","turquoise",0.973642292042293,1185.21101266506,1185.15562352197,0.0553891430861313,1322.87384937954,-0.315201143253839,-0.604896520282715,0.545251755547737,0.678834478822713,0.604896520282715,FALSE,TRUE,FALSE,FALSE,FALSE
"JMJD8","turquoise",0.95191151500773,904.907662031809,904.894548769435,0.0131132623740768,1322.87384937954,-0.433583094618014,-0.832081072043046,0.405368975824009,0.675160084824232,0.832081072043046,FALSE,TRUE,FALSE,FALSE,FALSE
"ASB16-AS1","turquoise",0.965192525786933,1108.90098641688,1108.89603311062,0.00495330625744828,1322.87384937954,-0.285727070824026,-0.54833338834954,0.583466572981818,0.691036061334209,0.54833338834954,FALSE,TRUE,FALSE,FALSE,FALSE
"OXLD1","turquoise",0.914841670517564,600.214991561864,600.213690936252,0.00130062561174782,1322.87384937954,-0.0980710710727854,-0.188206327616498,0.850716025399419,0.878574773161115,0.188206327616498,FALSE,TRUE,FALSE,FALSE,FALSE
"MSL1","turquoise",0.957690218968817,987.100092581972,986.899210080421,0.20088250155095,1322.87384937954,-0.738118488803404,-1.41650915610401,0.156635563642946,0.675160084824232,1.41650915610401,FALSE,TRUE,FALSE,FALSE,FALSE
"ARMH1","turquoise",0.882547832269092,358.094751178867,358.090972347764,0.00377883110309085,1322.87384937954,-0.0966777741716232,-0.18553247802784,0.852812505329395,0.880104147102448,0.18553247802784,FALSE,TRUE,FALSE,FALSE,FALSE
"STING1","turquoise",0.939232630100011,830.819700720839,830.816574786406,0.00312593443277365,1322.87384937954,-0.492047464555772,-0.944278932656105,0.345033777648748,0.675160084824232,0.944278932656105,FALSE,TRUE,FALSE,FALSE,FALSE
"CD300E","turquoise",0.832953800605813,245.80902759112,245.728871240934,0.0801563501855753,1322.87384937954,-0.470034325675554,-0.902033936423905,0.367045172343852,0.675160084824232,0.902033936423905,FALSE,TRUE,FALSE,FALSE,FALSE
"OR2W3","blue",0.836694362788217,3.51749324164524,3.49783410293573,0.0196591387095126,19.5381539006617,0.583494864426492,1.11977389882174,0.262817962829357,0.675160084824232,1.11977389882174,FALSE,TRUE,FALSE,FALSE,FALSE
"FCRL6","turquoise",0.858414307947542,272.998069423665,272.969650125256,0.0284192984094602,1322.87384937954,-0.347807452881511,-0.667470669060965,0.504476027812474,0.675272681317988,0.667470669060965,FALSE,TRUE,FALSE,FALSE,FALSE
"TUBB2B","grey",NA,0.91846832372963,0.89635961754537,0.0221087061842598,1.16729646183719,0.99814562415986,1.91039441197057,0.0561708912648581,0.675160084824232,1.91039441197057,FALSE,NA,FALSE,FALSE,FALSE
"SLC35B2","turquoise",0.982305117169429,1395.1424083557,1395.12251197151,0.0198963841953628,1322.87384937954,-0.353339977346259,-0.678088031557045,0.497720451442769,0.675272681317988,0.678088031557045,FALSE,TRUE,TRUE,FALSE,FALSE
"SERINC2","grey",NA,0.00809790258954968,0.00262027656955652,0.00547762601999316,1.16729646183719,-0.0599159300384441,-0.114983522000014,0.908458855771061,0.92638612277748,0.114983522000014,FALSE,NA,FALSE,FALSE,FALSE
"GATD1","turquoise",0.965483617647016,1128.63941088287,1128.63065128444,0.00875959843301644,1322.87384937954,-0.278774935118824,-0.53499167691665,0.592659079547178,0.694686338974684,0.53499167691665,FALSE,TRUE,FALSE,FALSE,FALSE
"MCRIP1","turquoise",0.84522965112079,311.078937956892,311.078873907557,6.40493353216698e-05,1322.87384937954,-0.467280174711753,-0.896748497681078,0.369859427056423,0.675160084824232,0.896748497681078,FALSE,TRUE,FALSE,FALSE,FALSE
"LILRA5","turquoise",0.736474454514376,50.7392775326634,50.7333329195319,0.00594461313151839,1322.87384937954,-1.13412582242125,-2.1764792997369,0.0295262358362077,0.675160084824232,2.1764792997369,FALSE,FALSE,FALSE,FALSE,FALSE
"RFLNB","turquoise",0.915194403706507,499.440223456249,499.434344180016,0.00587927623314499,1322.87384937954,-0.895208349485683,-1.71797732058298,0.0858097742084158,0.675160084824232,1.71797732058298,FALSE,TRUE,FALSE,FALSE,FALSE
"IRF2BP2","turquoise",0.968319544616143,1164.75985553304,1164.5746305793,0.185224953736906,1322.87384937954,-0.675999176003496,-1.2972971641451,0.194537682114445,0.675160084824232,1.2972971641451,FALSE,TRUE,FALSE,FALSE,FALSE
"GSTK1","turquoise",0.970492995425889,1195.387417435,1195.38412211052,0.00329532448108694,1322.87384937954,-0.455826603647319,-0.874768167247736,0.381706183922537,0.675160084824232,0.874768167247736,FALSE,TRUE,FALSE,FALSE,FALSE
"DND1","turquoise",0.956441318133403,921.515206501239,921.496995330191,0.0182111710473691,1322.87384937954,-0.469031459365537,-0.900109354758445,0.368068375316153,0.675160084824232,0.900109354758445,FALSE,TRUE,FALSE,FALSE,FALSE
"NDUFS7","turquoise",0.930407480582664,698.870276383361,698.867847334289,0.00242904907213415,1322.87384937954,-0.54936377428076,-1.05427357274588,0.291765108006675,0.675160084824232,1.05427357274588,FALSE,TRUE,FALSE,FALSE,FALSE
"TMEM179B","turquoise",0.975045595330654,1258.4456550744,1258.43896097512,0.00669409927513698,1322.87384937954,-0.433711064473784,-0.832326656559832,0.405230381064045,0.675160084824232,0.832326656559832,FALSE,TRUE,FALSE,FALSE,FALSE
"TBC1D10C","turquoise",0.903201733270273,546.704932374578,546.704635460791,0.000296913787110498,1322.87384937954,-0.421102415886044,-0.808129638815992,0.419021559695224,0.675160084824232,0.808129638815992,FALSE,TRUE,FALSE,FALSE,FALSE
"ZNF710","turquoise",0.964553817309917,1121.91992565955,1121.86282252472,0.0571031348308679,1322.87384937954,-0.442894850047921,-0.849951084820056,0.395358212689977,0.675160084824232,0.849951084820056,FALSE,TRUE,FALSE,FALSE,FALSE
"PEAK3","turquoise",0.927430022563717,661.082530265558,661.070881735968,0.0116485295901612,1322.87384937954,-0.595375797721057,-1.14257437198438,0.253223323616694,0.675160084824232,1.14257437198438,FALSE,TRUE,FALSE,FALSE,FALSE
"TMEM205","turquoise",0.940673251831052,775.369225701492,775.367024630143,0.00220107134907721,1322.87384937954,-0.58665019775066,-1.12582923900362,0.26024567979554,0.675160084824232,1.12582923900362,FALSE,TRUE,FALSE,FALSE,FALSE
"RBM43","turquoise",0.947241892721646,801.659600472927,801.63914731197,0.020453160957004,1322.87384937954,-0.293230915895948,-0.562733874737024,0.57361979041157,0.688257984588534,0.562733874737024,FALSE,TRUE,FALSE,FALSE,FALSE
"CERKL","turquoise",0.951502161268767,936.767358792534,936.690907394883,0.0764513976504304,1322.87384937954,-0.282045380216749,-0.541267925914635,0.588326438691171,0.693201785603088,0.541267925914635,FALSE,TRUE,FALSE,FALSE,FALSE
"NRROS","turquoise",0.916173623895231,650.127437762361,650.119361423607,0.00807633875456304,1322.87384937954,-0.314370393673117,-0.603302244559546,0.546311627875762,0.679562230846619,0.603302244559546,FALSE,TRUE,FALSE,FALSE,FALSE
"WASH5P","turquoise",0.908456237619291,556.100768725715,555.880906372725,0.219862352990049,1322.87384937954,-0.171355547893722,-0.328845173535988,0.742274723600417,0.789000319584186,0.328845173535988,FALSE,TRUE,FALSE,FALSE,FALSE
"TRIM74","turquoise",0.92407453614475,636.004996419969,636.002220185984,0.0027762339856281,1322.87384937954,-0.346775989901643,-0.665491208070176,0.505740838422173,0.675272681317988,0.665491208070176,FALSE,TRUE,FALSE,FALSE,FALSE
"RN7SL2","grey",NA,0.54341142125041,0.51600994923121,0.0274014720191995,1.16729646183719,-0.228027091568384,-0.437483915616216,0.661765224157361,0.731816012995252,0.437483915616216,FALSE,NA,FALSE,FALSE,FALSE
"RN7SL3","grey",NA,0.0608368013563035,0.0599065155609982,0.000930285795305304,1.16729646183719,-0.126475952553207,-0.242717595529993,0.808225626505538,0.841801573104721,0.242717595529993,FALSE,NA,FALSE,FALSE,FALSE
"PSMA3-AS1","turquoise",0.960092448186978,966.208469030698,966.17650940457,0.0319596261285824,1322.87384937954,-0.579932339733816,-1.11293712542753,0.265743230759071,0.675160084824232,1.11293712542753,FALSE,TRUE,FALSE,FALSE,FALSE
"PEDS1-UBE2V1","brown",0.960138486486407,12.6131511828069,7.97604671406131,4.63710446874554,7.78987287898542,-0.47024536215553,-0.902438932519643,0.366830082361951,0.675160084824232,0.902438932519643,FALSE,TRUE,TRUE,FALSE,FALSE
"SBK1","turquoise",0.929357192488994,751.839873133144,751.832854397419,0.00701873572575096,1322.87384937954,-0.324469139168673,-0.622682555006462,0.533497286936784,0.676813488619187,0.622682555006462,FALSE,TRUE,FALSE,FALSE,FALSE
"SCIMP","turquoise",0.911463343640575,596.777208022354,596.742551259576,0.0346567627773311,1322.87384937954,-0.432232533546489,-0.829489235972397,0.406833395786315,0.675160084824232,0.829489235972397,FALSE,TRUE,FALSE,FALSE,FALSE
"CLEC17A","turquoise",0.914386937037864,498.861295956956,498.826216310496,0.0350796464600762,1322.87384937954,-0.561483286642155,-1.07753189845895,0.281250283467742,0.675160084824232,1.07753189845895,FALSE,TRUE,FALSE,FALSE,FALSE
"BLOC1S3","turquoise",0.958793732962946,1040.21100532518,1040.19443656377,0.0165687614075978,1322.87384937954,-0.397393711109767,-0.76263071431485,0.445688904424402,0.675160084824232,0.76263071431485,FALSE,TRUE,FALSE,FALSE,FALSE
"TMEM238","turquoise",0.835558568630357,150.875673270534,150.872319424575,0.00335384595894084,1322.87384937954,-0.853993478398478,-1.63888264520462,0.1012468709633,0.675160084824232,1.63888264520462,FALSE,TRUE,FALSE,FALSE,FALSE
"SMIM1","blue",0.573879338795766,0.107490248551768,0.103312444074577,0.00417780447719113,19.5381539006617,0.287334255876434,0.551417706622044,0.581350956104958,0.690122958963235,0.551417706622044,FALSE,FALSE,FALSE,FALSE,FALSE
"LINC01138","turquoise",0.923811204267683,630.383565421356,630.378998663062,0.0045667582940041,1322.87384937954,-0.345159705841772,-0.662389428065473,0.50772612623623,0.675272681317988,0.662389428065473,FALSE,TRUE,FALSE,FALSE,FALSE
"LYSMD1","turquoise",0.930071660551197,688.347093228949,688.34441176536,0.00268146358951071,1322.87384937954,-0.299237735660094,-0.574261448323175,0.565794657369636,0.686521438768862,0.574261448323175,FALSE,TRUE,FALSE,FALSE,FALSE
"SMIM26","turquoise",0.609752990228686,10.5700472648832,10.5591849057776,0.0108623591055519,1322.87384937954,-0.441699581256127,-0.847657267210465,0.396634784008677,0.675160084824232,0.847657267210465,FALSE,FALSE,FALSE,FALSE,FALSE
"BOLA3","turquoise",0.759372456014415,60.9215740851235,60.8809715995682,0.0406024855553397,1322.87384937954,-0.0892561701312457,-0.171289818840132,0.86399689561618,0.888652922133764,0.171289818840132,FALSE,FALSE,FALSE,FALSE,FALSE
"C2orf68","turquoise",0.993479219744464,1540.52577831721,1540.50797608157,0.017802235641966,1322.87384937954,-0.492620489473248,-0.945378613878826,0.344472273553473,0.675160084824232,0.945378613878826,FALSE,TRUE,TRUE,FALSE,FALSE
"ANXA2R","turquoise",0.907093626104443,565.590072531935,565.589707166959,0.00036536497623274,1322.87384937954,-0.244864606837737,-0.469915010737317,0.638418725843912,0.714555823367573,0.469915010737317,FALSE,TRUE,FALSE,FALSE,FALSE
"LAMTOR4","turquoise",0.833014349653225,181.229890769243,181.227412988691,0.00247778055205572,1322.87384937954,-0.564681465094581,-1.08366946191175,0.278518995010903,0.675160084824232,1.08366946191175,FALSE,TRUE,FALSE,FALSE,FALSE
"LINC00937","turquoise",0.745875245423909,52.9790256996889,52.9677056911978,0.0113200084910403,1322.87384937954,-0.556508467435629,-1.06798481751883,0.285534874105343,0.675160084824232,1.06798481751883,FALSE,FALSE,FALSE,FALSE,FALSE
"PAGE2B","blue",0.926408023664224,9.87070292841477,9.84986133122554,0.0208415971892251,19.5381539006617,-0.390453187266698,-0.749087695801185,0.453813861055979,0.675160084824232,0.749087695801185,FALSE,TRUE,FALSE,FALSE,FALSE
"PTRHD1","turquoise",0.847229648501756,230.33882761548,230.298311897773,0.0405157177067963,1322.87384937954,-0.546504315193852,-1.0487860391865,0.294283991429058,0.675160084824232,1.0487860391865,FALSE,TRUE,FALSE,FALSE,FALSE
"TMEM200B","blue",0.766463420400705,4.51899327438169,2.26403884754747,2.25495442683422,19.5381539006617,-0.460259786239907,-0.883275803661588,0.377093462086734,0.675160084824232,0.883275803661588,FALSE,FALSE,FALSE,FALSE,FALSE
"EEIG1","turquoise",0.932815748168495,772.626866412589,772.625331076267,0.0015353363213535,1322.87384937954,-0.503691568463396,-0.966506949711134,0.333798046102642,0.675160084824232,0.966506949711134,FALSE,TRUE,FALSE,FALSE,FALSE
"PCNX3","turquoise",0.979763409430861,1365.03904576371,1364.98934583856,0.0496999251499801,1322.87384937954,-0.30994823274058,-0.594815759603913,0.551970554292102,0.681096310354657,0.594815759603913,FALSE,TRUE,TRUE,FALSE,FALSE
"CHCHD10","turquoise",0.929255066843966,730.357022094034,730.355246031352,0.0017760626819836,1322.87384937954,-0.443921253965978,-0.851920837061524,0.394263976748266,0.675160084824232,0.851920837061524,FALSE,TRUE,FALSE,FALSE,FALSE
"NICOL1","turquoise",0.631291523307756,9.92347628849041,9.91177183350811,0.0117044549823024,1322.87384937954,-0.848399695140022,-1.62814772212241,0.103502747721366,0.675160084824232,1.62814772212241,FALSE,FALSE,FALSE,FALSE,FALSE
"C4orf3","turquoise",0.953373004964347,959.667108759734,959.572670819387,0.0944379403466655,1322.87384937954,-0.397638006474497,-0.763099536903884,0.445409282571049,0.675160084824232,0.763099536903884,FALSE,TRUE,FALSE,FALSE,FALSE
"TOMM5","turquoise",0.925901976960753,609.375217254423,609.358828253289,0.0163890011333478,1322.87384937954,-0.327448211141974,-0.628399635381612,0.529746358598829,0.676813488619187,0.628399635381612,FALSE,TRUE,FALSE,FALSE,FALSE
"ANKHD1-EIF4EBP3","turquoise",0.985454201449372,1435.71949279235,1435.63616055652,0.0833322358271289,1322.87384937954,-0.452993256121667,-0.869330743889032,0.384672332610189,0.675160084824232,0.869330743889032,FALSE,TRUE,TRUE,FALSE,FALSE
"MIRLET7D","turquoise",0.764173570887791,57.4023920300044,57.3931414018465,0.00925062815795741,1322.87384937954,-0.214516124706516,-0.411673815773585,0.680581090906361,0.744454215476316,0.411673815773585,FALSE,FALSE,FALSE,FALSE,FALSE
"MIR106B","turquoise",0.693224254323735,17.663333338371,17.6631624184944,0.00017091987660578,1322.87384937954,0.0388404899102533,0.0745380456119332,0.940582703850419,0.95167709762077,0.0745380456119332,FALSE,FALSE,FALSE,FALSE,FALSE
"MIR142","turquoise",0.380664654214993,0.583958546082889,0.57969906671917,0.00425947936371884,1322.87384937954,-0.0260481864369565,-0.0499770620148005,0.960141122158742,0.968092089323581,0.0499770620148005,FALSE,FALSE,FALSE,FALSE,FALSE
"MIR155","grey",NA,0.0248697502221543,0.0170347544556554,0.00783499576649891,1.16729646183719,-0.0328964716893883,-0.0631309932732849,0.949662562189158,0.95927996449112,0.0631309932732849,FALSE,NA,FALSE,FALSE,FALSE
"MIR186","turquoise",0.878989798628967,317.281767019313,317.277353514001,0.00441350531252738,1322.87384937954,-0.293903735589118,-0.564025070216124,0.572740756915557,0.688257984588534,0.564025070216124,FALSE,TRUE,FALSE,FALSE,FALSE
"MIR21","turquoise",0.79183220297494,108.139243402208,107.755687559468,0.383555842739966,1322.87384937954,-0.43286683555731,-0.830706512899738,0.406145226312246,0.675160084824232,0.830706512899738,FALSE,FALSE,FALSE,FALSE,FALSE
"MIR22","turquoise",0.54141694434141,3.3419983569254,3.33959613928312,0.00240221764228332,1322.87384937954,-0.350114589497849,-0.671898251069814,0.501652997699858,0.675272681317988,0.671898251069814,FALSE,FALSE,FALSE,FALSE,FALSE
"MIR223","turquoise",0.905820993777711,477.203260438546,477.160632287834,0.0426281507116641,1322.87384937954,-0.315805831644486,-0.605985682614252,0.544528582880645,0.678834478822713,0.605985682614252,FALSE,TRUE,FALSE,FALSE,FALSE
"MIR23A","turquoise",0.707357604104312,22.9658610706282,22.9656122771483,0.000248793479912024,1322.87384937954,-0.396238896163064,-0.76041453091012,0.447012065267149,0.675160084824232,0.76041453091012,FALSE,FALSE,FALSE,FALSE,FALSE
"MIR25","turquoise",0.479464789076242,1.00084172706804,0.999474366455119,0.00136736061291687,1322.87384937954,0.631280083860914,1.21147760477419,0.22572075588227,0.675160084824232,1.21147760477419,FALSE,FALSE,FALSE,FALSE,FALSE
"MIR27A","turquoise",0.536804484678692,1.38947060027283,1.38859080287321,0.000879797399621518,1322.87384937954,-0.795048268277599,-1.52576201333959,0.127078361144298,0.675160084824232,1.52576201333959,FALSE,FALSE,FALSE,FALSE,FALSE
"MIR29B2","turquoise",0.862618402097537,275.257028213928,275.123833092838,0.133195121090637,1322.87384937954,0.201353410470968,0.386352516283844,0.699238616000464,0.757414001599095,0.386352516283844,FALSE,TRUE,FALSE,FALSE,FALSE
"MIR29C","turquoise",0.810929051397379,127.274566547318,127.212940003838,0.0616265434801448,1322.87384937954,-0.258130528386167,-0.495373388521583,0.620339748132385,0.70517815524511,0.495373388521583,FALSE,TRUE,FALSE,FALSE,FALSE
"MIR7-1","turquoise",0.730062547684538,38.2085497417759,38.1788629314922,0.0296868102837848,1322.87384937954,0.396259429815241,0.760453936651553,0.446988518776637,0.675160084824232,0.760453936651553,FALSE,FALSE,FALSE,FALSE,FALSE
"TNFSF12-TNFSF13","turquoise",0.939095667033937,766.557292198066,766.535160049581,0.0221321484846158,1322.87384937954,-0.633937933728121,-1.21657823391376,0.223773096717118,0.675160084824232,1.21657823391376,FALSE,TRUE,FALSE,FALSE,FALSE
"CCL3L3","turquoise",0.707978378446791,29.2667857797295,29.186606726781,0.0801790529484379,1322.87384937954,-0.432835730903641,-0.830646820550354,0.406178956282734,0.675160084824232,0.830646820550354,FALSE,FALSE,FALSE,FALSE,FALSE
"C10orf105","turquoise",0.883460367821541,390.064995606315,390.042964087513,0.0220315188020095,1322.87384937954,-0.11167758984291,-0.214318339052261,0.830300091349926,0.860598620541283,0.214318339052261,FALSE,TRUE,FALSE,FALSE,FALSE
"HCG25","turquoise",0.935863169102738,703.875441306197,703.846329122715,0.0291121834826527,1322.87384937954,-0.295792516600082,-0.567649793937979,0.570276502874581,0.688214946772391,0.567649793937979,FALSE,TRUE,FALSE,FALSE,FALSE
"PIM3","turquoise",0.954398789288953,854.80710300062,854.800191069282,0.00691193133832257,1322.87384937954,-0.440379519107382,-0.84512396104257,0.398047524296799,0.675160084824232,0.84512396104257,FALSE,TRUE,FALSE,FALSE,FALSE
"PRKCQ-AS1","turquoise",0.939983008120851,787.494698687722,787.489551268175,0.0051474195472565,1322.87384937954,-0.527342923219338,-1.01201377621338,0.311538602813984,0.675160084824232,1.01201377621338,FALSE,TRUE,FALSE,FALSE,FALSE
"IFIT1B","blue",0.958633017638996,17.1208618702902,17.0866211268943,0.0342407433959124,19.5381539006617,0.565566580016208,1.08423236495691,0.278298858538789,0.675160084824232,1.08423236495691,FALSE,TRUE,FALSE,FALSE,FALSE
"CCDC88C","turquoise",0.968763007018672,1205.59276773585,1205.54493327872,0.0478344571358775,1322.87384937954,-0.445070592728735,-0.854126511225775,0.393040859071586,0.675160084824232,0.854126511225775,FALSE,TRUE,FALSE,FALSE,FALSE
"GOLGA8B","turquoise",0.934874099703892,754.814037536872,754.760457383344,0.053580153527264,1322.87384937954,-0.354176320875453,-0.679693042520354,0.496703427619732,0.675160084824232,0.679693042520354,FALSE,TRUE,FALSE,FALSE,FALSE
"NPIPB4","turquoise",0.949857046665844,907.39563071398,907.282764836604,0.112865877375611,1322.87384937954,-0.259057939184418,-0.497153164949243,0.619084231372129,0.704552189834397,0.497153164949243,FALSE,TRUE,FALSE,FALSE,FALSE
"NPIPB12","turquoise",0.94402055850135,828.779300414596,828.70000472543,0.0792956891660879,1322.87384937954,-0.353846619109937,-0.679060318131627,0.497104224499308,0.675160084824232,0.679060318131627,FALSE,TRUE,FALSE,FALSE,FALSE
"RNASEK","turquoise",0.885963801535105,382.646549030993,382.64562905191,0.000919979082652844,1322.87384937954,-0.677472896500776,-1.30012535312776,0.193566742649861,0.675160084824232,1.30012535312776,FALSE,TRUE,FALSE,FALSE,FALSE
"PLIN5","turquoise",0.877816105706108,314.251691793078,314.249378657734,0.00231313534425226,1322.87384937954,-0.33930824332598,-0.65115999762043,0.514947570591288,0.675623884585818,0.65115999762043,FALSE,TRUE,FALSE,FALSE,FALSE
"MIAT","turquoise",0.924452493401473,636.115363140238,636.076891388341,0.0384717518969637,1322.87384937954,-0.504322949224592,-0.967836581858453,0.333132812526067,0.675160084824232,0.967836581858453,FALSE,TRUE,FALSE,FALSE,FALSE
"CIMAP1B","turquoise",0.753287965616137,62.7940198619751,62.7923890420112,0.00163081996389991,1322.87384937954,-0.247336108627943,-0.474658022825837,0.635033763222871,0.71247553679514,0.474658022825837,FALSE,FALSE,FALSE,FALSE,FALSE
"C6orf226","turquoise",0.815950750128319,184.276956218832,184.276749501404,0.00020671742871059,1322.87384937954,-0.387013875969656,-0.742710970076153,0.457661771256298,0.675160084824232,0.742710970076153,FALSE,TRUE,FALSE,FALSE,FALSE
"CALHM6","turquoise",0.733621591396538,39.5797204800691,39.5739307661619,0.00578971390724092,1322.87384937954,-0.737618804696368,-1.41555022183599,0.156916310658949,0.675160084824232,1.41555022183599,FALSE,FALSE,FALSE,FALSE,FALSE
"RNF216P1","turquoise",0.981971002512728,1351.1608666011,1351.14305363004,0.017812971063222,1322.87384937954,-0.323594875317678,-0.621004771874662,0.5346006086079,0.676813488619187,0.621004771874662,FALSE,TRUE,TRUE,FALSE,FALSE
"SPDYE2","turquoise",0.739566309255693,61.9855351992713,61.9847600679367,0.000775131334613377,1322.87384937954,-0.408326038786236,-0.783610736474102,0.433273962907882,0.675160084824232,0.783610736474102,FALSE,FALSE,FALSE,FALSE,FALSE
"ZFAS1","turquoise",0.890676250464673,345.372747128655,345.338955507215,0.0337916214407414,1322.87384937954,-0.856109352221675,-1.64294317842413,0.100403853142752,0.675160084824232,1.64294317842413,FALSE,TRUE,FALSE,FALSE,FALSE
"MIR324","turquoise",0.714299807690948,30.3040355988794,30.3020574807408,0.00197811813860227,1322.87384937954,0.505518767050851,0.970131453109645,0.331987811173576,0.675160084824232,0.970131453109645,FALSE,FALSE,FALSE,FALSE,FALSE
"MIR342","turquoise",0.539537198286498,4.08629657161005,4.06781645636759,0.0184801152424576,1322.87384937954,-0.136942634753218,-0.262804006309896,0.792703225334891,0.828840598113444,0.262804006309896,FALSE,FALSE,FALSE,FALSE,FALSE
"MIR371A","turquoise",0.533996556840854,3.8538087753504,3.79073896767621,0.0630698076741845,1322.87384937954,-0.490480064943245,-0.941270965864734,0.346572644272502,0.675160084824232,0.941270965864734,FALSE,FALSE,FALSE,FALSE,FALSE
"MIR372","turquoise",0.53182448163395,1.51666856690564,1.51504995599452,0.00161861091111848,1322.87384937954,-0.368062609175886,-0.706184509778099,0.480080798049161,0.675160084824232,0.706184509778099,FALSE,FALSE,FALSE,FALSE,FALSE
"MIR373","turquoise",0.484622682842976,0.828757662795988,0.827745895938022,0.00101176685796533,1322.87384937954,-0.563264844748239,-1.08095085274296,0.279726573515147,0.675160084824232,1.08095085274296,FALSE,FALSE,FALSE,FALSE,FALSE
"SULT1A4","turquoise",0.943022279948675,835.196822580208,835.146776830654,0.050045749553874,1322.87384937954,-0.272848917346216,-0.523619168895963,0.600546827960049,0.69633558938109,0.523619168895963,FALSE,TRUE,FALSE,FALSE,FALSE
"TRGC1","turquoise",0.938720118850197,758.314840082651,758.303390069938,0.0114500127129986,1322.87384937954,-0.667337817123124,-1.28067531501862,0.200316390286459,0.675160084824232,1.28067531501862,FALSE,TRUE,FALSE,FALSE,FALSE
"TARP","turquoise",0.938720118850197,758.314840082651,758.303390069938,0.0114500127129986,1322.87384937954,-0.667337817123124,-1.28067531501862,0.200316390286459,0.675160084824232,1.28067531501862,FALSE,TRUE,FALSE,FALSE,FALSE
"GIMAP6","turquoise",0.975067605847304,1276.49825594482,1276.48007975713,0.0181761876933706,1322.87384937954,-0.320766034611114,-0.615575997466769,0.538178479848014,0.676813488619187,0.615575997466769,FALSE,TRUE,FALSE,FALSE,FALSE
"F8A2","turquoise",0.87922876083156,319.400947157443,319.330876314085,0.0700708433579393,1322.87384937954,-0.695476216505759,-1.33467518220557,0.181991535804884,0.675160084824232,1.33467518220557,FALSE,TRUE,FALSE,FALSE,FALSE
"F8A3","turquoise",0.903212382166221,443.649876380837,443.584523613361,0.0653527674767815,1322.87384937954,-0.733407785173567,-1.4074689343448,0.159297441477713,0.675160084824232,1.4074689343448,FALSE,TRUE,FALSE,FALSE,FALSE
"COA5","turquoise",0.941681465165034,848.673288625773,848.547996348799,0.125292276974051,1322.87384937954,-0.360007430000392,-0.690883413160044,0.489643484292455,0.675160084824232,0.690883413160044,FALSE,TRUE,FALSE,FALSE,FALSE
"SLX1A","turquoise",0.944051820804358,912.428054037842,912.403459332128,0.0245947057135254,1322.87384937954,-0.456596544966332,-0.876245746992165,0.380902586074036,0.675160084824232,0.876245746992165,FALSE,TRUE,FALSE,FALSE,FALSE
"POLR2J3","turquoise",0.899318564343162,437.908553092069,437.905509464446,0.00304362762307164,1322.87384937954,-0.549007391207844,-1.05358964476748,0.292078251291942,0.675160084824232,1.05358964476748,FALSE,TRUE,FALSE,FALSE,FALSE
"ATXN7L3B","turquoise",0.963691499658842,1078.7068879147,1078.69786967387,0.00901824083689462,1322.87384937954,-0.301212224973884,-0.578050653219189,0.56323371517154,0.68529570072663,0.578050653219189,FALSE,TRUE,FALSE,FALSE,FALSE
"DNAJC25-GNG10","turquoise",0.831990391170172,205.364113078235,205.313229779167,0.0508832990678911,1322.87384937954,-0.49958183576768,-0.958738001178363,0.337697504763104,0.675160084824232,0.958738001178363,FALSE,TRUE,FALSE,FALSE,FALSE
"BOLA2B","turquoise",0.975723787061455,1286.91672664044,1286.87543187646,0.0412947639802042,1322.87384937954,-0.321342100091421,-0.616681513775802,0.537448908418455,0.676813488619187,0.616681513775802,FALSE,TRUE,FALSE,FALSE,FALSE
"BOLA2","turquoise",0.975723787061455,1286.91672664044,1286.87543187646,0.0412947639802042,1322.87384937954,-0.321342100091421,-0.616681513775802,0.537448908418455,0.676813488619187,0.616681513775802,FALSE,TRUE,FALSE,FALSE,FALSE
"SNORA10","turquoise",0.734431598687282,36.4076183065725,36.4054179049464,0.00220040162605528,1322.87384937954,-0.521501199419014,-1.000803035152,0.31692909958858,0.675160084824232,1.000803035152,FALSE,FALSE,FALSE,FALSE,FALSE
"SNORD101","turquoise",0.6885541985564,17.1012972316997,17.0974473597258,0.00384987197395148,1322.87384937954,-0.69274891364302,-1.32944126714296,0.183711269322508,0.675160084824232,1.32944126714296,FALSE,FALSE,FALSE,FALSE,FALSE
"SNORA33","turquoise",0.650127701844639,14.8980348351287,14.8949650948385,0.00306974029023976,1322.87384937954,-0.770461580770289,-1.47857816887468,0.139262270552032,0.675160084824232,1.47857816887468,FALSE,FALSE,FALSE,FALSE,FALSE
"SNORD18C","turquoise",0.366122514416503,0.133506187745307,0.132216987780035,0.00128919996527113,1322.87384937954,-0.809734111262537,-1.55394533535202,0.120206679448849,0.675160084824232,1.55394533535202,FALSE,FALSE,FALSE,FALSE,FALSE
"NPIPB13","turquoise",0.954392916161444,1021.07997166731,1020.88659334416,0.193378323144202,1322.87384937954,-0.372588646844811,-0.715027787166908,0.474596738250056,0.675160084824232,0.715027787166908,FALSE,TRUE,FALSE,FALSE,FALSE
"SCARNA9","turquoise",0.714739840553487,44.9734227009948,44.7955895966932,0.177833104301591,1322.87384937954,-1.02728019862093,-1.97143389483429,0.0486822890547503,0.675160084824232,1.97143389483429,FALSE,FALSE,FALSE,FALSE,FALSE
"SNORA7A","turquoise",0.660742286174674,18.6103113684585,18.6061155299244,0.00419583853404148,1322.87384937954,0.295952255648912,0.567956346109055,0.570068326596573,0.688160158713381,0.567956346109055,FALSE,FALSE,FALSE,FALSE,FALSE
"SNORD95","turquoise",0.406157005213707,0.196511133124776,0.194333019400941,0.00217811372383431,1322.87384937954,-0.562762258373039,-1.07984625606753,0.280219209314913,0.675160084824232,1.07984625606753,FALSE,FALSE,FALSE,FALSE,FALSE
"SNORD96A","turquoise",0.453471745272692,1.01160092216482,0.981680589265972,0.029920332898852,1322.87384937954,-0.0394812637705221,-0.0757677425424819,0.93960432178089,0.951281953675304,0.0757677425424819,FALSE,FALSE,FALSE,FALSE,FALSE
"TMEM91","turquoise",0.78517020885006,105.805917451125,105.805757467714,0.000159983410796372,1322.87384937954,-0.515540852020227,-0.989364645798517,0.322491742189411,0.675160084824232,0.989364645798517,FALSE,FALSE,FALSE,FALSE,FALSE
"FLVCR1-DT","turquoise",0.94479850077981,818.079506466975,818.070192814911,0.00931365206372448,1322.87384937954,-0.115811965153636,-0.22225254009349,0.824118618428776,0.856260841676604,0.22225254009349,FALSE,TRUE,FALSE,FALSE,FALSE
"MAP1LC3B2","turquoise",0.597545504259884,7.9432678635111,7.6238888834045,0.319378980106595,1322.87384937954,-0.192773875964607,-0.369948679654678,0.711423012675184,0.766271547303833,0.369948679654678,FALSE,FALSE,FALSE,FALSE,FALSE
"CASP4LP","turquoise",0.84897612025614,244.109742510898,244.09741953059,0.0123229803082268,1322.87384937954,-0.0129152242486404,-0.024785361264956,0.98022631162316,0.984818611045147,0.024785361264956,FALSE,TRUE,FALSE,FALSE,FALSE
"SDHAF1","turquoise",0.929785764269858,665.587487855108,665.586350935728,0.00113691938008742,1322.87384937954,-0.46952374755248,-0.901054095656858,0.367565882514478,0.675160084824232,0.901054095656858,FALSE,TRUE,FALSE,FALSE,FALSE
"LINGO3","turquoise",0.91866840386242,515.169304396555,515.153500295148,0.0158041014067294,1322.87384937954,-0.60955613822329,-1.16978759379467,0.242094582940427,0.675160084824232,1.16978759379467,FALSE,TRUE,FALSE,FALSE,FALSE
"ARRDC5","turquoise",0.884925895042474,389.765834977098,389.764536639956,0.00129833714203187,1322.87384937954,-0.398660631081799,-0.765062036341946,0.444239866627591,0.675160084824232,0.765062036341946,FALSE,TRUE,FALSE,FALSE,FALSE
"NORAD","turquoise",0.954886634545188,1017.4143524042,1017.23705421003,0.177298194171271,1322.87384937954,-0.572979699967162,-1.09959444665989,0.271516577482522,0.675160084824232,1.09959444665989,FALSE,TRUE,FALSE,FALSE,FALSE
"NCF1","turquoise",0.880988786154354,338.289654465783,338.279506950299,0.0101475154841069,1322.87384937954,-0.557608799530764,-1.07009644391914,0.284583427041455,0.675160084824232,1.07009644391914,FALSE,TRUE,FALSE,FALSE,FALSE
"WASH7P","turquoise",0.947454007590861,810.17427850405,810.157454086247,0.01682441780315,1322.87384937954,-0.210339332345447,-0.403658212977631,0.686466587444305,0.748983768391916,0.403658212977631,FALSE,TRUE,FALSE,FALSE,FALSE
"NME1-NME2","turquoise",0.940756851650543,739.650354472469,739.642919416571,0.00743505589809956,1322.87384937954,-0.656288889905373,-1.25947152889691,0.207868634812483,0.675160084824232,1.25947152889691,FALSE,TRUE,FALSE,FALSE,FALSE
"NCF1B","turquoise",0.892166548280282,390.769994953881,390.756170253754,0.0138247001272589,1322.87384937954,-0.579334677770897,-1.11179016371939,0.26623617190727,0.675160084824232,1.11179016371939,FALSE,TRUE,FALSE,FALSE,FALSE
"NCF1C","turquoise",0.842191648192126,203.995747251322,203.990964969886,0.0047822814368601,1322.87384937954,-0.575392666633935,-1.10422512510611,0.269503236740834,0.675160084824232,1.10422512510611,FALSE,TRUE,FALSE,FALSE,FALSE
"SCARNA21","turquoise",0.683485579029288,18.8769340914962,18.8715376648503,0.00539642664584861,1322.87384937954,-0.138667688808395,-0.266114524744266,0.790152608042559,0.826576716071838,0.266114524744266,FALSE,FALSE,FALSE,FALSE,FALSE
"SCARNA2","grey",NA,0.0324114235827453,0.0209928954854443,0.0114185280973011,1.16729646183719,-0.281476550497467,-0.540176295616992,0.589078964302908,0.693347880871342,0.540176295616992,FALSE,NA,FALSE,FALSE,FALSE
"SNORA7B","turquoise",0.835755517787892,157.195821979901,157.179638252687,0.0161837272140986,1322.87384937954,-0.788098031635819,-1.5124239463632,0.130435256720404,0.675160084824232,1.5124239463632,FALSE,TRUE,FALSE,FALSE,FALSE
"SNORA9","turquoise",0.616926652604541,6.62393308887729,6.60939185822688,0.0145412306504094,1322.87384937954,-0.372731963858216,-0.715302824122075,0.474426810970787,0.675160084824232,0.715302824122075,FALSE,FALSE,FALSE,FALSE,FALSE
"SNORA18","turquoise",0.87957028357996,330.726808371523,330.721873638529,0.00493473299360403,1322.87384937954,-0.256780739873726,-0.492783035054382,0.622169052426506,0.706060156778971,0.492783035054382,FALSE,TRUE,FALSE,FALSE,FALSE
"SNORA31","turquoise",0.501188605853883,1.94010427407988,1.88774312001415,0.0523611540657307,1322.87384937954,-0.495482066948955,-0.950870212797871,0.341676962117872,0.675160084824232,0.950870212797871,FALSE,FALSE,FALSE,FALSE,FALSE
"SNORA44","turquoise",0.691850754349058,30.2289850288395,30.2191515145985,0.00983351424097023,1322.87384937954,0.111761763024262,0.21447987420399,0.830174134423583,0.860598620541283,0.21447987420399,FALSE,FALSE,FALSE,FALSE,FALSE
"SNORA77","turquoise",0.638903597025196,14.0341646122326,14.0339146020365,0.000250010196173989,1322.87384937954,-0.256135459864792,-0.491544690459617,0.623044395890119,0.70638049536683,0.491544690459617,FALSE,FALSE,FALSE,FALSE,FALSE
"CD27-AS1","turquoise",0.89009592274116,468.471958344462,468.471414097687,0.000544246775177726,1322.87384937954,-0.340534423588308,-0.653513136845322,0.513429902318874,0.675506535372884,0.653513136845322,FALSE,TRUE,FALSE,FALSE,FALSE
"SNORD12","turquoise",0.43869083853273,0.506192151666702,0.490161791887119,0.0160303597795834,1322.87384937954,-0.769347395607227,-1.47643995731514,0.139834999761087,0.675160084824232,1.47643995731514,FALSE,FALSE,FALSE,FALSE,FALSE
"SNORA32","turquoise",0.86184176716874,252.411129012669,252.405221181123,0.00590783154595442,1322.87384937954,0.0280501422726511,0.0538304946454381,0.957070526913703,0.965625850372353,0.0538304946454381,FALSE,TRUE,FALSE,FALSE,FALSE
"SNORD5","turquoise",0.866421151546038,259.562785541786,259.556991911264,0.00579363052196413,1322.87384937954,-0.505589729279366,-0.970267635372999,0.33191994452817,0.675160084824232,0.970267635372999,FALSE,TRUE,FALSE,FALSE,FALSE
"SNORD62B","turquoise",0.855198796779634,276.121867921966,276.024753213782,0.097114708183426,1322.87384937954,-0.149179390077878,-0.286287330764328,0.774659789233395,0.81454175926012,0.286287330764328,FALSE,TRUE,FALSE,FALSE,FALSE
"SNORD84","turquoise",0.685216699922121,16.7871070828955,16.7675932672277,0.0195138156678283,1322.87384937954,-1.25497047434889,-2.40838997331888,0.0160282935041392,0.675160084824232,2.40838997331888,FALSE,FALSE,FALSE,FALSE,FALSE
"SNORD89","turquoise",0.773669876657772,72.6241259016966,72.4689285518462,0.155197349850468,1322.87384937954,-0.411495001070149,-0.78969223173347,0.429712986196434,0.675160084824232,0.78969223173347,FALSE,FALSE,FALSE,FALSE,FALSE
"SNORD110","grey",NA,0.00722308186590433,0.000242388959953278,0.00698069290595105,1.16729646183719,-0.451145304617485,-0.865784375297245,0.386614472652838,0.675160084824232,0.865784375297245,FALSE,NA,FALSE,FALSE,FALSE
"PPAN-P2RY11","turquoise",0.906222260260686,576.157891054673,576.15761755554,0.000273499133868427,1322.87384937954,-0.289287942099049,-0.555166988701369,0.578784065354232,0.690044682051626,0.555166988701369,FALSE,TRUE,FALSE,FALSE,FALSE
"MIR421","turquoise",0.778083134851619,75.9247578079389,75.8930308579053,0.031726950033601,1322.87384937954,-0.27408906258154,-0.52590868941201,0.598956143121842,0.695822020816178,0.52590868941201,FALSE,FALSE,FALSE,FALSE,FALSE
"MIR548D2","turquoise",0.492474694304839,3.92599755361199,3.92294715429204,0.00305039931994999,1322.87384937954,-0.113228457050241,-0.217294578819195,0.827980073653944,0.859024319279576,0.217294578819195,FALSE,FALSE,FALSE,FALSE,FALSE
"MIR555","turquoise",0.813542059648592,127.051939627684,127.016084878562,0.0358547491211567,1322.87384937954,-0.434480455971672,-0.833803181152995,0.404397706815403,0.675160084824232,0.833803181152995,FALSE,TRUE,FALSE,FALSE,FALSE
"MIR570","turquoise",0.867560048860553,274.153500918196,274.153054361683,0.000446556512201823,1322.87384937954,-0.0488185439109376,-0.0936717160020657,0.92537063045535,0.940432202937096,0.0936717160020657,FALSE,TRUE,FALSE,FALSE,FALSE
"MIR590","turquoise",0.67054324785644,15.6114577007289,15.5012906718485,0.110167028880422,1322.87384937954,-0.0839351267017512,-0.161050595759741,0.872054804152296,0.895866600002203,0.161050595759741,FALSE,FALSE,FALSE,FALSE,FALSE
"MIR611","turquoise",0.255856333805517,0.286297795437074,0.267147736917483,0.0191500585195911,1322.87384937954,-0.342042107403492,-0.656307555330405,0.511631623417994,0.675272681317988,0.656307555330405,FALSE,FALSE,FALSE,FALSE,FALSE
"MIR632","turquoise",0.637960022390223,15.2679259127575,15.2043914991095,0.0635344136480018,1322.87384937954,-1.24381175282222,-2.38697548302671,0.0169930067861055,0.675160084824232,2.38697548302671,FALSE,FALSE,FALSE,FALSE,FALSE
"MIR635","turquoise",0.833885822919454,148.331283494567,148.328563148123,0.00272034644416408,1322.87384937954,-0.445903691244345,-0.855114728924074,0.392509355264781,0.675160084824232,0.855114728924074,FALSE,TRUE,FALSE,FALSE,FALSE
"MIR636","turquoise",0.755530496383239,69.18150401007,69.1342693221543,0.0472346879157186,1322.87384937954,-0.62897592288578,-1.20705573326179,0.227419002124653,0.675160084824232,1.20705573326179,FALSE,FALSE,FALSE,FALSE,FALSE
"MIR637","turquoise",0.48775020862027,0.671131815350015,0.671073662258628,5.81530913871253e-05,1322.87384937954,-0.604567786004944,-1.16021454190891,0.245969540386991,0.675160084824232,1.16021454190891,FALSE,FALSE,FALSE,FALSE,FALSE
"MIR639","turquoise",0.435171010870348,2.50484933636338,2.29367880311614,0.211170533247242,1322.87384937954,-0.296342815110815,-0.568705861345676,0.56955949153324,0.687930346152088,0.568705861345676,FALSE,FALSE,FALSE,FALSE,FALSE
"MIR645","turquoise",0.752997275208049,64.5306232303955,64.4850162582963,0.0456069720992076,1322.87384937954,-0.0310285364299712,-0.0595462742368287,0.952517356108487,0.9612581036116,0.0595462742368287,FALSE,FALSE,FALSE,FALSE,FALSE
"MIR647","turquoise",0.607547026278569,7.78911547120159,7.78578361865088,0.00333185255071378,1322.87384937954,-0.125747619103783,-0.240999345545263,0.809564145756135,0.842771995424287,0.240999345545263,FALSE,FALSE,FALSE,FALSE,FALSE
"MIR650","turquoise",0.567262582450391,3.24340601954691,3.24107904958491,0.00232696996199788,1322.87384937954,-0.171892116122659,-0.329797262719466,0.741556345001809,0.788823205285902,0.329797262719466,FALSE,FALSE,FALSE,FALSE,FALSE
"MIR659","turquoise",0.786513777112583,84.7017132692633,84.6981755765657,0.0035376926975772,1322.87384937954,-0.567095430880444,-1.08830205774842,0.276469426472991,0.675160084824232,1.08830205774842,FALSE,FALSE,FALSE,FALSE,FALSE
"NUTM2A-AS1","brown",0.930718656954427,5.7535039102843,4.41627116498606,1.33723274529824,7.78987287898542,-0.0945848997804172,-0.181516082580919,0.85596358294297,0.882082606257184,0.181516082580919,FALSE,TRUE,FALSE,FALSE,FALSE
"PI4KAP1","turquoise",0.742608950901298,51.2033635506555,51.2022362130268,0.00112733762864536,1322.87384937954,0.504650569014729,0.968465310767822,0.332818861767882,0.675160084824232,0.968465310767822,FALSE,FALSE,FALSE,FALSE,FALSE
"DEFA1B","grey",NA,2.85433609754138,2.85313903766182,0.00119705987955365,1.16729646183719,0.183995706079113,0.129554780900425,0.900113596564384,0.919625349134027,0.129554780900425,FALSE,NA,TRUE,FALSE,FALSE
"CDK11A","turquoise",0.830311980114871,151.412618749506,151.411735931686,0.000882817820723858,1322.87384937954,-0.113562138060088,-0.21793493970005,0.827481099412881,0.859024319279576,0.21793493970005,FALSE,TRUE,FALSE,FALSE,FALSE
"SLC35E2B","turquoise",0.974826561170768,1178.73918460598,1178.71724451981,0.0219400861649319,1322.87384937954,-0.389962773603028,-0.74837014344933,0.454242055643271,0.675160084824232,0.74837014344933,FALSE,TRUE,FALSE,FALSE,FALSE
"EIF3CL","turquoise",0.968836541386834,1133.41184373493,1133.35464892054,0.0571948143867758,1322.87384937954,-0.523272806711408,-1.00420289301868,0.315287909556159,0.675160084824232,1.00420289301868,FALSE,TRUE,FALSE,FALSE,FALSE
"NPIPB11","turquoise",0.943102651912343,855.624880099331,855.550449880992,0.074430218338307,1322.87384937954,-0.146338258928394,-0.280834970001138,0.778838673616915,0.817933171190731,0.280834970001138,FALSE,TRUE,FALSE,FALSE,FALSE
"OIP5-AS1","turquoise",0.983879909651726,1404.08475150897,1404.02246447473,0.0622870342424449,1322.87384937954,-0.46421100220864,-0.890858507092481,0.373011329209415,0.675160084824232,0.890858507092481,FALSE,TRUE,TRUE,FALSE,FALSE
"CCR2","turquoise",0.899190223917399,493.382787729292,493.330274129494,0.0525135997982034,1322.87384937954,-0.337318994033928,-0.647342467130802,0.517414653207767,0.67583731433186,0.647342467130802,FALSE,TRUE,FALSE,FALSE,FALSE
"LINC00847","turquoise",0.978018989753617,1282.736318644,1282.72397588611,0.0123427578914743,1322.87384937954,-0.365393250653642,-0.701219239161138,0.483170960521119,0.675160084824232,0.701219239161138,FALSE,TRUE,FALSE,FALSE,FALSE
"DDTL","turquoise",0.894557410363906,398.28967477289,398.286908338286,0.00276643460347259,1322.87384937954,-0.456428266750351,-0.875922807467785,0.381078131476384,0.675160084824232,0.875922807467785,FALSE,TRUE,FALSE,FALSE,FALSE
"SIGLEC14","turquoise",0.529568392290222,1.93088663053407,1.92844409112809,0.00244253940597372,1322.87384937954,0.852014273566237,1.23075541831873,0.225524773083333,0.675160084824232,1.23075541831873,FALSE,FALSE,FALSE,FALSE,FALSE
"POM121C","turquoise",0.971079682809393,1248.65966598314,1248.49427461711,0.165391366032281,1322.87384937954,-0.469777182436409,-0.901540457723392,0.36730736090686,0.675160084824232,0.901540457723392,FALSE,TRUE,FALSE,FALSE,FALSE
"SNORD125","turquoise",0.742591015563909,48.6588915181162,48.6488450514031,0.0100464667130566,1322.87384937954,-0.0313439676735903,-0.060151612338347,0.95203523396418,0.960997674387472,0.060151612338347,FALSE,FALSE,FALSE,FALSE,FALSE
"MIR943","turquoise",0.740658387782655,52.3140504536735,52.3077512762441,0.00629917742936215,1322.87384937954,0.147897092569625,0.283826497999884,0.776545059307524,0.816123930254832,0.283826497999884,FALSE,FALSE,FALSE,FALSE,FALSE
"MIR937","turquoise",0.697495951854243,26.4977496665272,26.486200309498,0.0115493570292138,1322.87384937954,-0.291996508385101,-0.560364946755944,0.57523419463121,0.688806131578259,0.560364946755944,FALSE,FALSE,FALSE,FALSE,FALSE
"MIR939","turquoise",0.676420278496039,23.2664633796846,23.2575768393279,0.00888654035668779,1322.87384937954,0.334527698378622,0.641985744716837,0.520886727723053,0.675868213972517,0.641985744716837,FALSE,FALSE,FALSE,FALSE,FALSE
"GHRLOS","turquoise",0.849559109894683,208.334801103262,208.332522814987,0.00227828827473786,1322.87384937954,-0.229560468714566,-0.440545130282356,0.659545108619597,0.730479677031608,0.440545130282356,FALSE,TRUE,FALSE,FALSE,FALSE
"FAM229A","turquoise",0.808764532595659,127.461895714664,127.456374647804,0.00552106686012621,1322.87384937954,-0.64213146613999,-1.23230228616053,0.217844630152592,0.675160084824232,1.23230228616053,FALSE,TRUE,FALSE,FALSE,FALSE
"TEKTIP1","turquoise",0.897994421479221,430.264421811905,430.260153174304,0.00426863760071683,1322.87384937954,0.0404094201882669,0.0775489498743341,0.938187304290127,0.950598948287351,0.0775489498743341,FALSE,TRUE,FALSE,FALSE,FALSE
"LINC00861","turquoise",0.974847135685209,1261.91896338704,1261.90834326578,0.0106201212586257,1322.87384937954,-0.350778836772612,-0.672978188670137,0.500969386519126,0.675272681317988,0.672978188670137,FALSE,TRUE,FALSE,FALSE,FALSE
"CD300H","turquoise",0.714345468441695,34.8981810892434,34.8770863773127,0.0210947119306795,1322.87384937954,0.0189509819378739,0.0363684690728701,0.970988767139205,0.977140033378707,0.0363684690728701,FALSE,FALSE,FALSE,FALSE,FALSE
"TSTD1","turquoise",0.937554608159099,714.131843291517,714.120317614219,0.0115256772980956,1322.87384937954,-0.599867626442308,-1.15119455506856,0.24966022660463,0.675160084824232,1.15119455506856,FALSE,TRUE,FALSE,FALSE,FALSE
"PET100","turquoise",0.798523884352722,87.4007264195883,87.3927756704542,0.00795074913401095,1322.87384937954,-0.532862893471638,-1.02260704615908,0.306500886334066,0.675160084824232,1.02260704615908,FALSE,FALSE,FALSE,FALSE,FALSE
"NPIPB5","turquoise",0.837864878015239,206.626062994118,206.54896561161,0.0770973825082706,1322.87384937954,-0.190917451191855,-0.366278389261539,0.714161492279654,0.768835000097248,0.366278389261539,FALSE,TRUE,FALSE,FALSE,FALSE
"CD24","turquoise",0.787489241874183,102.546408725309,102.507905458426,0.038503266882941,1322.87384937954,-0.367588708882236,-0.705432501299699,0.480545912670696,0.675160084824232,0.705432501299699,FALSE,FALSE,FALSE,FALSE,FALSE
"UXT-AS1","turquoise",0.887049095719171,400.909984817516,400.84186035867,0.0681244588459435,1322.87384937954,-0.248532273398446,-0.476953559891129,0.633398228952531,0.71190906812825,0.476953559891129,FALSE,TRUE,FALSE,FALSE,FALSE
"KDM7A-DT","blue",0.927436829075256,11.9214420799226,11.8026909091968,0.118751170725801,19.5381539006617,0.111089120402002,0.213189018538308,0.831180799903597,0.860999774536814,0.213189018538308,FALSE,TRUE,FALSE,FALSE,FALSE
"UPK3BL1","turquoise",0.752172205725435,76.4139891942336,76.4119384113734,0.00205078286012395,1322.87384937954,-0.338023520435833,-0.648694510351711,0.516540194805367,0.675818875712212,0.648694510351711,FALSE,FALSE,FALSE,FALSE,FALSE
"TOMM6","turquoise",0.834475489408857,187.161883818394,187.147684802395,0.0141990159983436,1322.87384937954,-0.555288736381614,-1.06564405484698,0.286592074766919,0.675160084824232,1.06564405484698,FALSE,TRUE,FALSE,FALSE,FALSE
"PCED1B-AS1","turquoise",0.915103438911214,605.89932105826,605.897698600287,0.00162245797343985,1322.87384937954,-0.534259464595391,-1.02528717924605,0.30523493141428,0.675160084824232,1.02528717924605,FALSE,TRUE,FALSE,FALSE,FALSE
"RASA4B","turquoise",0.782289957949344,102.642532564249,102.642304824032,0.000227740216558914,1322.87384937954,-0.357303759787751,-0.68569485106685,0.49291018704476,0.675160084824232,0.68569485106685,FALSE,FALSE,FALSE,FALSE,FALSE
"LINC00173","turquoise",0.805922665398066,138.988337207251,138.988249884428,8.73228226794254e-05,1322.87384937954,-0.321382750830321,-0.616759525835826,0.537397444126691,0.676813488619187,0.616759525835826,FALSE,TRUE,FALSE,FALSE,FALSE
"DDX11L5","turquoise",0.823213202815684,165.037787078195,165.036543565792,0.00124351240287979,1322.87384937954,-0.166731798341252,-0.319971823693169,0.748991638258275,0.793387289822114,0.319971823693169,FALSE,TRUE,FALSE,FALSE,FALSE
"WASH8P","turquoise",0.644974495232504,12.6207028036075,12.6205514884519,0.000151315155607179,1322.87384937954,0.322467980196858,0.61884216887687,0.536024447615895,0.676813488619187,0.61884216887687,FALSE,FALSE,FALSE,FALSE,FALSE
"ADAMTSL4-AS2","turquoise",0.817233759881453,147.804907466272,147.641861748536,0.163045717735542,1322.87384937954,-0.227773680642347,-0.437116139269791,0.662029874194819,0.731816012995252,0.437116139269791,FALSE,TRUE,FALSE,FALSE,FALSE
"CHD1-DT","turquoise",0.946988749295783,835.210860968049,835.198659836942,0.0122011311070764,1322.87384937954,-0.0976683846239906,-0.187433539709936,0.851321835942773,0.878988770909618,0.187433539709936,FALSE,TRUE,FALSE,FALSE,FALSE
"MIR1184-1","turquoise",0.781891917436142,76.5212112429946,76.5152921256453,0.00591911734930761,1322.87384937954,-0.318852221321683,-0.611903234775312,0.540605835737006,0.677574058876686,0.611903234775312,FALSE,FALSE,FALSE,FALSE,FALSE
"MIR1914","turquoise",0.800344017112036,102.759732772354,102.734160135226,0.0255726371281924,1322.87384937954,-0.33346776290753,-0.639951642709563,0.522208311062019,0.676021301912766,0.639951642709563,FALSE,TRUE,FALSE,FALSE,FALSE
"MIR1292","turquoise",0.650862657061239,17.7718043681144,17.7531136919069,0.0186906762075232,1322.87384937954,-0.0105619592359391,-0.0201597969157168,0.983918165824011,0.987833570510108,0.0201597969157168,FALSE,FALSE,FALSE,FALSE,FALSE
"MIR1249","turquoise",0.677048508226658,14.9856762479942,14.9804764119562,0.00519983603801322,1322.87384937954,-0.46228945740559,-0.887170907000257,0.37499311146126,0.675160084824232,0.887170907000257,FALSE,FALSE,FALSE,FALSE,FALSE
"MIR1279","turquoise",0.85754141698651,296.442258747439,296.221227225693,0.221031521745488,1322.87384937954,-0.559750924848561,-1.07420735588275,0.282737310274598,0.675160084824232,1.07420735588275,FALSE,TRUE,FALSE,FALSE,FALSE
"MIR1909","turquoise",0.828953188360047,156.358160301651,156.348454746647,0.00970555500444448,1322.87384937954,-0.207704032630889,-0.398600859407201,0.690189808598364,0.751516651200402,0.398600859407201,FALSE,TRUE,FALSE,FALSE,FALSE
"MIR1203","turquoise",0.772469913060614,70.9729199978277,70.9378606601982,0.0350593376295905,1322.87384937954,-0.529923733384685,-1.01696655992607,0.309176508266548,0.675160084824232,1.01696655992607,FALSE,FALSE,FALSE,FALSE,FALSE
"MIR1181","turquoise",0.821368152029888,161.839894120882,161.778895667045,0.0609984538371577,1322.87384937954,-0.38362507421518,-0.736207585069204,0.461609409839807,0.675160084824232,0.736207585069204,FALSE,TRUE,FALSE,FALSE,FALSE
"MIR2110","turquoise",0.429108982834208,1.11488205301256,0.860348697923148,0.254533355089414,1322.87384937954,-0.851487454655088,-1.6340733826922,0.102252617221415,0.675160084824232,1.6340733826922,FALSE,FALSE,FALSE,FALSE,FALSE
"MIR1250","turquoise",0.609195662729019,6.33506777665673,6.29546415236353,0.0396036242931999,1322.87384937954,-0.402204417782671,-0.771862850012394,0.440200978222046,0.675160084824232,0.771862850012394,FALSE,FALSE,FALSE,FALSE,FALSE
"MIR1244-1","turquoise",0.905183247853956,496.604449020386,496.600622637756,0.00382638263039325,1322.87384937954,-0.767366266351532,-1.47263800983288,0.14085784240053,0.675160084824232,1.47263800983288,FALSE,TRUE,FALSE,FALSE,FALSE
"SPDYE2B","turquoise",0.844189832395253,220.54047098645,220.53923718562,0.00123380083022084,1322.87384937954,-0.344737567624002,-0.661579310638957,0.508245313126305,0.675272681317988,0.661579310638957,FALSE,TRUE,FALSE,FALSE,FALSE
"MIR762","turquoise",0.730916694281121,42.911482332815,42.8905013809175,0.0209809518974495,1322.87384937954,-0.600115179643546,-1.15166962970968,0.249464881287235,0.675160084824232,1.15166962970968,FALSE,FALSE,FALSE,FALSE,FALSE
"MIR2277","turquoise",0.759930721770619,66.790419915498,66.7795363066866,0.0108836088114117,1322.87384937954,-0.308381702433823,-0.591809461080714,0.553982086168161,0.681096310354657,0.591809461080714,FALSE,FALSE,FALSE,FALSE,FALSE
"MIR761","turquoise",0.766185625066839,93.440853326695,93.0334359046801,0.407417422014817,1322.87384937954,-0.0409409748012786,-0.0785690462243402,0.937375867096399,0.950001203680636,0.0785690462243402,FALSE,FALSE,FALSE,FALSE,FALSE
"SAP25","turquoise",0.850237461546248,259.175077757289,259.17401347212,0.00106428516886581,1322.87384937954,-0.306013443564778,-0.58726458051897,0.557029889506084,0.682600341740456,0.58726458051897,FALSE,TRUE,FALSE,FALSE,FALSE
"MIR1244-3","turquoise",0.807969776937513,131.471937132179,131.467249741666,0.00468739051211742,1322.87384937954,-0.32657249897241,-0.626651851495758,0.530891816821242,0.676813488619187,0.626651851495758,FALSE,TRUE,FALSE,FALSE,FALSE
"MIR1244-2","turquoise",0.952803486530807,909.582449136289,909.565685421838,0.0167637144512582,1322.87384937954,-0.681478063455569,-1.30781159287009,0.190945983134299,0.675160084824232,1.30781159287009,FALSE,TRUE,FALSE,FALSE,FALSE
"MIR2861","turquoise",0.759276744206647,68.5045280326083,68.4219614395246,0.0825665930836976,1322.87384937954,-0.232851409042535,-0.44686071128659,0.654978453322283,0.726831199559967,0.44686071128659,FALSE,FALSE,FALSE,FALSE,FALSE
"MIR4271","turquoise",0.785909145702368,76.8781216931321,76.8632826781791,0.0148390149529547,1322.87384937954,-0.68654775719122,-1.31754074571496,0.187666229852682,0.675160084824232,1.31754074571496,FALSE,FALSE,FALSE,FALSE,FALSE
"MIR4315-2","turquoise",0.584192584472991,9.12697288156997,8.76919839425239,0.357774487317581,1322.87384937954,-0.938521719055835,-1.80109918449578,0.0716960248877067,0.675160084824232,1.80109918449578,FALSE,FALSE,FALSE,FALSE,FALSE
"MIR1184-3","turquoise",0.873497904495646,325.702771789968,325.701550698713,0.00122109125504721,1322.87384937954,-0.485392873678156,-0.931508233843846,0.351597281395057,0.675160084824232,0.931508233843846,FALSE,TRUE,FALSE,FALSE,FALSE
"MIR4324","turquoise",0.750044280291741,48.3303170753698,48.3030008536594,0.0273162217104002,1322.87384937954,-1.17196788089759,-2.24910127456978,0.0245123687428535,0.675160084824232,2.24910127456978,FALSE,FALSE,FALSE,FALSE,FALSE
"MIR1184-2","turquoise",0.840289589315685,201.597304986976,201.596118337861,0.00118664911471456,1322.87384937954,-0.424974919876302,-0.815561287585748,0.414756759421284,0.675160084824232,0.815561287585748,FALSE,TRUE,FALSE,FALSE,FALSE
"MIR3155A","turquoise",0.559105135855056,3.94365458789506,3.94336808740172,0.000286500493336117,1322.87384937954,-0.0901564404739409,-0.173017510535627,0.862638684320273,0.887565589530752,0.173017510535627,FALSE,FALSE,FALSE,FALSE,FALSE
"MIR1260B","turquoise",0.862747904508462,259.534984895268,259.420763021165,0.114221874102554,1322.87384937954,-0.0379922018369922,-0.0729101121012361,0.941878072049313,0.952762983731015,0.0729101121012361,FALSE,TRUE,FALSE,FALSE,FALSE
"MIR4257","turquoise",0.621182657347499,6.87042915444119,6.84407821416639,0.0263509402747966,1322.87384937954,-0.00220268535313434,-0.00422271575338763,0.996630889774894,0.996863313023443,0.00422271575338763,FALSE,FALSE,FALSE,FALSE,FALSE
"MIR4298","turquoise",0.658957830237846,11.1809825499651,11.1791677284882,0.00181482147691092,1322.87384937954,-1.19425223786858,-2.29121129695214,0.021962087709245,0.675160084824232,2.29121129695214,FALSE,FALSE,FALSE,FALSE,FALSE
"MIR3198-1","turquoise",0.55565496561004,2.25583270379295,2.23436168859624,0.0214710151967141,1322.87384937954,-0.388815201769871,-0.745978881553655,0.455688674842103,0.675160084824232,0.745978881553655,FALSE,FALSE,FALSE,FALSE,FALSE
"MIR3176","turquoise",0.840579009603522,184.588805896186,184.576732637325,0.0120732588609087,1322.87384937954,-0.78687120526915,-1.51006956721176,0.131034882249784,0.675160084824232,1.51006956721176,FALSE,TRUE,FALSE,FALSE,FALSE
"IGLL5","turquoise",0.410088504312376,1.80953612694824,1.80658463339686,0.00295149355138813,1322.87384937954,-1.01354247096439,-1.94369095192742,0.0519623798181344,0.675160084824232,1.94369095192742,FALSE,FALSE,FALSE,FALSE,FALSE
"MIR3654","turquoise",0.918865674516543,552.383017822405,552.37353419094,0.00948363146483189,1322.87384937954,-0.495818290979512,-0.951515453941415,0.341349479705993,0.675160084824232,0.951515453941415,FALSE,TRUE,FALSE,FALSE,FALSE
"MIR3917","grey",NA,0.0348618642038695,0.00130620006393709,0.0335556641399324,1.16729646183719,0.208716694890734,0.400544240293699,0.688758199352653,0.750529450463295,0.400544240293699,FALSE,NA,FALSE,FALSE,FALSE
"MIR3677","turquoise",0.557501924961255,2.08227876003561,2.07940242743463,0.00287633260098019,1322.87384937954,-0.702335858824062,-1.34783939133848,0.17771894384889,0.675160084824232,1.34783939133848,FALSE,FALSE,FALSE,FALSE,FALSE
"MIR3655","turquoise",0.729160350921723,45.6219743769174,45.5434652550383,0.078509121879101,1322.87384937954,-0.573661295526407,-1.1009024837367,0.270946823904284,0.675160084824232,1.1009024837367,FALSE,FALSE,FALSE,FALSE,FALSE
"MIR3614","turquoise",0.877847052152945,331.227346119647,331.1636228654,0.0637232542474635,1322.87384937954,-0.421136135120511,-0.80667494789907,0.419897781596329,0.675160084824232,0.80667494789907,FALSE,TRUE,FALSE,FALSE,FALSE
"MIR3652","turquoise",0.715553053347542,50.6884340274056,50.416616439926,0.27181758747961,1322.87384937954,-0.30663315165967,-0.588453850539762,0.556231574791905,0.682401952025881,0.588453850539762,FALSE,FALSE,FALSE,FALSE,FALSE
"MIR3615","turquoise",0.864013363818877,285.931019561897,285.877897080426,0.0531224814706093,1322.87384937954,-0.989939466184536,-1.89977400527167,0.0574711598022008,0.675160084824232,1.89977400527167,FALSE,TRUE,FALSE,FALSE,FALSE
"MIR3916","turquoise",0.806015864090215,122.43690836255,122.429772611323,0.00713575122679799,1322.87384937954,-0.129911258762604,-0.170172690759842,0.86609017434396,0.890165530256708,0.170172690759842,FALSE,TRUE,FALSE,FALSE,FALSE
"MIR3918","turquoise",0.69200581993759,24.53885343472,24.5283970730327,0.0104563616872895,1322.87384937954,-0.33383258088138,-0.64065175794595,0.521753242355561,0.675868213972517,0.64065175794595,FALSE,FALSE,FALSE,FALSE,FALSE
"MIR3605","turquoise",0.6309402432853,15.5209225584138,15.336994835321,0.183927723092749,1322.87384937954,-0.610705600745547,-1.17199350546343,0.241207801125369,0.675160084824232,1.17199350546343,FALSE,FALSE,FALSE,FALSE,FALSE
"MIR3671","turquoise",0.838260263568715,185.731195062152,185.712608705954,0.0185863561977442,1322.87384937954,-0.356244572359506,-0.683515089812081,0.494288371663014,0.675160084824232,0.683515089812081,FALSE,TRUE,FALSE,FALSE,FALSE
"MIR3940","turquoise",0.847192524858358,230.032677257816,230.02899638462,0.00368087319586152,1322.87384937954,-0.376337685249275,-0.72209395177489,0.470243332333432,0.675160084824232,0.72209395177489,FALSE,TRUE,FALSE,FALSE,FALSE
"MIR548AA2","turquoise",0.492474694304839,3.92599755361199,3.92294715429204,0.00305039931994999,1322.87384937954,-0.113228457050241,-0.217294578819195,0.827980073653944,0.859024319279576,0.217294578819195,FALSE,FALSE,FALSE,FALSE,FALSE
"MIR3661","turquoise",0.80562671561342,142.009517210213,141.751470236777,0.25804697343645,1322.87384937954,-0.883132879592113,-1.69480351593242,0.0901217743997514,0.675160084824232,1.69480351593242,FALSE,TRUE,FALSE,FALSE,FALSE
"MIR3613","turquoise",0.466285992472895,0.489295316908059,0.489262638916888,3.26779911705155e-05,1322.87384937954,-0.0649529470112127,-0.124649965490605,0.900801400305893,0.919713981369885,0.124649965490605,FALSE,FALSE,FALSE,FALSE,FALSE
"INAFM2","turquoise",0.912527170131563,551.001548640018,550.969336392706,0.0322122473114632,1322.87384937954,-0.742923878921104,-1.42573108890156,0.153955076072172,0.675160084824232,1.42573108890156,FALSE,TRUE,FALSE,FALSE,FALSE
"FGD5-AS1","turquoise",0.976050017154235,1277.83217430866,1277.70680234763,0.125371961023802,1322.87384937954,-0.563110587893302,-1.08065482134594,0.279858282182154,0.675160084824232,1.08065482134594,FALSE,TRUE,FALSE,FALSE,FALSE
"ITGB2-AS1","turquoise",0.87712182641187,363.967286436129,363.962022554998,0.00526388113092935,1322.87384937954,-0.496009791264198,-0.951770470890211,0.341220629741833,0.675160084824232,0.951770470890211,FALSE,TRUE,FALSE,FALSE,FALSE
"C10orf95-AS1","turquoise",0.944317094680638,818.997948551912,818.994914770597,0.00303378131491172,1322.87384937954,-0.222396181084316,-0.426796282124301,0.669530392458254,0.735662741444982,0.426796282124301,FALSE,TRUE,FALSE,FALSE,FALSE
"MHENCR","turquoise",0.872445084631357,335.487817074265,335.487253366679,0.000563707586479723,1322.87384937954,-0.46087114596944,-0.884449052493169,0.376460050786598,0.675160084824232,0.884449052493169,FALSE,TRUE,FALSE,FALSE,FALSE
"CARD8-AS1","turquoise",0.948696482350431,828.505367472756,828.470727328542,0.034640144214336,1322.87384937954,-0.437265769531979,-0.839148423442199,0.401391871920964,0.675160084824232,0.839148423442199,FALSE,TRUE,FALSE,FALSE,FALSE
"ARAP1-AS2","turquoise",0.838879205219193,214.044870738172,213.779141302144,0.265729436028181,1322.87384937954,-0.633754361690359,-1.21622594430683,0.22390722978042,0.675160084824232,1.21622594430683,FALSE,TRUE,FALSE,FALSE,FALSE
"LINC01503","turquoise",0.861298612953587,237.65031257413,237.648668542907,0.00164403122246881,1322.87384937954,-0.291040200569143,-0.558529714611096,0.576486364251346,0.689116503978268,0.558529714611096,FALSE,TRUE,FALSE,FALSE,FALSE
"TMEM35B","turquoise",0.975754111763122,1227.57797045912,1227.56418041169,0.01379004743103,1322.87384937954,-0.442338302588764,-0.848883025174267,0.395952307444785,0.675160084824232,0.848883025174267,FALSE,TRUE,FALSE,FALSE,FALSE
"ARSD-AS1","turquoise",0.925051207962731,577.455209114342,577.452404820519,0.00280429382314651,1322.87384937954,-0.520707475489153,-0.999279814651338,0.317666207847254,0.675160084824232,0.999279814651338,FALSE,TRUE,FALSE,FALSE,FALSE
"EBLN3P","turquoise",0.959071720640778,1013.89766392976,1013.80989415051,0.0877697792511754,1322.87384937954,-0.429781337154008,-0.824785191586533,0.40949928901589,0.675160084824232,0.824785191586533,FALSE,TRUE,FALSE,FALSE,FALSE
"TRG-AS1","turquoise",0.961552146485759,1068.84800063144,1068.78998182841,0.0580188030289719,1322.87384937954,-0.483564596855733,-0.927999622559696,0.353414293169937,0.675160084824232,0.927999622559696,FALSE,TRUE,FALSE,FALSE,FALSE
"TSPOAP1-AS1","turquoise",0.971063236200103,1191.23325861877,1191.21832120371,0.0149374150639687,1322.87384937954,-0.412923259387704,-0.792433175111516,0.428113620616961,0.675160084824232,0.792433175111516,FALSE,TRUE,FALSE,FALSE,FALSE
"CHRM3-AS2","turquoise",0.825207454953885,144.608898807243,144.604820347552,0.00407845969056098,1322.87384937954,-0.300615195349225,-0.576904905019376,0.564007481661179,0.685859962813948,0.576904905019376,FALSE,TRUE,FALSE,FALSE,FALSE
"SNHG16","turquoise",0.929067290300874,654.52929860176,654.527821339337,0.00147726242323643,1322.87384937954,-0.637228529813154,-1.22289315428793,0.221378453657447,0.675160084824232,1.22289315428793,FALSE,TRUE,FALSE,FALSE,FALSE
"ZNF865","turquoise",0.962262689471689,1072.56272584422,1072.54387942861,0.0188464156090049,1322.87384937954,-0.483424817496101,-0.927731374648613,0.353553455155486,0.675160084824232,0.927731374648613,FALSE,TRUE,FALSE,FALSE,FALSE
"VIM-AS1","turquoise",0.873516038661127,331.793362229812,331.248708451337,0.544653778475038,1322.87384937954,-1.15723555369876,-2.22082874558639,0.026369066860044,0.675160084824232,2.22082874558639,FALSE,TRUE,FALSE,FALSE,FALSE
"PSMB8-AS1","turquoise",0.983843648672214,1339.49229022525,1339.45706882288,0.0352214023723718,1322.87384937954,-0.429298489072925,-0.823858567015769,0.410025651454155,0.675160084824232,0.823858567015769,FALSE,TRUE,TRUE,FALSE,FALSE
"FAM131B-AS2","turquoise",0.916969215422133,519.863804779202,519.860691218255,0.00311356094687198,1322.87384937954,-0.310383999253289,-0.595652030832096,0.551411638738285,0.681096310354657,0.595652030832096,FALSE,TRUE,FALSE,FALSE,FALSE
"PGLS-DT","turquoise",0.82051965470415,130.976205940671,130.969559571697,0.00664636897465698,1322.87384937954,-0.937347791393181,-1.79884632224131,0.0720517779856387,0.675160084824232,1.79884632224131,FALSE,TRUE,FALSE,FALSE,FALSE
"RAB11B-AS1","brown",0.627007628534056,0.522349177490214,0.226706425044926,0.295642752445288,7.78987287898542,-0.455819074308046,-0.874753717835912,0.381714047525024,0.675160084824232,0.874753717835912,FALSE,FALSE,FALSE,FALSE,FALSE
"LINC02432","turquoise",0.830039742092257,211.66571252845,211.492640079776,0.17307244867439,1322.87384937954,-0.228153422709078,-0.437844895049035,0.661501479840631,0.731797742335947,0.437844895049035,FALSE,TRUE,FALSE,FALSE,FALSE
"ARPC4-TTLL3","turquoise",0.961958479589223,991.776248608568,991.762655266586,0.0135933419820731,1322.87384937954,-0.467320590388479,-0.896826058637757,0.369818032689442,0.675160084824232,0.896826058637757,FALSE,TRUE,FALSE,FALSE,FALSE
"RBM14-RBM4","turquoise",0.985861160253684,1364.96254652505,1364.94320895253,0.0193375725255009,1322.87384937954,-0.581328175289355,-1.11561584689953,0.264594419009399,0.675160084824232,1.11561584689953,FALSE,TRUE,TRUE,FALSE,FALSE
"SMIM35","turquoise",0.982895453444736,1367.58198068775,1367.56448441404,0.0174962737119131,1322.87384937954,-0.483388148504538,-0.927661003884186,0.353589967923421,0.675160084824232,0.927661003884186,FALSE,TRUE,TRUE,FALSE,FALSE
"SLX1A-SULT1A3","turquoise",0.949195439704156,934.225575702794,934.155739693102,0.069836009692267,1322.87384937954,-0.401745718795302,-0.770982569508167,0.440722572150147,0.675160084824232,0.770982569508167,FALSE,TRUE,FALSE,FALSE,FALSE
"SLX1B-SULT1A4","turquoise",0.945534571723005,892.909183758294,892.831143440044,0.0780403182506006,1322.87384937954,-0.37252610679838,-0.714907767753037,0.474670900841637,0.675160084824232,0.714907767753037,FALSE,TRUE,FALSE,FALSE,FALSE
"RPL17-C18orf32","turquoise",0.77282621897559,118.387269606684,118.384727013059,0.00254259362550613,1322.87384937954,-0.566927728282357,-1.08596667193411,0.277553102412257,0.675160084824232,1.08596667193411,FALSE,FALSE,FALSE,FALSE,FALSE
"TGIF2-RAB5IF","turquoise",0.934713833297322,673.201336385537,673.16380078691,0.037535598627187,1322.87384937954,-0.71004154873076,-1.36262723431018,0.173008964350947,0.675160084824232,1.36262723431018,FALSE,TRUE,FALSE,FALSE,FALSE
"GIMAP1-GIMAP5","turquoise",0.957966264242258,1002.25410978597,1002.25109196914,0.00301781682844648,1322.87384937954,-0.358011228144229,-0.687052540136838,0.492054263574801,0.675160084824232,0.687052540136838,FALSE,TRUE,FALSE,FALSE,FALSE
"NEDD8-MDP1","turquoise",0.90551207820271,474.707811931903,474.667110968848,0.0407009630548032,1322.87384937954,-0.443310677879427,-0.850749092104289,0.394914683012682,0.675160084824232,0.850749092104289,FALSE,TRUE,FALSE,FALSE,FALSE
"BCL2L2-PABPN1","turquoise",0.974804940810124,1190.90845753117,1190.90017617654,0.00828135463052604,1322.87384937954,-0.401640932103446,-0.770781475360406,0.440841776461494,0.675160084824232,0.770781475360406,FALSE,TRUE,FALSE,FALSE,FALSE
"RPL36A-HNRNPH2","turquoise",0.882791638930624,409.703737520141,409.38692544975,0.316812070390768,1322.87384937954,-0.641960312980951,-1.2319738293876,0.217967302772122,0.675160084824232,1.2319738293876,FALSE,TRUE,FALSE,FALSE,FALSE
"CORO7-PAM16","turquoise",0.961169140658591,992.417323139988,992.394455751222,0.0228673887651212,1322.87384937954,-0.673739836065336,-1.29296130783246,0.196033147129184,0.675160084824232,1.29296130783246,FALSE,TRUE,FALSE,FALSE,FALSE
"RPS10-NUDT3","turquoise",0.731444091601714,77.3942961927681,77.3911815894914,0.0031146032766145,1322.87384937954,-0.27824959928806,-0.533922783049933,0.593398639138216,0.694686338974684,0.533922783049933,FALSE,FALSE,FALSE,FALSE,FALSE
"CKLF-CMTM1","turquoise",0.830754239523689,180.653434369338,180.645192412626,0.00824195671185635,1322.87384937954,-0.548907861415683,-1.05339863903596,0.292165745504185,0.675160084824232,1.05339863903596,FALSE,TRUE,FALSE,FALSE,FALSE
"URGCP-MRPS24","turquoise",0.895557462498096,441.111570236981,441.111126235533,0.000444001447533537,1322.87384937954,-0.365874265409602,-0.702142345432522,0.482595159395813,0.675160084824232,0.702142345432522,FALSE,TRUE,FALSE,FALSE,FALSE
"ISY1-RAB43","turquoise",0.981393209410891,1302.83974458381,1302.79246980811,0.047274775697133,1322.87384937954,-0.298104414694213,-0.572086513608319,0.567267113244087,0.687005701525699,0.572086513608319,FALSE,TRUE,FALSE,FALSE,FALSE
"MIR4680","turquoise",0.863643407895039,288.192507678334,288.183209800751,0.00929787758292377,1322.87384937954,-0.651748012886193,-1.25075721815686,0.211031596554818,0.675160084824232,1.25075721815686,FALSE,TRUE,FALSE,FALSE,FALSE
"MIR4507","turquoise",0.586889206907088,4.59786027220202,4.59352879553112,0.00433147667089795,1322.87384937954,-0.644090645133809,-1.23606210931262,0.216443939481326,0.675160084824232,1.23606210931262,FALSE,FALSE,FALSE,FALSE,FALSE
"MIR4763","turquoise",0.673025624481313,28.7528490826811,28.7499930239375,0.00285605874356065,1322.87384937954,-0.330899439357793,-0.635022821823451,0.525417765110804,0.676528608393947,0.635022821823451,FALSE,FALSE,FALSE,FALSE,FALSE
"MIR4534","grey",NA,0.0331800537951593,0.00225278445431425,0.0309272693408451,1.16729646183719,-0.699072312960705,-1.34157638253036,0.179742266860523,0.675160084824232,1.34157638253036,FALSE,NA,FALSE,FALSE,FALSE
"MIR4480","grey",NA,0.00707264507589842,0.000254880102444706,0.00681776497345371,1.16729646183719,0.273634600763016,0.523896738023845,0.600382414400721,0.696333200477201,0.523896738023845,FALSE,NA,FALSE,FALSE,FALSE
"MIR4420","grey",NA,0.00981203409222045,0.00272486617647696,0.00708716791574349,1.16729646183719,-0.547074741318897,-1.04988073311608,0.293780345266065,0.675160084824232,1.04988073311608,FALSE,NA,FALSE,FALSE,FALSE
"MIR4477A","turquoise",0.76534520091834,54.9206561614914,54.9179076864896,0.00274847500183739,1322.87384937954,-0.588174889652047,-1.12875524623866,0.259008988403575,0.675160084824232,1.12875524623866,FALSE,FALSE,FALSE,FALSE,FALSE
"MIR371B","turquoise",0.533633492389239,3.838018121431,3.77484215796472,0.0631759634662852,1322.87384937954,-0.49361878622537,-0.947294426192622,0.343495441506255,0.675160084824232,0.947294426192622,FALSE,FALSE,FALSE,FALSE,FALSE
"MIR4477B","turquoise",0.829569203677368,144.257521968609,144.253635132385,0.00388683622475128,1322.87384937954,-0.499010523733794,-0.957641607117968,0.338250258299015,0.675160084824232,0.957641607117968,FALSE,TRUE,FALSE,FALSE,FALSE
"MIR4709","turquoise",0.88632982455094,341.614592656355,341.606172164818,0.00842049153692415,1322.87384937954,-0.822204067908516,-1.57787619202773,0.114603274020683,0.675160084824232,1.57787619202773,FALSE,TRUE,FALSE,FALSE,FALSE
"MIR4724","turquoise",0.764846989406068,63.919794012624,63.9116421354788,0.00815187714518828,1322.87384937954,-0.527449971394085,-1.01221921032995,0.311440390700443,0.675160084824232,1.01221921032995,FALSE,FALSE,FALSE,FALSE,FALSE
"MIR4721","turquoise",0.678418920337749,29.5948332556946,29.5915266346158,0.00330662107883128,1322.87384937954,-0.426627408655289,-0.818732547378454,0.412944708847047,0.675160084824232,0.818732547378454,FALSE,FALSE,FALSE,FALSE,FALSE
"MIR378I","turquoise",0.837010327813687,178.154782502814,178.151615263407,0.00316723940653674,1322.87384937954,-0.542520740109664,-1.04114123599246,0.297817339752506,0.675160084824232,1.04114123599246,FALSE,TRUE,FALSE,FALSE,FALSE
"MIR4538","turquoise",0.556106053201381,3.22690199198778,3.20452940536105,0.0223725866267319,1322.87384937954,-0.578317801854233,-1.10983869648421,0.26707631897646,0.675160084824232,1.10983869648421,FALSE,FALSE,FALSE,FALSE,FALSE
"MIR4489","turquoise",0.773303775059799,84.960348711086,84.9559154469185,0.00443326416750267,1322.87384937954,-0.551189586049201,-1.05777745339181,0.290164361000698,0.675160084824232,1.05777745339181,FALSE,FALSE,FALSE,FALSE,FALSE
"MIR4665","turquoise",0.54587198339897,3.20253494235037,3.18372374221604,0.0188112001343317,1322.87384937954,-0.721819900579637,-1.38523084537105,0.165990896920471,0.675160084824232,1.38523084537105,FALSE,FALSE,FALSE,FALSE,FALSE
"MIR4750","turquoise",0.420661911254295,0.498420481608355,0.497587101206616,0.000833380401739414,1322.87384937954,-0.0952566335368054,-0.182805194059389,0.854951953061282,0.88188766875417,0.182805194059389,FALSE,FALSE,FALSE,FALSE,FALSE
"MIR4481","grey",NA,0.00154391229276769,0.000359760403211191,0.0011841518895565,1.16729646183719,-0.30997837652695,-0.594873607971133,0.55193188281714,0.681096310354657,0.594873607971133,FALSE,NA,FALSE,FALSE,FALSE
"MIR4700","turquoise",0.78668839406941,79.949101536136,79.946563106329,0.00253842980704633,1322.87384937954,-0.438241654113536,-0.841021224985644,0.400341904780869,0.675160084824232,0.841021224985644,FALSE,FALSE,FALSE,FALSE,FALSE
"MIR4426","turquoise",0.334437757281268,0.186088167517295,0.183552291858124,0.00253587565917096,1322.87384937954,-0.68951377571961,-1.32292779561834,0.185873174973106,0.675160084824232,1.32292779561834,FALSE,FALSE,FALSE,FALSE,FALSE
"MIR4451","turquoise",0.578161674793129,5.65490643983883,5.65427079739334,0.000635642445489637,1322.87384937954,-0.68252913706377,-1.30960342529847,0.190341617613317,0.675160084824232,1.30960342529847,FALSE,FALSE,FALSE,FALSE,FALSE
"MIR4800","turquoise",0.913938670664721,565.014595468554,564.691698238335,0.322897230219155,1322.87384937954,-0.510396235942651,-0.979491710911951,0.327343988241522,0.675160084824232,0.979491710911951,FALSE,TRUE,FALSE,FALSE,FALSE
"MIR4785","turquoise",0.608225608009478,9.04817606524959,8.90360557697514,0.144570488274447,1322.87384937954,-0.667686629392131,-1.2813447140112,0.200081273104647,0.675160084824232,1.2813447140112,FALSE,FALSE,FALSE,FALSE,FALSE
"MIR4467","turquoise",0.384127112335935,0.102639404617564,0.102493575154208,0.000145829463355562,1322.87384937954,-0.686831623610357,-1.31808550836204,0.187483824301958,0.675160084824232,1.31808550836204,FALSE,FALSE,FALSE,FALSE,FALSE
"MIR4539","turquoise",0.891798404044461,392.897949027046,392.859424959163,0.0385240678829177,1322.87384937954,-0.205181954943222,-0.393760788075595,0.693760103745545,0.753078148500925,0.393760788075595,FALSE,TRUE,FALSE,FALSE,FALSE
"MIR4784","turquoise",0.731176101241604,33.2044051694531,33.2002814667923,0.00412370266079165,1322.87384937954,-1.16709785161432,-2.23975529397874,0.0251131915191053,0.675160084824232,2.23975529397874,FALSE,FALSE,FALSE,FALSE,FALSE
"MIR3064","turquoise",0.949122582047331,858.253888181804,858.203141430169,0.0507467516345059,1322.87384937954,-0.437290954705862,-0.828589157288291,0.407572462878057,0.675160084824232,0.828589157288291,FALSE,TRUE,FALSE,FALSE,FALSE
"MIR4657","turquoise",0.805169116085041,144.060826977518,143.729158719579,0.331668257938929,1322.87384937954,-0.176107539161903,-0.337964629616836,0.735391910155593,0.78421081617537,0.337964629616836,FALSE,TRUE,FALSE,FALSE,FALSE
"MIR4444-1","turquoise",0.773680715328353,88.225377786893,88.2064235032499,0.0189542836430263,1322.87384937954,-0.723171666026826,-1.38782499273614,0.165199354184363,0.675160084824232,1.38782499273614,FALSE,FALSE,FALSE,FALSE,FALSE
"MIR4712","turquoise",0.762131353488245,68.9728298951052,68.9726212887382,0.00020860636703901,1322.87384937954,-0.0643900714948508,-0.123569761790565,0.90165665932983,0.920239179368601,0.123569761790565,FALSE,FALSE,FALSE,FALSE,FALSE
"MIR3198-2","turquoise",0.758367469519562,89.0477935937707,89.0456088017099,0.00218479206087352,1322.87384937954,-0.156042872319623,-0.299458909021296,0.764591733934424,0.806525810832451,0.299458909021296,FALSE,FALSE,FALSE,FALSE,FALSE
"MIR4691","turquoise",0.615078080634021,5.05483732443531,5.05403159483672,0.000805729598590155,1322.87384937954,-0.30783033451081,-0.590751341384246,0.55469093310068,0.681096310354657,0.590751341384246,FALSE,FALSE,FALSE,FALSE,FALSE
"MIR4518","turquoise",0.6957415226664,20.3840830486842,20.3765033356303,0.00757971305383975,1322.87384937954,-0.636608386496334,-1.22170304904101,0.221828336222801,0.675160084824232,1.22170304904101,FALSE,FALSE,FALSE,FALSE,FALSE
"MIR5047","turquoise",0.926863087810606,697.973146300289,697.790909344779,0.182236955509097,1322.87384937954,-0.605215885199999,-1.15021528176503,0.250313379575541,0.675160084824232,1.15021528176503,FALSE,TRUE,FALSE,FALSE,FALSE
"MIR4744","turquoise",0.42355139800425,0.340474184092951,0.339285265932406,0.00118891816054489,1322.87384937954,-0.950910629283052,-1.82487450653039,0.0680286594577907,0.675160084824232,1.82487450653039,FALSE,FALSE,FALSE,FALSE,FALSE
"MIR4537","turquoise",0.820983086088709,141.449590268157,141.436532413249,0.0130578549074869,1322.87384937954,-0.461841499290599,-0.886311239099965,0.37545604601352,0.675160084824232,0.886311239099965,FALSE,TRUE,FALSE,FALSE,FALSE
"MIR4707","turquoise",0.789102044920859,89.8069426521449,89.7775002163251,0.0294424358198171,1322.87384937954,-0.258658521694014,-0.496386650438568,0.619624821649649,0.704552189834397,0.496386650438568,FALSE,FALSE,FALSE,FALSE,FALSE
"MIR4632","grey",NA,0.0535662993952199,0.000892160140698686,0.0526741392545212,1.16729646183719,-0.383445691552028,-0.735863335211417,0.461818902609847,0.675160084824232,0.735863335211417,FALSE,NA,FALSE,FALSE,FALSE
"MIR4658","turquoise",0.876195311476033,309.07459002711,309.050445663793,0.0241443633165659,1322.87384937954,-0.41399215713169,-0.794484476446278,0.426918937537014,0.675160084824232,0.794484476446278,FALSE,TRUE,FALSE,FALSE,FALSE
"MIR4687","turquoise",0.87166306096096,341.338824133779,341.072261899381,0.266562234398066,1322.87384937954,-0.49830398601832,-0.956093990026712,0.339034410290395,0.675160084824232,0.956093990026712,FALSE,TRUE,FALSE,FALSE,FALSE
"MIR4442","turquoise",0.569492481574486,5.62954943766165,5.60930905635939,0.0202403813022549,1322.87384937954,-0.115037256531082,-0.220765811507487,0.825276098795481,0.857048229475501,0.220765811507487,FALSE,FALSE,FALSE,FALSE,FALSE
"MIR4635","turquoise",0.794342030920195,99.6633053242293,99.6513846936837,0.0119206305456601,1322.87384937954,0.493449363255683,0.946969289793175,0.343661096878364,0.675160084824232,0.946969289793175,FALSE,FALSE,FALSE,FALSE,FALSE
"MIR4517","turquoise",0.581670027576474,4.7461328195387,4.7452314184376,0.000901401101101484,1322.87384937954,-0.599697126086807,-1.15086735107848,0.249794831329208,0.675160084824232,1.15086735107848,FALSE,FALSE,FALSE,FALSE,FALSE
"MIR3155B","turquoise",0.516385312205334,2.43548578888955,2.43524519663538,0.000240592254174832,1322.87384937954,-0.0568329132319413,-0.109066963072039,0.913150015972126,0.929843404203335,0.109066963072039,FALSE,FALSE,FALSE,FALSE,FALSE
"PYCARD-AS1","turquoise",0.876868965956342,294.869834887643,294.867588281923,0.00224660572007451,1322.87384937954,-0.597121697127154,-1.14592489433531,0.25183422151994,0.675160084824232,1.14592489433531,FALSE,TRUE,FALSE,FALSE,FALSE
"RBM5-AS1","turquoise",0.853131374505807,224.478774402915,224.477811702951,0.000962699963935165,1322.87384937954,-0.283645755911176,-0.54433917647772,0.58621162989715,0.691871678764138,0.54433917647772,FALSE,TRUE,FALSE,FALSE,FALSE
"MIR4444-2","turquoise",0.900960292692386,467.956270784356,467.934022583672,0.0222482006836913,1322.87384937954,-0.590142690616663,-1.13253161565096,0.257418914339395,0.675160084824232,1.13253161565096,FALSE,TRUE,FALSE,FALSE,FALSE
"MIR5695","turquoise",0.423288491175371,0.331872545625492,0.331709657962044,0.000162887663447298,1322.87384937954,0.679691284199803,1.30438261877701,0.192111907646205,0.675160084824232,1.30438261877701,FALSE,FALSE,FALSE,FALSE,FALSE
"MIR5587","grey",NA,0.0272562604852659,0.000431798441400154,0.0268244620438657,1.16729646183719,0.227079428254247,0.435783812713406,0.662996330881167,0.732318120821356,0.435783812713406,FALSE,NA,FALSE,FALSE,FALSE
"MIR548AR","turquoise",0.902187075747333,459.536489031649,459.459373195516,0.0771158361333164,1322.87384937954,-0.670542636973019,-1.28682562385102,0.19816375497143,0.675160084824232,1.28682562385102,FALSE,TRUE,FALSE,FALSE,FALSE
"MIR5690","turquoise",0.618257897953481,9.09147180941358,9.02840860683746,0.0630632025761155,1322.87384937954,-0.584108624400883,-1.12095175391758,0.262316244692699,0.675160084824232,1.12095175391758,FALSE,FALSE,FALSE,FALSE,FALSE
"MIR5194","turquoise",0.731683881428665,31.2921124469077,31.2909281038478,0.00118434305988657,1322.87384937954,-0.318374971456898,-0.61082237449456,0.541324211557305,0.677830918153172,0.61082237449456,FALSE,FALSE,FALSE,FALSE,FALSE
"MIR5195","turquoise",0.733438862713677,30.8366435998472,30.7980472319229,0.0385963679242849,1322.87384937954,-0.341522711094084,-0.655409740604786,0.512208375856817,0.675272681317988,0.655409740604786,FALSE,FALSE,FALSE,FALSE,FALSE
"MIR5196","turquoise",0.712189574429509,33.7428939341369,33.7380712788809,0.00482265525602799,1322.87384937954,-0.50501682568435,-0.969168186977906,0.332468112390721,0.675160084824232,0.969168186977906,FALSE,FALSE,FALSE,FALSE,FALSE
"MIR5090","turquoise",0.473669759727809,1.96314601789282,1.9304177795671,0.032728238325725,1322.87384937954,-0.29376929498738,-0.563767067813794,0.572916351347223,0.688257984588534,0.563767067813794,FALSE,FALSE,FALSE,FALSE,FALSE
"MIR5193","turquoise",0.8438510028304,185.408444170065,185.407510581574,0.000933588490539705,1322.87384937954,-0.642889886791756,-1.23375775681152,0.217301635660797,0.675160084824232,1.23375775681152,FALSE,TRUE,FALSE,FALSE,FALSE
"MIR5187","grey",NA,0.0430476912751994,0.00323106982933653,0.0398166214458629,1.16729646183719,-0.899351228815604,-1.72592784152574,0.0843693977719752,0.675160084824232,1.72592784152574,FALSE,NA,FALSE,FALSE,FALSE
"HLX-AS1","turquoise",0.84711186375816,207.739683423189,207.714656758688,0.025026664500956,1322.87384937954,-0.700939920645028,-1.34516047292368,0.178582307961152,0.675160084824232,1.34516047292368,FALSE,TRUE,FALSE,FALSE,FALSE
"SZT2-AS1","turquoise",0.951933613977206,881.266578730524,881.259162218764,0.00741651176065261,1322.87384937954,-0.168914319682723,-0.324160258897656,0.745818683639616,0.791003049982767,0.324160258897656,FALSE,TRUE,FALSE,FALSE,FALSE
"NUCB1-AS1","brown",0.817520195573423,2.05127888125867,1.07160726399482,0.979671617263844,7.78987287898542,-0.245422113451602,-0.470984911078668,0.637654504352617,0.714276678725871,0.470984911078668,FALSE,TRUE,FALSE,FALSE,FALSE
"LINC00853","grey",NA,0.00103006110582755,0.000880101641117964,0.000149959464709585,1.16729646183719,-0.646186298959956,-1.24008383872029,0.214952866221334,0.675160084824232,1.24008383872029,FALSE,NA,FALSE,FALSE,FALSE
"CCDC200","turquoise",0.895828227018744,379.815247721031,379.811329378922,0.00391834210904562,1322.87384937954,-0.55093812475444,-1.05729487880272,0.290384473396266,0.675160084824232,1.05729487880272,FALSE,TRUE,FALSE,FALSE,FALSE
"APOBEC3B-AS1","turquoise",0.891418688603312,471.900073718156,471.541867199329,0.358206518827672,1322.87384937954,-0.208281888535419,-0.399709811685313,0.689372752590601,0.750817606871785,0.399709811685313,FALSE,TRUE,FALSE,FALSE,FALSE
"LINC02273","turquoise",0.935075844816311,780.038402598689,780.036412204124,0.00199039456447281,1322.87384937954,-0.523663137492649,-1.00495196939859,0.314927065054355,0.675160084824232,1.00495196939859,FALSE,TRUE,FALSE,FALSE,FALSE
"LINC02067","turquoise",0.927345252686353,650.13573865983,650.127926455522,0.00781220430803842,1322.87384937954,-0.593285446340358,-1.13856281839894,0.254893493204107,0.675160084824232,1.13856281839894,FALSE,TRUE,FALSE,FALSE,FALSE
"ANKRD44-IT1","turquoise",0.783719929489726,86.3388797710168,86.3386543634597,0.000225407557110202,1322.87384937954,-0.205869089602944,-0.395079455134795,0.692786706473335,0.752815349395525,0.395079455134795,FALSE,FALSE,FALSE,FALSE,FALSE
"PPP1R35-AS1","turquoise",0.867662369779805,306.352453322861,306.349529658885,0.0029236639762189,1322.87384937954,-0.35846265062964,-0.687918856444526,0.491508531644163,0.675160084824232,0.687918856444526,FALSE,TRUE,FALSE,FALSE,FALSE
"MIR762HG","turquoise",0.833155531063822,226.273871321472,226.273064265269,0.000807056203200318,1322.87384937954,-0.414116305893259,-0.794722727973844,0.42678030531024,0.675160084824232,0.794722727973844,FALSE,TRUE,FALSE,FALSE,FALSE
"LINC01215","turquoise",0.938912268978474,798.733109640544,798.701369503629,0.0317401369148911,1322.87384937954,-0.342409400807589,-0.657111369973045,0.511113716030725,0.675272681317988,0.657111369973045,FALSE,TRUE,FALSE,FALSE,FALSE
"RNVU1-3","turquoise",0.712773550845837,29.3592415287728,29.3563803917098,0.00286113706299318,1322.87384937954,-0.190014548407566,-0.364653306610201,0.715372465074457,0.769366224349134,0.364653306610201,FALSE,FALSE,FALSE,FALSE,FALSE
"RNVU1-19","turquoise",0.363543559900312,0.170931553275987,0.169624067414028,0.00130748586195895,1322.87384937954,-0.0422111652116747,-0.0810066444875112,0.935437140800722,0.948708890256395,0.0810066444875112,FALSE,FALSE,FALSE,FALSE,FALSE
"C11orf98","turquoise",0.946022424275011,886.078303577877,886.077011780807,0.00129179707005278,1322.87384937954,-0.346867473966037,-0.66566677339853,0.505628590518204,0.675272681317988,0.66566677339853,FALSE,TRUE,FALSE,FALSE,FALSE
"MIR6080","turquoise",0.667796163152488,21.3296486933444,21.3164891035702,0.013159589774201,1322.87384937954,0.345794336629642,0.663607335942594,0.506946119377701,0.675272681317988,0.663607335942594,FALSE,FALSE,FALSE,FALSE,FALSE
"MIR6084","blue",0.538496667052839,1.01463701727366,0.380357434851082,0.634279582422576,19.5381539006617,-0.572166641003489,-1.0980341206635,0.272197295429209,0.675160084824232,1.0980341206635,FALSE,FALSE,FALSE,FALSE,FALSE
"MIR6125","turquoise",0.457161399169654,2.75782577298173,2.54551263888773,0.212313134094001,1322.87384937954,-0.271062566190234,-0.520191016361039,0.602933802330108,0.697107615282832,0.520191016361039,FALSE,FALSE,FALSE,FALSE,FALSE
"MIR6126","turquoise",0.580222985713735,6.43261962224443,6.41050351547115,0.0221161067732796,1322.87384937954,-0.342299786234941,-0.656901010731062,0.511248974103789,0.675272681317988,0.656901010731062,FALSE,FALSE,FALSE,FALSE,FALSE
"MIR6501","turquoise",0.800504952144505,134.066077973187,133.930798972884,0.1352790003032,1322.87384937954,-0.574146001677752,-1.10183267409477,0.270542151284952,0.675160084824232,1.10183267409477,FALSE,TRUE,FALSE,FALSE,FALSE
"MIR6502","turquoise",0.862124160384428,294.973713183846,294.452719236349,0.520993947496777,1322.87384937954,-0.691860504773549,-1.32773633857518,0.184274057221162,0.675160084824232,1.32773633857518,FALSE,TRUE,FALSE,FALSE,FALSE
"MIR6506","turquoise",0.621524252751549,16.3554272357539,15.0698513922926,1.28557584346121,1322.87384937954,-0.81437962733904,-1.5628604569172,0.118094642691235,0.675160084824232,1.5628604569172,FALSE,FALSE,FALSE,FALSE,FALSE
"MIR6513","turquoise",0.75094952071747,65.4862332468731,65.3659693759268,0.120263870946346,1322.87384937954,-0.161634130662588,-0.310188986586204,0.756419129123145,0.798887378677461,0.310188986586204,FALSE,FALSE,FALSE,FALSE,FALSE
"MIR6514","turquoise",0.701863639228858,23.1388219218302,23.1251613500483,0.0136605717818341,1322.87384937954,-0.0506855949565337,-0.0972697614645881,0.922512737086688,0.938263488111171,0.0972697614645881,FALSE,FALSE,FALSE,FALSE,FALSE
"MIR6717","turquoise",0.741125652201741,55.4603470792546,55.443207623365,0.0171394558895344,1322.87384937954,0.0712902287122734,0.136811722295959,0.891180420406433,0.911584264994799,0.136811722295959,FALSE,FALSE,FALSE,FALSE,FALSE
"MIR6511B1","turquoise",0.585624896930249,5.41818962155759,5.40036849128765,0.0178211302699331,1322.87384937954,-0.0153842920141145,-0.0295237022628969,0.976447087215529,0.981711569870465,0.0295237022628969,FALSE,FALSE,FALSE,FALSE,FALSE
"MIR6727","turquoise",0.782985819530353,83.1001511509085,83.0985206048689,0.00163054603969215,1322.87384937954,0.0465368669361553,0.0893080164111912,0.928837644598966,0.943354169473115,0.0893080164111912,FALSE,FALSE,FALSE,FALSE,FALSE
"MIR6731","turquoise",0.722950475298504,37.0695804237341,36.990930859684,0.0786495640501883,1322.87384937954,0.181853959304785,0.348992475241472,0.727097100216914,0.778831576515202,0.348992475241472,FALSE,FALSE,FALSE,FALSE,FALSE
"MIR6748","turquoise",0.810751456277129,111.648304862224,111.645427909697,0.00287695252644937,1322.87384937954,-0.37541644147228,-0.7204545540643,0.471250079229534,0.675160084824232,0.7204545540643,FALSE,TRUE,FALSE,FALSE,FALSE
"MIR6751","turquoise",0.45816391849499,0.475473605523914,0.475367215850641,0.000106389673273311,1322.87384937954,0.53318868705242,1.0232322704248,0.306205252338267,0.675160084824232,1.0232322704248,FALSE,FALSE,FALSE,FALSE,FALSE
"MIR6758","turquoise",0.82920610076833,141.486546453196,141.481042230651,0.00550422254468685,1322.87384937954,-0.146761957535929,-0.281617511609436,0.778238581173938,0.817703398984571,0.281617511609436,FALSE,TRUE,FALSE,FALSE,FALSE
"MIR6787","turquoise",0.602976834794836,5.9117253884357,5.90665876355371,0.0050666248819935,1322.87384937954,-0.272130437742893,-0.522240348351539,0.601506367796258,0.697071281134328,0.522240348351539,FALSE,FALSE,FALSE,FALSE,FALSE
"MIR6797","grey",NA,0.797604631856097,0.00288710850007145,0.794717523356025,1.16729646183719,-0.262155937431083,-0.503098474474153,0.614898268545342,0.702343188759247,0.503098474474153,FALSE,NA,FALSE,FALSE,FALSE
"MIR6802","turquoise",0.390756186072067,0.509006464865607,0.490893195686966,0.0181132691786402,1322.87384937954,-0.733010707395206,-1.40670690993102,0.159523372892464,0.675160084824232,1.40670690993102,FALSE,FALSE,FALSE,FALSE,FALSE
"MIR6805","grey",NA,0.0227700771726814,0.00393657271180033,0.0188335044608811,1.16729646183719,-0.644801627708707,-1.23742654245236,0.215937237899313,0.675160084824232,1.23742654245236,FALSE,NA,FALSE,FALSE,FALSE
"MIR6815","turquoise",0.552991513099594,2.17754428547713,2.17700031571624,0.000543969760886664,1322.87384937954,-0.285305250113229,-0.54752388024462,0.584022430230973,0.691259983460553,0.54752388024462,FALSE,FALSE,FALSE,FALSE,FALSE
"MIR6820","turquoise",0.749420841657916,51.8768311528923,51.4893610065054,0.387470146386896,1322.87384937954,-0.254852400775488,-0.48908239615946,0.624786490101914,0.70738144799485,0.48908239615946,FALSE,FALSE,FALSE,FALSE,FALSE
"MIR6821","turquoise",0.347073893030501,0.130479169416787,0.129197569268499,0.0012816001482876,1322.87384937954,-0.972112514426697,-1.86556264114321,0.0621111078549468,0.675160084824232,1.86556264114321,FALSE,FALSE,FALSE,FALSE,FALSE
"MIR6838","turquoise",0.756288013434441,63.6297115889594,63.6155941549579,0.0141174340014487,1322.87384937954,-0.293403406801198,-0.563064898753272,0.573394371490614,0.688257984588534,0.563064898753272,FALSE,FALSE,FALSE,FALSE,FALSE
"MIR6843","turquoise",0.844771744166675,209.096939070577,209.055874443256,0.0410646273213899,1322.87384937954,-0.646481468043349,-1.24065029209541,0.214743447491327,0.675160084824232,1.24065029209541,FALSE,TRUE,FALSE,FALSE,FALSE
"MIR6848","turquoise",0.587185126707206,6.59348040200788,6.58269449001157,0.010785911996309,1322.87384937954,-0.583582041374609,-1.11994119844515,0.262746659684182,0.675160084824232,1.11994119844515,FALSE,FALSE,FALSE,FALSE,FALSE
"MIR6852","turquoise",0.445359264363945,1.5043411770005,1.38915533066712,0.115185846333377,1322.87384937954,-0.756259132582897,-1.45132252062619,0.146699215478747,0.675160084824232,1.45132252062619,FALSE,FALSE,FALSE,FALSE,FALSE
"MIR6861","turquoise",0.56459228811123,9.0876990249685,7.27676462203896,1.81093440292953,1322.87384937954,-0.519698639314102,-0.997343776331413,0.318604705087397,0.675160084824232,0.997343776331413,FALSE,FALSE,FALSE,FALSE,FALSE
"MIR6891","grey",NA,0.015888793002173,0.000335969214716581,0.0155528237874564,1.16729646183719,0.411557279421232,0.783680549069858,0.433370961864884,0.675160084824232,0.783680549069858,FALSE,NA,FALSE,FALSE,FALSE
"MIR7109","turquoise",0.708500543284215,31.8660149204898,31.8192316778198,0.0467832426700667,1322.87384937954,-0.332566898180372,-0.638222810342149,0.52333291009645,0.676021301912766,0.638222810342149,FALSE,FALSE,FALSE,FALSE,FALSE
"MIR7111","turquoise",0.482548414027808,0.644188848128215,0.643386816381904,0.000802031746310439,1322.87384937954,-0.568924961770139,-1.09181307568923,0.274922936719078,0.675160084824232,1.09181307568923,FALSE,FALSE,FALSE,FALSE,FALSE
"MIR7113","turquoise",0.547778402935615,2.19518523032789,2.19475345969859,0.000431770629298445,1322.87384937954,0.173759934351922,0.333459385867092,0.738789579742857,0.787051293471713,0.333459385867092,FALSE,FALSE,FALSE,FALSE,FALSE
"MIR7703","turquoise",0.527808502315812,4.67670637233214,4.63036597607892,0.0463403962532238,1322.87384937954,-0.487187884272117,-0.93495300454153,0.349819098886757,0.675160084824232,0.93495300454153,FALSE,FALSE,FALSE,FALSE,FALSE
"MIR7846","turquoise",0.493052853977321,3.53491998331909,2.9606379226374,0.574282060681698,1322.87384937954,-1.96277396636459,-1.26881412284295,0.240177704077807,0.675160084824232,1.26881412284295,FALSE,FALSE,FALSE,FALSE,FALSE
"MIR7855","blue",0.884237831306647,6.01662097257878,5.84811457261509,0.168506399963684,19.5381539006617,0.256465050695565,0.49217720195559,0.62259722847705,0.706060156778971,0.49217720195559,FALSE,TRUE,FALSE,FALSE,FALSE
"MIR8071-1","grey",NA,0.0200672780525728,0.00140685658032057,0.0186604214722523,1.16729646183719,-0.247135851730842,-0.474273713622613,0.635307751949144,0.71247553679514,0.474273713622613,FALSE,NA,FALSE,FALSE,FALSE
"MIR8085","turquoise",0.541700618844941,3.4896649844746,3.47503913492355,0.0146258495510514,1322.87384937954,-0.669417729725999,-1.28466683574404,0.198917404849982,0.675160084824232,1.28466683574404,FALSE,FALSE,FALSE,FALSE,FALSE
"MIR6859-2","turquoise",0.829930637845524,153.239820766234,153.210504467669,0.0293162985649928,1322.87384937954,-0.006751520279427,-0.0129567141841064,0.989662402365809,0.992207116350387,0.0129567141841064,FALSE,TRUE,FALSE,FALSE,FALSE
"MIR7847","turquoise",0.748012178764825,52.908247134378,52.8936412481687,0.014605886209317,1322.87384937954,-0.777791063156888,-1.49264403914837,0.135539583328207,0.675160084824232,1.49264403914837,FALSE,FALSE,FALSE,FALSE,FALSE
"MIR6773","turquoise",0.454190473643869,0.347225216011856,0.346740349800725,0.00048486621113053,1322.87384937954,-0.122915811617194,-0.235885396757871,0.813523008124837,0.846277026885139,0.235885396757871,FALSE,FALSE,FALSE,FALSE,FALSE
"MIR1273H","turquoise",0.586092671405646,4.32711443441284,4.32459076877349,0.00252366563934547,1322.87384937954,-0.580665171399921,-1.11434348874273,0.265139662227459,0.675160084824232,1.11434348874273,FALSE,FALSE,FALSE,FALSE,FALSE
"MIR6734","turquoise",0.778558517771086,84.903338011664,84.7961445506227,0.107193461041334,1322.87384937954,-0.0530905094740711,-0.101884987184326,0.918848561789448,0.934980185412798,0.101884987184326,FALSE,FALSE,FALSE,FALSE,FALSE
"MIR6774","turquoise",0.74249587788898,47.7965810662635,47.7472876121259,0.0492934541376044,1322.87384937954,-0.510525224589128,-0.979739250570609,0.32722175370275,0.675160084824232,0.979739250570609,FALSE,FALSE,FALSE,FALSE,FALSE
"MIR6789","turquoise",0.532236111142398,4.97465179260488,4.86587673410624,0.108775058498635,1322.87384937954,-0.77791949969979,-1.49289051927556,0.1354750417676,0.675160084824232,1.49289051927556,FALSE,FALSE,FALSE,FALSE,FALSE
"MIR6793","turquoise",0.604878947583843,5.19524579394385,5.19350403011975,0.00174176382410707,1322.87384937954,-0.548716386312233,-1.05303118280594,0.292334116111912,0.675160084824232,1.05303118280594,FALSE,FALSE,FALSE,FALSE,FALSE
"MIR6813","turquoise",0.65119619961657,11.1240103005349,11.1224277634942,0.00158253704071853,1322.87384937954,-0.176417269195239,-0.338559026634112,0.734944025058671,0.784123115292697,0.338559026634112,FALSE,FALSE,FALSE,FALSE,FALSE
"MIR6840","turquoise",0.794901535119844,97.8667723883384,97.8637604259324,0.00301196240594948,1322.87384937954,0.516810627846618,0.991801448441407,0.32130138493684,0.675160084824232,0.991801448441407,FALSE,FALSE,FALSE,FALSE,FALSE
"MIR6859-1","turquoise",0.752913067935837,52.8600548139964,52.8519810892579,0.00807372473848034,1322.87384937954,-0.0796189672197257,-0.152795245989734,0.878560645317007,0.90211793338871,0.152795245989734,FALSE,FALSE,FALSE,FALSE,FALSE
"MIR7705","turquoise",0.836850571473255,183.622415739224,183.609316012462,0.013099726761709,1322.87384937954,-0.440234340373513,-0.844700471259482,0.398285879940223,0.675160084824232,0.844700471259482,FALSE,TRUE,FALSE,FALSE,FALSE
"MIR7848","turquoise",0.751176052265089,50.5409662584826,50.5395028221007,0.00146343638191127,1322.87384937954,-0.00921325495516301,-0.0176787123030733,0.985895278627238,0.989123941528006,0.0176787123030733,FALSE,FALSE,FALSE,FALSE,FALSE
"MIR8072","turquoise",0.527250088722456,1.93370410610668,1.93192529492145,0.00177881118523016,1322.87384937954,-0.626160650998131,-1.20165299851626,0.229506292267008,0.675160084824232,1.20165299851626,FALSE,FALSE,FALSE,FALSE,FALSE
"MIR8071-2","turquoise",0.597604644080472,4.57120400038607,4.57107464861483,0.000129351771239961,1322.87384937954,0.14938544298802,0.286682762985963,0.774356967962633,0.814423010199052,0.286682762985963,FALSE,FALSE,FALSE,FALSE,FALSE
"MIR6124","grey",NA,0.033109129008068,0.00247198377921461,0.0306371452288534,1.16729646183719,-0.716781505118585,-1.37556175644981,0.168966333241066,0.675160084824232,1.37556175644981,FALSE,NA,FALSE,FALSE,FALSE
"SRI-AS1","turquoise",0.801371678539682,129.74815493699,129.71341290813,0.0347420288593412,1322.87384937954,-0.274548292675393,-0.526880407775562,0.598280046305386,0.695822020816178,0.526880407775562,FALSE,TRUE,FALSE,FALSE,FALSE
"AP1G2-AS1","turquoise",0.941125637248197,836.537433006362,836.492175189802,0.0452578165602517,1322.87384937954,-0.248937910276533,-0.477732009910441,0.632844001525558,0.71190906812825,0.477732009910441,FALSE,TRUE,FALSE,FALSE,FALSE
"ABALON","blue",0.975102467425131,19.6765290823101,19.5766895593077,0.0998395230024265,19.5381539006617,-0.0971073812772034,-0.186356928854927,0.852165968203217,0.879648577045391,0.186356928854927,FALSE,TRUE,TRUE,FALSE,FALSE
"LINC01145","turquoise",0.89863989965979,454.312395367126,454.281331559023,0.0310638081023171,1322.87384937954,-0.166080940398913,-0.318722774592474,0.749938683025924,0.794194323826713,0.318722774592474,FALSE,TRUE,FALSE,FALSE,FALSE
"MIR1244-4","turquoise",0.654563855232837,18.3043376837009,18.303789741397,0.000547942303960269,1322.87384937954,-0.81503158473422,-1.56411161595694,0.117800580667325,0.675160084824232,1.56411161595694,FALSE,FALSE,FALSE,FALSE,FALSE
"MIR6859-4","turquoise",0.598408057932889,4.21164272363461,4.20828488259924,0.00335784103536874,1322.87384937954,-0.998796364249045,-1.914588608438,0.0555883466070153,0.675160084824232,1.914588608438,FALSE,FALSE,FALSE,FALSE,FALSE
"RNU6-2","grey",NA,0.235237344899185,0.00231937387409416,0.232917971025091,1.16729646183719,0.26177302321164,0.502363631076961,0.61541498086744,0.702372233352967,0.502363631076961,FALSE,NA,FALSE,FALSE,FALSE
"MYL12-AS1","turquoise",0.917823581522708,588.338025628891,588.25039557789,0.0876300510010424,1322.87384937954,-0.464388828080616,-0.891199769341926,0.372828257274469,0.675160084824232,0.891199769341926,FALSE,TRUE,FALSE,FALSE,FALSE
"BISPR","turquoise",0.913980545850304,590.843402004198,590.838119090082,0.00528291411660575,1322.87384937954,-0.2516242601104,-0.48288733279409,0.62917881731657,0.709705627823626,0.48288733279409,FALSE,TRUE,FALSE,FALSE,FALSE
"DDN-AS1","turquoise",0.837646910731476,196.20885462263,196.207816896835,0.00103772579527117,1322.87384937954,-0.253075385774379,-0.48567216046182,0.627202726311702,0.708496645619581,0.48567216046182,FALSE,TRUE,FALSE,FALSE,FALSE
"MAP4K1-AS1","turquoise",0.848415597226491,266.46044386714,266.457359394039,0.0030844731011257,1322.87384937954,-0.412465418380631,-0.791554541140959,0.428625933908341,0.675160084824232,0.791554541140959,FALSE,TRUE,FALSE,FALSE,FALSE
"STAT4-AS1","turquoise",0.919010691951509,597.005229174983,596.952230483908,0.0529986910754587,1322.87384937954,-0.546145078810099,-1.04809663547353,0.294601468808494,0.675160084824232,1.04809663547353,FALSE,TRUE,FALSE,FALSE,FALSE
"NOP53-AS1","turquoise",0.758422229537555,72.4943800705967,72.4858178709246,0.00856219967207039,1322.87384937954,-0.357219075039432,-0.685532334176682,0.493012695476643,0.675160084824232,0.685532334176682,FALSE,FALSE,FALSE,FALSE,FALSE
"HLA-DQB1-AS1","turquoise",0.606690832911302,5.63971713277748,5.63866349697973,0.00105363579774753,1322.87384937954,0.761713587499576,1.46093081929125,0.144063127581632,0.675160084824232,1.46093081929125,FALSE,FALSE,FALSE,FALSE,FALSE
"RNA5-8SN1","grey",NA,0.0605245514261783,0.0250055153725862,0.0355190360535921,1.16729646183719,0.184538715208933,0.354144739244905,0.723232591011233,0.775486145711795,0.354144739244905,FALSE,NA,FALSE,FALSE,FALSE
"UPK3BL2","turquoise",0.853580978449232,262.417500959239,262.416766842131,0.000734117107924703,1322.87384937954,-0.489556902230549,-0.939499341857282,0.347481043502035,0.675160084824232,0.939499341857282,FALSE,TRUE,FALSE,FALSE,FALSE
"NCF4-AS1","turquoise",0.582373128526837,6.81286815557992,6.80533702947171,0.00753112610821205,1322.87384937954,-0.324727044710229,-0.623177496627036,0.533172029914882,0.676813488619187,0.623177496627036,FALSE,FALSE,FALSE,FALSE,FALSE
"TALAM1","turquoise",0.932119448779816,706.760741912709,706.700575422133,0.0601664905763073,1322.87384937954,-0.243098700963034,-0.351057522311852,0.727367509179206,0.778831576515202,0.351057522311852,FALSE,TRUE,FALSE,FALSE,FALSE
"ARHGAP27P1-BPTFP1-KPNA2P3","turquoise",0.947345141729282,890.442609158632,890.242895093623,0.199714065009289,1322.87384937954,-0.359953794378158,-0.690780482057328,0.489708175903569,0.675160084824232,0.690780482057328,FALSE,TRUE,FALSE,FALSE,FALSE
"SNORA1B","turquoise",0.6414604693637,8.80509371948956,8.79648392389985,0.00860979558971131,1322.87384937954,-0.414234960930049,-0.794950436598652,0.426647832248592,0.675160084824232,0.794950436598652,FALSE,FALSE,FALSE,FALSE,FALSE
"ZNF710-AS1","turquoise",0.941776553588248,812.79764377094,812.791323787421,0.00631998351855145,1322.87384937954,-0.380469808215085,-0.730152374087667,0.465302035279489,0.675160084824232,0.730152374087667,FALSE,TRUE,FALSE,FALSE,FALSE
"SLC12A5-AS1","turquoise",0.596671582088001,6.09040026526664,6.08449999074261,0.0059002745240333,1322.87384937954,-0.506454140408936,-0.97192651033447,0.331093961482519,0.675160084824232,0.97192651033447,FALSE,FALSE,FALSE,FALSE,FALSE
"RNA5-8SN4","blue",0.58712686842548,0.778984309313788,0.728811065844601,0.0501732434691862,19.5381539006617,-0.0036233580217007,-0.00695351747915502,0.994451980894323,0.995380290794808,0.00695351747915502,FALSE,FALSE,FALSE,FALSE,FALSE
"RNA5-8SN2","grey",NA,0.0660513392446499,0.00112368800645119,0.0649276512381987,1.16729646183719,-0.273116309421148,-0.524132315942347,0.600189898757358,0.696333200477201,0.524132315942347,FALSE,NA,FALSE,FALSE,FALSE
"RNA5-8SN3","blue",0.562208436705201,0.691651674916171,0.657102890583415,0.0345487843327558,19.5381539006617,-0.0956030967424272,-0.183470085009096,0.854430273147808,0.88156156880706,0.183470085009096,FALSE,FALSE,FALSE,FALSE,FALSE
"MT-TS1","turquoise",0.476331402892385,1.65306066579782,1.65211018109045,0.000950484707374022,1322.87384937954,-0.115160559241597,-0.221002439394563,0.825091848602675,0.857048229475501,0.221002439394563,FALSE,FALSE,FALSE,FALSE,FALSE
"DERPC","turquoise",0.98154861563541,1398.10271501865,1398.08055078781,0.0221642308433729,1322.87384937954,-0.418228734701267,-0.802614811899031,0.422202963626137,0.675160084824232,0.802614811899031,FALSE,TRUE,TRUE,FALSE,FALSE
