"gene","t"
"GATA2",4.29636417382589
"SLC45A3",4.25239128807253
"HDC",4.22562372521526
"WASH8P",3.66165926942156
"FZD1",3.48886849744711
"MS4A2",3.41560981388037
"ZNF618",3.36698961384758
"CPA3",3.32685383103895
"NCR1",3.19287765179922
"LAMP3",3.18157309107456
"RTP4",3.15490816500193
"DGKK",3.15225472353904
"NTRK1",3.1357949358411
"SLC5A9",3.12518548983294
"GPR35",3.08823253244648
"AKAP12",3.01979260964022
"TMEM121B",2.95100315811238
"HES1",2.94353020989585
"LYPD2",2.93624565185903
"TENT5A",2.87120776105347
"PCDH1",2.86090850777676
"HAS1",2.85633903406337
"UBXN10",2.83957671458142
"CTSE",2.83534755217174
"AKR1C3",2.82238997746692
"TMEM51",2.81837299258476
"PLAGL2",2.78844360065057
"ALDH1B1",2.77383942573486
"ESPN",2.75771885627515
"NLRP7",2.73198127827779
"PILRB",2.70352136988617
"TNS2",2.69000539863581
"ASAP3",2.6898788622635
"GNG3",2.67088184482727
"C1orf167",2.65452808218574
"AGRN",2.63833852738027
"RUFY4",2.63745831708699
"LYNX1",2.63107628776635
"RNF122",2.61885970676102
"P2RX7",2.61471586659956
"TSPYL2",2.61158799306632
"C17orf99",2.60772387181031
"ARHGAP24",2.58429194111515
"CKB",2.55939199844527
"PI4KAP1",2.55312459988814
"RHEX",2.54398741861681
"EFNA4",2.52942067814845
"GSPT2",2.51623299851221
"TRPC2",2.50149091886492
"SPC24",2.4987132073896
"H4C8",2.49694764156043
"KLHDC8A",2.47037820908634
"USP18",2.47007224624305
"WDR90",2.45207017550538
"C11orf24",2.44647269730668
"TTC21A",2.44364503347007
"INSR",2.44259757441878
"ENPP3",2.43888361863508
"TRIP13",2.43395762494785
"NEURL4",2.43273991983315
"BMP8A",2.40944753265708
"MTSS1",2.40663651887718
"TRIM68",2.39448173632709
"DOLPP1",2.38190810391548
"CCDC78",2.37631402381014
"COX17",2.37253286743795
"STAG3L5P-PVRIG2P-PILRB",2.37061042619878
"ATP1A3",2.37019991529254
"GIMAP7",2.3674929233619
"FEZ1",2.36612886770176
"FMNL2",2.35812485946829
"DLG5",2.32098967366895
"DHRS9",2.31855688725304
"CHST2",2.31477019892686
"ITLN1",2.313840280283
"PRMT5-DT",2.3121215823759
"DENND2B",2.30916979763777
"SIGLEC5",2.30240184770548
"MIR6840",2.28384646759294
"NAALADL1",2.27852624769183
"ELOA-AS1",2.27071186629165
"MYRF",2.26995102717213
"CDKN1C",2.26952059363655
"PKMYT1",2.26139787306548
"RPP21",2.25896878403948
"FPR2",2.25539266543394
"SPAG5",2.25457394856773
"CHST10",2.24406141391824
"COLQ",2.23730076455194
"HEATR9",2.2370218046104
"LINC01679",2.23471156027237
"RECQL4",2.23438841928478
"BTN2A1",2.22673380287581
"ZBTB16",2.22402342352935
"FGGY",2.22004053792469
"CRYZ",2.2177861242184
"SH2D1B",2.20815639144895
"ZNF76",2.20789340203148
"TSPAN32",2.19983422795834
"JPH4",2.19684701780514
"THAP8",2.1883977504973
"GFRA2",2.18827096566701
"SLC22A18AS",2.18411173842008
"DDB2",2.18186727188148
"IL2RB",2.17659058200754
"SEMA7A",2.17038422994743
"HABP4",2.16955811254198
"LINC00299",2.16340090659068
"ADRB2",2.16280745729239
"FASLG",2.16237775097111
"TMEM63C",2.15751885412211
"SEC14L3",2.15507630861048
"MED18",2.1512548047955
"MICA",2.14467812100527
"SCX",2.14376672324782
"RPP38",2.14078094775588
"OSBPL5",2.1375066023538
"HLA-DRB1",2.11453713477413
"ARHGEF37",2.1131037724486
"BTN3A1",2.10861930575636
"SEPTIN4",2.10784721628393
"ARHGAP33",2.10539510548459
"UTP11",2.1034768007684
"SPATS2L",2.09694388548139
"KNDC1",2.09255442830942
"TCF19",2.07614446356456
"CASP5",2.07022229607244
"POC1A",2.0654307800866
"RGS12",2.06145249113755
"SLC25A25",2.05726005443878
"AVIL",2.05541786646898
"MRM2",2.05501313869458
"ARVCF",2.05429144218562
"TIMM21",2.05364967175009
"FAM124B",2.04861832222194
"GDAP1",2.0477450349004
"TWNK",2.04193615632312
"RAMP1",2.03979131241028
"OXLD1",2.03955221110018
"GRB10",2.03807445073073
"C11orf21",2.03793894990949
"SPATA33",2.03103931282621
"TADA2A",2.02529462393998
"IL21R",2.01971983362202
"JAKMIP2",2.0165782812611
"SEMA4C",2.00978697987243
"C19orf48P",2.00960731805637
"HAVCR2",2.0047499397007
"MIR3945HG",1.99422641575794
"FAM89A",1.99179249920981
"CXCL10",1.98589279622242
"RBPMS2",1.98563616826336
"GPR34",1.98107813590202
"ADM2",1.9806386253136
"DOC2A",1.97871770609233
"LINC01176",1.96900381247188
"MIR939",1.96699715295331
"RAD51D",1.96072327392903
"LINC02285",1.9479007399851
"ACVR1B",1.94663208335002
"CD7",1.93889192791523
"FBXO44",1.93628875514076
"LYRM9",1.92857636524931
"TRIM6",1.92347980532106
"CBX8",1.9205992625232
"C17orf58",1.91505976345401
"TCF7L2",1.91395433972355
"COL6A1",1.91295263314253
"TSPOAP1",1.91280136922693
"LOXL3",1.91168513214439
"TRIM39",1.90615114446373
"PSEN2",1.90367313018706
"TOP1MT",1.9014733213132
"KIR3DL2",1.90033033569203
"ZNF630",1.89707266974363
"CCL28",1.89452183773236
"GPT",1.89389112586097
"FITM1",1.89233120670401
"PNPT1",1.88846675248536
"MYBPH",1.88804152821572
"GRWD1",1.88751996725866
"LLGL1",1.88733293418974
"RNASEH2A",1.88656536945231
"TAF1C",1.88509216588971
"HLA-DQB1",1.88459069898271
"CARNS1",1.87694057628783
"ZSWIM3",1.87673891750793
"ZSCAN18",1.87563514653452
"NDUFA7",1.87019634459503
"HBG1",1.86759887231077
"SCARNA20",1.86608212551389
"CEACAM3",1.84954607692005
"DHX58",1.84779293672344
"FCGR2B",1.84545028504048
"TCN2",1.84295210200467
"SLC8B1",1.84251594083941
"BCAM",1.84169345014662
"HIRIP3",1.83768205019903
"CPT1B",1.83698040745995
"GUCY1A1",1.83596312500422
"DET1",1.83463290471943
"SMAD1",1.83432935686128
"CLIC3",1.8323649002333
"FRS3",1.83135261328454
"HBG2",1.82868078042901
"ZNF671",1.82816704321858
"FCER1G",1.82620844591315
"C1orf216",1.82313317047906
"CCR5AS",1.82211754053864
"TNF",1.82131628581195
"COPS6",1.82080470602719
"KDM5C",1.81960066504072
"RPS26",1.81468777901393
"PABPC1L",1.80973339627296
"CCDC28B",1.8096237173733
"PEX6",1.80813904272467
"NCK1-DT",1.80542194185811
"BTN3A2",1.80509947217661
"MIR943",1.80467651031711
"DPCD",1.80270822293106
"UQCC6",1.80025026916575
"PLK4",1.80006969118776
"TNFRSF10B",1.79788636091231
"NAB2",1.79551866002787
"SPON2",1.79379985436107
"FAM221A",1.79144574375082
"SDC2",1.79140701436226
"LINC00324",1.79019709179755
"DHFR2",1.78966062253373
"SLC16A13",1.78935601217371
"ALG12",1.78926553642306
"PLCB1",1.78122070296281
"BRSK1",1.77967194313847
"CDK2",1.77897766382033
"MKNK1-AS1",1.77814685283536
"TTF1",1.77656099826764
"CLEC4F",1.77090018371515
"PPP1R8",1.768759456845
"ADA",1.76862310524794
"EXOC3L1",1.7652973318712
"SMTNL1",1.76439783086379
"NUDT8",1.76229356319967
"XCL1",1.76211087340574
"SHISA7",1.75558612828019
"P2RX1",1.75540592047921
"ARFRP1",1.75455494328451
"SLC5A2",1.75411834128323
"HERPUD2-AS1",1.7537375539721
"MIR6080",1.75146055116689
"ZWINT",1.75083870494677
"PVRIG",1.74945585060221
"LINC01531",1.74879655433062
"PROSER2",1.74586574112283
"KLHDC7B",1.74096700725384
"SPART",1.73836587762962
"B4GALT2",1.73625820413317
"SCRN1",1.73516900378832
"CD209",1.73441142092902
"TEKTIP1",1.73303200989925
"PHOSPHO1",1.72970552254556
"DHRS1",1.7287412099382
"LIPC",1.7282690112065
"ERBB2",1.72820752824355
"SIGLEC7",1.72705276249914
"GIMAP4",1.72689472562767
"CTU2",1.72645058358925
"DSC2",1.72470714740472
"ZMYND19",1.72361591183233
"TCEAL4",1.7229418013044
"CCDC188",1.71847695298139
"KAT14",1.71658438490867
"PDLIM5",1.71340303429391
"RNF39",1.70997029834723
"CCDC24",1.70859678937445
"HRH2",1.7070227595047
"ZNF77",1.70659246245608
"TMIGD2",1.70602188953696
"CX3CR1",1.70598598782499
"PTK7",1.70484779406195
"DOLK",1.70464777469779
"CFAP298-TCP10L",1.70217623162173
"CDK11A",1.70034143681497
"ATN1",1.69967455748879
"DRAP1",1.69735998152825
"EIF2B1",1.69618010007865
"DCAF4",1.69368324382552
"ULBP3",1.69333411670828
"GDPGP1",1.69149529530228
"S1PR2",1.69127638104184
"EPHB6",1.68553513145184
"SH3RF1",1.68354729418839
"DUSP12",1.68343651932468
"HBE1",1.68318220158454
"SPOUT1",1.68184362186225
"MFSD9",1.68102961922545
"CARD14",1.68060436156025
"ACP2",1.67840463213872
"BTN2A2",1.67328798689904
"MKI67",1.67241609552282
"IL21R-AS1",1.67087408860896
"ACTG1P17",1.66971030723508
"LDOC1",1.66865772827587
"L3MBTL4",1.66822159322429
"LTK",1.66659500708636
"CHAMP1",1.66426694023122
"S1PR5",1.66153409496968
"VWA5A",1.66140566437744
"CORO6",1.65848491723776
"ARL2",1.65832636107647
"PTK2B",1.65732060648145
"RFC2",1.65676123846263
"INPP5E",1.65156787595804
"STAP2",1.65067221452216
"HDAC7",1.64944228193926
"RAPSN",1.64935554159897
"SLC25A1",1.64934826895513
"ZNF7",1.64774647413999
"PHLPP1",1.64764935388903
"CDCA8",1.64693772912385
"ZNF844",1.64678554034842
"PRRT2",1.64532820350417
"NUTM2B",1.64125931117956
"CLSPN",1.64067718706276
"TMEM25",1.64028847020866
"MRPL55",1.63862900737927
"ZNF213",1.63845674921291
"MBLAC1",1.63837339662756
"RASSF1-AS1",1.63660528894379
"CEBPA-DT",1.63553495974189
"PDZK1",1.6339673602105
"SCAT8",1.63319086995804
"MUS81",1.63242657146646
"OSGEP",1.63169347345725
"ZNF594-DT",1.62889383762055
"TMEM141",1.62887184023896
"CD247",1.62739478272055
"CATSPERG",1.62543100916455
"ASTL",1.62390651379539
"CCRL2",1.623855970333
"CEP78",1.62349050458827
"UBE2T",1.62326914487724
"HERC6",1.62296861606978
"ZNF566",1.62295009011691
"REM2",1.62108665023751
"CC2D1B",1.62062583218057
"SIGLEC17P",1.61952156164212
"MAP1B",1.61941271558099
"CAPN5",1.61925775481646
"MRPL43",1.61907449572672
"MCAM",1.61894930531383
"MDK",1.61885705068533
"MIR8071-2",1.61852205161424
"VPS16",1.61852092357351
"C6orf136",1.61622834247374
"PPM1N",1.61616315365944
"MPL",1.61508146865741
"PCK2",1.61090174220246
"PDE6G",1.60836647643918
"ICAM4",1.60748022599145
"FAM222B",1.60556730069309
"PAM",1.60552124326948
"ZNF324",1.60439876991129
"CHTF18",1.60427709569395
"H2BC4",1.60048241120181
"ENPP5",1.59983402085432
"SLA",1.59969756583081
"CLSTN3",1.59792824866266
"BRICD5",1.59708643987649
"CLK2",1.59702925567073
"CCDC102A",1.59360178598795
"LDHD",1.59337987745082
"RUNDC3A",1.59299146946085
"FAM174B",1.59189898525832
"TRIM7",1.59156851060072
"RTN4IP1",1.58851111463034
"TMEM191B",1.58827362754406
"AHDC1",1.58754444984835
"HLA-B",1.5865015303777
"STX4",1.58461749699857
"PROB1",1.58401822653412
"MOB3C",1.58224210547485
"LAMB1",1.58125201440191
"BAHD1",1.58120667987572
"CPT2",1.58081199395999
"KLRF1",1.58026006737284
"GPR153",1.57517967593146
"BCL9L",1.57470383286348
"BCAR3",1.57421327268133
"PRF1",1.57244695023762
"PDHX",1.57138150427275
"TTC38",1.57084525387458
"FNDC8",1.57055829220483
"REPS1",1.56988758468009
"CTRL",1.56982385032189
"SNX8",1.56780763688272
"ROGDI",1.56662392693884
"PKD1-AS1",1.5658189616217
"BUD13",1.5651014935717
"SPMIP1",1.56355330128816
"PHF1",1.56347317119322
"CHI3L1",1.56293199642187
"ZNF703",1.56187155137811
"TSPO2",1.56030366006857
"DNAJC30",1.55901851012649
"HES4",1.55632123180147
"AASS",1.556125801757
"CAB39L",1.55529936961468
"PRPF31",1.55508502959481
"RNF25",1.55392946873594
"HSD17B7",1.55367952671297
"WDR77",1.5535070779625
"KAT2A",1.55337265197999
"ZNF576",1.55287757940812
"ATP6V0E2",1.55235047461481
"CDK5RAP3",1.55218528714655
"ERCC2",1.55141260633494
"C17orf75",1.54822453882472
"BET1L",1.54721132654322
"OLFM2",1.5470716580097
"CXXC1",1.54646162947532
"TLE1",1.54451081143451
"IFIT5",1.54367825805196
"ELMO3",1.54246028815694
"MED20",1.5388335277699
"FCRL5",1.53760882781431
"SIPA1L2",1.5360601088813
"ACBD3",1.53570016787353
"PPM1K",1.53532722140784
"CYP4F22",1.53426086487276
"TBC1D24",1.53376534853591
"LINC01963",1.53248530738632
"ITPRIPL2",1.53233789285988
"TUBB2B",1.53211230179159
"RNASEH2C",1.53056738087382
"ATAD3B",1.53051816827007
"P2RX4",1.5293877676085
"HEBP1",1.52890006648905
"NR2C2AP",1.52775668636134
"MUTYH",1.52763215239983
"EBF4",1.52731255036683
"GCAT",1.52718876187438
"WDR13",1.52616784353009
"EPS8",1.52570701313676
"MIR7855",1.52508355967331
"RHOBTB2",1.52413663033544
"ARHGAP8",1.52381085357452
"SLC29A4",1.52225904572462
"SMPD2",1.52193614026572
"APBB3",1.52172297767909
"GDPD3",1.5215516346131
"PUDP",1.52153654467586
"MTHFR",1.52120161485483
"ZNF256",1.51906122780137
"LZTS2",1.51785627743223
"BMPR2",1.51744637633292
"RGL1",1.51740558341817
"SLC25A22",1.51563006267829
"PLAC8",1.51510343529951
"CDK10",1.51499274561163
"VPS52",1.51493433998287
"ARHGAP17",1.51410737339542
"PRR29",1.51052694649925
"RGS6",1.50993915939935
"MAP4K2",1.50940692796189
"ARK2C",1.50928184371411
"GPD2",1.50710921100994
"ACOT4",1.50684475368181
"CARMIL1",1.50674428397978
"ZNF530",1.50608232397257
"PHETA2",1.50551903918034
"CSF2RB",1.50526388644464
"PEX11A",1.50385187905575
"PARS2",1.50310137763455
"PPARGC1B",1.50112721611397
"PSTPIP1",1.50104826739306
"LIM2",1.4992193181776
"FH",1.49777165667799
"FUT2",1.49562721870923
"B4GALT6",1.49508262259159
"VEPH1",1.49298421341835
"ITGAD",1.4912312239728
"ANKLE1",1.49112149889664
"TUBB4A",1.48886786826755
"C7orf25",1.48815266295601
"LSM2",1.48796679376303
"SERTAD1",1.48758189236051
"STMN1",1.48659968013655
"WDCP",1.48651033346408
"FSTL3",1.48564973433656
"CUL7",1.48560471349166
"TIMM10",1.48524617165248
"MMP23B",1.48497819292235
"MIB2",1.48447396715319
"MEST",1.48175262149474
"UNC5CL",1.48077393724948
"FAM83A",1.48021124717931
"ZNF496",1.47676946237842
"LIPA",1.47587139907416
"POLR2F",1.47555246332079
"NPFF",1.47550974011907
"AP4B1",1.47511680854346
"CR1L",1.47500674953346
"TKTL1",1.47374980246425
"NCS1",1.47338316929944
"LRRC3C",1.47209520068748
"ISL2",1.47207588800268
"EIF2B2",1.47071735706188
"DENND2D",1.47060308218891
"FZD4",1.47021257955431
"MYL4",1.46979378749421
"PCAT1",1.46773187195324
"PPM1L",1.46727956621196
"ATF3",1.46613314148214
"DNAJC6",1.46580267216739
"NUTM2A",1.4654203452321
"IFI44",1.46501217640284
"RPUSD2",1.46405886173848
"WRAP73",1.46376240446886
"LINC01145",1.46248351736375
"HAX1",1.46196273827635
"PPID",1.46092503696
"KLC3",1.46072521458182
"GINS4",1.46071542076244
"SCAMP1-AS1",1.45848548422788
"RPGR",1.45787835172964
"RNU6-2",1.45519415422925
"E2F8",1.45486532289716
"NMUR1",1.45448601969172
"ACTR1B",1.45402385791208
"TMEM62",1.45352886023843
"CYP4F29P",1.45348370405837
"PTPRO",1.45188284391838
"MAD2L2",1.45135244560736
"GAREM2",1.44827136951391
"KRT73",1.44798522289746
"HBQ1",1.44732917884038
"APOBEC3B-AS1",1.44568588942191
"ENGASE",1.44105513343517
"GGA3",1.44084101404075
"EIF2B5",1.44040901621543
"EIF1AD",1.44031974813228
"GATD1-DT",1.44008872050562
"FAF2",1.43835549934101
"RAB44",1.43710569599389
"FCER2",1.43688297685616
"AGAP7P",1.43645703363409
"ERCC3",1.43529930250523
"GPR18",1.43402037072089
"KRBA1",1.43366858452242
"AK1",1.43272741998689
"RGS3",1.43269685601799
"TMEM199",1.43134404367425
"ZNF718",1.43113431133249
"KLC2",1.429003488807
"GYPB",1.42793726485092
"TMEM81",1.42689425373677
"TMEM102",1.42463302090968
"TBC1D13",1.42426792371529
"NETO1",1.42409747737725
"HLA-C",1.42225537936334
"PLXNA3",1.42170520876838
"MGC16275",1.42108373927115
"EFEMP2",1.42049748250548
"DBF4B",1.42031352844899
"PNPO",1.41917599726698
"MIR324",1.41813959018628
"SLC38A5",1.41803208213413
"DTX3",1.41555330467569
"SOWAHD",1.41471655692519
"KCNMB4",1.41461626714156
"SMIM24",1.412943767412
"TRMT61A",1.41290872440262
"SLC25A45",1.41239356851763
"FKBPL",1.41213863121265
"NOL4L",1.41179208392894
"GYPA",1.41143060387312
"LSM6",1.41134018960729
"D2HGDH",1.41070582301673
"MRPS17",1.40893921702384
"H4C14",1.40892284881583
"UBLCP1",1.40865494241098
"HEIH",1.40817123945673
"NCAPD3",1.40593328264316
"FANCC",1.40576919148654
"CD300H",1.40467679936412
"RRP7BP",1.40351210102725
"ARFGAP1",1.40340344561358
"FXR2",1.40292026360652
"CLP1",1.40280769878331
"MST1",1.40190804154043
"AFG3L1P",1.40126669295018
"SLAMF7",1.40117645633394
"FGFBP2",1.40113672126925
"GRIPAP1",1.40091345209161
"COG1",1.40038137917481
"MT1F",1.40025111275205
"RRN3",1.39973123640159
"RAPH1",1.39924728795322
"MAGIX",1.39843826668167
"LY6S-AS1",1.39841628842893
"MRC2",1.39615840857969
"MIR3917",1.39588838991339
"FAM241B",1.39530560447322
"TSPAN16",1.39484921913433
"METTL17",1.39476525920233
"SNORA7A",1.39419056234901
"GBA1LP",1.39301778057972
"IQCK",1.39294769735252
"SPTBN2",1.39258663938425
"TXNL4B",1.39019510244371
"SRP19",1.38989761080366
"SPTA1",1.38886265009411
"LINC00294",1.38808655463081
"B4GALNT3",1.38785730033602
"ACP5",1.3876049650758
"BTBD10",1.38716525661685
"SLCO4C1",1.38657821662261
"HBZ",1.3856117278036
"MSR1",1.38419010099993
"TNFSF14",1.38357022578806
"DOK7",1.38311258677418
"GPRASP1",1.38260114920552
"HEXIM1",1.38252841429391
"LMO2",1.38166463708297
"H2AC25",1.38122601898535
"USP11",1.38055564181181
"ZBTB45",1.37951723756626
"ATXN7L2",1.37945284053763
"ITPRIPL1",1.37915599870738
"MIR7848",1.37890408352346
"H3-5",1.37795651464988
"NT5DC4",1.37752631315156
"LRRC28",1.37726947807625
"TTC24",1.3754686896626
"ST3GAL5",1.37535023430516
"FUBP1",1.37496580652679
"WASH7P",1.37314801197293
"GOT1",1.37311598885722
"KIF23",1.3729660846936
"C1orf174",1.3717937766234
"TMEM63B",1.37163411044329
"RIGI",1.37112810383335
"INCENP",1.37078578553602
"CYP2U1",1.37076086312412
"H2AC8",1.37007105978378
"C1orf35",1.36961554952084
"ST8SIA4",1.3687084271465
"ILRUN-AS1",1.36674707770797
"SLC25A42",1.36574600655308
"S1PR1",1.36438831833453
"TRAIP",1.36352479821225
"MFAP3L",1.36311487221029
"FCER1A",1.36306651403056
"UBIAD1",1.36268446738387
"TMOD4",1.36040291784747
"POLL",1.36030933536123
"CDYL",1.3597661918798
"NCAPH",1.3596065868647
"RSAD1",1.35942693921484
"ENTPD7",1.35914770611194
"EPSTI1",1.3589144704485
"TTC12",1.35756634143236
"SERPINE2",1.35702099207187
"TUBG2",1.3566356273768
"CTSL",1.35191555704603
"TBC1D31",1.35010526197202
"YBX1",1.34970363987359
"H4C15",1.34920964224099
"TNFRSF9",1.34840901916601
"GPR84",1.34790794494497
"CRB2",1.34706845960795
"KLHL17",1.34633353546733
"NUFIP1",1.34508156465976
"ZNF606-AS1",1.3441631686765
"FLT4",1.34402057624206
"DPH2",1.34314805357584
"ZNF80",1.34257624405784
"TBC1D16",1.34200790931645
"ZFYVE9",1.34136378901256
"CNIH3",1.34135146499022
"IL18RAP",1.34119974451383
"HIC2",1.34062041090673
"INPP5B",1.33998318849156
"PPP1R2B",1.33844100397969
"ZNF629",1.33754087570817
"DNAJC14",1.33660724311311
"QTRT1",1.33584743785835
"BLVRB",1.33526796060186
"NECAP1",1.33522001394089
"DISC1",1.33477158241579
"MRPL53",1.33438348931947
"NFE2L1",1.33402535883957
"COL6A3",1.33378003467478
"CARHSP1",1.33375803285363
"DBR1",1.3334731510622
"B4GALT7",1.33315306579584
"GNPNAT1",1.33301607984417
"ETFBKMT",1.33298687268842
"PRMT1",1.33282705743877
"NEDD4L",1.33265326312208
"TSG101",1.33176865973636
"EXD3",1.33167134556786
"DVL2",1.3310499969896
"ZAP70",1.33021023639132
"LGALS9B",1.33001152432604
"RELL2",1.32992097760533
"LIMD1",1.32963670616847
"NPTX1",1.32955969641074
"CEACAM21",1.32914714189034
"TUBB2A",1.32901489689478
"ENDOG",1.32833093610993
"CXXC5",1.32311096197419
"TUBG1",1.32228224477122
"EMC9",1.3222519186076
"CLDND2",1.3215321627195
"TSR2",1.3214854652985
"ST7",1.3208492037426
"UBP1",1.32075844735651
"CCDC62",1.31830831274038
"TOR3A",1.31627426978752
"SPSB2",1.31624459672749
"SLC52A2",1.31614553515009
"POMGNT1",1.31598616542404
"ZNF304",1.31532506537408
"DNMT1",1.31432211433349
"LIPE",1.31386083324601
"SIGLEC14",1.31092592645005
"FGD6",1.31037301613705
"CLN6",1.30933698701553
"PRDM4",1.30921930501251
"LBH",1.30656531383978
"DDX11L5",1.30641625267209
"NSUN5P2",1.30636777325929
"CAND2",1.30507337374743
"MOV10",1.30455040258293
"FGFR1",1.30255048709934
"NPIPB3",1.30160134536025
"LINC02432",1.30136765109722
"DOCK10",1.29970862951485
"MRPS21",1.29959599505222
"SHFL",1.29955859149553
"NMNAT3",1.29832385486904
"CARD11",1.29453334889388
"CPNE1",1.29332533834468
"COPS3",1.29176044427527
"TRAPPC4",1.2904747196677
"RIMBP3",1.29046898509221
"MYO5B",1.29002482307583
"ZNF780A",1.28876674104919
"TBC1D9B",1.28739705305323
"GZMA",1.28732292668978
"GTSE1",1.28706040108546
"SAMD14",1.28690321914255
"NFE2",1.28688400116178
"KLHDC4",1.2867378639883
"SLC41A1",1.28649442325091
"MDM1",1.28624744218149
"DCLRE1B",1.28529056995892
"NPIPB11",1.28512747230848
"ZDHHC13",1.28457007531026
"NDUFC2-KCTD14",1.28436863511735
"MSH5",1.28386219407654
"MAPK11",1.28380836394911
"ZNF321P",1.28359188082563
"C1orf74",1.28354255898275
"CWC22",1.28165180723334
"H2BC17",1.28069612429938
"SLC24A3",1.28024124705434
"AVPR2",1.2801125900102
"PTGDR",1.2801113125686
"SV2A",1.27938682644095
"RUBCN",1.27907045930583
"CIRBP",1.2777839281006
"TMEM67",1.27749610518013
"THRB",1.27689395807238
"TNFSF10",1.27638979440216
"TNFAIP1",1.27609264253483
"LINC00092",1.27503765816219
"MAN1B1",1.27361921966937
"HLA-DPB1",1.27278393957169
"PDE6B",1.27268297492712
"KANK2",1.27259285440352
"ARMCX2",1.27245056693903
"THOC6",1.2722796490056
"YJEFN3",1.2715767322253
"VPS18",1.27070798589659
"FBN2",1.2705400891482
"LIMS3",1.26948065334671
"CHCHD3",1.26860691042708
"BISPR",1.26735684925584
"VENTX",1.2672003822374
"MIR671",1.26705507199996
"BOLA1",1.26692608310461
"FEN1",1.26613788964367
"BTBD6",1.26584100950882
"MSRB3",1.26578384629077
"PHF3",1.26574500446113
"LINC01278",1.26527031395789
"PPOX",1.26476648179279
"POGLUT3",1.26239004942926
"AHSA2P",1.2622331782942
"RTCA",1.26050900173286
"RNASE6",1.26027753537297
"DXO",1.25995760467975
"GLE1",1.25961376687427
"RDH11",1.25698460361108
"ADGRL1",1.25685628397614
"TFAP2E",1.25633399602888
"AIF1",1.25603158634394
"C2",1.25537015939434
"KBTBD2",1.25494328861882
"ELOB",1.25453045243867
"RPRD1B",1.25433100130554
"CLCN6",1.25330987086969
"SLC39A13",1.25203862740266
"SCNN1A",1.25194701271431
"ACOT9",1.25146190952941
"KLRC1",1.25094533224661
"INS-IGF2",1.25009186165447
"PIK3R3",1.24942514108839
"IKBKG",1.24914792996985
"SLCO4A1",1.24861366299081
"CBY1",1.24760944705222
"CHD2",1.24519966578219
"ZFP3",1.24501231718299
"BACE2",1.2443720729441
"C10orf105",1.24187393144861
"CCDC3",1.24181371784029
"CENPF",1.23945290597358
"TMEM63A",1.23915446054073
"MED12",1.23900838994388
"ULK2",1.23896331932111
"SEPTIN1",1.23887814686495
"PISD",1.23802672747753
"CIT",1.23680940008762
"GIMAP6",1.23674326936599
"KLF5",1.23663531747851
"MTRF1L",1.23431019255784
"ZNF600",1.23248765125998
"GASK1B-AS1",1.23248463908773
"NPTXR",1.23159731473625
"MIR142",1.23104051569017
"ALKBH1",1.23045645862453
"PARG",1.23028597114251
"SARS2",1.22946642470324
"ELMO2",1.22904004058259
"IMP4",1.22885923505306
"MYO19",1.22847609174275
"GPT2",1.22774116411047
"ZNF438",1.22766934651809
"AKAP6",1.227381450198
"SORBS1",1.22706684010355
"MXD3",1.22688427603003
"UBQLNL",1.22610199148175
"GNGT2",1.22577900894352
"MIR3936HG",1.22555807181135
"PHB2",1.22543936516967
"SLC26A1",1.22476070067485
"GABRR2",1.22475498121607
"IFIT1B",1.22370051114066
"NEURL1",1.22285562428776
"KCNN4",1.22285042595849
"VTA1",1.22209114399308
"MLC1",1.22049782739279
"TIGD2",1.21984626693427
"FAM86DP",1.21940731535429
"IGF2",1.21927284845326
"TMC5",1.21850711129129
"NSUN2",1.21837465301991
"HEPACAM2",1.21823145297291
"NPRL3",1.21786664268793
"GCC1",1.21568041562001
"EMC3",1.21545991079681
"GPR132",1.21482904741621
"PROCR",1.21414206740998
"C6orf47",1.21408265551795
"CALML4",1.21375351179493
"TUBGCP6",1.2116652936913
"HSFX2",1.21164630129423
"SIGLEC11",1.21065981477842
"PRSS36",1.21048170537417
"PPRC1",1.21032452674597
"EPOP",1.20983023032043
"NEK8",1.20951977318245
"GPR137B",1.20919176070019
"NDUFC2",1.20885818519912
"HBA2",1.20842483987767
"AATBC",1.20808103507892
"VIPR2",1.20702955191936
"LPAL2",1.20620202111923
"RNF146",1.20537568989737
"ILF3-DT",1.20491283907526
"LINC00954",1.20471690312024
"PYGB",1.20466815578497
"WDR75",1.20434923067131
"ABO",1.20375363960161
"SNED1",1.20307951693297
"PTPRF",1.20292402861906
"ST3GAL3",1.20285086819508
"UBBP4",1.20182781983045
"AKAP8",1.20151337293422
"UICLM",1.20124823911022
"PBX1",1.20122613792821
"INTS10",1.20106588927254
"MICAL1",1.20100419367818
"NOL3",1.20049387600207
"TMSB4Y",1.20049038369622
"PAQR7",1.20010321325221
"FAM219B",1.19900192898765
"MBD6",1.19836051407147
"GIGYF2",1.1979660420228
"ZNF79",1.19779865331465
"TMEM222",1.19756512635053
"LAMA2",1.19727783938368
"BRD7",1.19690727982379
"NLE1",1.19669632028656
"BBOF1",1.19639685633684
"SLC39A1",1.19634215606488
"PAGR1",1.19623601499241
"LINC02076",1.19561605633014
"LIG1",1.19540396320835
"SLC7A5",1.19474278075141
"BHLHE41",1.19406078910214
"MERTK",1.19377398432413
"TRMU",1.1937360975402
"UBA52",1.19371690483921
"NME3",1.19244422660452
"NUTM2E",1.19218811952567
"SDC3",1.19217388756792
"RNA5-8SN1",1.19166731949742
"PPP1R12C",1.19141281688397
"NASP",1.19131399580592
"MRPL13",1.19081341066777
"ATP8B3",1.1902803356658
"ASPSCR1",1.19001732574831
"PCGF3",1.18973241584501
"KDM8",1.18967420815389
"TMC6",1.1889424740605
"PRCD",1.18778016059327
"PFAS",1.18757744771794
"SLC25A35",1.18624687268753
"SMARCB1",1.18585412007761
"VSIG10L",1.1851802303115
"ZC3H13",1.18497719108344
"USP20",1.18488914098961
"MRPL12",1.18458539728811
"GCSAML",1.18402602043949
"MOCS3",1.18391248007016
"C5AR2",1.18385520307678
"PLEKHF1",1.18227588624694
"TARS1",1.18211767535038
"PDCD1",1.18056687953797
"ZFYVE26",1.18054601250817
"LRRN4",1.17989903758411
"C8G",1.1795998529316
"KIFAP3",1.1794496485356
"RINL",1.17902376267829
"ESYT1",1.17894722962332
"RNF43",1.17840190302053
"CCNA2",1.17800274982333
"MCM7",1.177304891325
"CARMIL3",1.17682553975682
"RTCB",1.17575787343647
"TAF6",1.17442653866881
"LRRC1",1.17409433441168
"FKRP",1.1740204866101
"C6orf163",1.17394157855407
"IVD",1.17337276516668
"ZNF613",1.17332535690534
"CXCR5",1.17295704044976
"ZC3H4",1.17225186713337
"EIF1AY",1.17205715142783
"PPP2R5B",1.17201161119364
"HECTD3",1.17183609655061
"ARFGAP2",1.17103760349641
"ACAP3",1.16976893681053
"LINC03014",1.16944336914882
"CRAMP1",1.16922082292823
"LAX1",1.16909279034354
"CELSR2",1.16891880208644
"WBP1",1.16809099386791
"ZNF497",1.16797147168422
"MIR6513",1.16643904083497
"PLCE1",1.16586137655213
"GIGYF1",1.16539548441342
"MED17",1.16492419509835
"TNIP2",1.16473008009512
"NUDT15",1.16451874270991
"CRY2",1.16386126847162
"FRG1JP",1.16247932695176
"UBA7",1.16239886822061
"IFI35",1.16232105227053
"PPARD",1.16185329651567
"CBR3",1.16167294787852
"BRMS1",1.16085299828705
"AXL",1.16081332209848
"MRPS18B",1.16071927214079
"ADGRE2",1.16066785344227
"CNTLN",1.15884525189172
"TRNAU1AP",1.15882916481575
"TIMM44",1.1586081227175
"HBA1",1.15849724735556
"SERGEF",1.15822631881548
"GPATCH4",1.15796930396459
"TTI1",1.15773454010915
"ABHD11",1.15685462208895
"HROB",1.15663062096244
"QRICH1",1.15638021467537
"GOLGA5",1.15612801120836
"ME3",1.15602243558075
"TEDC1",1.15579606149402
"RAB24",1.15448343347662
"AMBRA1",1.1539453446299
"ORC1",1.15347089820744
"WDR76",1.15308419461878
"ZDHHC5",1.15240794609879
"IFI27",1.15185449667293
"CMKLR1",1.15145605394092
"ABCB9",1.15056543734389
"AP1G1",1.14912297756557
"PLAA",1.1485340376484
"ADAT1",1.14843440084412
"PLSCR1",1.14786425635757
"SLC17A5",1.14776105328756
"CCDC77",1.14676899831701
"CHCHD7",1.1465265427418
"NPIPB5",1.14639500849246
"TGM2",1.14639346156836
"FLVCR2-AS1",1.14632465547057
"PFDN2",1.14622803941492
"KCTD11",1.14615859806184
"FCMR",1.14591668494741
"LAP3",1.14485203930328
"ZNF443",1.14473963843849
"MICAL3",1.14408611597753
"RAB3IL1",1.14408148091582
"ESRG",1.14400067675143
"FARSA-AS1",1.14393804555664
"TRPV1",1.1437769290986
"IPO4",1.14368761425081
"PTPRM",1.14338078391363
"ZBTB46",1.14182757170365
"RLIM",1.1405586780535
"CROCC2",1.14001591470541
"EPB41L3",1.13994701761615
"MCM2",1.13876953159197
"BTN3A3",1.13870281623959
"S100B",1.1386783043799
"KIR2DS4",1.1385855119833
"PCLAF",1.13852296636107
"SERPINB10",1.13793041842321
"FBXO46",1.13774557642196
"FAH",1.13771210105195
"ARMH1",1.1366088678848
"MDC1",1.13634471824901
"ARHGAP11A-DT",1.13480632049961
"CEP19",1.134750205951
"IL1B",1.13276752121136
"SNAP29",1.1323490034795
"PTGDS",1.13225652456403
"IMMP1L",1.13114861574609
"CEBPG",1.13081683996119
"NR1D1",1.13029182621049
"ADCY4",1.12971266624594
"PCED1A",1.12848388313882
"TMBIM1",1.12834050636278
"LPCAT4",1.1282271828891
"RMND5B",1.12815184965156
"FLVCR1-DT",1.12753292114786
"SGSM2",1.12734518946105
"ANKFY1",1.12719236034835
"HOOK2",1.12648552647518
"APOBEC3D",1.12592567599817
"NOL6",1.12544118499668
"OPTN",1.1244847325821
"AGER",1.12439203923347
"ALS2CL",1.12408031304936
"NAT9",1.12405149991001
"CCNL2",1.12337460998903
"SMARCE1",1.12287687635371
"CDK11B",1.1222374097076
"TBC1D8",1.12223336994613
"COQ10A",1.12215396132456
"SLC22A18",1.12214823489719
"RP9",1.12209221406316
"TXK",1.12177064196418
"ADGRG1",1.12168575283289
"KEL",1.12117540826316
"ZNF653",1.11996156918585
"ZNF574",1.11904424454963
"LINC01011",1.11883869536324
"DNASE1L1",1.11865638475585
"CD180",1.11846577438249
"PCDH12",1.11830426819529
"LRP12",1.11754086670774
"AMT",1.11647233097699
"KLHL22",1.11642518937648
"PTGES3L-AARSD1",1.11638599339968
"CAMTA1",1.116055992726
"OR2W3",1.11603022487999
"INSIG2",1.11590972966125
"THYN1",1.11478663943349
"MPV17L2",1.11429009689142
"PPP1R3E",1.11380005533897
"FOXRED2",1.1137902315526
"MAK16",1.11375391315906
"PRR3",1.11372867666975
"CDAN1",1.11371964272103
"ZSCAN16-AS1",1.11356220719257
"PDRG1",1.11303447290209
"HSH2D",1.11281526062124
"HEG1",1.11275964214636
"SYS1",1.11273104238436
"TMEM268",1.1124009726035
"GCSH",1.11212187686129
"TNRC6A",1.1112692532801
"COPZ2",1.11124259334552
"FAM114A2",1.11101082720265
"TM7SF2",1.11092353327961
"ZNF584",1.11062848136119
"SVBP",1.11049058585181
"AIMP2",1.1100899901028
"QNG1",1.1092038040321
"MTPAP",1.10913272695138
"GALNT7-DT",1.10902309899532
"PAX8-AS1",1.10897026328123
"MSTO1",1.10854523289028
"LILRB5",1.10837443990567
"RAB13",1.10795365268869
"MORC2",1.10730544036382
"REX1BD",1.10719619415781
"FMNL3",1.1067379976362
"ANKRD27",1.10598153882374
"CENPV",1.10554403599458
"CZIB",1.10538869739401
"IL4I1",1.10478757329579
"HCAR2",1.10406353230119
"TRAM2-AS1",1.10388652946823
"LPCAT3",1.10305149111244
"SRXN1",1.10294132633806
"FGD1",1.10289224125659
"METTL25B",1.10267236884224
"SEC24C",1.10082537431914
"LINC00863",1.10023004250279
"ERFE",1.10014154258314
"SZT2-AS1",1.1001176911825
"SLFN5",1.0998865213524
"TRIM10",1.0988703451474
"IPP",1.09823260016794
"LRSAM1",1.0979941272907
"INO80E",1.09793199501927
"ABCB6",1.09669408165279
"COQ4",1.09603190115133
"RPP30",1.09573056565721
"SFRP2",1.09553356325751
"LAT",1.09482921347654
"DCAKD",1.09476825315279
"GIMAP1",1.09418698470627
"ATF5",1.09418561348661
"KLHL34",1.09416926264197
"STBD1",1.0939914539322
"ZNF266",1.09234107970344
"IFI44L",1.09231585903057
"ZSWIM4",1.09199001860998
"RFWD3",1.09177625544576
"SEH1L",1.09139113363079
"PARP12",1.09056671956797
"LRWD1",1.09056492215179
"SLC22A4",1.09050076805954
"SERPINE1",1.09023452284478
"FCHSD1",1.09018294548478
"DYNC1LI1",1.08958117134119
"ALKBH4",1.08921967892898
"RHOC",1.08779204393998
"R3HCC1L",1.08774756394622
"TWSG1",1.08715186986571
"RSPRY1",1.0866816186321
"CDC42EP2",1.08562111203078
"KRT72",1.08561316487498
"TRMT6",1.08551228760427
"HAUS4",1.08532137970569
"HMBS",1.08455525601798
"GBA2",1.08327920837554
"NSD2",1.08242012649551
"IRF4",1.08241143490099
"RIC8A",1.08209770743085
"PCOLCE",1.08124819140217
"SNRNP40",1.08099578999026
"SIGLEC9",1.08072698943525
"RNF138",1.07973163342797
"MYG1",1.07911808731809
"OXER1",1.07890407791989
"EXOC5",1.07812304297372
"RPL32",1.07795579723536
"DFFB",1.07719466323489
"MRPL49",1.07655434798018
"SLC14A1",1.07585583836141
"ARHGEF3",1.07577334261304
"GK5",1.07385065535131
"ABHD14A",1.07335393686227
"VPS45",1.07308953105087
"ZSCAN20",1.07221861998078
"OSER1",1.07107451895459
"CDC42BPG",1.07091490958465
"SLC4A4",1.07021513175201
"SLC6A19",1.06973317383421
"SGPP1",1.0693894655558
"MIR29B2",1.06864908011617
"PIGG",1.06862979040103
"YWHAH",1.06859236697677
"TTC22",1.06838769984176
"WDR45",1.06806790665556
"CNOT10",1.06729647075916
"MYORG",1.06688741349486
"ARMC5",1.06674633138979
"RORC",1.06652760606831
"RNF115",1.06627670816525
"ANXA2R-OT1",1.06538315805105
"GALNT6",1.06463811720367
"NFKBIB",1.06397259900315
"TPRA1",1.06376414260168
"ABCA11P",1.06346022485427
"CPSF4L",1.0633583804454
"SLC39A6",1.06333642587654
"POLR3E",1.06311439822243
"MED19",1.06289235862325
"LIAT1",1.06188270375604
"ARFIP2",1.06062250415419
"PRPSAP1",1.05943793576127
"C1QB",1.0578719401354
"GOLGA8T",1.05782824810743
"BIRC5",1.05782031949072
"PARVG",1.05768762410361
"VDR",1.05742208141609
"C1orf105",1.05727257374793
"ASH2L",1.05686477431191
"SNRPF",1.05651452433349
"SNRNP25",1.05612351948545
"ROM1",1.05595477519343
"MAK",1.05470703931665
"ABI2",1.05469350415872
"NOP2",1.05443883130157
"NAA40",1.0538825700267
"C1orf21",1.05382556826688
"LINC00957",1.05346595243625
"CHMP1A",1.05338200252094
"TSKS",1.05309242998997
"ST6GALNAC4",1.05287739132405
"SPRYD3",1.05246070110715
"SYTL2",1.05177470646775
"TCERG1",1.0516894909176
"TMPRSS6",1.05158023280908
"PLPP1",1.050711303744
"UBE2C",1.04860759951583
"PHF8",1.04857562654112
"ZNF217",1.04855453269241
"NLRC3",1.04846278555778
"MPI",1.04836701030341
"PSMF1",1.04774865215224
"WDR5B",1.04773449014671
"AZI2",1.04729534529064
"EOLA2",1.0452844303861
"SFMBT2",1.04514245672883
"NT5C",1.04443973292602
"EIF5B",1.04429986233292
"PPM1F",1.04394564791597
"NUP62",1.04216058398831
"ZNF683",1.04211775260747
"MRPL19",1.04194820661627
"TLR7",1.0418710188281
"ESRRA",1.04186714499702
"HLA-DQA2",1.04180760495943
"FOXO3B",1.04164013396677
"NHP2",1.04158884675536
"KIF18B",1.04154228001697
"SNRNP70",1.04151835921987
"FOXRED1",1.04135381360304
"UNC119B",1.04099316626814
"ZNF93",1.04084834717302
"ZDHHC8",1.04065884152542
"SAMD11",1.04063936848336
"LCNL1",1.0406140850045
"EXOSC8",1.04051025463533
"NR1H3",1.04038585436408
"ELAC2",1.04029047914664
"AGBL2",1.03976479634048
"HLA-DQB1-AS1",1.03919146058219
"CEP126",1.03805582693607
"SRGAP1",1.03727420672839
"NAT14",1.03723444407298
"NUTM2D",1.03672670328688
"PPP1R3D",1.03593638707837
"AARSD1",1.03562679209596
"SART3",1.03553698089819
"SNX10-AS1",1.03492835709
"FICD",1.03475852601704
"PLCG1",1.03429109279077
"MIR1909",1.03420045904099
"PQBP1",1.03374006657707
"ZC3H10",1.03318466948148
"SREK1IP1",1.03302506967073
"RHEB",1.03281809202911
"SMURF2",1.03281573763439
"STOML1",1.03278549068587
"PF4",1.03271698287421
"SCAMP1",1.03248583416333
"INO80B",1.0324543399584
"TESC",1.0324062408059
"SELENOK",1.03228779421657
"UBE3B",1.03205934476391
"TMEM140",1.03173456202567
"RBPMS",1.03088750121309
"MAIP1",1.02953949440314
"TMEM198B",1.02934543561722
"RAI1",1.02878970861021
"NEXN-AS1",1.02774034882078
"EPHB2",1.02763555797952
"WIPI1",1.02751849324166
"DCXR",1.02718920859156
"NOL8",1.02706259944335
"ZNF692",1.02646427214437
"TAB1",1.02636702519083
"PLCXD2",1.02460176581764
"PRPSAP2",1.02261687644127
"SNORA44",1.02244373844547
"PHGDH",1.02188761119088
"NUAK2",1.02168933863215
"AP1G2-AS1",1.02168165408665
"KLHL2",1.02104500258619
"NARF",1.02032784455028
"TRPM2",1.02003712773491
"ZNF320",1.01987581745643
"ERV3-1",1.01943035961814
"TRAPPC13",1.019274871517
"CETN2",1.01891725586282
"ZFYVE1",1.01875902736763
"XRCC1",1.01826899582775
"DHPS",1.01717288147531
"HAUS5",1.01647459862252
"P3R3URF-PIK3R3",1.01628841998466
"ECT2L",1.01587891819507
"COL9A2",1.01563240437766
"ZNF665",1.01533562117443
"DUSP5",1.01532780310545
"NKG7",1.0145461788811
"KRI1",1.01430611100576
"RBM19",1.01424814624498
"SESTD1",1.01309219170225
"HBM",1.01293998625113
"GPR68",1.01278000599034
"PIP4K2C",1.01274494348653
"KIF21A",1.01234754018229
"LARP1B",1.01228046600007
"ZNF595",1.01195215288603
"DAB2IP",1.0118332341039
"ASCL2",1.0117654248287
"DDX60",1.0116941916897
"CRYBB2P1",1.01001023123322
"VPS28",1.00933739707889
"ABCG2",1.00907452631031
"CROCCP3",1.00833973965703
"MTMR8",1.00771285413925
"CGAS",1.0076674085253
"DHX30",1.00746925968669
"GADD45A",1.00741916966867
"CRYZL2P",1.00710405401519
"FAM98C",1.00706747446805
"LBX2-AS1",1.00697242272027
"TBRG4",1.00682192394842
"PRAG1",1.00679120803915
"TTC5",1.00668299914741
"RNF215",1.00651590116433
"SLC26A6",1.00643883259909
"MANBAL",1.00642412884049
"EP400",1.00553215652835
"PROSER1",1.00526838388992
"ZDHHC12",1.00511262674645
"ZNF835",1.00493551685081
"GRAMD1B",1.00474331276246
"MRPS18A",1.00378691554297
"NAGS",1.00377469852071
"LAT2",1.00373232494107
"ITGAE",1.00354090148229
"SLC27A2",1.00343771083507
"HDLBP",1.00330087531336
"LY6G5B",1.00301798054236
"PTCH1",1.0026154460365
"QPRT",1.00237683619894
"SHARPIN",1.00225357775822
"TNPO2",1.00216469349772
"RCL1",1.00135985028072
"GIMAP1-GIMAP5",1.00097395198562
"CSRNP2",1.00037862058735
"PCYOX1L",1.00034921070742
"PLVAP",1.00033990446601
"SH2D2A",0.999944141095972
"DGKA",0.999746207214909
"C1orf116",0.999559374753179
"RDM1",0.999265333948042
"TMEM237",0.999188372407073
"HIPK2",0.998079960707055
"PHKG2",0.997967791183531
"ATP6V0D1-DT",0.9979582524855
"RAB29",0.997938959510211
"ZNF213-AS1",0.997492784774014
"RBP5",0.997487895994661
"MAP1LC3B2",0.997364710836025
"SIGLEC16",0.997276403511583
"CDK4",0.997114654223432
"MR1",0.995804105850916
"TERF1",0.995696804702699
"HAUS8",0.994790690663738
"RFC1",0.994450471675349
"LINC03100",0.993936111412876
"LGR6",0.993495366911957
"MIR570",0.99284941038468
"BRF2",0.992301474129382
"TRAF6",0.992268885404866
"CHST7",0.992108074154257
"TMEM258",0.992069100467986
"SLC25A19",0.992050527495886
"KCNJ2",0.991864024982825
"H2AC20",0.991592863870094
"SLC2A6",0.991576116776143
"ANKRD20A5P",0.99154029579249
"GPBAR1",0.990715670211455
"NPIPB4",0.989485226440214
"LPAR5",0.989416399969053
"HBD",0.988946879687915
"DENND3",0.988929217722727
"SS18",0.988271127793361
"PROX2",0.987577704484653
"ZBTB32",0.987483885281116
"METTL3",0.987312022208323
"ZNF660",0.986999494839637
"MGAT3",0.986436997070419
"ARHGAP11A",0.986027586133111
"DNA2",0.985925982641011
"CARS1-AS1",0.985645391836731
"SNX4",0.985512790925401
"MAGEH1",0.985403441639227
"MOCS2",0.984519870032307
"HRAS",0.984024744639549
"ISOC2",0.98388827996355
"NELFE",0.983747980270793
"TRIM26",0.983248764418166
"LINC03034",0.982903668767956
"MICU2",0.982426405973225
"CEP72",0.982349754556661
"TUT1",0.982310223465803
"PPP4R3B-DT",0.982200125314326
"PCM1",0.980765234017986
"SIGLEC1",0.980319820493103
"FUNDC2",0.980233563520384
"ISY1-RAB43",0.97952547988538
"JMJD7-PLA2G4B",0.979418267908487
"MFSD4A",0.979389081684245
"JRK",0.978735625220499
"JSRP1",0.978112516099708
"KLF1",0.978085366883875
"NCAPG2",0.978018771923203
"TUBA4B",0.97783837972167
"SLC6A9",0.977379504938486
"PMM2",0.977189680972134
"IRS1",0.977154314858128
"ZCCHC8",0.977027865061819
"MRPL20",0.976744433460421
"CD248",0.976447789055819
"LFNG",0.976071075984196
"BBS1",0.975996627985921
"DHX38",0.975661554321218
"NBPF3",0.975555949344151
"NOC2L",0.975002410735354
"ZNF385D",0.974631414839571
"HAUS7",0.974629254630561
"ITSN1",0.974598440467694
"TMSB10",0.973651443979567
"RUSF1",0.973482454914857
"DCTN3",0.973421347818723
"WWC2",0.972941891212451
"SIL1",0.972733417670732
"PROSER3",0.972677879602337
"MAPK8IP3",0.972312072465259
"RTN4R",0.972211008949638
"BECN1",0.97213901577281
"AFF2",0.97197679095139
"NRG1",0.971682424042068
"SH3TC2",0.971622872550248
"RABEP2",0.970857865536949
"FGFRL1",0.970437868514566
"TRIM13",0.969806442903301
"CLBA1",0.969622149082318
"PTPN14",0.969267444494437
"MYLK4",0.969050687588624
"AP1G2",0.968751549231212
"SLC25A10",0.96823505305715
"CASP4",0.967979291947683
"CCDC142",0.967375227392119
"GSTM2",0.967103746069623
"GCN1",0.966857559489029
"ZCCHC2",0.966663082677358
"SMYD5",0.966561821811562
"SFRP5",0.966548530145436
"PROCA1",0.965909896719063
"P2RY1",0.965854090355471
"TRIM9",0.964093414972086
"SP140L",0.964017820631765
"GON4L",0.963597520006212
"NPAS2",0.963561756222895
"ERVK3-1",0.962366251196056
"SLC26A11",0.961825868257347
"FBF1",0.960294152971838
"TNS1",0.960169001821677
"PER2",0.960025138068229
"CPSF1",0.959908868613101
"NUDCD3",0.959905268247067
"GLB1L",0.959675987489697
"CCL3-AS1",0.959481018652859
"RASSF1",0.959449593923002
"CCR7",0.959206687235392
"ZNF202",0.958783448434321
"MCM3",0.958686537258683
"FBXO24",0.958210150603959
"TMEM175",0.958031263447615
"MATCAP1",0.957964642699701
"UHRF1",0.957701686954707
"HMGXB4",0.957562645233498
"TIMM23B",0.957064283280711
"AGK",0.956645303467905
"PIGU",0.956544982272574
"REELD1",0.956525707974151
"COL5A3",0.95571798863815
"SDAD1P1",0.95556879130461
"ZUP1",0.955257643705774
"SZT2",0.955008640384618
"RASGRP2",0.954582057788076
"KATNIP",0.954049385130012
"ROBO3",0.953806467471714
"ZNF775-AS1",0.953692840871542
"BICDL2",0.953650443365678
"APOM",0.953037728858455
"RSAD2",0.952916294663773
"DHRS4-AS1",0.952911509128213
"DRG2",0.952522786064271
"ANKZF1",0.952502963747428
"EVL",0.952274299889501
"SIRT5",0.95214830632821
"LRCH3",0.951247879767624
"EIF4ENIF1",0.951203673977544
"FAM111B",0.951133426981761
"PDCL",0.950923923270282
"LPAR2",0.950257535237021
"SP140",0.950186701131991
"ERFL",0.950108601556924
"PTPRCAP",0.94990909631793
"ATAD3A",0.949885212753908
"MATK",0.949713697302006
"CKS1B",0.949606480951297
"PID1",0.949418277035188
"NHLRC4",0.948827564720072
"ZBTB9",0.948766035676027
"DCAF15",0.948586518481448
"FOXO4",0.948566436624055
"TNFRSF25",0.948113962937146
"INO80",0.947790272524351
"DMAC2L",0.947615117406889
"MBOAT4",0.947493024537983
"CASP7",0.947442676847017
"NUCB1",0.947052181762186
"FAM193B",0.946295256024458
"CAPN10",0.946075689016207
"HEMK1",0.94574594097561
"SLC27A3",0.945515185695638
"BSN",0.945462280685906
"TCN1",0.943883685902514
"ISG15",0.943683272141618
"ZNF429",0.943514862122185
"USP51",0.943427494223011
"RN7SL3",0.943356081898298
"LMO4",0.942741618229257
"ANKRD53",0.942496377593323
"APLF",0.942345785715273
"EZH2",0.941401920990472
"H2BC12L",0.940628150661121
"METTL26",0.940520583605742
"ABHD16B",0.94038959737162
"TNK2",0.940260415843089
"GTF2H3",0.939679421826214
"CNN3",0.939418591699891
"ZNF513",0.93888377470627
"EPAS1",0.93859818565272
"KDM7A-DT",0.938461684517889
"RAD51",0.938001553619007
"MRPL2",0.93782086836319
"RABL2B",0.937350148636843
"TCP11L1",0.937028546051827
"MBD4",0.937014140090414
"GYPC",0.935868198958689
"PDSS2",0.935821622500731
"SORT1",0.935342428604579
"KCTD13",0.93519958118212
"PPIL1",0.934911691414025
"MS4A3",0.934102790460544
"L2HGDH",0.932976614862822
"OGFOD3",0.93284977769154
"TIMELESS",0.932613990153584
"B3GAT3",0.931782260900224
"EXOC7",0.931729332188716
"NPPA",0.930854355335944
"ALPL",0.930625013415588
"DKC1",0.930445854770529
"C22orf46P",0.9302010812627
"HSFX1",0.930007450505507
"IGSF8",0.929868849104319
"SYVN1",0.929538183061406
"BNIPL",0.929126527926676
"TMEM158",0.92861636992841
"ARSK",0.927351764797139
"TBKBP1",0.927242176602274
"CYB561D1",0.926846276879152
"TFAP2E-AS1",0.926797482995427
"CD83",0.926293282444778
"CAMK1",0.925537312613076
"MAP3K15",0.925401749959896
"TNKS1BP1",0.925039271877939
"LOXHD1",0.924655117549336
"KIAA0319L",0.924376485065718
"KCNH7",0.924088185070255
"TLR3",0.923511078144933
"TRIO",0.923224068713052
"CRACR2B",0.922776819948763
"ADAMTS10",0.922586533785467
"SPRED1",0.922557495790397
"MAGED2",0.922235907260431
"ANAPC2",0.922124454178857
"SEPHS1",0.921832204473756
"BCS1L",0.921560950161889
"ACY3",0.920856616363239
"SNRPA1",0.920325899278935
"NELFA",0.919172669475867
"PDE6D",0.919021664741942
"ZNF468",0.918894867420406
"FUS",0.918846636804706
"GIMAP5",0.9188277277111
"KLHL25",0.918600561992621
"PARP15",0.918291395730064
"IER5",0.918266217286932
"DOCK7",0.917974989305911
"IL18BP",0.917729861504899
"WSB1",0.917452417133014
"DOC2B",0.917365876211767
"EOLA1-DT",0.917030378319693
"NUP153",0.916977453815681
"SMYD2",0.916812514014852
"ZNF461",0.916073462123018
"HMGCL",0.915720383984767
"ACBD5",0.915340111044608
"NEIL1",0.914364886665798
"FAM43A",0.914075745051712
"HBB",0.913715749161468
"CNIH4",0.913565141854703
"ERO1A",0.913378306845449
"WASHC1",0.913117944116789
"CACTIN",0.912980720219871
"CLMAT3",0.912569655524094
"WASH5P",0.912560619363703
"SIN3A",0.911901182506392
"PRRC2C",0.911797670156349
"RNF26",0.911656721788658
"POLR3C",0.911482358053507
"C5orf22",0.911446426317367
"C3",0.911090392980666
"NHERF4",0.91096028808618
"VAC14-AS1",0.910716255736993
"CMBL",0.91054701323884
"DDX20",0.910078826828587
"CYP4F35P",0.909832469242916
"C16orf87",0.9096033432568
"LENG9",0.90879822985297
"CCR2",0.908175334034632
"SSR3",0.908130781850955
"MEX3C",0.907807245516834
"ATP1B2",0.907574840623934
"NDUFS1",0.907398347481345
"RAB3A",0.90729982501945
"LTO1",0.907256585492106
"PCNX3",0.906948917568265
"FIZ1",0.906823778650302
"PSME2",0.906254359881553
"TAPBPL",0.906234896723619
"C21orf58",0.905830567185397
"LCN12",0.904981623051764
"CEP162",0.904979317588235
"LTV1",0.904921512096306
"YIPF6",0.904560769120879
"CA2",0.904518907277091
"TMEM39B",0.904513469125561
"PLEKHA7",0.903508556610758
"ITIH2",0.903371162396739
"ADD2",0.902832202418727
"VASH1",0.902734113826299
"ZSCAN25",0.902377389112143
"VPS37C",0.902290225431175
"PGS1",0.902025461844856
"PHYKPL",0.901753952711107
"TNFAIP8L2",0.901490014748281
"GMPPA",0.901379905743922
"CCAR1",0.901296801856022
"PLA2G4B",0.900945380041793
"TTC8",0.900837114640684
"MCM4",0.900823440786045
"CD70",0.900674710709951
"ZNF682",0.900638680820997
"SF3B3",0.900533482141252
"FCRL6",0.900177260276546
"CATIP",0.899763513229794
"RSRC1",0.899742729700639
"TMEM80",0.899699583751875
"NRROS",0.899308477133274
"SRD5A3",0.898936834377224
"POMP",0.898768550025572
"ARHGAP11B",0.89760753528275
"ZSWIM1",0.897357328717766
"FCRL3",0.89724843496551
"C21orf91",0.897015197821427
"IDI2",0.896450379054587
"SLC35A5",0.896296457612875
"ALKBH6",0.896254364529098
"DCST2",0.895630225935472
"PRPF38B",0.894808434959579
"ZBTB42",0.894699012032231
"LY9",0.894664195519787
"RIPK3",0.894541317991259
"ZNF699",0.894042608258941
"EPB42",0.893992618605701
"RIMBP3B",0.89349877216402
"TSPAN33",0.893420960975396
"RBM25",0.892551099519156
"ZNG1C",0.892437668502947
"HORMAD1",0.89209696881602
"SLC37A4",0.891757986604841
"STK19",0.891630301515531
"KIF21B",0.889547340033608
"PRDM1",0.889486096968257
"LINC03110",0.889243722316982
"COQ7",0.889049881956473
"GALK1",0.889008192268097
"SOCS6",0.888900243030249
"KLRK1",0.887975290902044
"LEMD2",0.887860779946998
"LIPT1",0.887587881031918
"TFAP4",0.88738642337366
"CYBC1",0.88715942722854
"MARS2",0.887114591243899
"HCRTR1",0.886968972517463
"STX1A",0.886867303795544
"MIR9-3HG",0.886753440057139
"CHEK1",0.886399403019205
"TBCCD1",0.88534714748548
"SDSL",0.88518545839903
"PEX10",0.884972148754559
"CCNF",0.884940974988008
"FAAP24",0.884480313613921
"RPL12",0.884382039858561
"CHPF2",0.8836786782234
"COG4",0.883630996665005
"DNAJA3",0.883503386024486
"THRA",0.883112912787906
"POU6F1",0.882963313349561
"LY6E",0.882706111491142
"SNHG12",0.88269627321629
"LINC02918",0.882530615999103
"MCF2L",0.882508021916286
"IKZF3",0.88246122516903
"ANGPTL6",0.882372869045384
"POLR3GL",0.882106606353096
"LENG8",0.881899809931506
"FTSJ1",0.881795332887515
"FKBP11",0.88126780022476
"CARMIL2",0.881194349451512
"RNF175",0.881089631435444
"BAIAP2L2",0.880501986616109
"C2orf88",0.880490323942257
"FAHD1",0.880297530713797
"IFT22",0.879920064661126
"PHF19",0.879899289214545
"TOP3B",0.879892533255048
"IL9R",0.879812581793041
"PTGDR2",0.879777417732057
"SEPTIN6",0.879700515928649
"KCNS1",0.878910834471221
"TMEM131",0.87876759950929
"KIF19",0.878649463784497
"PF4V1",0.878607494252305
"TMEM192",0.878376572107617
"BEND7",0.878189116751704
"RHPN1",0.878186733231481
"SORBS3",0.878016897498584
"RAP1GAP",0.87782860587288
"CERKL",0.877595828026901
"GIPC1",0.877359916851635
"ZFYVE27",0.877075664643488
"PGAM2",0.876907978318914
"CENPBD1P",0.876695963506307
"NOP53",0.876489357104575
"ACKR1",0.876153393949993
"TRAF2",0.876049168574105
"FANCG",0.875583258757587
"PARP2",0.875326501452127
"ARPC1A",0.875155440829899
"SEZ6",0.874680064834354
"HEATR1",0.874357217805106
"ZDHHC9",0.874349996557362
"ANKRD39",0.874229312942173
"VARS2",0.874111518092257
"RUBCNL",0.873968318343463
"ZNF578",0.873742904040961
"HS3ST3B1",0.873358764950784
"ZNF343",0.872452196126763
"KCNG1",0.872231951459273
"HJURP",0.87165212869738
"ADAMTSL4-AS2",0.871651095151296
"FHIP2B",0.87146271988331
"MAP2K5",0.871308300199903
"PLEKHG2",0.869808843012901
"CDC34",0.869528981215738
"MRPL27",0.869143622392481
"DNAH17",0.869079940179735
"EGFL8",0.868971521873134
"FUT4",0.868821639417723
"NSMF",0.868597836858723
"MYL12A",0.868490185932499
"TMEM79",0.868365091467609
"CREB3L4",0.867461235749437
"POLE3",0.867108792884548
"UBXN6",0.866018090486992
"ZNF714",0.865977297246298
"BARD1",0.865776621538174
"OPA1",0.865552399732241
"RPGRIP1L",0.865549634551638
"SPRY2",0.865071284092582
"BATF2",0.864984529174009
"TRIM34",0.864549473632209
"ERAP2",0.864125416325348
"PHACTR4",0.864024736650493
"SBNO2",0.863981194620397
"ANO8",0.863954566309511
"ZXDA",0.863691807510203
"CHST13",0.863313426030304
"IGHMBP2",0.86315630639545
"PLA2G15",0.862928862601125
"ATF6",0.862843952495994
"KCNAB1",0.862692683951008
"GAPDHS",0.862628980796991
"APOBEC3B",0.862562869818951
"LTBP3",0.862543189109579
"TEX261",0.86226369761506
"ABI3",0.862231560576985
"EHMT1",0.862099661360227
"TMC8",0.861599746191186
"CHID1",0.861442656283182
"RGS10",0.86139775597811
"MRPL24",0.861355906883588
"LCAT",0.861260268175047
"GTF2H1",0.860874261702465
"ETNK2",0.860611008892302
"DOHH",0.859758367013276
"RGL4",0.859638232008889
"C4orf51",0.859285401717746
"AGAP9",0.858625835408925
"PLEK2",0.858601233991198
"CDC16",0.85832288274174
"LINC03016",0.858285860593062
"AKAP9",0.858012936932999
"SH2B2",0.857905124642234
"AP1S3",0.856699630905476
"NAIF1",0.856433579420633
"SAFB2",0.856262642784917
"PNN",0.856086272174838
"MGAT5",0.855691812532422
"RTN1",0.855445013272132
"PDP2",0.855437266556284
"CTBP1-AS",0.854870428435359
"INTS12",0.854835236451078
"ZNG1A",0.854802820177984
"RSPH4A",0.854513214462677
"EFCAB7",0.854485044458433
"PIGQ",0.85447912559871
"HPGD",0.854430662607531
"USP19",0.854067039673608
"ATP9A",0.854002329450831
"CCS",0.85385309803766
"LINC00174",0.852943290529164
"CD274",0.852910956349911
"UTP23",0.852768462657836
"GINS3",0.852402619681535
"FLJ42393",0.852048929140427
"SRGAP2C",0.851807226183564
"ALDH16A1",0.851168349581443
"PPAN-P2RY11",0.85092514346255
"PIDD1",0.850573493468233
"GATA1",0.850513892438064
"RER1",0.849736938054998
"TFR2",0.849656659511082
"RAB37",0.849095837975533
"ZNF469",0.849049422518611
"ABCA2",0.849006332746188
"ACOXL",0.848280943138334
"MOB2",0.848078825619739
"PRELID1",0.847792104978325
"ALS2",0.847512463623026
"MC1R",0.84739588873872
"ASB1",0.847365130577557
"SULT1A3",0.847091821391611
"TGFB3",0.847022042459261
"TWF2-DT",0.847009003826314
"ATP2C2",0.846914949919593
"TBL2",0.846298249360081
"RNASEL",0.846219746185726
"FFAR3",0.846178145554618
"GRIN2C",0.846044788911585
"ALAD",0.845557193683296
"RFXANK",0.845508137741143
"BCORP1",0.845202554454995
"GYPE",0.845182413791268
"PKD1P6-NPIPP1",0.8449302308958
"IFI16",0.844861093282686
"BCAT2",0.844766584319426
"ST6GALNAC2",0.844276471633218
"MMRN1",0.843789700124804
"FGF7P3",0.843445902650097
"EIF2B4",0.843354985561703
"PPIL2",0.842693284847397
"LINC01988",0.842648820305847
"PEA15",0.842645286097962
"NUP93",0.842420066662563
"USP42",0.842321207732288
"RPS12",0.842253002588401
"GMEB1",0.842215287820605
"SCD",0.841938821014132
"ASB16-AS1",0.841637216704803
"ELOF1",0.841452731050427
"PTPRA",0.841215607466894
"TBX21",0.841022172505502
"FBXW4",0.840892146311038
"PMEPA1",0.840872419411562
"LLGL2",0.840158447371936
"POM121",0.83990092762389
"SPTB",0.839763260474234
"TMEM123",0.839729480750971
"DNPEP",0.8396368991485
"TTC9",0.839332199637263
"SNX29",0.839191967139028
"NUDT22",0.83911650142644
"ASAP1-IT2",0.838894758735985
"FFAR2",0.83871584180999
"GFI1B",0.838376341920211
"VRK1",0.838260151069682
"RCCD1",0.837945220933669
"SCRIB",0.837920746294579
"ING4",0.837863950772217
"HCP5",0.837652508515569
"LY75",0.837646299656106
"ENO2",0.837634003150588
"PKN3",0.837281629386185
"GBP3",0.836930796337202
"MT2A",0.836833851360553
"ATG2B",0.836396355275571
"SUPV3L1",0.835998630381027
"MYBBP1A",0.83592106940002
"PARP11",0.835724267602812
"XPNPEP2",0.835654811913204
"ZNF433",0.83563825068034
"LDB1",0.835590445236313
"SPNS2",0.835473709376688
"SYCP3",0.835176395815781
"ADCK5",0.835042526242977
"PABIR2",0.834703371471461
"LINC00861",0.834690156483858
"SDCBP2",0.834666335929887
"ANXA3",0.834258194820206
"PYGO2",0.83394853805599
"CEPT1",0.83390960886297
"KATNAL2",0.833909126611277
"SMPD4",0.833043099336481
"B4GALT4",0.832977197922438
"KEAP1",0.832809940283464
"GFUS",0.831984032295685
"AP2A2",0.831929593903562
"IL1RL1",0.831160535117575
"ANKRD24",0.831088186997156
"AHSP",0.830826674996454
"MCRS1",0.830646425048062
"PJA1",0.830493379632875
"TLCD4",0.830489793499757
"YIPF2",0.830389400008866
"DDIT4",0.829938225321699
"CEP250",0.829684647507272
"DNAJB12",0.828801185920639
"HEATR4",0.828762415648337
"LIX1L-AS1",0.828663785549625
"PREB",0.828647340323468
"NSRP1",0.828429328781915
"AP4M1",0.828329092942279
"PDCD6",0.828288927403403
"FNBP4",0.827435256583542
"TSPAN15",0.827177046193384
"CFAP298",0.827092319989964
"SMIM1",0.826677181703583
"GANAB",0.825245853391127
"IFFO1",0.824922632781404
"ARRDC1",0.824540590045653
"SLC43A3",0.824290509043145
"PABIR1",0.824081391270083
"TMEM129",0.823987423376401
"MICAL2",0.823895055854135
"RSF1",0.823637075467158
"H2BC18",0.823456668929863
"EMC2",0.82311824683328
"CLASP1",0.822720266658439
"SUPT16H",0.822575849452315
"RBM5",0.822470392793311
"SPPL2B",0.822438374328209
"NPIPA7",0.822338420347063
"RBBP8",0.821556089613909
"SLC1A7",0.821400169199864
"RARG",0.821205849091146
"CXCR6",0.821129815497335
"GSTM4",0.820931386546209
"C7orf50",0.820926151618427
"PIGM",0.820416397224343
"PRSS30P",0.820415297069664
"SGSM3",0.819911253061915
"OAZ1",0.819839328982273
"YES1",0.81979134263321
"MTA1",0.819328472604404
"ABCF3",0.818790538757131
"STXBP1",0.818590433689416
"NOP58",0.818257092974742
"NUDT16",0.817959660945723
"FNTB",0.817740609728238
"CAPS",0.817709033791508
"KIF13B",0.817640300295504
"NMRAL1",0.817541824541026
"SULT1A4",0.817504776258842
"TANGO2",0.817434536933081
"COA8",0.817394231537415
"STX1B",0.8163014786922
"ZMYND11",0.815493707309318
"YIPF3",0.815327792072343
"GP1BA",0.815189738008948
"GCFC2",0.814358704041709
"SUMF2",0.814020781747469
"CCER2",0.813857491075937
"ZNF18",0.813640337165882
"PPP4R3B",0.813446027680469
"YPEL4",0.813215680176444
"NKAPD1",0.812896533144463
"PEX3",0.812709552071115
"PSME3IP1",0.81264522513518
"INTS14",0.812597006512331
"MXD4",0.812533333856617
"MAN2A2",0.812271645346761
"INO80C",0.812209577982426
"METTL16",0.812116184555249
"TRIM56",0.812111298693117
"DLL1",0.811580994281335
"ELOA",0.811109704199429
"METTL13",0.810962730840115
"VCF2",0.810734400417074
"LRFN4",0.810695306714397
"GJC2",0.810324825965653
"IL17RE",0.809985422234378
"RPL5",0.809984002180346
"CYP2T1P",0.80993056046585
"ZNF570",0.809690634043688
"FKBP1B",0.809292631100444
"DYNC2I1",0.809190003039581
"PFDN1",0.808995743987141
"ACADVL",0.808871511373082
"MTMR10",0.808850710863517
"FARSA",0.808297705637775
"DUSP16",0.808064262467935
"GPATCH8",0.807948929125848
"HEXD",0.807717629512637
"FABP5",0.807660626497689
"ST6GAL1",0.806911111599581
"GPRIN1",0.806628191114925
"LAIR1",0.806525143303971
"NFKBIL1",0.806349453586814
"TMCC2",0.805529643736951
"CD2BP2",0.805128815993928
"ZMYND10",0.80498512086677
"CSTF2",0.8046882311394
"MPHOSPH8",0.804593611136408
"CAMSAP1",0.804578292144141
"GATD1",0.804056067587374
"PDE2A",0.803299185073931
"CACNA2D2",0.803151836295531
"RETREG2",0.802654793835935
"NOL11",0.801104773377617
"TENT4A",0.800594594532548
"EOMES",0.800547694434708
"SLC25A39",0.800195861687858
"CA11",0.799964386826625
"ZNF709",0.799694066736359
"PSMG1",0.799653317381581
"TBC1D10A",0.799396361597766
"CMPK2",0.799108221392868
"ZGPAT",0.799026228462089
"PRR12",0.798855092922926
"PEMT",0.79820637741887
"NUTM2A-AS1",0.797784166445597
"ZNF212",0.79777515354285
"MYBL2",0.797723099704297
"POLD4",0.797647516993057
"ZCWPW2",0.797576804134375
"KRT18",0.797464475614389
"IP6K2",0.797294335750234
"UTP3",0.797242565809475
"TMEM229B",0.796786164283925
"GIMAP2",0.79671742695113
"SOX6",0.796209393733584
"TBRG1",0.795618442623624
"ZNF512",0.795521260499567
"HIP1R",0.795340350646615
"KMT2D",0.795186278864384
"RDH16",0.795168253766149
"SAMD4A",0.794869234063251
"WDHD1",0.794855855992461
"TSPAN17",0.794494001239164
"TCTA",0.7943402560345
"TTC36-AS1",0.79421144610959
"ZFP41",0.793705428815478
"BANK1",0.792716165109949
"MRM3",0.79256848728567
"ATP6V0A2",0.792544523703747
"UTRN",0.792116346284786
"GPR25",0.792102734172335
"PRDM8",0.792065721082121
"UFSP1",0.792065553149863
"PRSS1",0.791877124541381
"NDUFV2",0.79161685005655
"SBF1",0.791380821207501
"CLEC16A",0.791184815606475
"THAP3",0.79007669859219
"TNS4",0.789866487101143
"COX20",0.789367435602012
"SLC7A1",0.788967617247629
"PTMS",0.788910564876156
"HOMEZ",0.788225531115884
"EXOSC4",0.788030080197521
"UBTF",0.787829242576394
"SNAPC3",0.787595675154291
"BCLAF3",0.787323950215555
"CLDN7",0.787225318523223
"MCM3AP-AS1",0.787154710947594
"TALAM1",0.786915561119246
"MMS19",0.786815164068148
"SLC46A3",0.786798342599338
"NAP1L3",0.786790978802935
"H2AJ",0.786608033523069
"PURA",0.786300346628504
"PAXX",0.786268704836744
"DNAJB2",0.78613653282408
"CACNA1A",0.785989405831091
"GPS1",0.784697941800491
"ITPA",0.784526257723978
"A3GALT2",0.784328931622348
"TCOF1",0.784313864117672
"ODC1",0.783090310436429
"SRI-AS1",0.782778172323393
"FAM156A",0.782469466030424
"E2F5",0.782254784609448
"CHST14",0.782167224467988
"INCA1",0.781995714134913
"CIAO3",0.781332364067197
"PPIP5K2",0.781303335520713
"SSB",0.780895433456726
"PPP2CB",0.780791311763494
"MTUS1",0.780284411908072
"TIGD6",0.779421658170166
"FN1",0.778517501691248
"PRMT5",0.778286891367829
"SGTA",0.778050861259842
"TP53RK",0.777888973833657
"GALNT10",0.777677328075255
"APBB1",0.777665072882701
"PAX5",0.777217909397294
"UFC1",0.777002762141821
"CLPTM1L",0.776968280279934
"DENND6B",0.776796293566224
"MARK3",0.776767017982197
"PAK6",0.775928959387333
"GCLC",0.775889876556801
"SENP3",0.774887558897031
"SPSB3",0.774836673763927
"PAQR8",0.774513300935239
"ZNF274",0.774475087858612
"SLC43A1",0.77396610380594
"FIRRM",0.773779171819373
"MYC",0.772933328971538
"ATP13A1",0.772881281870785
"ARHGAP27",0.772724957515822
"SDF2",0.772457760653557
"ANKH",0.772389156210883
"AAMP",0.77234122387595
"C1RL",0.772323139374574
"RXRA",0.772077943414122
"ALOX5AP",0.772076061431585
"MAML2",0.771898943106813
"PLA2G6",0.771490106862787
"GSTM1",0.770869635672633
"ITPKC",0.770757037255881
"APEH",0.770722916801164
"HACL1",0.769848415990851
"RPS6",0.769655073773028
"LUC7L",0.76871755505932
"BUD23",0.768023012511723
"POFUT2",0.767154615294543
"LINC00106",0.766286310134009
"SPN",0.766197760592421
"LUC7L3",0.766043802022786
"UBE2V2",0.766000883261588
"PBLD",0.76596856484194
"PPHLN1",0.765706582501669
"SLC37A1",0.765497375535358
"BMP2K",0.765422754858436
"GLO1",0.765250310808394
"UTP15",0.765104095592069
"KCNE3",0.764941024121312
"CCNB1IP1",0.764748793341697
"SLC17A9",0.764639007492331
"MYL9",0.764607698661158
"CNOT1",0.764540624724191
"LRRC34",0.763605209335519
"GRAP2",0.763386770351921
"MRPL44",0.763187487622814
"SIDT1",0.762637553268282
"TRIM6-TRIM34",0.762616388587369
"FBLN2",0.762532139657705
"UQCRHL",0.762509845202074
"ATPAF1",0.762482033096631
"GEMIN5",0.762189253750867
"POU5F2",0.762078176402475
"MCM5",0.761923599360291
"TMEM30B",0.76188875733578
"DOK2",0.761396737779112
"ARHGEF39",0.760982753247772
"DPY19L2P2",0.760917481357318
"FBXL9P",0.760550980847798
"KLRD1",0.760443104012977
"PIGZ",0.760283232110915
"BHLHE40",0.759176384851063
"MTFR2",0.758873847444433
"MED29",0.758747355852756
"FRMD4A",0.758583131343375
"CFAP58-DT",0.758453937859431
"LRIF1",0.758253350883867
"DDX19B",0.757505199194248
"DNAAF10",0.757457672493436
"GABBR1",0.757300972178114
"LINC02422",0.757229213478423
"EHMT2-AS1",0.757201336655372
"ZNF34",0.757103274879525
"DTD1",0.756727427032443
"KPNB1",0.756437293848737
"RABGGTA",0.756368241697267
"SETD5",0.75587218416089
"ZNF784",0.755789757259559
"NEO1",0.755250430497995
"CENPM",0.755180694408997
"FAM117A",0.754712834545295
"SERPING1",0.754310449944646
"RAB43",0.754072495502391
"YIF1A",0.75394841720616
"PRR5",0.752769998265541
"NCSTN",0.752652809525509
"TTC4",0.75179202644347
"TSEN54",0.751550588896359
"MT1E",0.751530419773492
"ADAT3",0.750781427398724
"CD79A",0.750572404420951
"SLC48A1",0.750479243275628
"FKBP8",0.750437865336373
"CLUH",0.750038674865132
"ZBTB39",0.749591147938666
"EMG1",0.749211320935929
"FAM169A",0.748986165347552
"ATP6V0E2-AS1",0.748393091585901
"PALLD",0.748297080847432
"KRBOX5",0.747108233998617
"PSIP1",0.74687413762789
"ANKRD16",0.746060577243105
"ATP5MF-PTCD1",0.745785382646159
"SRRM2",0.745459216340481
"PSKH1",0.745372610341627
"RUVBL2",0.744310977088827
"RAB33A",0.743893535143412
"ARMC1",0.743858750624228
"RNF121",0.743646521893421
"MPHOSPH10",0.743591683424829
"SNHG1",0.743453777111287
"PACS2",0.742832682359669
"PINK1",0.742320130911901
"AMACR",0.742214499848804
"SEMA4G",0.742134830550777
"TJAP1",0.741999530423798
"ARL4D",0.741771940387057
"SDR39U1",0.741628470685625
"DIP2A-IT1",0.741605708674447
"NRBP2",0.741433915110529
"DCHS1",0.741354928275739
"TMX2",0.741317313035464
"KATNB1",0.74094152801015
"SH3BP2",0.740459441749428
"NPIPA8",0.740428649149505
"FOXJ3",0.740175758747951
"NBEA",0.739936339195407
"ZNF512B",0.738817722822709
"ZNF345",0.738539976129644
"SETD4",0.738537868016667
"ANG",0.738515747539175
"AUP1",0.738249798456197
"SELENOM",0.737538598392322
"ABCB1",0.737208279092053
"SH3YL1",0.737176024388465
"TTC9C",0.736840762848024
"BBX",0.736581837619538
"C1orf50",0.736200974034264
"SH3PXD2B",0.736114552272285
"ANXA2R",0.736078017675869
"MINPP1",0.735978139088783
"NUDT1",0.735860906616017
"TCEANC",0.735826269533105
"RBM38",0.735746954245102
"DPM2",0.73525128986078
"CISD3",0.734737522456166
"METRN",0.734681175990455
"CTSW",0.73436054066838
"DOK3",0.733926011242664
"TIGD7",0.733819051573504
"TANK",0.733613872772565
"PLXNB3",0.733562947204925
"MIR4539",0.733482230661864
"FOXH1",0.732797982903615
"GNE",0.732545575238081
"CHMP5",0.73240765514379
"SNORD62B",0.73235367283385
"LCMT2",0.732344009256674
"CLHC1",0.732334878780218
"PIP5KL1",0.731852454636701
"TLR10",0.731793329651871
"PINK1-AS",0.731017929498528
"WDR27",0.730884843657935
"ZC3H8",0.730788368806405
"LINC00189",0.730744383037517
"SLC20A1",0.730698471459736
"KANSL3",0.730287437846087
"CD244",0.730237764676157
"SCAMP4",0.730210720917718
"ZNF816-ZNF321P",0.730032041204148
"ZNF551",0.729731740726718
"PAK4",0.729424126275416
"SH3BP4",0.72910206598116
"DCP1B",0.729075731677035
"ZNF747",0.728881666188685
"MAPRE3",0.728497818296778
"ZNF385C",0.728435891474945
"ZFP64",0.727314063834094
"ZC4H2",0.727194883107708
"LAS1L",0.727100215347885
"TBC1D17",0.726936355735775
"SKIL",0.726540364049814
"CASP4LP",0.726491346482893
"MSL3",0.726446018403546
"KLC4",0.726383411569778
"PDCD11",0.726367919135931
"ARMCX5",0.726342391749632
"PPP1CB-DT",0.726298734645157
"WDR25",0.726181235946108
"RXYLT1",0.725675187149592
"DDX28",0.725614929473584
"DMPK",0.725486329392152
"ZNF526",0.725413668435125
"CMTR1",0.725194163321656
"PAN2",0.724443192124057
"SETDB1",0.724371566307372
"ID3",0.723386175327781
"GEMIN2",0.723372704077423
"PGBD2",0.723216871029853
"TREML4",0.722331564325797
"C14orf119",0.722222132521983
"HMGN4",0.722201699347542
"URGCP",0.721535766387911
"DAGLA",0.721137986761166
"HARS2",0.72104044685206
"NUCB1-AS1",0.721030927109985
"ZNF846",0.720568228678906
"GET4",0.720526514252472
"GPX3",0.720389105879779
"STARD5",0.720169370049473
"SLITRK4",0.720011512110681
"DARS2",0.719766082718252
"RBM48",0.719577025836262
"EID3",0.719282360554916
"SLC35G5",0.719267418788934
"LZTFL1",0.718799105526469
"SLC2A1",0.718777856414516
"ATXN7L3B",0.718405320970878
"MTAP",0.718012138033572
"TNFRSF14",0.717788660778949
"SLAMF8",0.717567709563986
"ARHGEF9",0.716821882153148
"RPUSD4",0.716761494849976
"EMD",0.716570620061081
"DHRS3",0.7165448571877
"SYMPK",0.716278476196184
"GAB3",0.715669648667347
"GNG8",0.715625561998504
"PCGF1",0.71535252554591
"SLC39A7",0.715238466038926
"NRSN2",0.714946442695048
"ANKRD36B",0.714703248466753
"PRPF40B",0.714299710769856
"PSMD4",0.714084543639821
"MLKL",0.714017666030551
"LINC00654",0.71316220612623
"KCNQ5",0.713048052264424
"MIR4658",0.712968221031662
"NLRC5",0.712556582485213
"HLA-F",0.712503419381994
"STAT5A",0.712471019788856
"GOLGA1",0.711974974952005
"PIGW",0.711609548184444
"BSDC1",0.711492905919314
"TMEM38A",0.711369193104106
"SOCS1",0.711324641131905
"CCDC17",0.711320192753243
"CSNK1D",0.711257368587082
"MEPCE",0.711141282599887
"TSPYL1",0.711073594166471
"C14orf178",0.711034281242451
"PRR5L",0.710544103037641
"ZNF658B",0.710337365557208
"LIMS4",0.710300790312248
"SMIM20",0.710116358586293
"SSX2IP",0.710014899853534
"UBL7",0.709524964824837
"CARD6",0.709310428969752
"C2orf81",0.708954657721401
"FAM86EP",0.708708211495573
"GCNT1",0.708401980970502
"TRIM66",0.708081564198583
"MIDEAS",0.707839381906843
"UCKL1",0.707718613584133
"ARAP2",0.707470011010686
"SNAPC4",0.707355430401823
"XYLB",0.707168101679947
"ESPL1",0.707009415024642
"RAP2A",0.706795028798184
"PLAGL1",0.706714701628262
"ZNF263",0.706516734343229
"SLC22A17",0.705904056602215
"OTOF",0.705173929140705
"ABHD17C",0.7050405345298
"ZNF276",0.704614577788676
"EXOSC10",0.704438467280561
"FAM225A",0.704183273599612
"AARS2",0.704145841228451
"EIF3G",0.704085662453856
"AGRP",0.704072349466504
"TMEM217",0.70402631137801
"PRMT6",0.703934212807998
"RRM2",0.703251000666248
"ZSWIM9",0.703042895114261
"ANKDD1A",0.702887198413845
"TMEM94",0.702392832430514
"NHEJ1",0.70219486658126
"ANKRD44-IT1",0.702048303318444
"ZGLP1",0.701984978639832
"CCDC32",0.701856167643486
"KIFBP",0.701423768003362
"FCGR1BP",0.701047433752051
"MDN1",0.700960677692277
"COQ9",0.700746278770614
"LRIG1",0.700623171851155
"TNFAIP8L1",0.699645642624873
"CUEDC2",0.699473221140514
"PPCDC",0.698871038942577
"LARGE1",0.698607442262212
"MUC6",0.698006352259653
"ALG1",0.697878169324543
"TMEM39A",0.697727702606428
"EPOR",0.69770638284826
"PPAN",0.697680946363704
"RPP14",0.69752539816042
"SFSWAP",0.697396738948342
"TPST1",0.697304482166004
"EEF1AKMT4",0.697250565868875
"C10orf95-AS1",0.697010558011539
"SELENOW",0.696887367695685
"WEE2-AS1",0.69673955465254
"SAP25",0.696388089404181
"SAFB",0.696343040623037
"CFAP410",0.696308031100894
"CIB2",0.696266977899396
"MELTF",0.695613898458438
"BSCL2",0.695238247625091
"AGO2",0.694592056237069
"NSUN5P1",0.694535264460355
"CRLF3",0.694086827135948
"SUGP2",0.694071939491807
"GNA15-DT",0.693707799867532
"CD19",0.693680575251052
"SELENOH",0.69354936558723
"GLIDR",0.693489159629804
"TCAF2",0.693400610317203
"RIC3",0.693279507302241
"ADHFE1",0.693238403562144
"GPBP1L1",0.692833210672975
"ZER1",0.692821224287538
"CYCS",0.692774998855792
"SERF2",0.692628377253693
"FBXO6",0.692574551682275
"C14orf28",0.692451332208974
"TSTD2",0.692334723849355
"BOK",0.692299180033322
"ZNF337",0.692266751507695
"MKNK1",0.692184562689016
"ZNF138",0.692050900939657
"DUSP14",0.691932198286801
"CENPT",0.691798414442812
"CIR1",0.691509767766836
"GIMAP8",0.690700758214021
"USP6",0.690249800043101
"ZFTRAF1",0.689743177263263
"DNHD1",0.689550661571236
"GSK3A",0.689386127122471
"ATP5IF1",0.689219810304918
"SGCB",0.688798829733215
"PSMB8",0.688460384407401
"RPL36",0.688343984245428
"NEK4",0.68825011291103
"CALHM2",0.688155465176442
"VIT",0.68809957891177
"CDK18",0.687976944612356
"GTF3C2",0.687743240276202
"KALRN",0.687580591442274
"MIR4750",0.687035299594177
"IFRD2",0.686493959834587
"DNMT3A",0.686246866178708
"SEC14L4",0.686205117429285
"FANCD2",0.686139173450134
"RFTN1",0.685947409623771
"DMAP1",0.685940455460912
"SHISA5",0.685718074950625
"MATN1-AS1",0.685228018228384
"HCCS",0.685110135729839
"MLLT6",0.68490188960155
"NEK9",0.684755201524445
"MIF",0.684046653123425
"PDE8B",0.683555230070651
"GBA1",0.683545452283611
"RGPD1",0.683506931843875
"STAC3",0.683221470400208
"UBALD1",0.683133306046515
"RNFT1",0.683041657683128
"CMAS",0.683010895763523
"NRIP1",0.682873961763738
"CCDC124",0.682728105124268
"SELENBP1",0.682341259767261
"MVD",0.682293028405009
"ALG1L9P",0.682077011909169
"NUMA1",0.681930067421016
"P3H1",0.681625811599879
"KCNMB1",0.681595249610041
"GFOD1",0.680989900400471
"IRAK4",0.680802020337565
"BUD31",0.680495633667996
"PLA2G4A",0.68043833595423
"SLC6A8",0.680220972800492
"PM20D1",0.680057909531955
"PSMD14",0.680053415590719
"SWAP70",0.679884659817268
"BCL2L12",0.679631968641682
"MIER2",0.679288018664084
"TP73",0.679198126932596
"PIAS4",0.679126557825537
"STK32C",0.67910698327077
"DMTN",0.679037706099565
"CORO1B",0.679035087996131
"COX6B1",0.678907836587941
"CDC42BPA",0.678772467494148
"NAT10",0.678630612756761
"PDCD10",0.678477001649992
"NSMCE1",0.678425334170897
"MT-TS1",0.67840813196444
"MICB",0.678167642792058
"DAPP1",0.678095400622999
"ANKMY1",0.677878842766357
"FTL",0.677842264930878
"C8orf76",0.67783732924272
"ZNF275",0.677739648343302
"FLT1",0.677435241337993
"NPR2",0.677406132758161
"RNF4",0.677241746992863
"RTN2",0.677095572411359
"TOX",0.676598583709521
"GTPBP2",0.67649479356494
"MLX",0.676307240626697
"KIAA1958",0.676112393212414
"BST2",0.675909587537346
"LMNB1",0.675753081076902
"LINC02772",0.675594134925449
"TREX2",0.675548626463186
"MTFR1L",0.675527171469516
"NATD1",0.675169651062583
"ACBD4",0.675098250499289
"ZNF253",0.675009804142058
"PROC",0.674965033620188
"SLC25A18",0.674711235651906
"ATP13A4",0.673728498527751
"FCGBP",0.673698569467247
"ARHGAP4",0.673683704363546
"MRPL4",0.673449731300521
"ZEB2",0.672779980836998
"NDC80",0.672736655410758
"PRR5-ARHGAP8",0.672435294503627
"DGCR8",0.672202258875942
"NKX3-1",0.67200048709606
"RAB9A",0.671985949010664
"YLPM1",0.671952882921042
"SPECC1L",0.671713339229884
"GFI1",0.67143518717624
"UGT8",0.671355096996884
"DUS1L",0.671225568848688
"BRD3",0.67119219690445
"PRSS23",0.671180910473232
"C13orf46",0.671108429306884
"SCYL3",0.670813559798981
"RNF44",0.67066425054097
"C2CD2",0.670112753371394
"PLIN4",0.669981880402809
"LEF1",0.669928593752248
"FN3K",0.669836267893684
"LPCAT1",0.669783455550604
"ZMIZ1",0.669590570383738
"ALAS1",0.669257940392651
"ZHX1",0.669225223667206
"CDCA5",0.66898061340789
"HMGN5",0.668724799315502
"NPIPB12",0.667280840956442
"MBP",0.667065183238657
"RAB19",0.666703230649827
"FNIP2",0.666698677547743
"ZNF589",0.666504163201653
"ADAMTS1",0.666462713250624
"LINC02481",0.66639380426384
"BICD2",0.666334278125106
"FIP1L1",0.665779286262177
"GNPTG",0.665630251880018
"ZNF547",0.665509501440159
"ZNF573",0.66540140624878
"ZNF280C",0.665374086731456
"TSPAN5",0.665238156195665
"SASS6",0.665231147441692
"ABCA3",0.665162481287121
"AGAP6",0.664914372487927
"QSOX1",0.664857378121043
"ECSIT",0.66475927719282
"AAAS",0.664685151984804
"CCZ1B",0.664672445655056
"POLDIP3",0.664535118937213
"MIR223",0.664470406133907
"YJU2",0.664344547143474
"TAGLN",0.664056679617746
"CRADD",0.663709485392116
"CIC",0.663625728344347
"ZWILCH",0.663537061164856
"RAD50",0.663496968567056
"PRAF2",0.662533953298489
"CNFN",0.662488804988619
"PKNOX1",0.662217968659977
"RUNX1",0.662117816078468
"MIR1184-1",0.661646578275525
"STX18",0.661392527597197
"AVPI1",0.66103147946583
"ANKRD36BP2",0.660928584909293
"VANGL1",0.660916083500256
"TMEM9",0.66080301110257
"APOL4",0.659855838286011
"EBAG9",0.6597922158659
"CATSPER2",0.659603732930071
"UNK",0.659549593013557
"NUP35",0.659123827193871
"SLC25A11",0.659066370300324
"MAP3K4",0.658579241003003
"TMEM42",0.658543227529789
"OBI1-AS1",0.658509804421115
"VAMP1",0.658335068224474
"DNASE1L2",0.658073085927237
"ZNF441",0.657984291468757
"PIGB",0.657642064823737
"TRIM65",0.657463104699404
"EFCAB11",0.657428736835715
"GIPC3",0.657396494042033
"AKT2",0.657385328710558
"SNCA",0.657312718601007
"CRELD1",0.657171152085513
"CWC27",0.656979934897398
"USP36",0.655937045081493
"B3GALT9",0.655743160704839
"TRAPPC5",0.655647553312729
"ZNF675",0.655347877754866
"SMG5",0.655270611212802
"UTP20",0.655231011707324
"FGFBP3",0.654917750842838
"C1orf159",0.65461139124392
"PTPN23",0.654532522960594
"DEFA4",0.654368448426797
"KIZ",0.654315027110203
"GMPPB",0.653972345215261
"TRUB1",0.653863889100888
"STK35",0.653810135021583
"NEPRO",0.653737461889117
"POLR3D",0.653427793771123
"FLOT2",0.65329070632411
"B4GALT3",0.653120006384629
"CDK20",0.65304460309606
"PRICKLE4",0.652561708492631
"BCDIN3D-AS1",0.65225649291412
"SPX",0.652090426856734
"TRAF3IP3",0.652066894173083
"FIGNL2",0.651874055945365
"DNAAF11",0.651693366693783
"FAM13B",0.651202918662004
"CLNK",0.651106669647617
"BTF3",0.651050790619674
"VPS72",0.650992192180924
"FBXW8",0.650806291234431
"COX6A1",0.650751602571383
"ANKRD40",0.650675238689218
"RBM7",0.650527721879401
"DRICH1",0.650346264500229
"APOBEC3C",0.650228213636218
"COX15",0.649801142735625
"RSC1A1",0.649789995671812
"BRD4",0.649587740429241
"SPSB1",0.649576288897071
"FLVCR2",0.64855031194375
"TP63",0.648389714511001
"ENTPD5",0.648192838107238
"SNORA67",0.648013221707683
"HGS",0.647902070056039
"TEN1-CDK3",0.647826110690237
"ZSCAN32",0.647360102450708
"CTNNBL1",0.647023200031256
"DTL",0.646811653615265
"AP5S1",0.646588922317196
"FCGR2A",0.646578256457618
"KRT1",0.646491887436827
"TNPO3",0.646086276094828
"RHBDD2",0.645789079316634
"ENTR1",0.645572624133116
"NID2",0.645543700152856
"LINC02284",0.645534037775351
"WFS1",0.645381549063863
"NTMT1",0.645236901565807
"DCAF6",0.64515347933651
"CTU1",0.645007087625915
"ADAMTS17",0.644738985833031
"EML2",0.644624662667405
"DSC1",0.644517010516374
"MAGEE1",0.644509266175329
"C2orf92",0.644266614306026
"VPS53",0.644207492257657
"TRANK1",0.64414060871644
"BABAM1",0.644139274178538
"ICAM2",0.644125678599552
"SLFNL1",0.644118725396087
"ATG16L2",0.643551196750939
"AURKB",0.643188219519528
"CIAPIN1",0.643047365814534
"ITM2A",0.642362921286074
"PHB1",0.642264667316526
"PLK1",0.642159136318902
"ZNF347",0.642016730137605
"RIPOR1",0.641947847392077
"UBA5",0.641685759514353
"PLEKHN1",0.64160451115667
"QPCTL",0.640791547717805
"RPS6KL1",0.640596324709023
"PHKG1",0.640555433862535
"BCL9",0.640466436334084
"MRPL21",0.640451120987405
"ACOX3",0.640223996441038
"TRAPPC6A",0.640100444101872
"CABLES2",0.64009296204203
"LENG1",0.639879989077455
"CCL3",0.639646133403899
"ITGAL",0.639570221466747
"MED15",0.639505564964976
"TK1",0.639435865622768
"H2AC18",0.63930944827436
"AGMAT",0.639253950357044
"RHBDD3",0.639194833785471
"PDZD7",0.639093125763041
"MARCO",0.638967849722941
"POLH",0.638917968955425
"TRIM22",0.638850425656626
"SYT15",0.638829863317435
"COX19",0.638576265394452
"ZSCAN22",0.638469416531225
"FAM193A",0.638170362243378
"OBSCN",0.638076507014854
"NPC1",0.638058001809828
"HNRNPAB",0.638024599353768
"BAG6",0.638024111220843
"BEGAIN",0.637835677157488
"CHAF1A",0.63774384401246
"ADAM20",0.637311230779708
"APTR",0.637230893152568
"SZRD1",0.63714482146156
"RNF123",0.637071524470887
"DHRS13",0.636988805604325
"PNPLA7",0.636972979508196
"CEP70",0.636558226583145
"HAGH",0.636511672281595
"MTA3",0.636471169739153
"PRTN3",0.635865006384671
"PRXL2B",0.635669936243561
"COIL",0.635668747408366
"HGF",0.635453411573233
"SRSF7",0.635179376462186
"KARS1",0.635112551629326
"MAP3K6",0.634817417436904
"UBE2E3",0.634435317420756
"ALG9",0.63435306089603
"TSHZ1",0.634087528058955
"LTBP2",0.633427400145281
"ZNF773",0.633361736339982
"TRIP10",0.633131074391916
"MRAS",0.632780145215187
"ANAPC1P2",0.632653073371191
"TAF2",0.632331683369207
"EXOSC7",0.632303138093126
"NMNAT1",0.632204872079595
"SPEG",0.632196889335295
"ST3GAL4",0.632196141377275
"TCP1",0.632152267696079
"APOBEC2",0.63211289450814
"ZNF646",0.632017160298111
"CD99L2",0.631824222936848
"ZNF738",0.631730362756095
"NXT1",0.631705325155095
"PKD2",0.631205045096024
"UTP14A",0.631198275897375
"ALG3",0.631071215138823
"FAN1",0.630767193949083
"UNG",0.630753635508483
"MFN1",0.630261300989455
"ZNF583",0.629866097504163
"RNF213",0.629814948462051
"CTBP2",0.629792642515258
"TCEANC2",0.629743964815147
"TMEM106A",0.629529459188839
"MIR1181",0.628883650689614
"DCAF5",0.628793177517348
"TMOD1",0.628612606642246
"PCGF2",0.62826402809083
"DICER1-AS1",0.627675009148346
"BRD10",0.627140205560551
"BRAP",0.627043483994456
"LINC00987",0.627042210159655
"ATP5MF",0.627038085741492
"PIWIL4-AS1",0.627001950260054
"ZFP36L1",0.626988066406827
"CLEC5A",0.626926985522271
"FIS1",0.626733172210689
"CSF1R",0.626629709526514
"PAXIP1",0.626416092553813
"NDUFS8",0.626204879367101
"KCTD7",0.626158230884916
"NDUFAF2",0.626063196211016
"DDX27",0.625287259003227
"EPHB1",0.625279193514651
"KDF1",0.625100013209753
"KLK1",0.624896747894336
"SOX13",0.624635170684414
"RSKR",0.624606125567548
"UBE3C",0.62396950580834
"CSPP1",0.623876079052155
"MS4A4A",0.623605962419464
"MTERF4",0.623410890944457
"CBX1",0.623282647554287
"MRPL20-AS1",0.623239418031484
"CENPN",0.622998595459841
"SMG8",0.622958201569195
"PML",0.622834015325355
"CTIF",0.622429664970466
"UROD",0.622359928735729
"C10orf143",0.62205755907731
"ZNF180",0.622032221953143
"H2BC9",0.621911300690461
"SLC22A16",0.621620102219201
"C11orf58",0.621297538841013
"PAPSS1",0.621290780073066
"CDK16",0.621220127812781
"MIF4GD-DT",0.620654895052106
"OSBPL10",0.620592956505818
"TRIM17",0.620564645894817
"NRP2",0.620547972608367
"ABCB8",0.620389875322201
"CEP95",0.620267845673315
"NEXN",0.620085417606079
"CEP104",0.619993179149181
"MAGED4B",0.619766003932864
"GLYCTK",0.619494357559158
"HEMGN",0.619404005353611
"H2AC19",0.618988258884457
"N6AMT1",0.618913670525861
"PGGHG",0.618874986040138
"IL16",0.618873065568975
"MAP4K5",0.618707219577848
"ZNF41",0.61801392214143
"RDH13",0.617503980880069
"SMPD4BP",0.617487378483267
"COX11",0.617478882168066
"ATP2A3",0.617211555300271
"TIGD3",0.617027730435407
"GUK1",0.616993979011875
"ZNF528",0.61698412707419
"RPS11",0.61695970244516
"IL27RA",0.616395985791795
"UCKL1-AS1",0.615748703921941
"HTD2",0.615703068981856
"SLC25A37",0.6156790331913
"CD79B",0.61539810662654
"ID2",0.615122749560212
"ZNF470",0.614988148623465
"IRF9",0.614978993953681
"PWP2",0.614809400394823
"EXOSC9",0.614807861271423
"QTRT2",0.614798218405038
"SHCBP1",0.61474399776514
"MICB-DT",0.614369436282418
"ERC1",0.614306490038121
"LMNTD2",0.614206276445493
"PTCD1",0.614015110885654
"HTRA2",0.613859988332266
"ZNF252P-AS1",0.613511349304956
"NDC1",0.613208744775161
"HM13",0.613129707527315
"OR2T8",0.612745142588559
"CHRNG",0.612540099435394
"NR4A1",0.612221155189043
"SCARF2",0.611922387140667
"HEATR3",0.611309100574888
"DCAF8",0.611176400103219
"ZNF350",0.611084082183458
"ENHO",0.610876094368798
"CRTAM",0.610812978941474
"AIRIM",0.610547813753973
"NDUFV1",0.610464645796925
"PITPNM2",0.610312684272642
"FECH",0.609524417649741
"PPIEL",0.609496335456841
"RGPD2",0.609489583229962
"ABCB10",0.609484405847485
"IL7R",0.609403767826981
"MAML1",0.608894165959906
"CYB561D2",0.60875159124551
"TMEM134",0.608553232044547
"PTGFRN",0.607423909490729
"PAFAH2",0.606624206818277
"ZNF408",0.606378171245187
"TUFM",0.606133786204535
"TIMM17A",0.605988071514602
"C11orf98",0.60582339089072
"ENDOD1",0.605525389507226
"ZDHHC11",0.605443538811894
"RAE1",0.605392146938452
"MAPK7",0.605255045592769
"SYN3",0.605230310174389
"SMARCC2",0.605224032074993
"WDR97",0.605171924769895
"RNF139-DT",0.604940387838858
"DHX16",0.60476024285578
"HDAC5",0.604729985568044
"BOLA3",0.604669236119791
"ARHGEF1",0.604637745923168
"ZNF771",0.604505637124528
"XIST",0.60415403568166
"PABPC3",0.604047987111381
"KIFC3",0.603896061017365
"ZNF8-ERVK3-1",0.603791697752761
"ERMAP",0.603725905852122
"ABTB1",0.603229334275363
"ADGRB2",0.603167888721311
"LZTR1",0.603142996160013
"ZFTA",0.603078025821436
"TNFRSF6B",0.602937432960789
"ADCK1",0.602928262103411
"ENY2",0.602809233461252
"UCN",0.602439689499166
"RIN2",0.60217263953866
"ZBED5-AS1",0.602010680943269
"SH3GL1",0.601749461825456
"ASCC2",0.60166151202811
"ANO7",0.601639774124575
"LYL1",0.601558361002886
"RNF14",0.601269040030176
"PLAAT4",0.601118426024944
"UBE2O",0.60079910106184
"ACTR5",0.600776167430992
"PRKRIP1",0.600384457458587
"REXO2",0.600256099907242
"OLFM1",0.599856194224651
"PCSK6",0.599516826046859
"UEVLD",0.599489928229047
"WBP2",0.59948267288254
"JAM3",0.598813020080348
"FAM72C",0.598070216925518
"NTAN1",0.597747810497863
"RNF167",0.597658847039759
"HYI",0.597568091082501
"SLC29A2",0.597527249435257
"RNF135",0.597409812454878
"IRF3",0.597166153195336
"DVL1",0.597129296220129
"B3GNT2",0.596894843878346
"ATP8B1-AS1",0.596893613499776
"SLC13A4",0.596693700101975
"NCL",0.59652648207636
"SLC25A26",0.596280645326327
"ZFHX2",0.59622924219931
"WASF2",0.595937120310341
"FANCE",0.595676179986721
"SENCR",0.595616754007138
"NOTCH1",0.595598668934538
"TNFRSF13B",0.595433383223174
"OAS1",0.595403971418153
"MOSPD3",0.595179911071341
"PIM2",0.594912370576932
"DHCR24",0.594883283881686
"TMEM185B",0.59484120580868
"PI4K2B",0.594819822381408
"C19orf44",0.594326315411573
"PIK3R4",0.594097758816783
"ABHD15",0.593594230131888
"MSANTD4",0.59358801153775
"CD38",0.593441835515535
"EMC8",0.593329989670736
"GCNT2",0.593314919496432
"CELSR3",0.593214013095499
"ACSBG1",0.593159626138404
"ASMT",0.593157897338788
"GATM",0.593154721482321
"UPF1",0.593151251804514
"ODF2",0.592910691448718
"LINC01138",0.592821203818876
"SESN1",0.592627637164948
"SRRT",0.592618714966086
"ZNF251",0.592602871742127
"ZMIZ2",0.592500794040467
"SLFN14",0.592434811464694
"PEX14",0.592379844416342
"TAFAZZIN",0.591868154452758
"TAPT1",0.591645631097125
"NEDD1",0.591469071154135
"PRSS53",0.591274091132402
"SH2D3A",0.590672569319595
"FAAP100",0.590551130903307
"AGBL5",0.590416955180559
"CASP2",0.590219850466254
"TSPAN3",0.590123936973911
"HPS4",0.590045894738187
"CXCR1",0.589667628214473
"SLC35B2",0.588992010532512
"EDC3",0.588844535320892
"ITPK1-AS1",0.58826462423968
"SPRYD7",0.588225643050055
"FAM3A",0.587983971404029
"GCC2",0.587815708605896
"PGBD1",0.587711402165973
"PTDSS2",0.587708457425454
"CYP4V2",0.587520351921863
"GFM1",0.587398719177383
"FAF1",0.587312495237746
"ZNF154",0.587287084540528
"IDH3A",0.587194489087787
"MPO",0.587069917534936
"PPME1",0.58652050238733
"ANK1",0.58631672976095
"IMP3",0.586285488358416
"MKLN1-AS",0.586169378812862
"KLHL21",0.586117044322007
"MIEN1",0.585918258517229
"TSGA10",0.585771061871359
"PSMC5",0.58557503968371
"CC2D1A",0.585470893445987
"PDE7A",0.585391485798557
"PPP1R10",0.585360925510804
"ZNF577",0.585308356560384
"THOC5",0.584930716583362
"TPMT",0.584778199705329
"PPP5C",0.584631753140895
"PSMC3",0.584604444703213
"BCL2L2-PABPN1",0.584283092536033
"NHSL1",0.58427664339399
"FBXO40",0.584271051191171
"PRDX4",0.584206773529408
"BET1",0.584055363047434
"EEF1G",0.583874887804861
"C19orf84",0.583860994312987
"ZZEF1",0.583832308482351
"EML4",0.583540552627914
"CHTOP",0.583446705066712
"SFI1",0.583261731951393
"SARS1",0.582468774127893
"GIN1",0.582310031947171
"ZNF66",0.582286505631448
"PAX8",0.581972065986956
"DTHD1",0.581931776463021
"REEP4",0.581789335063811
"GORASP1",0.581603076986411
"SVIP",0.58130092022688
"GDI1",0.581012963214581
"SDAD1",0.58083713091583
"SP110",0.580688806658641
"SIRT3",0.580646384987487
"MIR647",0.58057729625079
"ZHX2",0.580490383261181
"MAEA",0.580139599998621
"MRPS14",0.580138231383
"ANKRD52",0.580086812935152
"JAG2",0.579520845046616
"BACH2",0.57950634654881
"BBS12",0.579241036096825
"ABTB3",0.579229483872095
"RPP25L",0.579132837658958
"PRMT9",0.579125294263268
"NTHL1",0.578974782626975
"IL3RA",0.578878948223566
"PLXNA2",0.578223099839826
"NADSYN1",0.578151996612574
"ZNF184",0.578040317344604
"ZNF142",0.577852394347643
"CCDC18",0.577632139905019
"BTN2A3P",0.577619127625655
"CDKAL1",0.577578672432851
"ADAM12",0.577566314018484
"RBAK",0.577546322743336
"PIM1",0.577508388680527
"TMEM44",0.577351314576284
"KCTD10",0.577102382674599
"TIAM2",0.577054284754509
"NECAB3",0.576897658901815
"HNRNPH3",0.576851277099624
"ABCC11",0.576680439801931
"PPP1R3B",0.576372492301831
"EOGT",0.57634637067507
"MASP2",0.575837561977345
"ZNF324B",0.575763362397763
"LMAN2",0.575657962331618
"SLC4A3",0.575583828292095
"CDKN2A",0.575539444986963
"RNF34",0.575477307637625
"BTNL8",0.575465558307679
"MBTPS2",0.575380456901009
"GTPBP1",0.574777223106205
"ZNF597",0.574370038213472
"BPGM",0.574335859087573
"ALDH4A1",0.573567636180379
"ZRANB3",0.573539359769874
"ACACB",0.573278015392165
"XNDC1N",0.573255871556591
"ORAI3",0.573216015678953
"ZNF189",0.573032758014834
"POP7",0.573005950543342
"F2RL1",0.572765626940216
"C19orf53",0.571880640047951
"AKAP17A",0.571720495787874
"TMEM214",0.571702459672879
"METTL14",0.571493832207107
"F2RL2",0.571383688663119
"ATG16L1",0.571106922361879
"STX5",0.570695711514018
"HSPA14",0.570482586472048
"CACNG6",0.569722041409071
"SETMAR",0.569284590070829
"NPIPB13",0.569171908593485
"FSD1",0.568782889825589
"SMG6",0.568515021249413
"HSDL1",0.568468259673754
"LILRB3",0.568385798661117
"USP33",0.568310314423965
"KCNJ14",0.568028289843276
"ZNF480",0.567995741107941
"TDRKH",0.567895156732398
"P2RY11",0.567744473995052
"FAM177B",0.567617087041234
"EIF2S2",0.567438275192317
"HNRNPA2B1",0.566995465022079
"OTUD7B",0.566951257726825
"MOGS",0.56676628176867
"CYLD-AS1",0.566250117971081
"ACOT1",0.566045818024397
"SPECC1",0.565847010727759
"AGFG2",0.565560294547862
"LINC00528",0.565556559151384
"ITSN2",0.565446168517077
"EMILIN1",0.565379214660932
"SMC4",0.565123192117821
"AP2A1",0.564767033470194
"SRPRA",0.564701892332906
"NIPSNAP1",0.564574149416963
"PRKCZ-AS1",0.564493367180263
"NBPF1",0.564434965045557
"TRMT10C",0.564413461551633
"REC8",0.56435901612083
"FLCN",0.564276821939969
"MMAA",0.563982540453949
"IL11RA",0.563392679465885
"VAV1",0.563166977457724
"LGALS8-AS1",0.563107981249504
"RBMXL1",0.56301173646057
"MIR3652",0.562884333611465
"IL1RAP",0.562779190202357
"KIR2DL3",0.562728801560895
"REEP6",0.562380565612012
"GOLGA8R",0.562189150280057
"RPUSD1",0.562057955229926
"NGFR",0.56197928717206
"H2AX",0.561727430492032
"PEX12",0.5615802282604
"POLR1F",0.561436590098597
"SPEN",0.561394421807495
"RAB6D",0.560027620106983
"FCSK",0.560021032546365
"UBQLN2",0.55946454813252
"TCAF1",0.559452490152398
"CSF1",0.558293402093768
"CNP",0.558050329649521
"ZNF813",0.558039778826473
"CLEC2D",0.55795835590929
"MSS51",0.557950176882676
"MYO15B",0.557909334359054
"SLC35E2B",0.557856993661261
"ZNF510",0.557699309855188
"KNL1",0.557290586586385
"GNMT",0.557261556129046
"ZNF691",0.557099306985075
"SCLT1",0.556980365203924
"TRIB2",0.556957502546489
"IDH2",0.556856088179425
"PIK3CD-AS1",0.556564947162525
"IDH3G",0.556506854569134
"ZBTB17",0.556475133167351
"WDR53",0.556140857200935
"NAGPA",0.556140633260879
"MED24",0.555974489441487
"RANGRF",0.555771394597579
"KAT6B",0.555686059456426
"MIR6800",0.555569908365537
"HAPLN3",0.555362101351918
"NME1",0.555210039091006
"ZNF416",0.555184362621661
"ZNF23",0.555118248464541
"HIBADH",0.554728736236036
"TAL1",0.554639341092062
"HOXB-AS1",0.554530218544033
"DBF4",0.554403863967408
"TRIM41",0.554306982366903
"ASL",0.553684802982659
"CORO2A",0.553653217190564
"RFX3",0.553029985853565
"CDIP1",0.552735864779331
"ATXN1L",0.552561389143487
"EVI5L",0.551976970771656
"PFDN6",0.551862095390633
"MIR6891",0.551837045941714
"GALNT4",0.551829024039559
"DNAAF1",0.551800977405102
"SH3BP5L",0.551758921231981
"RPL19",0.551606887333747
"SPATC1L",0.551263585478478
"OST4",0.551009523113054
"VIPAS39",0.550604672450436
"ZMYND8",0.550472060687951
"STEAP1B-AS1",0.550413065534412
"MED25",0.549939740716678
"SLC15A4",0.549880032313682
"CD2AP",0.549643072352819
"JADE2",0.549538832409567
"NARF-AS2",0.549145481380377
"SEZ6L",0.549100369609869
"HMOX2",0.54904455219226
"C1GALT1",0.548639501275491
"TMEM109",0.548629583984805
"CCND2-AS1",0.548461626529647
"NDUFA6",0.548214122893366
"TEDDM1",0.548136205863202
"DEFA1",0.547929375466761
"CASP1",0.547771848896784
"AEN",0.547422724282633
"ZNF346",0.547264444010571
"ADO",0.54699724708156
"ORM1",0.546802661466638
"CHRNB2",0.546781453968789
"MAMSTR",0.546710797369799
"TPM1",0.546254727502606
"MED28",0.546186151586557
"PLPP6",0.546182990635284
"DIP2A",0.545644242475287
"LMNB2",0.545525525023424
"LINC02930",0.545307447965363
"GEN1",0.545025276984975
"ZNF837",0.544930257657375
"ACOT7",0.544687450956491
"TRMT2A",0.544577670965511
"PRKRA",0.54428403193511
"ZNF146",0.544198251903175
"PLXDC1",0.543943904179881
"MIR1282",0.543717355841004
"RUNDC1",0.543415193086717
"ZNF211",0.54341295450063
"NELFB",0.542416392218611
"GGT7",0.542314123297484
"NINJ2",0.542142818647583
"TONSL",0.542135335424562
"SPIN1",0.542021558318735
"MRI1",0.542021431026935
"UPK3B",0.541928012753007
"SNX15",0.541923849773179
"ARHGAP27P1-BPTFP1-KPNA2P3",0.541920358246285
"DDR1",0.541639279444738
"ADCY7",0.541608693155725
"RNA5-8SN4",0.541606819926111
"PTMA",0.541574373517467
"CASZ1",0.541573563850497
"PCGF5",0.541373073776664
"NUP85",0.541206480460029
"CREB3L2",0.5410234847852
"GTF3C3",0.540618221909041
"COG2",0.54034836786738
"WIPF2",0.540344240878787
"WARS1",0.540338897862176
"RNF166",0.540273234219431
"SSBP3",0.540065796681657
"MISFA",0.539974504041488
"LINC00570",0.539969872326462
"TRIP6",0.539906697839491
"GRAMD1A",0.539671701635039
"SAP30BP",0.539581080789434
"CCND2",0.539500523653078
"UBB",0.539431974385399
"PYCR3",0.539287458722949
"NFATC1",0.539203399273281
"CIMAP1B",0.538636313831628
"SHPK",0.538316541078832
"PSMB8-AS1",0.53825847979648
"FGD2",0.537910917406904
"CST7",0.537856328328208
"VLDLR",0.537856092673501
"CDHR1",0.537790600739535
"SAMD9L",0.537388077616126
"EPG5",0.537038800588202
"NUP43",0.536908086077404
"CTPS1",0.536801290045472
"RRP1B",0.536042758894631
"TSSC4",0.535101896264709
"CTSB",0.53508714242075
"ORC4",0.534986900461069
"TMEM18-DT",0.534417640565258
"TMLHE-AS1",0.534408728988202
"MYCL-AS1",0.534019897404858
"C16orf86",0.533854015865916
"GRAMD2B",0.533847000550551
"TUBA3D",0.533679507042639
"RRAGA",0.533660118942918
"SUSD6",0.533650403183258
"ARAF",0.533641112411355
"TRMT10A",0.533490450759805
"FUBP3",0.532953203596079
"DHRS12",0.53273031817456
"RASSF7",0.532058368820629
"HIC1",0.532049178415182
"FERRY3",0.531831292089777
"FASN",0.531717283853701
"FOXP1-AS1",0.531703887719676
"SLC4A1",0.531584632009907
"SIGLEC10",0.530825733472204
"APOL3",0.530779134154706
"TNFAIP6",0.530725899074234
"WARS2-AS1",0.530502945100266
"SHMT1",0.530395423189076
"MAGED4",0.530374154473289
"C4orf3",0.530243156318844
"GNA12",0.529975569326771
"TUBB",0.529657960017933
"DEFA1B",0.529402107236695
"ACSL6",0.529295917975079
"CACTIN-AS1",0.529281235818726
"KDM1A",0.529232496360093
"GUSBP3",0.529200145882956
"NUP54",0.529172163774218
"SSR4",0.529010921116132
"ABHD3",0.528859130053037
"AMIGO3",0.528599956974239
"TGFB1I1",0.528432928685342
"DMWD",0.528417499372532
"ZXDC",0.528285393875716
"PFKFB3",0.528212312637416
"NT5C3B",0.528008669798964
"RCC2",0.527847277161851
"TBC1D25",0.527723532306132
"GRINA",0.527631640533907
"ERAL1",0.527516446897189
"SNRPD3",0.527369899405868
"PRKAB2",0.527117045183264
"SIRT6",0.527077879522059
"FBXL15",0.52689463500818
"CD81",0.526444495215615
"ACSF2",0.526412120578444
"SLC38A4-AS1",0.526241169525973
"MAGEF1",0.526197414890063
"WDR86",0.52617864436671
"ZNF365",0.526145691036236
"RNF6",0.52582297120797
"POLR1C",0.525624380702119
"KPNA6",0.525426453794232
"HCG25",0.524886465676961
"CHERP",0.524801074972281
"CEP85",0.52465782520727
"CLEC18C",0.524456792302853
"CXorf65",0.52396869692839
"POLRMT",0.523804647112942
"MRPS31",0.523661637395582
"ZHX1-C8orf76",0.52344294872175
"EFHB",0.523035204304373
"PIAS2",0.52301891282533
"PIP5K1B",0.52236939727433
"PLA2G4C",0.522217083864379
"WDR6",0.52215288385514
"DIS3L2",0.522003363044389
"TMEM115",0.521933915347566
"NDUFA2",0.521837696749364
"CYTH4",0.521747802607673
"YKT6",0.521465830174115
"TYSND1",0.521024405594385
"PKD1",0.521015482501726
"LSM14B",0.52090090097568
"MARCHF9",0.520794724674813
"A1BG",0.520509539954483
"CCDC61",0.519988131857648
"CDK2AP2",0.51995383105328
"THAP7",0.519753956880723
"PPIP5K1",0.519526245714588
"TRAP1",0.519514475350701
"NEAT1",0.519298295653066
"SMIM5",0.519124640397203
"CYB5R3",0.518628120259851
"GOLGA8B",0.518061892775422
"C1RL-AS1",0.51796295180323
"TPGS2",0.51766762171755
"GPR107",0.517590889503834
"LMOD1",0.51708445388082
"PRX",0.516590516127834
"TMEM234",0.516575714670082
"EXOC6",0.5162316199448
"WDR59",0.515785484845692
"PPP1R16A",0.515659542906182
"POLDIP2",0.515498423547689
"FXR1",0.515477117670296
"CACFD1",0.514913051296776
"THOC1",0.514895732188251
"CCDC34",0.514707422684932
"OAS3",0.514277908402065
"SLU7",0.514241124218248
"EXTL2",0.51397524722432
"LINC02908",0.513511955432921
"PMM1",0.513189457320838
"RPS3",0.513047639702152
"UBE2Q1",0.512972960477815
"TRPM6",0.512937951226759
"NPIPA3",0.512405372673231
"C1orf43",0.51222003579235
"TXNRD2",0.512145053859067
"GPR19",0.512016710536785
"NCAPD2",0.511804870333056
"LRIG2",0.511718740562218
"DPP9-AS1",0.511701220038905
"ZDHHC24",0.511637081999577
"TEX10",0.511402070289016
"ZNF689",0.511379898722846
"TADA3",0.51137283978249
"RPS8",0.51136781428236
"FAM223A",0.511287760315922
"TBC1D3L",0.510949228486476
"STK36",0.510890982379407
"CDK5R1",0.510454625932342
"TNKS",0.510391146022935
"TGFBR3",0.510335908834037
"VAV2",0.510319703348728
"COL6A2",0.51025305549221
"LRRC56",0.510133797721319
"NID1",0.509928107335395
"CHD1-DT",0.50954237692521
"PXYLP1",0.509451252052319
"NANS",0.508917284121704
"FANCM",0.508612163806549
"CXCR2",0.508523241636581
"DHX34",0.508421099262914
"LRRC45",0.508291370528841
"MED26",0.508275960027859
"CLK3",0.508144831151471
"IFI6",0.507366453922222
"RALGAPB",0.506989581061464
"MTLN",0.506537552615871
"ATF2",0.506337950842705
"TBC1D10C",0.506133277978466
"HCAR3",0.505878103958767
"PI4KB",0.505465434088965
"PIH1D1",0.505276938459434
"ICE1",0.504946010074699
"SYNGAP1",0.504841229406287
"MTMR1",0.504457510379906
"UBXN1",0.504337247281253
"GZMH",0.503411984911277
"MSANTD1",0.503395955286507
"FAM149B1",0.503222051760411
"PPWD1",0.503114219349744
"SRM",0.502830737558972
"ATP6V0C",0.502560532257978
"HECTD4",0.502286153156704
"PRDX2",0.502202421972832
"SCML4",0.502126634576554
"PATZ1",0.501972928842962
"UNC5A",0.501948880463344
"EEF2KMT",0.501914600609901
"OGA",0.501875723928283
"ACADS",0.501402802990282
"POLR2A",0.50116441262645
"APOL1",0.501100094234836
"CCDC88C",0.501064988625398
"RNF32",0.501000617619962
"NDUFS3",0.500971991279255
"TELO2",0.500567267528325
"SDE2",0.500225553936663
"MIR3918",0.499708410005378
"CEACAM1",0.499535805490704
"STOML2",0.499385332166582
"KCTD5",0.499370703480632
"NOC4L",0.499129734287989
"AGAP4",0.499028025720751
"FABP3",0.498808499802132
"YPEL3",0.498683809064886
"NDFIP2",0.49857873199099
"KDM5D",0.498494899063114
"UBAP1",0.498464950387938
"SATL1",0.497771021986658
"PRKACB",0.497676974043856
"TCF25",0.49739114315676
"ZNF529-AS1",0.497348789961961
"PDE8A",0.497299396023748
"TRIM38",0.497197596523167
"RAB11FIP3",0.49700528522677
"HCFC1",0.496980098886439
"MAU2",0.49680501708935
"CDC20",0.496684939082351
"H4C4",0.496633168872555
"CASTOR1",0.496479266708151
"NAPA",0.496239095738735
"PSD",0.495764194433062
"MCTP2",0.495719728956979
"BRPF1",0.495601440885452
"JAKMIP1",0.49554718995719
"SLC27A5",0.495522995724755
"LINC00847",0.4953830553329
"RAB35",0.495283623780793
"NAA60",0.495277940277615
"LRP5",0.495151428308786
"TRPS1",0.494882070524816
"IFT43",0.49462172507281
"C8orf33",0.494406425889557
"NME7",0.494228825104274
"PRICKLE1",0.494056408897189
"LILRB2",0.493834541135365
"TBC1D22A-AS1",0.493705927294234
"GORASP2",0.493655536045708
"FAM118B",0.493635816416847
"SENP2",0.493628788087648
"MMEL1",0.493482289705176
"DZIP3",0.493243381313954
"ZBTB49",0.493077620056012
"PTPN2",0.493046461428445
"ZFYVE21",0.492752434812713
"NKAPL",0.492643186604168
"IER3",0.492486251601189
"AMOTL1",0.492427309868364
"TLCD2",0.492396562668048
"YIPF1",0.491977345891713
"TRMT5",0.491918239234874
"BLOC1S4",0.491419643478029
"C1QC",0.491267857722093
"STRADB",0.49118209193156
"LENG8-AS1",0.490911309737104
"CD22",0.490842485655256
"PPP1R7",0.490842111366631
"LGALSL",0.490207584288606
"ZNF16",0.490131191038748
"RGL2",0.49006340025411
"STPG1",0.490048629657501
"CDC42EP4",0.489839165103038
"ADIPOR2",0.489639295799621
"NFU1",0.48955231606897
"POU2F2",0.489472131949542
"RNF10",0.489325684644534
"SPATA2",0.489281227881007
"SRSF2",0.489206724878761
"B3GALT2",0.488863887146645
"IRAG1",0.488830761394124
"UPF3A",0.488514681288021
"BPHL",0.487908985148482
"HLA-F-AS1",0.487886550990226
"PFDN5",0.487727152220282
"NDST2",0.487531653230551
"IK",0.487493184022359
"AKAP5",0.487462729110342
"CDK5RAP2",0.487349828070442
"CD160",0.487349503394
"METAP2",0.487063113162415
"PMS2P3",0.486339086676718
"ARHGEF10",0.485996221097354
"RAN",0.48576816004255
"SQLE",0.485730648297718
"WBP11",0.485593433662642
"LTBR",0.485301344303046
"FAM209A",0.485156137583687
"CHST12",0.485024928596029
"PRR22",0.484972251672718
"NOP56",0.484789412122602
"FAM200B",0.48472677000097
"RAP1GAP2",0.484696101862954
"RPS5",0.484330284279595
"TIMM8A",0.484326655547066
"HMG20A",0.484251589994585
"LEPR",0.484117594619007
"ZBTB40",0.484073748945309
"GTSF1",0.483950509441742
"CWF19L1",0.483859421920243
"UBE2M",0.48366101861456
"ZNF227",0.483638647233937
"SPDYE18",0.483627660071082
"SMARCD1",0.483539553494639
"GSTK1",0.483460016802884
"TPR",0.483368880249596
"NAA30",0.483199940590698
"CNOT2",0.483142409077529
"SLC38A7",0.483079875328248
"TARS2",0.482952293404974
"TMCO6",0.482913506683207
"PRRT4",0.48282079127435
"WDR62",0.482757622461641
"SNX22",0.482505422337116
"MIR4257",0.4823273961384
"SAPCD1",0.482243172144508
"CDC40",0.482154655757116
"CASP9",0.48210698040854
"DDX39B",0.481774231731658
"RPL13A",0.481624813967662
"PCED1B",0.480776065245748
"MUC5B",0.480549036966195
"PRDM5",0.480544466485013
"STAT3",0.480497546144443
"PPP6R1",0.480421894718415
"NCAM1",0.480378077059395
"MCMDC2",0.480259072968671
"SRSF11",0.480207267660526
"C6orf62",0.480167733884043
"GUCY1B1",0.480034971769878
"SMPDL3A",0.479742344911963
"ZNF337-AS1",0.479725762153618
"CNTRL",0.479611171085802
"PRXL2A",0.479515128009884
"FDXACB1",0.479507742529554
"ZNF200",0.47901643363873
"PSAT1",0.478996632664566
"MEAF6",0.47883603058077
"MCOLN1",0.478668358177289
"ZBTB24",0.478666733891241
"URB2",0.478618459340007
"ANGEL1",0.47859231091422
"NLK",0.478532910201696
"LSS",0.478485928556929
"TEF",0.478374114719202
"NMI",0.478201276948517
"SNORD89",0.478190800385884
"SENP1",0.478168145990082
"ZSCAN9",0.477795023459473
"FUT10",0.477790102984093
"AOC3",0.477745987366635
"OPA3",0.477671976127765
"ABCE1",0.477417075070876
"NSUN5",0.47722258446874
"RPL3",0.477146509969053
"DNAJC1",0.476987137099626
"MGLL",0.476696374170331
"YPEL1",0.476240911199986
"MTG1",0.476059250330446
"ZNF419",0.475576785493474
"ABHD10",0.475555811742059
"ANO9",0.475161660986196
"CDT1",0.47420765222543
"USP28",0.474175055049419
"ZNF174",0.47417492853619
"TMEM41A",0.47396513433384
"SBK1",0.473963943883435
"LONP1",0.473775309635564
"PPP2R2D",0.473611780475571
"DUSP10",0.473554506743278
"FBXO7",0.473404183888505
"INTS1",0.473385218045287
"SSH3",0.473282881179991
"NFIX",0.473234545870066
"TRIM25",0.472875164563723
"MARCHF2",0.472642712922913
"PSMD12",0.472536987231767
"PRADC1",0.471568220010361
"AMDHD2",0.471426791197994
"KIF24",0.471292976076648
"ZNF598",0.471103690786194
"GALE",0.471003706857156
"COMT",0.470856475682186
"PIGO",0.470629359711617
"STIMATE",0.470277626691284
"CES2",0.469799563202865
"PDXK",0.469628497367899
"PELATON",0.469547384179167
"ZBTB18",0.46945462379354
"IMPDH2",0.469110006302843
"PEX2",0.468930854746465
"H2BC12",0.468824239482454
"RNF216P1",0.468780467069201
"SEC1P",0.468732754839328
"SNX11",0.468337754473785
"ZNF287",0.467531644433329
"DUSP7",0.467302956304317
"ZNF486",0.467145757933983
"ASB16",0.467070011082786
"ZNF816",0.466844208450512
"SNHG28",0.466649603984529
"SLC35F6",0.466596968200951
"PYHIN1",0.466409662774645
"SUGP1",0.466398928924803
"AP5Z1",0.466343980594766
"LPAR1",0.466328190863618
"ENO3",0.466231661000837
"DEF6",0.466138524633685
"ATRIP",0.46592703258644
"RAB6B",0.465904511598763
"IDNK",0.465865349467307
"TTC7B",0.464715040475082
"KHNYN",0.464614100054708
"ZNF358",0.464357410892301
"ABL1",0.464345526586368
"NIT1",0.464280161391262
"DHX37",0.464140884563675
"APTX",0.464068993100548
"RBM43",0.464050933023099
"POLD1",0.463890691784737
"NRN1L",0.463880142512598
"MORN3",0.463496731103459
"ZNF582-DT",0.463160551855881
"GPAM",0.463016567147129
"CCNK",0.462442200636524
"IGFBP7-AS1",0.462417220363388
"ATP6V1E2",0.462355115337408
"MPND",0.462324102580428
"TMPPE",0.46222395768771
"CHKB-DT",0.462200111344622
"ARHGEF12",0.462174838268209
"UFL1",0.46185875352279
"HASPIN",0.461696730113124
"TYMS",0.46163902361786
"RIN1",0.461379740333987
"ASCC1",0.461339971866395
"ATOSB",0.46116707799421
"ACSM3",0.461028852247606
"FUZ",0.460995318995513
"XPO4",0.460845108609593
"PI3",0.460839656942463
"ZSWIM8",0.460734453610559
"TMEM18",0.460709252189671
"SRP14",0.460671098635653
"E2F4",0.460502645345954
"GPKOW",0.460314420031694
"MFAP1",0.460243799865311
"TINF2",0.460233032711672
"MTIF2",0.460119970180083
"POC1B",0.460019721670261
"KAT2B",0.459931235180777
"FAM120B",0.459642412978225
"ADAM8",0.459240545607755
"MPRIP",0.458976827513364
"IGF1R",0.458957467676429
"RNF220",0.458675425518313
"ZDHHC11B",0.458665923671717
"THBD",0.458598052852148
"ST3GAL1",0.458319509200484
"B3GALNT2",0.458209636119924
"DLEC1",0.458179805067125
"MSL2",0.458127721188038
"MCM3AP",0.458056576554983
"RPS10-NUDT3",0.45801809175366
"SERPINH1",0.457553728369561
"ZNF565",0.457519164464987
"ACOT2",0.457136110459879
"ARRDC4",0.457072806241756
"C10orf95",0.457042136340797
"CHD1",0.45701385831519
"FLACC1",0.456771764076468
"CAD",0.456629826668033
"KDM1B",0.456598095238765
"SYCE2",0.456446188533784
"POMC",0.455958241039215
"WDR73",0.455535572841737
"EDC4",0.45532959938979
"BEND2",0.455042131208976
"RPS6KB2",0.454966497022321
"ZNF736",0.454947000046633
"OFD1",0.454406903344676
"LINC01588",0.454314617052465
"RBM14",0.454222319166963
"VPS33B",0.453858292352043
"TSC2",0.453667765036718
"CALM3",0.453579942930941
"TSPOAP1-AS1",0.453442807241065
"AS3MT",0.453166210438312
"CENATAC",0.452949514547029
"HMGN3-AS1",0.452910109658996
"MIR7109",0.452841702500895
"CCNYL1",0.452785610574564
"FKBP2",0.452779565480909
"PRMT2",0.452503387342853
"PDHA1",0.452431026057117
"SIK1",0.451977812917889
"FNBP1L",0.451956057673943
"TMEM150A",0.451697500045428
"IL13RA1",0.451584011292022
"CETP",0.451573829429753
"DMAC2",0.451489601999968
"KIR3DL1",0.451434695876622
"HDAC3",0.451198987230523
"GPX1",0.450836150792248
"OS9",0.450817967342566
"SLC1A5",0.45060393962932
"CNR2",0.450290681729317
"SASH1",0.450066348177038
"ZNF763",0.44970148864528
"FN3KRP",0.449549279178159
"CCDC71L",0.449166665806474
"DHODH",0.449109351219805
"RPL10A",0.448773086158764
"GALT",0.448768938255381
"MIR611",0.448528136512141
"PDGFRB",0.448493925791725
"ARMC6",0.448205353108922
"FBXO21",0.447900561507197
"CYP20A1",0.447808270755469
"C21orf140",0.44755490657429
"FZR1",0.447527351469432
"FBXO5",0.447466139322506
"GUSBP11",0.447250692100407
"LINC01503",0.447150211679613
"ATM",0.446994902027898
"ASMTL",0.446209405222424
"METAP1D",0.446148966193775
"CCDC30",0.44603360333922
"FSD2",0.446011245007401
"SAMD3",0.445944151091338
"RCN3",0.445928793337848
"SUV39H2",0.445904606521972
"CBL",0.44589898262239
"KIAA0753",0.445880656461564
"KPTN",0.44544229554693
"ANKRD34B",0.44534564584215
"RBM18",0.445242899148095
"FAM223B",0.445219631005781
"SPACA9",0.445160264134098
"ACO2",0.445013117941115
"GDPD1",0.44499103157282
"FTSJ3",0.444944096545825
"LST1",0.444920110791161
"TPTEP1",0.444741720404302
"FUT7",0.444635745607046
"MVB12B",0.444606309275856
"TMSB4X",0.444425320139395
"ALDH18A1",0.444347990315331
"DOK1",0.444297814476527
"MAPK13",0.44426489417211
"RN7SL2",0.444262309664711
"CDC23",0.444247154993193
"EML3",0.444126225836419
"MLH3",0.443957566160309
"BIN2",0.443617675659744
"ENPP2",0.44354656637196
"LIPT2-AS1",0.443472636605261
"SDHAP3",0.44327678112954
"MIR3940",0.443217999593306
"CLK1",0.443160806935533
"TRIM59",0.443130209985971
"MYL5",0.44298843637284
"CTSO",0.44262656101507
"ZNF367",0.442426637755993
"MOB3B",0.442114681255996
"IBTK",0.442099172497477
"FGF11",0.442057153263798
"ABCF2",0.441965369378521
"COPZ1",0.441829316255473
"SLFN12",0.441738698206161
"QSER1",0.44138203362695
"MBD1",0.441350574381771
"H6PD",0.44089095081521
"CC2D2A",0.440800137449712
"ACYP2",0.4405305171467
"MSMO1",0.440459372781934
"ALOX12",0.440403223063673
"RIMKLB",0.440324423993964
"CEMIP",0.440232133059617
"CLCC1",0.440054100280764
"VMA21",0.439928893930314
"SUFU",0.439456855842422
"PARM1",0.439456061432886
"EIF3H",0.439454618466529
"HSD17B1-AS1",0.439211984470192
"CDC20-DT",0.438781855900815
"KRT10-AS1",0.438632717231219
"COA4",0.438579012042218
"PARP9",0.438475086201366
"UBE2F",0.438339585231942
"ZNF767P",0.438072571286806
"POPDC2",0.437870397155793
"EFCAB14-AS1",0.437601968465241
"RRP1",0.437590573132147
"SURF6",0.4375361410619
"UCK2",0.4375179319428
"ATAD3C",0.437449429982648
"SAP130",0.437363329258465
"ATP6V1F",0.437289324683566
"CDK3",0.437248293324731
"SMUG1",0.43701433380165
"SVIL-AS1",0.436695766385189
"GAR1",0.436674626979549
"TMEM177",0.436357497315575
"MTMR7",0.436292922055762
"PDCL3",0.436206346892509
"ZFP69",0.4360244649779
"KMT2B",0.435530563604771
"AKAP10",0.435323848482024
"NMT2",0.435146654760728
"ZNF383",0.434601473117175
"LRP10",0.434328701129193
"SIGMAR1",0.433948180076377
"TREX1",0.4339319124205
"ARL17B",0.433888537596401
"CHD8",0.433794556372608
"NBEAL2",0.433399803771107
"JADE3",0.433277126924846
"ZBTB3",0.433236441052113
"EIF3J-DT",0.433221885623194
"FRG1HP",0.433215796295112
"IQCG",0.432887847754502
"TOMM40L",0.432840685735071
"LRP11",0.432839504324073
"DLEU1",0.432830705093002
"TMEM179B",0.432830087487925
"GSK3B-DT",0.432539316563671
"TLNRD1",0.432437636559223
"PIGP",0.432342284863152
"FAXDC2",0.431935374178001
"TRIM14",0.431898684663486
"KCTD15",0.431484021645867
"CCDC93",0.431268460623991
"EXOC8",0.431104726361755
"MIR29C",0.431046132590895
"RAD17",0.430893951082859
"MFSD2A",0.430712431717285
"SRRD",0.430700517487004
"AGAP2",0.430373813809609
"AP2S1",0.429813475907735
"GLA",0.429738874100009
"PABPN1",0.429529736473807
"IPO5",0.429467509032587
"RPL35A",0.429391185915548
"MED6",0.429318030744556
"CHCHD10",0.429165454743138
"KLRB1",0.428965973792382
"UTP14C",0.428783227162589
"BRSK2",0.428639679240579
"ORMDL3",0.428595136214239
"RNA5-8SN2",0.428325323147512
"LSM7",0.428123893168741
"RNF11",0.427773377118592
"PPP1R13B",0.427753332144176
"MIR6084",0.427739623244777
"SUPT7L",0.42735489437847
"IFT122",0.427353372254176
"DAZAP1",0.42734979443004
"TLR1",0.427132641367126
"MTRFR",0.427072133665937
"IPCEF1",0.42676406638437
"CYB5A",0.426731384821655
"ZC3H12A",0.426606204688931
"SELENOP",0.426533326592691
"ZDHHC6",0.426356282245077
"PLXNB1",0.426308597425191
"THOP1",0.426195329974435
"CCR1",0.425677778694739
"BSG",0.425606148368109
"DEFA3",0.425480172885184
"SLC29A3",0.425388801518712
"RTEL1",0.425352830309543
"MFSD6",0.42520925710006
"ZNF235",0.42514059867579
"KCNIP2",0.424911201241619
"KDM6B",0.424809963172426
"TMEM86B",0.424776931760788
"SYNRG",0.424696195767849
"SETD6",0.42463642256047
"RILP",0.424327634812592
"HINFP",0.424213212066109
"SH3PXD2A",0.424056116756091
"RANBP10",0.423691712432199
"CDKN1B",0.423642160344035
"KMT5A",0.423364636652818
"MIOX",0.423292827212377
"HUWE1",0.42326862075171
"SUCO",0.423230429326863
"CRB3",0.423067275872891
"PRDX6",0.423026014123352
"S100A13",0.422902935556963
"BCL2L1",0.422870353528191
"ARL4A",0.422691689427572
"MSANTD3-TMEFF1",0.422409012661742
"GKAP1",0.42218355056373
"AIFM2",0.422178840328856
"GATD3",0.421910774821482
"RIOK2",0.421899594289236
"RBSN",0.421884784555988
"CMC1",0.421863183186234
"MIR4707",0.421809120632025
"ZNF2",0.42146468496888
"AP4B1-AS1",0.42144377156633
"RNA5-8SN3",0.421282365947305
"POMT1",0.421115165967906
"CACNA1E",0.421014955535834
"FAM234B",0.420913952377444
"MT-CO2",0.420876167832127
"IFITM3",0.420865433906837
"SMARCA5",0.420613678601853
"LGALS3",0.420576856092989
"CIZ1",0.420456750808833
"ZNF700",0.42038241441603
"MRPL30",0.420354042033749
"ZHX3",0.420338532241163
"TMEM186",0.420246819284734
"DCAF12",0.419764223102194
"NELFCD",0.419692262408972
"TMEM203",0.419403345776756
"UTP6",0.419380233824366
"MT-CO3",0.419348490118503
"GTF2A2",0.41924606010426
"ZACN",0.418970592369442
"XK",0.418959832283723
"BOLA2B",0.418952341262324
"STK38",0.418928702859769
"LMF2",0.418711486667684
"MFF",0.41868267595241
"POC5",0.41865498337482
"SRBD1",0.418556967410857
"GP5",0.418091272865944
"PAPSS2",0.417939058879079
"ISG20",0.417876163173607
"TRMT12",0.417700351281487
"HAS3",0.417683284472465
"C1QA",0.417630988406071
"LRRC42",0.417494976701916
"ZNF875",0.417481178905705
"RNF157",0.417416570358356
"H2BC21",0.417398157736013
"TMEM106C",0.417390895275731
"ANAPC11",0.417373419382239
"TRMT112",0.417311782903715
"NCOA5",0.417155049394844
"IGFLR1",0.417022806007958
"ZNF696",0.41697779476758
"GPAT3",0.416834664945012
"NCOA7",0.41677276307266
"FSTL1",0.416395429009651
"NECTIN2",0.415762698840433
"NUTM2F",0.415403774369288
"NPM3",0.414902527732223
"ST20-MTHFS",0.414720515930757
"DYNC2I2",0.414168732476476
"PLTP",0.414026692361139
"TRAF3IP2",0.41381726119436
"ARHGAP9",0.413680211570051
"SMIM38",0.413658679299571
"RALGDS",0.413371058643707
"IFT27",0.413278930872274
"TNXB",0.413207275134458
"XRCC3",0.412959763635721
"DNAJC15",0.412507027678052
"NUP188",0.412422945956479
"BCL6",0.412122762396451
"TRAPPC9",0.412030997480313
"CINP",0.411869653789768
"DENND11",0.410881095389985
"THADA",0.410851776676685
"MAP2K7",0.410487455571914
"TMEM97",0.410250805927107
"C14orf93",0.409964015614177
"CTCF",0.409929978000593
"ZNF710-AS1",0.409885615325008
"VPS11",0.409374005377159
"APEX2",0.409234368756451
"MTG2",0.408922463824064
"PPCS",0.408890400361596
"ZNF331",0.408888689484533
"SEC23A",0.408835995795049
"AEBP2",0.40866327599658
"SPACA6",0.408240671220272
"SLC12A6",0.408087811942179
"ABALON",0.408041785471262
"VTI1B",0.407932395600683
"MACROD2",0.407869521371439
"PCNT",0.407807786268511
"TRAPPC2L",0.407724087168743
"ENTPD2",0.407402134036946
"MS4A7",0.407364799264401
"KHSRP",0.407356426061477
"CLDN15",0.407200472144814
"SLC16A11",0.407112377357178
"KAT5",0.407109363664786
"SLC16A4",0.407087845498639
"ODAD1",0.40707415261498
"RNF40",0.406960579946835
"GINS1",0.406821580395991
"KIF11",0.406454236995544
"RBM10",0.405572814121318
"SF3A2",0.40535616316728
"IL2RA",0.40516695672436
"UNC50",0.404858582917246
"ALX3",0.404831364271802
"NUP155",0.404485476210755
"CLIP3",0.404379450775422
"SH2B1",0.404302645946221
"ZNF322",0.404237000913421
"ADAR",0.404234200083963
"ZKSCAN8",0.404159813408496
"CTNNAL1",0.40399582456977
"LSM12",0.403894722366564
"RPS10",0.403848032341342
"XAF1",0.403652220405565
"TNFRSF8",0.403329836572513
"SNRNP200",0.403226493365606
"PKP4",0.403207206861031
"FAM184B",0.403007493981214
"LANCL2",0.402857248283729
"USP25",0.402727916775744
"TMCO3",0.402673075300125
"CA1",0.402561582611634
"PPP1R37",0.402443262146496
"NT5E",0.401958521144062
"RFXAP",0.401917034353521
"KIF9",0.401847605725384
"USP12",0.401610044712214
"GBF1",0.401153158934838
"FANCF",0.401052348259616
"UBE2L6",0.400939234040364
"VDAC3",0.40093829881335
"MIR1244-3",0.400904632495409
"ARPC2",0.400878741926119
"WNT1",0.400872612079032
"PTPDC1",0.400854492309853
"ABCD1",0.400689340410947
"PANK1",0.400629974815032
"ZKSCAN2",0.40036885737901
"UGDH",0.400291553641188
"SLC3A2",0.400284550308631
"DDX52",0.400209545556976
"FAM200A",0.40019880179908
"SIK3",0.400020112936141
"PCYT2",0.399946260726887
"GLRX5",0.399927428608389
"SLX1B-SULT1A4",0.399716370157808
"ZNF549",0.399549720198513
"ODAD4",0.399223513424979
"BIN1",0.399176740535019
"RNF187",0.399024217613415
"APOBEC3H",0.398559504237141
"CTC1",0.398479553492208
"CDC26",0.398345380704007
"TBCD",0.398145868615828
"FANCA",0.39808278785862
"LBX2",0.397959418904243
"TBCEL",0.397757747299305
"ZNF333",0.397492222202114
"KLHL9",0.397018047025195
"NAP1L5",0.396974036349303
"ZNF37BP",0.396388083073329
"GPN3",0.396343796157924
"RECK",0.396284964964957
"ZNF418",0.396207522870854
"LIN52",0.395991796928227
"MIR3198-2",0.395781914011576
"CLPTM1",0.395635552367252
"UBAP1L",0.395400175656786
"WDR20",0.39530970602379
"MYOF",0.395297177324546
"ABCA7",0.395192853060649
"FAM78A",0.395135965502105
"KIF20B",0.394903943610711
"EHMT2",0.394862559546101
"IBA57",0.394764172634312
"H1-2",0.394728398913349
"ADM",0.394661150573695
"TLCD3A",0.394589347027956
"UBE2G2",0.394457903704439
"TMEM184C",0.394266348259948
"NIP7",0.394169588955008
"GAPVD1",0.393973955682336
"DENND4B",0.393908218010631
"ZNF25",0.393610263526707
"C2CD2L",0.392999983256864
"SNX9",0.39292544792157
"USP21",0.392691657498777
"ABCC13",0.392661230758652
"GUCD1",0.391932213059998
"TMEM209",0.391906491261502
"HGH1",0.39181568052522
"RRP7A",0.391666454221391
"ATR",0.391579305220016
"RAB33B",0.391357821008733
"ATP6V1G2",0.391243761601316
"PIP4P1",0.390974869219871
"MGAM",0.39094438397128
"UPK3BL1",0.390772147542192
"THEM6",0.390651040125203
"NDUFA10",0.39053220287657
"STOM",0.390352462154831
"HSPA6",0.390308076510911
"SEC31B",0.390186904274313
"GOLGA2",0.390069654793258
"ALAS2",0.389980641534056
"ASB2",0.389960280533821
"C4orf46",0.389843913520698
"DNAJC11",0.389756225653717
"PRRT1",0.389705111056665
"AZIN2",0.389694799767284
"ELP4",0.389369969611529
"PDE4A",0.389365960588314
"ING5",0.389320911357462
"MTNAP1",0.389160009149147
"ABHD6",0.389141558974402
"MECP2",0.389058738420741
"TBC1D22B",0.388911248762933
"L3MBTL2",0.388566503965869
"MIR4751",0.388530960917987
"CD47",0.388484034909516
"NOB1",0.388348606215855
"BORCS5",0.388291858866012
"PPIH",0.388281190409668
"COA5",0.388169354310973
"HCN2",0.3880460368521
"CHMP7",0.388008577372731
"LEO1",0.387877497658616
"NKPD1",0.387552209274059
"PAXIP1-DT",0.387322186993629
"FYN",0.387321974592714
"APOBEC3G",0.387295134256569
"RPLP1",0.387185673887077
"CELF6",0.38706484776562
"PCNX2",0.386852034165847
"JADE1",0.386345026175653
"MIR4477B",0.386202478789955
"SUN1",0.38613389785368
"PRKAB1",0.386048198580751
"ECHDC2",0.38596805775714
"ARID3A",0.385903622273558
"ZNF366",0.385733441569146
"TUBA8",0.385247597701663
"PRR11",0.384936186182307
"CCDC120",0.384821436276646
"UXT-AS1",0.384745827476476
"APPBP2",0.384524799183476
"HMGA1",0.384455684554952
"FAM153A",0.384430299735077
"CSGALNACT2",0.384106355838603
"SSH1",0.383939375078486
"STEEP1",0.383908756265063
"TGIF1",0.383161797748292
"LYSMD1",0.383138544867744
"RHNO1",0.38297016159144
"SETD2",0.382771597691818
"IRF2",0.382540210054664
"PSMD11",0.382446227119763
"MYO1E",0.381754310381258
"PLEKHO2",0.381593435924654
"PRKCH",0.381459734979735
"RTKN",0.381314586436292
"PARP3",0.381178271269075
"RAD23A",0.380763598211518
"CCDC12",0.380760155730386
"PXMP2",0.380630061179224
"CCDC57",0.380354546320111
"CALU",0.380202597542185
"CDC6",0.380180501924383
"DDX49",0.380141928298557
"ZNF230",0.380115708997764
"ATP5MC1",0.380072363730561
"ARL16",0.379875163136488
"APOBR",0.379532776022724
"RUNX3",0.379329600628778
"TMEM14A",0.379324445897105
"ASB6",0.37893915663328
"SORD2P",0.3789300596655
"RPL18A",0.378768230848907
"ECH1",0.378505617944851
"APOBEC3F",0.378246087625747
"DARS1-AS1",0.377228107889255
"KDM5B",0.37722297741233
"SUCLG2",0.377172577310553
"SYNE1",0.377123667426658
"PCIF1",0.37704176946197
"ACP1",0.376904980529711
"CRISP3",0.376417573369209
"CD27",0.376214132492876
"PDGFB",0.375869269965236
"MAP6D1",0.375799379090262
"YY1AP1",0.375796183266605
"AKR1B1",0.375764883401605
"SARM1",0.375666936469265
"RANBP6",0.375343773500267
"DCAF11",0.375165403174148
"HDAC6",0.375115320047667
"LAIR2",0.374814927914028
"PLEKHJ1",0.374607781340993
"ZMAT2",0.374045085073855
"DCAF7",0.373978650913241
"ERCC6L2-AS1",0.373956954479974
"P3H4",0.373862620373969
"TRRAP",0.373473389599984
"CFAP36",0.373202288036657
"ITGA6",0.373170962087665
"ARID4A",0.372996890813192
"SDHAF4",0.372969958113627
"SP2",0.372339190248204
"SAMM50",0.372101374768619
"NME4",0.371920616605138
"RAD54L",0.371622650078579
"PSMD13",0.37160394564324
"ATAT1",0.371495011948488
"AP2M1",0.371330155394553
"TTBK2",0.371186551755288
"CENPK",0.370983498337907
"C5orf15",0.370811667052167
"QDPR",0.369949572584761
"EIF2A",0.369808313786717
"SSPN",0.369465106245478
"PTPN9",0.369370877397361
"MACO1",0.368627230189885
"ERCC1",0.368626813441921
"ZFAT-AS1",0.368609411682776
"MBTPS1",0.368532188584627
"ZNF791",0.368503625084444
"ELANE",0.368391953218064
"NR2C2",0.368379028286339
"PAQR4",0.368229603181471
"YOD1",0.368155743574136
"CLNS1A",0.368132625313331
"RGP1",0.368069601470834
"SMG1",0.367878536545935
"LSM5",0.367661766232702
"SF3B5",0.367660925270163
"PSMC4",0.36758519949579
"XPNPEP1",0.367493095882809
"CEP15",0.367421839508755
"DDX19A-DT",0.367198543856264
"KLHL42",0.36700827117888
"SSNA1",0.366916374398893
"RHOQ-AS1",0.366420028452133
"MTF2",0.366299822263893
"BFSP1",0.366279774522754
"TECTA",0.366005959708503
"DERL1",0.365949422942921
"SGO1",0.365753102822865
"PSEN1",0.365726901734988
"USP27X",0.365387491154249
"POLR1G",0.365350120638673
"TMEM176B",0.364914716079144
"SPATA6L",0.364811114736001
"EFR3A",0.364380070850343
"JAK2",0.364294278122005
"DEGS2",0.364283704197681
"CDK5RAP1",0.363929456688762
"GAMT",0.363789411968449
"TRIM16L",0.363636958537297
"DDAH2",0.36343173758194
"TAF4B",0.363090467860109
"PIPOX",0.362955039506064
"ISCU",0.362643673510713
"C6orf89",0.362288863569074
"GZMB",0.362029224807428
"RPL37",0.361721914396784
"NUCKS1",0.361527217675157
"ADIPOR1",0.361479106431509
"RPS21",0.361389092356424
"FBXO10",0.361101914251316
"MCM9",0.36100960425753
"TIFA",0.360976998986648
"TRIM58",0.360080557760997
"SUMO1",0.360055811781466
"RPL21",0.359965713976639
"PPIG",0.359848600261282
"ADAMTS4",0.3598177296209
"BLOC1S3",0.359733254861385
"FCRL1",0.359689499623676
"RPL27A",0.35964414345866
"MRPL16",0.359531227910986
"PLPBP",0.359479765108865
"PGM5P2",0.359272788242479
"KCNRG",0.358878357594003
"GNA11",0.358857122099664
"S100Z",0.358364139233489
"TIMM29",0.357990817523813
"MRPL9",0.357417195616695
"FDX2",0.357107065607732
"CPEB4",0.356788992064062
"YARS1",0.356486259722897
"C19orf73",0.356341289971866
"POLR1A",0.356258277967159
"FBL",0.356257659361939
"MACROH2A2",0.356021159155942
"VPS36",0.356003340928588
"SIGLEC6",0.355763383662621
"TSPEAR",0.35564716047319
"IL10RB",0.355381120824958
"MIRLET7BHG",0.35535487237918
"SPINK8",0.355239068662698
"FEZ2",0.355134933982332
"SPNS1",0.354816412899716
"TUT4",0.35473054205699
"CARM1",0.354635632327546
"TASL",0.354612094751327
"KXD1",0.354563757462624
"NDRG2",0.354530652559929
"IFIT2",0.354130432406666
"PIGT",0.353883727881148
"TDRD7",0.353760280526453
"BLK",0.353755712487998
"GET3",0.35371673114315
"TMEM138",0.353667003116038
"SLC25A6",0.35344514196363
"NOXA1",0.35343614477649
"IPO9",0.353251041720833
"ZBP1",0.352926138499669
"BAZ1B",0.352717250149227
"PIK3IP1",0.352631469982454
"RNF24",0.352531237683875
"CHTF8",0.352491379876845
"DERPC",0.352491379876845
"MEAK7",0.352488770160728
"DNAH1",0.35224309863586
"EEF1B2",0.351843113013603
"SIAE",0.35178650633693
"GBGT1",0.351264847801389
"PITRM1",0.350865517195102
"AVL9",0.350843045463544
"TMTC4",0.350786726942444
"UBE2Z",0.350621737211744
"LINC01128",0.350389066766447
"ARHGAP25",0.350348325766823
"TEKT4P2",0.35024570227246
"ARID4B",0.350160412329785
"CCND1",0.35009671528996
"RANBP1",0.35006970348581
"SUGT1",0.349990988019285
"RPAP3",0.34991999957241
"AURKA",0.349787481522296
"ANAPC16",0.349606784892767
"ECHDC3",0.349489879160998
"PIGK",0.3494682783748
"INPP4A",0.349369947012363
"SP100",0.349186280994629
"HMGN3",0.349126743882711
"CLTB",0.34884021936167
"CALCOCO1",0.34861440042595
"KIAA1328",0.348388350929279
"RBM34",0.348314674716275
"TLE3",0.348245075015003
"C18orf21",0.347985041152998
"R3HDM4",0.347939670212702
"ERCC5",0.347791517116208
"CCDC85C",0.347750307975302
"STEAP4",0.347608582638294
"PRDM2",0.347527724586606
"ZC3H18",0.347341056055686
"SAMD12",0.347313874446113
"TTC1",0.347242624151823
"IL1R1",0.347185108545123
"FAM133B",0.346937780559935
"ZNF264",0.34689843116326
"HYLS1",0.346751421789792
"PANK2",0.346287588968428
"XKR7",0.346250034729071
"E4F1",0.345570052897995
"ADRM1",0.345468669030686
"ZNF3",0.345157178518771
"DPH1",0.344987074690338
"RREB1",0.344978519603654
"SIRT4",0.344874516382079
"AIG1",0.344818742254483
"TXNDC15",0.344787938634397
"SHLD1",0.344602288601904
"RMDN1",0.344549517910865
"MRPS2",0.344281195750614
"LINC00173",0.344147044989097
"MNT",0.343755512514156
"SDF2L1",0.343649894197938
"KLHL20",0.343533944017522
"CRACDL",0.343292318975957
"TBX6",0.343078561725025
"MTERF1",0.342908888193181
"ITGB5",0.342774722874225
"PRKCA",0.342672624239977
"VCF1",0.342472328757668
"RASAL3",0.342463514241697
"SLX9",0.342190932725489
"EPM2A",0.342106151145608
"GPATCH1",0.342060254099706
"MARCHF3",0.341857842562099
"MIR6501",0.341731750460258
"PLPP7",0.341674659847445
"ETV7",0.341472088955393
"LBHD1",0.341391327491667
"EMC6",0.341373583929621
"GPR37L1",0.341335624624601
"AP2B1",0.340997527471473
"RCE1",0.340909836031322
"FGFR1OP2",0.340882110742086
"HERC1",0.340857375293938
"ABCC10",0.340830128552858
"HRK",0.340802986351022
"HERC5",0.340782563916545
"KCTD17",0.340753594891621
"TSPAN9",0.340602080710221
"RPAP1",0.340133920004719
"CCDC146",0.340017582127559
"DNM1",0.339959978789183
"KLHL36",0.339561399996106
"ZNF721",0.339488884860074
"ALKBH8",0.339453822753735
"SFXN1",0.339405318809992
"TREML1",0.338910923166894
"PEX5",0.3386351014354
"LRRFIP2",0.338533755262683
"PUSL1",0.338354679846269
"FXN",0.337844129252929
"POGZ",0.337671679406223
"TNIP1",0.337599207987915
"KMT2E",0.337515065423271
"PEBP1",0.337334520764214
"NSG1",0.337331062721573
"MAD2L1BP",0.337287793936651
"DUSP6",0.337186826526766
"LTA",0.33715872231594
"HERC3",0.336779869567596
"SRGAP2",0.336674136200616
"TBC1D23",0.336551436400458
"FCGR1A",0.336541629734558
"ZNF329",0.335916934899398
"NPIPB6",0.335772930486573
"ARL13B",0.335673819860775
"SLC35A2",0.335455731897521
"NTNG2",0.335125240830376
"CUTA",0.335110311140374
"MRPL37",0.335029376910822
"CCDC127",0.335028566660238
"RPL29",0.334929802730088
"ATG4D",0.334864497773436
"ZBTB7A",0.334812670440569
"HSPA1L",0.334624205331285
"APH1B",0.334545444435297
"MRPL15",0.334450266081858
"AP4S1",0.334355221334897
"SUMO3",0.334333499107784
"ZNF432",0.334330814102729
"RGPD3",0.334118523388233
"BZW1-AS1",0.334069762858069
"FADS2",0.334018695389035
"TMF1",0.333865890494207
"FARSB",0.333851369058225
"GMPR",0.333761629749322
"SDHA",0.333705544655535
"NPLOC4",0.333589054944665
"BEX4",0.333502016060979
"PARP6",0.333184259827651
"EML4-AS1",0.332581532011199
"KMT2A",0.332368401561755
"NT5DC3",0.332261823793686
"GALNT2",0.3321183343532
"GALNT11",0.332078044232
"DHX35",0.331950086913031
"ITPR3",0.331901530338551
"MFSD2B",0.331607873392165
"CBFB",0.331468278742622
"TAGAP",0.331359237976947
"TYROBP",0.330990032304801
"GPATCH3",0.3309458213279
"MROH8",0.330886675564624
"MAF1",0.330620841872871
"ILKAP",0.330551616495832
"ZNF134",0.330481083110876
"TTI2",0.330343573668064
"NUDT4B",0.330229589691876
"CCDC170",0.329966389183476
"ALG11",0.329965335625259
"TMEM255B",0.329826642048577
"MYH7B",0.329800945784047
"DYNLRB1",0.329637004734981
"CEACAM4",0.329516000220023
"SLC1A4",0.329485708962811
"ANKRD12",0.329397919494232
"FKBP14",0.329273810163151
"TPX2",0.329045286501842
"SUMO4",0.328538384481397
"THAP1",0.328207750232375
"SLC12A7",0.328121462821752
"ACP3",0.328082893735978
"AARS1",0.327834898987691
"BMERB1",0.327811703160219
"EDF1",0.327526837270602
"ZNF100",0.327516854846589
"AQP1",0.32738140402925
"UBE2D4",0.327338086022304
"POLE",0.327312893023009
"SLC9B1",0.32707969659654
"RRS1",0.326623896709399
"PAQR6",0.326411352707934
"TESK1",0.326388022883331
"ZNF500",0.326387409385053
"POLG",0.326367894823684
"CSNK1E",0.326301320466879
"NRBF2",0.326283431432948
"DR1",0.326088803537111
"TRAF4",0.326056113666382
"MACF1",0.325967270052122
"CNKSR1",0.325891131154203
"C1GALT1C1",0.325542546599193
"NUDT9",0.325439538880374
"LSM3",0.325382364489902
"ZNF35",0.325220108790371
"CHD7",0.324703761096732
"LIN54",0.324339315744831
"RFX7",0.323994526073201
"EMC10",0.323889377560969
"PROZ",0.323728829549291
"MIR4721",0.32364004877147
"SLC35F5",0.323539606808746
"EXPH5",0.323387996363602
"PLBD2",0.323283298013836
"ZNF75D",0.323272912300243
"REPS2",0.323003501369832
"HENMT1",0.322689692188689
"CDKN2C",0.32256578452255
"NAXD",0.322495721452525
"LRFN1",0.322378874877509
"STX5-DT",0.322346793033157
"ACTR3C",0.322307439706365
"ZBTB2",0.322081416722925
"CLEC2L",0.321931557543341
"SNF8",0.321820156345991
"PTPN18",0.32164609771928
"ANTKMT",0.321563623155332
"PODXL",0.321563621926305
"ANKRD36C",0.321344123799222
"DBN1",0.3211304812192
"RAD54B",0.321113572730213
"CARD16",0.320783066577237
"ZNF33B",0.320673188021913
"DRAXIN",0.320376409873798
"SLC66A1",0.320363456418856
"MAPKAP1",0.320216540671726
"GHRLOS",0.32017593765301
"SIPA1L3",0.319878458210265
"MT-ND2",0.319864084471744
"PRRT3-AS1",0.319787762609967
"NDUFB8",0.319422081056276
"ZNF141",0.318834179098
"CCDC117",0.318785306746366
"ACOT13",0.318699390536196
"SNRPA",0.318363773180236
"ZNF396",0.317656257713384
"IFIT1",0.317614477740148
"SLAMF1",0.317369121211126
"LCMT1",0.317336998431749
"PKIG",0.317192376242524
"XPO7",0.31711358340746
"MYO10",0.317107570851744
"ZNF862",0.317092540245778
"RPL14",0.316801194179816
"COPB2",0.316363808562737
"ATAD5",0.316222528934022
"DSTNP2",0.316119421632559
"PRPF8",0.315858340181314
"RPL24",0.31568741143393
"SMAD9",0.315650907492211
"ZNF296",0.315535448060899
"GLI4",0.314984521298158
"TRAFD1",0.314876901483305
"ZNF28",0.314767432882647
"HLA-DRB5",0.314562816391459
"PIF1",0.314468205777619
"CCT6P3",0.31443980769936
"MMAB",0.31427954267982
"SATB1",0.314151189475034
"E2F2",0.314142322281308
"PIP5K1C",0.313982257186591
"KHDC4",0.313301424713505
"RPL28",0.313268275238841
"ZNF224",0.31319514978728
"ZNF254",0.312978708446183
"SLC23A3",0.312962778219648
"MIR6125",0.312934856336442
"SLC5A6",0.312908741451103
"HDAC4",0.312818916732713
"FAM83D",0.312712481340718
"SYNJ1",0.312630646303471
"NACA",0.312512158696084
"SNHG17",0.312500858026497
"KCND1",0.312394874887154
"MIR4453HG",0.312148633373829
"STRN4",0.311857690776798
"ANKLE2",0.311828958914593
"FAM72A",0.311644581390257
"FAM110A",0.311436298330571
"TATDN3",0.311168573167817
"UQCC1",0.311124753604378
"CDKN2B",0.310879079522093
"NAA10",0.310457175019545
"ACTL10",0.310417223687651
"STMN3",0.310007974388424
"MVK",0.309768351341651
"DDX31",0.309656443280771
"GOLGA8A",0.30943231129568
"CSF3R",0.309325742828399
"SMIM7",0.309099943085063
"RNH1",0.309079186881023
"LYRM4",0.308898007405865
"PELP1",0.30870512225316
"DOCK5",0.308363877654938
"SLC1A3-AS1",0.30830665590442
"SIT1",0.307984734246559
"LEPROT",0.307861793685765
"NDOR1",0.307748863131833
"BIVM-ERCC5",0.307700173826106
"FGD4",0.307244508346105
"ZNF585B",0.307236721837685
"PPM1J",0.307213316147871
"EIF3A",0.307165539754805
"MZT2B",0.307165471999937
"TAP2",0.307065044104662
"RAP2C",0.307060138791392
"CHMP4B",0.307032219921653
"WASH9P",0.306760720993896
"RHOT2",0.306728102567804
"PRELID3B",0.306626764886609
"CNTNAP3C",0.30629724194067
"DBNDD2",0.305853533715834
"LAG3",0.305821978356432
"MOK",0.305412511725817
"DIABLO",0.305396166571067
"GPS2",0.305255444557033
"MIR6126",0.30506033345332
"CPNE5",0.305052655050267
"TSPYL4",0.304717337556992
"CCAR2",0.304619354451994
"CHURC1-FNTB",0.304304397858408
"OSBP",0.304057748240285
"EIF2AK2",0.303978586626156
"SRGAP2B",0.303880620865169
"LINC02288",0.303448212857085
"DNAJC7",0.303230325351572
"TMEM150B",0.303170494590632
"SDHB",0.30293687336116
"CILK1",0.302559187035681
"DAXX",0.302432636161669
"LYG2",0.302259448426823
"LUZP1",0.302057785026538
"SLC26A5",0.301910479661907
"UCP2",0.301837313300108
"ZNF614",0.301154244647584
"UBE2D2",0.301066444137224
"ILF2",0.30101209166503
"PLCD4",0.300960981703733
"XCL2",0.300589013168692
"SLC25A38",0.300485571874268
"TFDP2",0.300118009260894
"HEATR5B",0.299916999113092
"TRIT1",0.299647329257693
"EP300",0.299638295657129
"EZH1",0.299621681613736
"TBC1D19",0.29959384147339
"MEA1",0.299510882317512
"RGMB",0.299436059074518
"PIGV",0.299349754687227
"CFAP119",0.299312853855842
"MAP2K6",0.299281374066905
"RPS19",0.299187962570094
"VPS37B",0.299118627859173
"NAP1L4",0.298931369061702
"COPS7B",0.298914536837857
"GAK",0.298826132230309
"MIR6843",0.298673594314782
"CEP57",0.298116674961271
"AP3D1",0.29785037261986
"LMBR1L",0.297472765696435
"PLPP5",0.297436052008472
"NR1D2",0.297415924262587
"H2AZ1",0.297057255622025
"DPP9",0.296921411498897
"ZNF562",0.29686125003386
"PIK3CD",0.296286021471612
"SRI",0.296210902995719
"SCAMP5",0.296129865693902
"B9D1",0.295963108015292
"GID8",0.295831325867405
"CHPT1",0.295493854876138
"HOXB2",0.295411251923413
"LIPN",0.295211956172516
"C5orf58",0.294906716570087
"NDUFA11",0.294899477723805
"SAMD1",0.294833038048825
"AP1M2",0.294346349229845
"DNAJC3-DT",0.294228596110284
"CERK",0.294149306430169
"KIDINS220",0.294134676551755
"HIPK1",0.293993698220784
"PRDX1",0.29395618140881
"DTNBP1",0.293793817407355
"CKMT2-AS1",0.293791116394831
"SPHK1",0.293422867688424
"FAF1-AS1",0.293257257339379
"CPLANE2",0.29320661396474
"EPHA1-AS1",0.293192219772608
"GMDS",0.293151353344192
"SP4",0.293029650286729
"CD96",0.293010135826509
"CEP131",0.292131227174258
"CD8B",0.292113480056724
"ADSL",0.291923358036385
"RPS4X",0.291896453915724
"MRPL38",0.291845639092705
"RPS14",0.291839446594151
"PWWP2B",0.29181406225724
"CSTPP1",0.291793871491624
"RAB28",0.291790142705723
"PLXNA1",0.291202368515675
"ZNF90",0.291183160132666
"SRSF8",0.290824678207375
"SH3BGRL2",0.290782313121795
"LIMK1",0.290584105334147
"TRMT1",0.290134352568014
"RNF170",0.289785675580832
"MNAT1",0.289624300968274
"UBR1",0.289528010430733
"AFF4",0.289486257354759
"CHRNA10",0.28926449142656
"CCDC47",0.289178025228141
"RMC1",0.289070965854639
"ZNF564",0.288971244444496
"CD28",0.288683585679673
"PRR19",0.288557130668152
"MTHFSD",0.288511886659217
"MAN2B2",0.288196402634386
"PSMA2",0.287957074745599
"FLT3LG",0.287952557236932
"L1CAM",0.28785689764452
"RPS15",0.28779909167245
"RETSAT",0.28721294518585
"PTPN4",0.286917389640238
"TP53I13",0.286625009000933
"CD48",0.286509516484646
"ZNF845",0.286483007493716
"LHPP",0.286339377670933
"NFRKB",0.286284500505608
"TRAF5",0.285775713761276
"COQ8B",0.285730964671555
"CD81-AS1",0.285556895831652
"EIF3B",0.28545683580261
"SMYD4",0.285451017531911
"FAM30A",0.28533875146804
"NOD2",0.285195403510693
"KIF22",0.284721105431525
"ABCF1",0.284715637698342
"ATP8B4",0.284619671638247
"TMEM59",0.284588211714647
"TMEM267",0.284532138010489
"CCDC71",0.284327270116843
"ZMYM3",0.284113555629849
"MITD1",0.283770688392563
"ENPP4",0.283580742243166
"GPR27",0.283497314200577
"PTPRE",0.283455408137204
"ITGA4",0.283411627310802
"RADX",0.283324478802683
"PCSK7",0.283299344308415
"STRN3",0.28312226747153
"CD82",0.282957876510545
"SOCS4",0.282954997099307
"ARG2",0.282913174096159
"CHCHD5",0.282757396550875
"EIF3K",0.282414456585133
"ZFP28",0.282162658815837
"GALC",0.28193338069082
"TEP1",0.281606793505266
"RNASEH1",0.28139590398359
"HPF1",0.281366596588796
"GON7",0.281292214650507
"PPP2R1A",0.281009676125986
"NFAT5",0.2807748845379
"ALPK1",0.280613337648495
"ZNF517",0.280509434808325
"CYP2D6",0.280356327911942
"GATB",0.280080300035406
"DNLZ",0.280009103355935
"ANKRD42",0.279824160120447
"NUMB",0.279674742070618
"TRIM23",0.279610335260858
"GPN2",0.279580522067685
"SHANK1",0.279432658261699
"CHKA",0.278830564725742
"HELZ2",0.278660809085362
"ABHD12",0.278615181830113
"KRAS",0.27845268642403
"GIT2",0.278336088359207
"SNPH",0.278258371603365
"VSIG1",0.277958208175413
"NCDN",0.277957807617476
"SCRT2",0.277917744875677
"UQCR11",0.277719572972393
"RPL8",0.277519861153823
"CCDC180",0.277264343534507
"SLX1B",0.276812528122909
"TAOK2",0.27672717233073
"LYPD4",0.276716799197886
"CCDC88B",0.276557499737908
"SRSF1",0.276534180568664
"UHRF2",0.276507193511922
"ZNF566-AS1",0.276491458348113
"SCARNA21",0.276443618460491
"TAP1",0.276265583995716
"REPIN1-AS1",0.275937036244481
"CHAF1B",0.2759255028816
"SLC23A2",0.27591432426337
"KIF20A",0.275380327195059
"MIR3916",0.275110651594572
"SMC3",0.275012699533202
"EEFSEC",0.274894798152369
"CLEC2B",0.274701318021998
"LYAR",0.274695414777911
"PHLDB2",0.274479015553695
"PPM1A",0.274432764723214
"TJP2",0.274294936761661
"SUGT1P4-STRA6LP-CCDC180",0.273990480226549
"SLC26A8",0.27387787283579
"DHRS4",0.273858435883753
"SUV39H1",0.27372183452455
"PDXP",0.273581587988453
"ZFYVE16",0.273538584812586
"VHL",0.273397126447228
"CCDC137",0.272824675000833
"WRN",0.272799656542048
"STRADA",0.272778075403653
"PTGR3",0.272585280939524
"GPR174",0.272495180667031
"WDTC1",0.272472700730567
"MBD3",0.272281980711825
"EIF5AL1",0.271967667758253
"XPO6",0.271899742287893
"GNAZ",0.27186645097627
"GOSR2",0.271861768249793
"ASNS",0.271841458235695
"SIRPA",0.271805954444602
"EWSR1",0.271756015345711
"TBCC",0.271704079865939
"DYNLL1",0.271542172402646
"REXO5",0.271205905348247
"UBA6",0.271203177615865
"TBC1D3P1-DHX40P1",0.271179727485175
"LINC01271",0.270684088477079
"SLC27A4",0.270621814296799
"ST3GAL6",0.270584983303182
"NAA15",0.270358990620924
"STK3",0.270323184415183
"ANKRD11",0.270305298530073
"WDR44",0.270302183094681
"SLX1A-SULT1A3",0.270272029633435
"MMP11",0.269999520191445
"CD59",0.269840368560289
"OAS2",0.269805096912219
"FSCN2",0.269676732032941
"ADAL",0.269266540303252
"ZNF766",0.269234198260422
"CASP10",0.269188547861068
"LIMA1",0.269100495889343
"HEATR6",0.268938471862797
"ZNF417",0.26876786160313
"SNW1",0.268595466043998
"BRF1",0.268389578949397
"AHRR",0.268287800666948
"DCPS",0.268250269838533
"TUT7",0.267911807448055
"C1QTNF6",0.267646734715982
"MRPS9",0.267509711033081
"AKAP7",0.266696403001266
"GARIN5A",0.266268746868524
"DHX32",0.26617344235961
"TLE5",0.26597903882714
"TRPT1",0.265863663734254
"NSUN6",0.265637271180292
"PDPK1",0.265272988251826
"TAF3",0.265202152027015
"BRD1",0.26519270095543
"AKAP13",0.265065562206976
"FBXO2",0.265019194446541
"POC1B-GALNT4",0.264809861730502
"POLR2J2",0.264332201689915
"HTT",0.26422247461673
"POLR2L",0.264183680968344
"TRIM21",0.264163710419538
"GADD45GIP1",0.26416193402762
"KIFC2",0.264079888159808
"RHOT1",0.264007241133313
"MINCR",0.263944952649041
"MPV17",0.263926833991067
"EHBP1L1",0.263558451285064
"CNOT3",0.263544346851532
"LARP1",0.263450921135774
"PTPMT1",0.263408305812829
"ZNF776",0.263066888288255
"CHFR",0.262734967026099
"FRYL",0.262657503368355
"CREBZF",0.262535522935708
"NT5DC2",0.262211382260349
"ZNF205",0.262199028375386
"CMTM5",0.262194002590386
"CELF2",0.261837628840603
"CUL4A",0.261824018299068
"USP34",0.261759990870994
"AUNIP",0.261225095925157
"RFLNA",0.261149773583027
"LMBR1",0.26109511917271
"TAF5L",0.260959027502795
"RASA3",0.260811004623026
"HIVEP1",0.260789406055007
"KANK3",0.260682648782189
"CNOT4",0.260403132431931
"ITFG1",0.260058802597074
"BBS5",0.259736689806957
"ZNF777",0.259659049311878
"SUPT6H",0.25965679158869
"CHADL",0.259619210680571
"BAP1",0.259601353530741
"MCM8",0.259537947243063
"CCL4",0.259436528864351
"TBXA2R",0.25906927515111
"KCNJ13",0.258979628434308
"IFIH1",0.258968574576344
"TYW5",0.25896150997314
"TAF12",0.258881800933103
"ENTPD4",0.258864698444397
"SLAIN1",0.258801306317353
"RRAS",0.258662360308244
"DHFR",0.25844570225186
"FHDC1",0.258438649388692
"DNAJC2",0.258379177471435
"ZFPM1",0.258350810043047
"CWC15",0.258180964489869
"FOXJ2",0.258075244906057
"SLAMF6",0.257993504399955
"LINC01801",0.257833617559138
"SNX19",0.257826402820366
"ZNHIT2",0.257816853061072
"SCP2",0.257721915999072
"SLC25A28",0.257689288436402
"C9orf78",0.257675133167986
"MAP2K2",0.257499976558434
"MRPS15",0.257093793160952
"ZNF160",0.257093732525716
"MIR4761",0.256902575669616
"PRDX5",0.256726336432986
"LGALS4",0.256383621724012
"CD27-AS1",0.255973313717944
"HDDC3",0.255906313855679
"LTB4R",0.255535830878284
"PIK3R6",0.255424253507955
"SCYL1",0.255419464320793
"USP24",0.255343415440428
"PSMB1",0.255282595178282
"DDX23",0.255161904153227
"KCMF1",0.255129189734182
"AMIGO1",0.254990673117809
"MAP2K1",0.254204218446506
"MYSM1",0.254074330882271
"PHF11",0.254043545533487
"NT5C3A",0.253986054207023
"MT-ND6",0.253970923264078
"CEMIP2",0.253913939046725
"GTF3C1",0.253822363055668
"GLIS2",0.253759668728961
"PSMB3",0.253683289817812
"UBAP2L",0.253652444851177
"HLA-DRA",0.253625731905021
"SLC18A2-AS1",0.253327376725104
"TMEM208",0.253044438522989
"APH1A",0.252918855331345
"TMEM259",0.252672485493326
"TNFRSF4",0.252599473393595
"PBX4",0.252483046572034
"ADPRS",0.252349949913762
"DIDO1",0.25217824922613
"ZNF607",0.252168905682907
"GFOD2",0.25185287564446
"CD3E",0.251542961589114
"DALRD3",0.251412417528205
"OIP5-AS1",0.251409237448051
"M1AP",0.251309512343912
"NOL12",0.251146362239527
"PIM3",0.251090526075573
"U2SURP",0.251000723435933
"ZNF410",0.250794455900966
"SRRM5",0.250694580527555
"SERHL2",0.250354687384836
"SH2B3",0.250349926471108
"ZNF764",0.250276248208222
"KYNU",0.250188951698619
"TPTEP2-CSNK1E",0.250126151414691
"ERBIN",0.249683842226277
"EGR1",0.249597989672497
"LNX1",0.249570484369967
"MYO3B",0.249515194775311
"KLHDC8B",0.249418109085276
"FAM225B",0.24922724519399
"ZNF582",0.248889147927069
"UNC45A",0.248714478663257
"NCBP3",0.248678604080219
"EFCAB12",0.24864366602214
"RPL4",0.248620213282877
"AHNAK2",0.248589755232126
"PDXDC1",0.248534463735858
"MED11",0.2483257258196
"MIR1184-2",0.248218959989157
"SH3BP5-AS1",0.24817668136384
"STAMBP",0.248142284950716
"ARRDC5",0.248026092079159
"FMNL1",0.247716144076151
"HIVEP2",0.247713388072553
"MZT1",0.247593832690908
"TNFSF15",0.24755969195469
"RING1",0.247535508680603
"ISCA1",0.247426278182776
"PCBP2-OT1",0.247425491934309
"MRPS26",0.247197730907299
"CD8B2",0.246935409129799
"MMP24OS",0.246538562977041
"RPL6",0.246525329029402
"SLC35E3",0.24638678901118
"IGF2BP2",0.24626496604253
"PHAF1",0.246160320098504
"CEMP1",0.246119906090126
"PCNX4",0.246066205124526
"RUVBL1",0.245670425042658
"EGFL7",0.245458302787427
"BMF",0.245453782738014
"C8orf82",0.24511624312365
"HPS1-AS1",0.244413813831073
"ZNF195",0.24406004072223
"AGPAT3",0.243614546426831
"HOXA1",0.243426108225679
"RFTN2",0.243321467944589
"FBXO22",0.242759648015104
"OGFOD1",0.242301227377
"KIF3B",0.241999404983205
"PHF12",0.241955400440689
"SREBF2",0.241746436404197
"MIIP",0.241570135503302
"RABEP1",0.241497000054797
"HSD17B8",0.241381072088802
"OSBPL9",0.241069189387197
"TNFRSF10A",0.240602934356158
"RIOK3",0.240155601945414
"NKAPP1",0.240148785732281
"ZBTB21",0.240121526285879
"TRAK2",0.239878670359762
"NIFK",0.239813676220868
"CBFA2T3",0.239552530335943
"ZNF785",0.239134148523284
"RPH3AL",0.239080402796226
"EEF1D",0.238777460673309
"SEPTIN10",0.238765036986581
"N4BP1",0.238368381708965
"PPP1R35",0.238170028279348
"SEPTIN5",0.238147978923284
"ZNF662",0.238081601976343
"TXLNGY",0.237807143097576
"PSMB4",0.237707861832143
"SIRT7",0.23760287619388
"TRAPPC2",0.237309856477278
"DOCK3",0.237300336203405
"LPCAT2",0.236796148520879
"ITIH4",0.236661689860778
"PPP2R5D",0.236458293211013
"FAM131B-AS2",0.236221159997776
"BNIP3L",0.236069580616935
"TXLNB",0.236020380359984
"ARRDC3",0.236014173998682
"RNF125",0.235974658590625
"BBS9",0.235933777046193
"ZNF681",0.23588393915551
"MEN1",0.235663431040431
"JMY",0.235523290852177
"RBL1",0.235504861785642
"FOXO3",0.235484958761293
"RUSC2",0.235293529455521
"SPACDR",0.235235613595161
"EEIG1",0.235121933385248
"CNNM3",0.234969055044247
"NCR3",0.234921006761358
"CMTM3",0.234884112796783
"PSMG3",0.234836564300689
"ADAP1",0.234636226083016
"MAP4K4",0.234486910898328
"HP1BP3",0.234235318032376
"COG7",0.233911496621552
"MPP1",0.233824491402475
"ZIK1",0.233757681892559
"ABTB2",0.233755340687046
"FAM136A",0.233708891641095
"LRRC8D",0.233328919809448
"PPIA",0.233144515901696
"MIR650",0.233112118906813
"SRC",0.232740596063625
"ELOVL6",0.232726031031954
"BRD8",0.232437213051783
"SAMD9",0.232367720756856
"MIS12",0.232346539500457
"ANKHD1-EIF4EBP3",0.232240402353973
"ABCC3",0.23221412251612
"TRABD2A",0.231365430191903
"RPS9",0.231334101110601
"SELP",0.231066160056294
"C14orf132",0.230922686598871
"ZNF75A",0.230766351045568
"TIGD1",0.230233744875493
"OSBPL7",0.230205369630912
"POP4",0.23009007896121
"PRPF19",0.229983264489723
"VPS51",0.229900593995981
"ATP10D",0.229852508266015
"LIMK2",0.229695371398135
"MASTL",0.229503057892232
"AP1S1",0.229498233239684
"ACHE",0.229377273830378
"TLR6",0.229195907797714
"SNHG10",0.229184464957482
"CABIN1",0.228964192987585
"ELF4",0.228720904330123
"WHAMM",0.228522489888996
"MRPS25",0.228288501816467
"PIK3AP1",0.227635563405431
"JAK3",0.227575452759328
"ZNF740",0.227527525285874
"CELSR1",0.227239985714553
"FEM1A",0.227120646552937
"RPS29",0.226778425448465
"ZNF561",0.226765827209717
"MRPL10",0.226761544437842
"LGALS8",0.226524041990921
"FANCI",0.22629128778307
"RWDD2B",0.226270589751764
"ZNF17",0.225987630448466
"INTS15",0.225890111081372
"STK16",0.225292719524564
"C3AR1",0.225139068907715
"MARCHF8",0.225084462376181
"CCNB2",0.224881605611861
"TULP3",0.224712364755908
"KLF4",0.22469620323334
"ZFP14",0.224527406328772
"ZCCHC4",0.224488258845981
"RAB11B",0.22431677788149
"CES1",0.224220502026588
"TCF7",0.224172196113187
"RYR1",0.224147989738636
"TMEM132A",0.223826745668894
"A2M-AS1",0.223820478501921
"AGL",0.223698662115759
"ITGA9",0.223485295212054
"VPS39",0.223355364873844
"GRIP2",0.223110422401916
"JARID2",0.222764799153475
"BMPR1A",0.222683890196919
"RANBP3",0.222538254031171
"RNF227",0.222377496354736
"NCKAP1",0.222123052037932
"RPIA",0.22170115772096
"ACLY",0.221634726083379
"ZFP36",0.221523412994651
"ZW10",0.221491211952745
"CAPN15",0.221455398719597
"SCAMP3",0.221336555369756
"SLPI",0.221168284713103
"TTL",0.220925148194909
"ATG101",0.220843034010699
"ST13",0.220792086650454
"FAM86B1",0.220770773729974
"TRIM62",0.220731108653475
"KCNAB3",0.220711699945602
"LRRC14",0.220534684799615
"ZNF628",0.220503643041595
"RPP25",0.220233386344786
"GOLGA6L10",0.22000890045002
"RHBDL1",0.219821543864861
"HSD17B10",0.219788939563718
"TASP1",0.219305959037586
"COQ6",0.219203460979253
"PLAC9",0.219113092050789
"AOPEP",0.219066045835854
"SLC7A6OS",0.219064817536709
"TLN2",0.219045147646493
"ARL6IP6",0.219043579969394
"CLEC3B",0.218918264423727
"ZNF317",0.21882112666621
"CACNA1F",0.21873475733838
"MRTO4",0.218564719957424
"LINC01550",0.21821141763578
"CMAHP",0.218199556516972
"ZNF101",0.218198408502342
"FAM210B",0.217961637586259
"HSD17B12",0.217953975473664
"RPS6KC1",0.21784327972038
"SPRYD4",0.217794253068756
"TSPAN7",0.217739016104967
"DRC7",0.21772043637906
"DDHD1-DT",0.21756976480243
"IFT52",0.216927870141926
"HKDC1",0.216877821277081
"FNDC10",0.216873066556773
"SYTL1",0.216800519596119
"INPPL1",0.216583341080219
"NELL2",0.216579064869887
"FBXL6",0.216478105638193
"NDUFA8",0.216349546974317
"MADD",0.21591084743671
"LRRC32",0.215812832141148
"DGKD",0.215751480576303
"CACNA2D4",0.215556153553504
"GMEB2",0.215456614073779
"ISYNA1",0.215241673690615
"CISD2",0.215204437028069
"AAGAB",0.215173753555842
"HCFC2",0.215148137561992
"CFAP68",0.215076615228494
"TUBB4B",0.214846457845587
"LMLN",0.214608291084108
"GOLPH3L",0.214263314564818
"BGLAP",0.214191123496942
"SEC22C",0.214183879795198
"BPTF",0.214166472607223
"CHD3",0.214162717593811
"ARSA",0.214104723548319
"DDX46",0.214101260498199
"LYSMD4",0.21395731317087
"RHOB",0.21394968141589
"RUSC1-AS1",0.213906686246242
"MAFB",0.213698752189435
"CENPP",0.213571502615737
"BATF3",0.213320949442369
"GCLM",0.213301541520597
"POP5",0.213225814370232
"GRK6",0.212986227866606
"MYL12-AS1",0.212898160633574
"CENPU",0.212819729087039
"BCL2L2",0.212782301434863
"RPL13",0.212751169428444
"SPTBN5",0.212730029117592
"ATP6V0E1",0.212530253065544
"TMEM249",0.212329676230418
"UBXN4",0.212206867063176
"AFF1",0.212005244036121
"ARMC7",0.211974441802811
"ASH1L",0.21191153564005
"CD151",0.211139879292971
"HYAL1",0.210898092140404
"FZD2",0.21075686319235
"RPL37A",0.210718928757887
"ULK3",0.210416710100505
"KLHL26",0.210316081564299
"ZBTB12",0.210259616573588
"COX4I1",0.209993509772779
"NOD1",0.209975627640824
"PARP10",0.209788023260915
"MFSD11",0.209565128394047
"RTL6",0.209488981009303
"C5orf24",0.20915125089455
"VPS9D1-AS1",0.209107661031112
"CD3D",0.209104059326717
"TFDP1",0.209029662109417
"FBXO42",0.208984673735407
"CEACAM6",0.208970878664752
"PGM5",0.208477837932857
"TNFRSF18",0.208368902897575
"MMP19",0.208097970135669
"MS4A1",0.208083328415669
"PORCN",0.208030748226539
"SEC61A2",0.207732867372186
"BRMS1L",0.20753285441314
"SLC25A29",0.207528630039797
"TFG",0.207455185922465
"PAGE2B",0.207271337726121
"JMJD7",0.207136445844325
"SAAL1",0.207117731409855
"ANKHD1",0.206989933377189
"ZNF793",0.206666535800572
"ANKRD44",0.206524077733808
"MCPH1-DT",0.206295704902785
"SOCS7",0.206238750542423
"QRSL1",0.206102373263236
"SERHL",0.20552594029286
"STARD3NL",0.205490405128584
"PELO",0.205350800812816
"RBM45",0.205274718354113
"AURKAIP1",0.205158805417143
"ARCN1",0.204867098431296
"NPIPB15",0.20456058718422
"AMDHD1",0.204401957979691
"LAMA5",0.204299572416648
"NUB1",0.204138833771281
"CLASRP",0.204026071804386
"SLX1A",0.20399376895506
"MAPKBP1",0.203951775280844
"KCNK6",0.20371836635495
"MICALL2",0.203665737067399
"MOAP1",0.20330174656721
"EIF2AK1",0.203291520590855
"GPER1",0.203248888014638
"ZNF236",0.203156318793799
"DENND6A",0.203142124777319
"SREBF1",0.202990680740441
"SLC16A3",0.202923607413696
"GTF2F1",0.202882903682971
"SMAGP",0.202835371556069
"UPF2",0.202742067518494
"AMMECR1L",0.202619356052081
"SEPTIN7P13",0.202382068059007
"AACS",0.202269382420295
"POLR2J",0.20202805444108
"SNHG33",0.201775831520426
"FLNB",0.201144203670451
"PPP1CA",0.201127139752021
"FNDC3B",0.200838565001005
"CBR1",0.200799052293568
"HGD",0.200732313419641
"CCDC86",0.200590332905403
"FBXO9",0.200338059536467
"KPNA4",0.199926661560085
"ATP8B2",0.199893035091151
"ERCC6",0.199872280831132
"APC",0.19981466637381
"GPR65",0.199396887537795
"STAT1",0.19927730933163
"MT-ND4",0.199219527560729
"TIPIN",0.199083877861869
"TCF20",0.199043764950164
"PLCG2",0.198817253149257
"MGA",0.198620060211842
"SNX17",0.198367292286307
"EEF2",0.198293782334141
"SFT2D1",0.198282828805136
"CPOX",0.1982106663703
"RPL30",0.198192551014774
"TENT5C",0.19808871311927
"SKP1",0.198068216654612
"SMARCA4",0.19748119439932
"RAD54L2",0.197286739931459
"NDUFAF1",0.19724956008573
"DAD1",0.197219199843045
"AKNA",0.196687599477856
"ATG12",0.196582076998179
"EGF",0.196562219496068
"PACRGL",0.196402069527847
"LINC01237",0.196228279852082
"RNF31",0.196083369591389
"MRPL33",0.19604319257324
"SND1-IT1",0.196001111992138
"DNASE2",0.195932275087686
"PPP1R11",0.195852524648675
"UQCC5",0.195770188288764
"POLD2",0.195621863191356
"GGA2",0.195559539766739
"ZNF514",0.195075416143713
"KNOP1",0.195038958108536
"PIWIL4",0.194963675739902
"CD55",0.19488990417392
"TBCB",0.194786370704081
"TRIM28",0.194785845544766
"CXCR3",0.19453736212632
"RO60",0.19444654542646
"DDB1",0.194436519798362
"AZU1",0.194416606176834
"BNIP1",0.194408766717837
"AKT1S1",0.194363852802914
"ATG9A",0.194185147230506
"C3orf20",0.194160040677153
"CACNA1H",0.1937394805029
"ETFB",0.193431332504485
"BMS1",0.193330757243409
"SLC25A36",0.193140522723323
"RMDN3",0.193069926318947
"FLYWCH1",0.192989648709182
"AJM1",0.192979585047387
"MBOAT2",0.192898456054736
"PIP4K2B",0.19276434456018
"HUS1",0.192739319412529
"DNASE1",0.192331084097041
"TMEM225B",0.192213220969417
"MYL6",0.192179709577183
"TXNDC12",0.192084149459974
"SNAP47",0.191979353772851
"DCUN1D1",0.191728705042477
"UIMC1",0.191217222716488
"TMEM35B",0.191083752515039
"PGPEP1",0.191039120930146
"IGSF6",0.191015532699746
"CACNA1C",0.190970843233952
"CEBPE",0.19070653198349
"SLC46A1",0.190649888768401
"TP53",0.190499204125003
"LINC00680",0.190358964860879
"SPHK2",0.190353719623085
"IFIT3",0.189972948520222
"LPIN1",0.18990459737439
"TEPSIN",0.189755201157387
"WDR11-DT",0.189692141335372
"SLC37A3",0.189592438671671
"TRMT10B",0.189292862837821
"ELOVL7",0.189092013305777
"NAPB",0.189057155896307
"SERINC2",0.189033129509333
"ARNT",0.188618590610939
"LDLRAD3",0.18853609951646
"RPL41",0.188141923812837
"SEC23IP",0.187848745919471
"CHROMR",0.187732946672378
"ALDH9A1",0.187478529998593
"PHRF1",0.187290792885765
"CENPL",0.187203513230828
"DNAJC17",0.187144154888463
"TMEM88",0.187123252845285
"TSR1",0.187090784855196
"THNSL1",0.186970402573826
"UBQLN1",0.186929354783283
"MINDY2",0.186881574905374
"TOMM40",0.1866768961618
"TCEA2",0.186297198935055
"ZNF491",0.186250014421405
"ALG10",0.186031342504765
"ZNF20",0.185956317924672
"ZNF678",0.185895862467821
"CDK9",0.185581703288391
"APBA2",0.185454906421517
"ZNF449",0.185364292104357
"ZMYM4",0.185340329482699
"CUL1",0.185205853482569
"PIN1",0.184931652317594
"PMEL",0.184802362152347
"XRN1",0.18441026833317
"FURIN",0.18397147023683
"PFKP",0.183883107181984
"PYCR1",0.183879139727663
"PNPLA2",0.183819954226277
"GABPB2",0.183786590555414
"GOLGA8N",0.183729826182112
"AMFR",0.183388342606279
"GNAS",0.183175423194803
"P2RY12",0.183120703830676
"MT1X",0.182675265321858
"MMP24",0.182583473736333
"DARS1",0.182557053074495
"BAG1",0.182513744948459
"MKS1",0.182324633054071
"SYNE2",0.182103111559013
"DENND2C",0.181924879021796
"TARDBP",0.18137326835186
"CYSTM1",0.181152716376688
"OGG1",0.181049295928658
"GOT1-DT",0.181044014887315
"LAPTM4A",0.180935590703982
"MRS2",0.180660248871419
"TBX19",0.180520139217683
"DIS3",0.180517465186462
"DOCK9",0.180388382596655
"DCP2",0.180362524334352
"PEAR1",0.180024933289588
"BCOR",0.179504923627172
"NDEL1",0.17945753092338
"CACNG8",0.179297982504555
"LRRC3",0.17929444050548
"ITGAX",0.179077982209594
"SNRPD1",0.179066575961377
"FDFT1",0.178986485498144
"SPDL1",0.178953708258449
"CA6",0.178881194160529
"NRDC",0.178618048466568
"ATP5PD",0.178556502715994
"SLC25A33",0.178507998132502
"KCND3",0.178454909762132
"TBC1D20",0.178448273823728
"CD6",0.178108181172834
"ACSL1",0.178013956319151
"PYM1",0.177955215793435
"SERP1",0.177934440003139
"FBXW5",0.177746705159412
"TMEM40",0.177697323253665
"EIF1B",0.177674374112782
"SIAH1",0.177635524503907
"MIR5090",0.177526639031817
"NRAS",0.177322203564766
"KLHL12",0.177231908958485
"VOPP1",0.177213107345755
"GRIN2D",0.177003778946168
"FAM53A",0.176909759443226
"PMPCA",0.176760134813074
"RNMT",0.176721675784831
"EPS8L2",0.176640352026681
"PREX1",0.176326873398375
"ZCRB1",0.176285809823731
"SORL1",0.176100683426287
"PRIMPOL",0.176089875130391
"NDUFS2",0.176035611997161
"FRMPD3",0.175992090271626
"CASP3",0.175866263388312
"EMC4",0.175744547763508
"ARID5A",0.175397854404532
"JMJD8",0.175289986978239
"RSRP1",0.175267601219961
"ZDHHC3",0.175249564346241
"CPTP",0.175182230677804
"STK10",0.175022768698319
"TAB3",0.17500408684827
"OARD1",0.174988981587938
"TPM2",0.174896949094131
"MATR3",0.174682123052054
"NUP133",0.174524562256354
"HYAL3",0.174193813148583
"DDHD2",0.174180031460336
"RALBP1",0.174082895397055
"DERL2",0.173866635101388
"KPNA2",0.173560633128371
"ZNF48",0.173554361119857
"CDH1",0.173415636731242
"UBAP2",0.173278978781653
"SELPLG",0.173213010063159
"RALA",0.172932178976033
"PBX2",0.172834879697493
"SKAP1",0.172359907308863
"LIMS1",0.172098631757497
"MRPL41",0.171741249504443
"ELL",0.171732141122884
"CYB5RL",0.171699170891891
"AREL1",0.171461143189626
"EFNB1",0.171429831036929
"CREG1",0.171359305470469
"NCF4-AS1",0.171343092712091
"CHPF",0.171305848279541
"ATP1A1",0.171048723614737
"SPRY3",0.170965087727244
"RASGRP3",0.170937702652299
"ZNF233",0.170906088963518
"GPRC5D",0.170675049007293
"PNRC2",0.170406096376331
"CDKL1",0.170211707477497
"MYCL",0.170153322492672
"SUSD2",0.170118016648779
"SMNDC1",0.169381683472856
"NUBP1",0.169080153270075
"VPS26C",0.168992613488961
"DNAJC13",0.168682305191005
"KMT2C",0.168652137098692
"YIPF4",0.16854619999678
"SYNGR2",0.16851575174371
"ITFG2",0.168472563397625
"GET1",0.16828643708702
"CLEC11A",0.168160872966168
"PRR29-AS1",0.168084254240647
"DYNLT3",0.167935779442874
"SMIM29",0.167590040702313
"MTX3",0.167528822353506
"RTRAF",0.167432062432594
"KHK",0.167375438371191
"ERP27",0.167193206382521
"TACC1",0.167153177567619
"EIF5A",0.167144568781589
"ZBED5",0.167088067500557
"PPP1R2",0.167075160249822
"CYP4F12",0.167047898440078
"DCTN1",0.166696968106279
"OBI1",0.166176687412121
"CAPRIN2",0.166090074316136
"INPP5D",0.166006154930373
"DDX17",0.165417854672367
"FAM185A",0.16527163767568
"IRAK2",0.165196223856427
"RBM6",0.164854673149602
"PSTPIP2",0.164848442263556
"SASH3",0.163997111645393
"PDHB",0.163327591113272
"SIGIRR",0.163271061753448
"NDUFB7",0.163146756748512
"BEX2",0.163113300394593
"ATG13",0.16267797840462
"INTS11",0.162513696059849
"CEL",0.162472572071773
"EHBP1-AS1",0.161770564675459
"ROMO1",0.161699188553505
"SESN3",0.161361003105465
"RNASE4",0.161294816833094
"FAM120C",0.161158105231018
"ENKD1",0.160952501048119
"DGKZ",0.160552787279346
"CRNKL1",0.160487201631698
"P4HTM",0.160404061358045
"PODN",0.160370142585561
"PRDX3",0.160299223464044
"STAT2",0.160284115491046
"CLEC10A",0.160253332465362
"PDGFA",0.160217286518873
"SEC24A",0.160140303847726
"STK25",0.159988781968707
"USP54",0.159861714213334
"MBOAT1",0.159769397612163
"RHCE",0.159470430008266
"SNRPE",0.159291200705921
"ZFP1",0.158891731070802
"CCT4",0.15881542393273
"ZNF175",0.158799369667079
"C4orf50",0.158694764391337
"ZNF792",0.158504243893128
"SEC62",0.158433463066534
"SYCE1L",0.158387260087431
"YJU2B",0.157960909588816
"CCDC167",0.157766455631285
"NLRP6",0.15774440684514
"A1BG-AS1",0.157701298319998
"ING2",0.157637590205582
"LINC02244",0.157596949207055
"BTBD3",0.157456264554356
"ZNHIT6",0.157324211058584
"GYS1",0.157297059976005
"GOLGA8H",0.157029029873558
"RAD51B",0.156881826225717
"MAN1A2",0.156801204911044
"CAPN3",0.156765810316051
"KDELR3",0.156750386331664
"STS",0.156596141049846
"NFATC3",0.156576524269649
"GYS2",0.156457604263228
"ZBTB4",0.156401072243938
"ZFYVE19",0.156371861578473
"CFAP97D2",0.15633607460001
"LINC02987",0.15622452757099
"CDK5",0.156144770773955
"BRD3OS",0.156133003919657
"RPS17",0.15611053597327
"DYRK3",0.155716336211403
"GUSB",0.155585282895108
"ENKUR",0.155218551765451
"AIP",0.15517568922222
"SLC2A8",0.155161359425609
"IGFBP7",0.15492484923693
"CCDC163",0.154784868977563
"GAB2",0.154702691162246
"SPTY2D1",0.154534772565779
"LRCH4",0.154509555649529
"SMIM8",0.154484737315836
"DTWD1",0.154299882895627
"CCDC174",0.15414443411458
"SPOCK2",0.154082759370891
"DUS3L",0.154037748049066
"SUN2",0.153947836189601
"PKP2",0.153635413243972
"POGK",0.153590849591212
"DDX54",0.153195476576972
"IZUMO4",0.15307476607854
"HLA-DPA1",0.153068336052716
"DNTTIP2",0.15288283936059
"FADS1",0.152827461694468
"HOPX",0.152617455139807
"GNPAT",0.152529195672964
"CAMP",0.152358871086366
"NUP214",0.152259053739369
"EMP3",0.151658029544274
"MYD88",0.151508563583902
"SOD1",0.151138268965083
"TBCK",0.151126444508996
"MXI1",0.150920880408256
"NFKB2",0.150875162414283
"RPL18",0.150764325114323
"TMEM11",0.150740257041914
"CDIPT",0.150597906942006
"PIAS1",0.150371025052815
"TSNARE1",0.150173302173784
"KCNA3",0.149785918351705
"MEGF8",0.149766276409001
"MIA3",0.149649846175723
"PPM1H",0.149622048424091
"VSIG4",0.149354308234301
"BORCS7",0.149309727843095
"NCAPH2",0.149274795050322
"FPR1",0.149267183273953
"TIAM1",0.149244390537075
"ORMDL2",0.14872026532906
"CEP164",0.148704482639483
"TMT1A",0.148664909969443
"SET",0.148613541320296
"PSMB9",0.148454708653742
"TNFRSF1B",0.148394599169789
"NSUN3",0.148368040265945
"FHL1",0.148301609581501
"MOCS2-DT",0.148244810205787
"VMAC",0.148143987059512
"SURF2",0.148141171072819
"TRIM37",0.148018309415269
"SPDYE13",0.147882993721006
"MBNL3",0.147865772247876
"SLC2A4RG",0.147653231643565
"ZNF226",0.147626608666985
"FADS3",0.147559248362342
"RAB3GAP1",0.147489524784958
"ZFAND2B",0.147467744554072
"MCFD2",0.14735491671957
"YBX3",0.146920954219108
"ZC3H7B",0.146816316257133
"TSPAN31",0.14668171120887
"GZMM",0.146655235901652
"ZNF664",0.146290707273694
"GPM6B",0.146083319893634
"AHCY",0.145417450727603
"MDS2",0.145216768562464
"ZNF548",0.145177169522606
"STRBP",0.145052452586844
"HMG20B",0.144339699158901
"PA2G4",0.14433446880513
"BLOC1S1",0.144160207106768
"UBALD2",0.144044615283113
"TARS3",0.143856694320033
"WDR46",0.143717209869963
"NBPF12",0.143687593880519
"FAM86B3P",0.143637428356558
"ZNF831",0.143566187910571
"ARHGAP11B-DT",0.143531305340278
"MIAT",0.143512451066717
"RNF2",0.143491295493628
"IGIP",0.14325548423074
"BCKDHB",0.142849706878927
"HSD17B1",0.142810681824714
"MAP9",0.142804812015749
"FRG1BP",0.142775266690405
"NDUFAF3",0.142728557196409
"RASGRP1",0.142570359960343
"GLT8D1",0.142513417471711
"SERPINB6",0.142283944251809
"MAP3K7CL",0.142143154280403
"UBAC1",0.141924423780546
"ADGRA2",0.141901651924813
"SLCO5A1",0.141822623313501
"ZNF341",0.141691709914387
"TMEM191A",0.14160516398312
"MMACHC",0.141272859938742
"NR1H2",0.141139362834318
"HSPA13",0.140622546253991
"ILF3",0.140610784933647
"DHRS4L1",0.14048662369137
"ANAPC4",0.140486181536075
"GIT1",0.13999600436933
"CCR5",0.139853931667167
"WDR70",0.139798147809669
"SRP9",0.139643122812095
"HLA-DOB",0.139633020898622
"HSPA9",0.139347777760246
"TEN1",0.139188657551707
"RFC3",0.138876404297007
"MTOR",0.138865437648767
"GOLIM4",0.138689919888402
"PINX1",0.138682693377077
"TOMM34",0.13868144361821
"ELAC1",0.137880044086983
"KAT8",0.137471793040421
"BIRC2",0.137464952985387
"MIR4687",0.137444573839005
"ALOX15B",0.137179827222593
"SHLD2P3",0.137138583613563
"POLA2",0.136993098478558
"SKIC3",0.136897716910311
"PTK2",0.136852503177644
"CYSLTR2",0.136547313461238
"NEFH",0.136420375884371
"MARF1",0.135939964403985
"AMER1",0.135919059234629
"TPP2",0.135883112608687
"TRIM32",0.135830580331407
"WDR11",0.135148537885973
"CFAP161",0.13499525440871
"HSP90B1",0.134826008494754
"PSMA7",0.134733490507628
"UBR5",0.134714691413751
"MTFMT",0.134577992132115
"CRY1",0.134560066088212
"STAT4",0.134462249781997
"ADARB1",0.134412806523681
"SLC10A3",0.134324428751031
"STXBP2",0.13423525317469
"PDCD6IP",0.134218999491207
"CPNE7",0.133753310020025
"PSMB7",0.133731739447578
"NOL9",0.13368742694844
"SLC4A10",0.133539377886078
"H2AC6",0.13351597574225
"BROX",0.133485919420862
"LRP8",0.133470150111012
"P2RY13",0.133464047063218
"FHL3",0.133323264544806
"ANK3",0.133234624218455
"GSKIP",0.133211364555061
"RPL23AP7",0.133011933893454
"DCAF1",0.132986275530852
"PTCD2",0.132970757032173
"IL18",0.132536937107488
"TIMM23",0.13252236430157
"GTF2H4",0.132473269493434
"BCL2L13",0.132356922914913
"ADA2",0.13231431846336
"TMEM43",0.131478809696006
"SF3A3",0.131445704448569
"TSSK6",0.131061863325675
"NFIA",0.130959426597497
"CYTIP",0.130882270425008
"METTL2B",0.130834483904072
"TIMM10B",0.13074031671767
"FCF1",0.130650900604576
"FCRLA",0.130496366292251
"ZC3H11A",0.130152927886403
"SEC14L2",0.130088518938393
"WDR12",0.130018322134827
"CDC14A",0.129975781598348
"SCO1",0.12979769373225
"DYNC1LI2",0.129684067958552
"RPL35",0.129545717729314
"DNAJA4",0.129418098124407
"NSMAF",0.129269527676466
"PIGC",0.129259517171724
"CD72",0.129062249003454
"VESTAR",0.12887468062398
"COPE",0.12882999144359
"DBNL",0.128707527294171
"METTL6",0.128674278725518
"TNIP3",0.128560749312277
"MIR3064",0.128520039188208
"AMIGO2",0.128446240719211
"PKIA",0.128428579833927
"POLR2I",0.128411098716822
"TCF3",0.128124564661977
"FOXM1",0.128035785449257
"SLC39A14",0.127793463103016
"GGTA1",0.127792269081943
"INF2",0.12777473271379
"SRP14-DT",0.126694385160932
"BBS10",0.126666598241336
"SYT17",0.126658217280302
"DPH6",0.126474125826676
"UNC93B1",0.126437434092339
"ZNF107",0.126408939107453
"DDI2",0.126278852768614
"HAL",0.126278185348225
"BCCIP",0.125908215106359
"OPRL1",0.125879180670627
"ECI1",0.125748110500249
"EBLN3P",0.125703247983164
"PANK4",0.125629254045715
"NTPCR",0.12555840836496
"ZNF830",0.125245908637998
"RNF168",0.125225849009426
"SLC25A14",0.125114607043499
"CCM2",0.125061126094164
"LSMEM2",0.125022967409976
"MKRN1",0.124991704851057
"MRTFA-AS1",0.124836574762877
"PAIP1",0.124836350712684
"ZNF384",0.124570359450385
"SEMA4B",0.12453806584902
"NAT1",0.12439675366183
"HLA-E",0.124259738082781
"THAP11",0.124058015343659
"ATXN7L1",0.123881937154179
"RNF207",0.123800644161906
"DERL3",0.123660974420503
"RHOF",0.12363492041112
"CHMP2A",0.123531978141725
"ATP2C1",0.1234830797815
"GTPBP6",0.123323748412914
"LINC00216",0.122866616824761
"SIN3B",0.122809037315814
"ZNF451",0.122674140211077
"CDHR3",0.122623646991448
"CCDC90B",0.122598757482823
"DUSP18",0.122486145430658
"EFHC2",0.122475746788699
"MIR1184-3",0.122420991885831
"AK3",0.122355668541908
"MED8",0.122284870984148
"SGIP1",0.122182611940583
"LOXL2",0.121921370669226
"MRPL35",0.121788157762347
"RABGEF1",0.121739427860377
"FAM171A1",0.121480498664573
"RAB2B",0.121299251873493
"HDHD5",0.121139261519998
"NPIPB2",0.121059120709003
"C11orf65",0.120921917106974
"ANXA4",0.12053927674135
"ANKRD6",0.120519436001081
"GOLGA7B",0.120296623088811
"SNX18",0.120203612073991
"BCAP31",0.119957128185711
"ILK",0.119835697096909
"VPS25",0.119796978506694
"LRRN1",0.119783001068037
"LIN7A",0.119719435500101
"MED4",0.119511570408062
"LINC01547",0.119300275668225
"ZFP92",0.119152142366902
"RMND5A",0.118667568361941
"NARS2",0.118594538367938
"LINC02446",0.118418305338229
"ATG3",0.11821989937628
"CBFA2T2",0.118132162829468
"DDX59",0.118097149444685
"AGAP2-AS1",0.118084007418082
"EPS8L1",0.117998108368391
"ALDH6A1",0.117703887641174
"ANAPC10",0.117519023836397
"PMPCB",0.117456693227949
"ATXN2L",0.117416741100306
"CDKN2AIP",0.117044641848001
"CD1C",0.116978744046444
"ILVBL",0.116922494362292
"TRUB2",0.116920781306416
"SEMA4D",0.116454891408167
"KLRC2",0.115978745974603
"PSME1",0.115885352962113
"LINC03112",0.115853572536504
"CDKL3",0.115713806216086
"ZNF593",0.115406155344716
"SPATA13",0.115283703122858
"NADK",0.1152622258374
"CSK",0.115067539439953
"TAMM41",0.115052739783048
"BBS7",0.114948160001797
"IL18R1",0.114886189417432
"L3MBTL1",0.114675739467539
"FLI1",0.114591545726146
"SAP18",0.11451097140052
"FAM50B",0.114257937503216
"STK39",0.114122956873695
"MED13L",0.113984777618105
"C8orf58",0.113834720168187
"IFITM1",0.113775018433445
"DTX3L",0.113659482899319
"MIR4435-2HG",0.113571049818404
"LRP2BP",0.113549023921232
"MIR4800",0.113514704457083
"NEDD8",0.113390948566059
"RRAGC",0.113173808575865
"CLPP",0.113032724607554
"TVP23C",0.11301742263585
"SUPT5H",0.113005004774412
"NKAP",0.112788184388711
"VRK2",0.112711868586439
"TICAM1",0.112466784492196
"CNNM4",0.112298887411619
"RPS27",0.112213541833537
"PDIK1L",0.112194872144427
"PEX13",0.112025734155622
"BAG4",0.111948822945141
"CARD9",0.1118811174829
"ARHGEF2-AS2",0.111763425809746
"MPC2",0.11172548213306
"PDE1B",0.111680457933882
"DIPK1B",0.111623341231581
"NCBP2",0.1115606846022
"CCDC59",0.111506360016249
"MAL",0.111456687880932
"XYLT2",0.111345628204427
"OVCA2",0.110869747729794
"TMUB1",0.110612137319124
"PCSK4",0.110280847717994
"KCNAB2",0.110277483055718
"GOSR1",0.110260660334187
"TNFRSF1A",0.10994873187186
"COA3",0.109937414956628
"FMO4",0.109796427527022
"WWOX",0.109743719796516
"TBL3",0.109630287152659
"TM9SF1",0.109628207570961
"PPP2R3B",0.109603961163464
"GHRL",0.109311041827263
"STX17",0.109256277156242
"PIGBOS1",0.109241598552502
"ALPK3",0.109180856651429
"RFNG",0.10908695922913
"RIMBP3C",0.109062422899124
"RIPK1",0.108949460940542
"CNPPD1",0.108778354046051
"RPS23",0.108777696621873
"ADCY10P1",0.108543629644975
"AGGF1",0.108447168883157
"ABCC2",0.108422533030244
"PRRC2A",0.108414089869962
"DNAJC5",0.108242562261047
"LINC00989",0.108203058158608
"GALNT7",0.10815079461145
"LINC02693",0.107797124902202
"FAU",0.107764601397294
"C9orf40",0.107465927012808
"RUSC1",0.107463163083297
"APEX1",0.107286734734379
"GPX7",0.107285133522868
"PNISR",0.107227311074978
"GTPBP10",0.107059787348016
"HPCAL1",0.106968779395546
"HPS6",0.106933900691158
"ZNF853",0.106908099093323
"DYRK1B",0.106824129393809
"IRF1",0.106687182505069
"ANKRD18A",0.106621003755275
"EFCAB5",0.106501770790522
"CEBPA",0.106422439265864
"CPO",0.106238409303868
"NRAV",0.106032540205674
"UBASH3A",0.105965187764617
"EVA1C",0.105911168691282
"GTF2E1",0.105754350255064
"DGAT1",0.105731154981285
"MAP7",0.105567571980764
"MRM1",0.105537325494869
"EIF2AK4",0.105502915703089
"GRIN3A",0.105317233649036
"BORA",0.105217227190928
"NOSIP",0.105090496154578
"DHRS11",0.10495596076658
"EXT1",0.104424069649801
"H1-0",0.104329959875821
"TMEM8B",0.104170300553448
"RARA-AS1",0.103885340656636
"NPIPB8",0.103824336665454
"MSANTD3",0.103807889508848
"DTWD2",0.103730287304466
"MCRIP1",0.10349496176099
"RPS24",0.103352129677505
"UQCR10",0.103261182637151
"KIF3A",0.102966948144821
"VIPR1",0.102945951665648
"RNF5",0.102942943289981
"IFT56",0.101971741599723
"SREK1",0.101890514769158
"PROS1",0.101759917999461
"THBS1",0.101260639251434
"EPRS1",0.100978004097425
"EED",0.100854262423432
"CLYBL",0.10076393075758
"RAMAC",0.100528011875879
"FEM1B",0.100366707362416
"HHAT",0.100309609324313
"ABI1",0.10016283654836
"SETD1B",0.100113630262262
"ZNF436",0.100087765106863
"COMTD1",0.100071574605513
"ATF4",0.099949672497456
"GPR55",0.0997059217326532
"KCTD18",0.099691968884548
"ATP6V1C2",0.0996493925396898
"LMNTD2-AS1",0.0996365219819968
"KIT",0.099307575909133
"NT5M",0.0992753853660959
"TIRAP",0.0992478455984867
"NR1I3",0.0991878356146168
"IGF2R",0.0991801060792907
"DLST",0.0991458204526544
"CRYBG1",0.0990992600444478
"SEC23B",0.0990305323839881
"P3H3",0.0988641438619244
"FOLR2",0.0987365008094244
"AIMP1",0.0985346852059286
"NUSAP1",0.0984869478397931
"SLTM",0.0981268522012054
"WNK1",0.0980686734363474
"CADM1",0.0979431108450327
"OGFOD2",0.0979072658303598
"VSTM1",0.0978735790392393
"B3GALT6",0.0976941438893148
"UCHL3",0.0975873867061643
"GID4",0.0975192933270909
"ANKS3",0.0974866167704639
"SUPT3H",0.0968101867746858
"BMP1",0.0967851512487171
"UCP3",0.0966753926720913
"ZNF319",0.0966052402587969
"UBE4A",0.0965708004334487
"FZD5",0.0964678211810296
"LINC01891",0.0963253917094653
"ARHGAP1",0.096127289173122
"SNRNP48",0.0959069510152898
"CALR",0.0955892091101074
"MOB1B",0.0954910146218509
"P2RY2",0.0951229109558509
"CCNH",0.0951090862033423
"PDIA6",0.0949939720306738
"ZBTB43",0.0947300987458107
"RRP15",0.0946652483783691
"PSMG3-AS1",0.0945985085622047
"AK5",0.0943521473165895
"NRG4",0.0943125339535541
"TLE2",0.0943088380907808
"EBP",0.0942425365615762
"RNF126",0.0940621451191278
"CLCN7",0.0939767147698747
"SERBP1",0.0936990161780964
"RETN",0.0936800078836496
"TCF12",0.0935409599130734
"KCNMB3",0.0935261518715399
"GLS2",0.0934378797973486
"ZNF439",0.0934357100410863
"NCOA4",0.0930092453405845
"ADGRE1",0.0928676732795351
"ERAP1",0.0928638514966567
"ZBTB37",0.0928575272975642
"KDM5A",0.0927630054425445
"XRN2",0.0926700328981349
"FAM50A",0.0924597406254333
"SVIL",0.0923405713272833
"SMIM3",0.0919835131317064
"GASK1B",0.0918516363363097
"SF3B1",0.0916251784547972
"PCNX1",0.0911433463989664
"SMIM30",0.0911360151584484
"SGSH",0.0911102166141961
"PRNP",0.0910002433810003
"ZMYM1",0.0909106261886235
"CCDC97",0.0907898057001485
"SRP54",0.0906429114878893
"YAE1",0.0902607132254796
"M6PR",0.0896415015237942
"GBP1",0.0895192974052757
"IPO7",0.0895190783748233
"RHBDF2",0.0891456110625686
"DPF2",0.0890852073942336
"LYRM2",0.0890332922247632
"PGM3",0.0888881359263728
"SPINT2",0.0888140683392212
"ELP1",0.0888132324798436
"MUL1",0.0887020704999125
"ZNF655",0.0886676383978784
"CCNDBP1",0.0886664629377999
"MYCBP2-AS1",0.0886596246880001
"DUSP3",0.0885051621436275
"MRPS35",0.0884936976726066
"CANT1",0.0883009665400998
"ALDH5A1",0.0882287508041181
"RRM1",0.0880499195855811
"RAB27B",0.0879759738772671
"IRF5",0.0879341798004068
"SGO2",0.0878565422640671
"PAIP2",0.0877812650130376
"ALYREF",0.0876662851265774
"BCAS2",0.087539938465214
"SLC18B1",0.0874960175116152
"BRCA2",0.0871109900511383
"ZNF182",0.0870625809819637
"RBCK1",0.0870322482254088
"IRF7",0.0869152804598307
"ACSF3",0.0867343864093648
"NOL10",0.0866833507498684
"RABGAP1",0.0866372441553733
"CSNK1G2-AS1",0.0866136317500888
"TMEM164",0.0865626882481249
"PRMT7",0.086491515828427
"NUDT13",0.0863470126730131
"PKN1",0.0863188127289232
"IREB2",0.0861264007328924
"C12orf76",0.085758771362211
"IFT88",0.0857315061167889
"FOS",0.085602701212844
"SNRK",0.0853905458360661
"TOR1AIP1",0.0851605669442774
"CIB1",0.0851044727385926
"SLC6A6",0.0848779791919128
"LINC02580",0.0846614961394905
"ZDHHC14",0.0844992099247787
"DHX57",0.0843878996529354
"UFD1",0.0842317455148127
"RFFL",0.0842020268000522
"APOLD1",0.0841806068060492
"PRDM11",0.0841601915044729
"SCNN1D",0.0841467141256891
"SCRN2",0.0840955834074263
"TNFSF13B",0.0840233260327117
"SLC4A8",0.0836273957823378
"HSD17B4",0.0835413229445512
"UBN1",0.0833686362972388
"PEX19",0.0833372356531709
"DDX55",0.0833232964148721
"RP9P",0.0832772020300344
"DDN-AS1",0.0829341316132839
"NUDT19",0.0826242752181347
"MYO9A",0.0821716960705961
"POGLUT1",0.0818342470824185
"WDFY3",0.0816077082742104
"POLM",0.0813454580355852
"MAP4K1-AS1",0.0813265988250957
"TPPP",0.0812192984241846
"CCT7",0.0809390341541593
"DNAAF5",0.0808833899829311
"PARK7",0.0804525558833476
"NPIPA5",0.0803758838690295
"LINC00926",0.0802527369957712
"VPS29",0.0801734469073351
"HCG18",0.080114840027246
"GARS1",0.0800099394236636
"SLC9A9",0.0799534519035746
"BLVRA",0.0793729521472557
"THUMPD3",0.0791098332327689
"SLC31A2",0.078865040024588
"STRIP1",0.0788056157063627
"CD300LF",0.0786175013121628
"MUC12",0.0785469043055276
"SLC2A11",0.07847958135435
"NBAS",0.0784783345097963
"NAGLU",0.0784720719397715
"ORC2",0.0784082711705274
"FOXJ1",0.0782243031744966
"ACTR1A",0.0781883087829047
"TM4SF19",0.0781068110357129
"SFXN2",0.0780610747153567
"PLEKHG4",0.0778863246994097
"LMAN1",0.0774980360606356
"WHAMMP4",0.0773857008861806
"ARHGEF2",0.0773596657135461
"COX10-DT",0.0773568940379865
"MGAT2",0.0770219305172126
"SLC44A2",0.0768791988413909
"LAMTOR2",0.0768715431904714
"ACBD6",0.0768671752953092
"CSNK1G1",0.0768046494607108
"NOC3L",0.0767843178579871
"KIFC1",0.0767630261460974
"NCAPG",0.0766417078471794
"NINJ2-AS1",0.0763984549969284
"SLC25A12",0.0763406820936862
"TTC39C",0.0762790156364192
"CLN8",0.0759543833685045
"CACNA1I",0.0758470055734542
"GAS8",0.0756804642290505
"GPR82",0.0755971783233018
"UFSP2",0.0750775550515015
"EFCAB13",0.0747465130856722
"TAF1A",0.0746654071522428
"RRN3P3",0.0746238806306427
"ATF6B",0.0746164176297568
"ERP29",0.0744744590355616
"ZNF641",0.0744582967937169
"RPL3L",0.0741583347536523
"ZNF446",0.0740462272468538
"FKBP6P2",0.0740295564057921
"KDM4A",0.0739688920384457
"COLGALT2",0.073858480118871
"SSR1",0.073770266127482
"TFRC",0.0736444309389429
"FTCDNL1",0.073619757479903
"MEF2C-AS1",0.0735927219702778
"OR52N4",0.0734183145630575
"PDE7B",0.0732670424145942
"NAV1",0.0729981821771468
"PLEKHF2",0.0728242731436859
"GOLGA8J",0.0726702438007793
"PSMB10",0.0724229826713725
"PIAS3",0.0722534922946964
"TMEM30A",0.0722381656891558
"ANKRD13D",0.0722128424625044
"ZNF133",0.071917828307268
"PIBF1",0.0716724502628381
"TIMM13",0.0716668289675704
"CDCA7",0.0715644490986929
"NDUFS6",0.0715038012377233
"TAX1BP1",0.0714057923903226
"STING1",0.0713460276143685
"MFSD13A",0.0712956892682865
"RBFA",0.0712879987401646
"ANKS1B",0.071212842730603
"USE1",0.0707299633263619
"EPB41L2",0.0706706791526515
"TYK2",0.0698900665677673
"SNHG32",0.0695420725079366
"CD300E",0.0694843366748557
"DRD4",0.0691785035428269
"DDX18",0.0689225002869341
"RHD",0.0689069823257991
"MRPS24",0.0687579199942331
"HK1",0.0686286016175541
"SYN1",0.0685382575498728
"KIF16B",0.0685138175215911
"CKAP5",0.0684060279942534
"OSBP2",0.0683403790586173
"URGCP-MRPS24",0.0682753646884345
"PIK3CD-AS2",0.0678887790368307
"PVR",0.0674081383741949
"ETF1",0.0671603544149544
"CIMIP2A",0.0671271450636573
"MT-ATP6",0.0670907821535235
"BPNT2",0.0668386861839543
"RC3H2",0.0667898962300741
"CUL9",0.0667819990580427
"STUB1",0.0662165828504611
"KIAA0319",0.0659930323880378
"FBXW2",0.0658199086928191
"SHOC1",0.065659242195252
"ASDURF",0.0655928067349133
"PRKD2",0.0652856206208049
"KBTBD7",0.0652215023296284
"MANEAL",0.0648659660117625
"GPR160",0.0647697949675224
"PUF60",0.0647299937607702
"RWDD1",0.0646058481273477
"ACIN1",0.0643260024092721
"RNF20",0.0639640037348933
"NAXE",0.0639438806658666
"RNF181",0.0638581646655294
"MTMR12",0.0637685333143534
"SLC30A5",0.0636385202100831
"ATP1B1",0.0635710555616134
"DDX41",0.0635565919262449
"RGS16",0.063489927720717
"CORO1A",0.0634573927889524
"SC5D",0.0633886819174388
"DLEU2",0.0632324020313439
"NFX1",0.0627920000988989
"SNRNP35",0.0627118572589017
"RBIS",0.0626869691469449
"EGLN2",0.0626623902576197
"TRIP12",0.0624820593224057
"PPFIA3",0.0624015639280718
"LARGE2",0.0622285343044364
"RPL36AL",0.0620516331539825
"RPRD2",0.0619982289518013
"CMTM8",0.0618317204200558
"VSIG2",0.0616092784924068
"RBM4B",0.0615524292977643
"ZSCAN12",0.0613501726077773
"DENND3-AS1",0.0612340509731666
"NDUFAF6",0.0610570941167463
"VCPIP1",0.0607688948587187
"NFKBIZ",0.0606507027385049
"NUDT7",0.0601888597237724
"SIVA1",0.0601860492098602
"ANGPT2",0.0600617933632229
"CASC3",0.0599370294503371
"ERLIN1",0.0599220711218112
"PLCB2",0.0597504174878496
"IL17RA",0.0595796572438
"MROH1",0.0594355988163111
"CD164",0.0592665577442294
"CDYL2",0.0591667457490858
"CARD8",0.0590905965992991
"GCDH",0.0587840254090766
"ZNF519",0.0585489595609358
"CDK17",0.0583711335691219
"TNFRSF17",0.0583595442539547
"SPIN4",0.0583180399158488
"MTFP1",0.0582772481932193
"LATS1",0.0578525645604415
"PPP1R15B",0.0575198545158915
"CTBP1",0.0573517471100288
"CUTALP",0.0573481471333955
"PEAK1",0.0566496191956616
"LINC01772",0.0565424918134755
"SLC9A7P1",0.0564163886326158
"AAK1",0.056411418487198
"IFT140",0.0564004325891049
"ASNSD1",0.0563656371389115
"SNHG11",0.0563478722968362
"POLR2H",0.0562810311452029
"EXOC1",0.0562612879909823
"TPRG1L",0.0561170759998215
"BANF1",0.0559445693837162
"NGRN",0.0559338004244916
"TMED1",0.0559264031062332
"MFSD14B",0.055839668473771
"ARMCX6",0.0558280991649504
"OTUD5",0.0557386707974162
"PHF23",0.0557284455638121
"LRG1",0.0555249141418619
"RPS6KA5",0.0555129657765265
"ALOX5",0.0554509898814925
"LINC01943",0.055326889077925
"SPTBN1",0.0546916261648855
"RTL5",0.0546906104573212
"LYPD3",0.0546521125952647
"MSRA",0.0543992481769547
"TNRC6C",0.05418600764818
"PIK3CB",0.0537921393977854
"KIF1B",0.0534952643970971
"CHD6",0.053339168763083
"UBE2Q2P1",0.0532140573175846
"SURF1",0.0529973207149712
"SLC25A53",0.0529178559108972
"VWF",0.0527718799530141
"SMURF1",0.0526992956673998
"INTS3",0.0521748869149144
"FMNL1-AS1",0.051895042348595
"PIK3R2",0.0518560136299792
"HSD11B1L",0.0513987033659727
"ATP6V1C1",0.0512706990999166
"TSEN2",0.0512076167052374
"LANCL1",0.0510830120881555
"REXO1",0.0508932201104026
"HIRA",0.0498743061460953
"PCCB",0.0498584336419121
"SERPINF2",0.0495620187982314
"FMC1",0.0494597962752664
"LINC02033",0.0492214146422387
"PPP6R2",0.0490190804104483
"U2AF2",0.0489901342825096
"LGALS3BP",0.0489867231412482
"UNC13D",0.0489787938942984
"RPL11",0.0487114178299135
"BIRC3",0.048518222766421
"OSER1-DT",0.0484758106252393
"NDUFC1",0.0482919489620836
"ZNF425",0.0482409624565713
"LILRB1",0.0481296265715359
"AMOT",0.0480922267445334
"TMEM121",0.0479826071765393
"SUPT20H",0.0476913238571609
"ANKRD9",0.047624238918748
"ATP7A",0.0475304767504148
"FAM217B",0.0475241618313947
"EFTUD2",0.0474344789477391
"C11orf68",0.0470942178083644
"TRMT2B",0.0470761031204447
"SPMIP4",0.0469091824177982
"MIEF2",0.0466966042319443
"ZNF626",0.0466129501884386
"ELAPOR2",0.0465711689697676
"OTUB1",0.0464384504137495
"IFT172",0.0463960166977393
"BOLA2-SMG1P6",0.0460402892856452
"UBE2E2",0.0460293003979525
"C12orf60",0.0458157784189324
"GPR155",0.0457998023238803
"GCHFR",0.0456898064841937
"RAB12",0.0456536505249962
"DEPDC5",0.0453138793660312
"PCBP2",0.0449903908631418
"ERI2",0.044903719362974
"DNAJC19",0.0446729219722178
"RPS13",0.0444904027030661
"PLIN5",0.0443958627141594
"POLR3H",0.0443585219835489
"RALY",0.0441263241280408
"PTK6",0.0440669582551085
"EIF3C",0.0439681595556141
"GREP1",0.0438644748303198
"MACIR",0.0435592784119437
"HSP90AB1",0.0435545476652391
"PCNA",0.0435363492667004
"NINL",0.0434407958819915
"ZNF587",0.0434367426496611
"HSF1",0.0433433556383452
"SNX3",0.0431518969205012
"ZSWIM7",0.0428722925443457
"CCDC115",0.0428293053616539
"C5orf34",0.0427299360120755
"CBARP",0.0426611527004668
"THTPA",0.0425255957195792
"TMEM219",0.0424306028364465
"BTK",0.0422352051383247
"AFG2B",0.0421790234283289
"COPG2",0.0420818747857867
"PTGIR",0.0419872652598767
"ZNF223",0.0418483928169804
"ZFAND6",0.041601819546222
"INTS9",0.0415308806052438
"TRPV2",0.041143746344296
"SLC9A8",0.0409299733006515
"GSDMB",0.0404979234115592
"MAX",0.0404454493239356
"RAB11FIP4",0.0402236883237462
"RNF103-CHMP3",0.0397751843707667
"GLT1D1",0.039500700366038
"CRTC2",0.0392155034047941
"TRAPPC3",0.039207632192948
"C11orf71",0.0390430008279165
"ERG28",0.0389443655192684
"CD163",0.038762414532789
"KATNBL1",0.038519181105598
"TAF10",0.0382334128070889
"MAN2C1",0.0381257390531314
"SYT11",0.0380866771178467
"HDAC10",0.0380050743813493
"ATXN7L3-AS1",0.0379456932875959
"POLR1B",0.0379299462212746
"CDH4",0.0377751776122497
"UTY",0.0377385447771579
"ZNF575",0.0376244369225642
"NRBP1",0.0376163385261659
"ABLIM1",0.0375416531379895
"RPS16",0.037518863357876
"SCAF1",0.0370370118305249
"FAM227B",0.0370123088051304
"MIR6797",0.0369953100033592
"ASTN2",0.036934450246722
"ZNF268",0.0368961812931167
"MT-ND5",0.0366424073833301
"PDZK1IP1",0.036454467984715
"RTF1",0.0364039829371951
"CREBL2",0.0363705545210696
"ALG14",0.0357076926099253
"ZNF557",0.035425777567088
"RDX",0.035175942593656
"DNASE1L3",0.0351246829741402
"BMAL1",0.0351152460576545
"UBOX5",0.0350429001763037
"CHSY1",0.0350283361425039
"SNAPC2",0.0349851006454563
"STAB1",0.0348293404532692
"RAD51C",0.0348139458517304
"TOR1A",0.0347867237084278
"SCLY",0.0347835602910724
"SLA2",0.034540529231611
"SEL1L",0.0344016282677107
"LNCRNA-IUR",0.0342672493120414
"GTF3C5",0.0341220894305767
"WNT2B",0.0341021217115724
"MIR3614",0.0340905877537067
"TTN-AS1",0.0340761021403203
"HSF5",0.0340247631289786
"CFAP73",0.0339952920285755
"CREB3",0.033688310316908
"SCCPDH",0.0336583865355042
"TMCC1-DT",0.0333710420062261
"CITED2",0.0333461675639201
"RPS4Y1",0.0333184194694063
"CEP44",0.0331980853058763
"ZNF710",0.0330045596298453
"LINC00852",0.0328945225151336
"NUP37",0.0328241731455344
"ECPAS",0.0327372419592294
"ZKSCAN5",0.032602064286357
"EZR",0.0325212110269946
"CCDC88A",0.0325087579228049
"LONRF3",0.0322580104965368
"PHETA1",0.0322526840644737
"SEC61A1",0.0321789782816949
"CD86",0.0319983701353205
"ZNF341-AS1",0.0319657313065246
"ELP6",0.031816002466788
"STAP1",0.0316925197177313
"TYW3",0.0315562396051626
"TEX264",0.0314710855816279
"RALGPS1",0.0314316992473623
"FBXO36",0.0313741419320666
"PMS1",0.0311339378168688
"CLIC5",0.031095298629607
"CYC1",0.0308606460946034
"WDR48",0.0307221333683758
"GADD45B",0.0306718026113358
"POLI",0.0304532392881602
"USF1",0.0301529418828736
"RBM26",0.0300885465824085
"THG1L",0.0300612451339349
"AK9",0.0299198206862319
"CSTF3",0.0298985980207887
"CXCL1",0.0298653362755062
"ASPHD2",0.0297011187388214
"RNFT1-DT",0.0295973916895591
"SLC39A9",0.0295120641123411
"THOC7",0.0291073144015275
"NDUFAF8",0.0289360144981175
"NDUFA9",0.0289188217805775
"METTL25",0.0284493381418434
"CYREN",0.0281149056449339
"ZNRF1",0.0281093885601975
"CNRIP1",0.0279472519344583
"EPN1",0.0278742600182618
"SART1",0.0278533560969572
"TRIM5",0.0277782604245448
"MIR639",0.0276370702882798
"HNRNPR",0.0275817877909846
"H2BC8",0.0274173766067793
"CAMK2G",0.0273584909570943
"ANAPC1",0.027342019902397
"NDUFV3",0.0270708933748789
"ZNF354C",0.0269708957192026
"SMIM12",0.0269589074329148
"ITGB1BP1",0.0267778492517015
"CHMP2B",0.0267385170393441
"TATDN1",0.0265474642123888
"CPED1",0.0263936827331458
"ERLEC1",0.0263579429299042
"MYO18A",0.0263216668484922
"LRRC27",0.0261305481203007
"CLC",0.0261248542890309
"CYB5R1",0.0259474356696301
"UROS",0.0255777428672052
"VPS13D",0.0255731088122996
"GOPC",0.0254938342144875
"FBXO41",0.0252887307208303
"ZFAND4",0.025174285915511
"ZNF43",0.0250025936528415
"ZNF654",0.0247490792344114
"CHST15",0.0244349842230693
"DDX60L",0.0240479571051417
"SPG7",0.0238165178980582
"ZNF318",0.0236833052478249
"SNIP1",0.0236754687113747
"EMC1",0.0234889426015736
"MTA2",0.0234761274018799
"SHQ1",0.0234314621327618
"ZNF790-AS1",0.023358100933896
"CROCC",0.0230649001691341
"THOC2",0.0227538342781496
"ZNF148",0.0226962375251049
"RBBP7",0.0226393856313284
"CD101-AS1",0.0224701726410432
"MLST8",0.022336779896288
"CYTH2",0.0222732492888198
"HPS1",0.022173412245083
"MIR4444-2",0.0216543354457553
"CCPG1",0.0216114058024952
"DENND1C",0.021582087226199
"MRRF",0.0214436852059218
"ADGRA3",0.0213620249854984
"PYCR2",0.0212202849443698
"CCDC121",0.0209286647609925
"NONO",0.0209018303436142
"CIRBP-AS1",0.0207856726605543
"BRAT1",0.0204950587870864
"SPIDR",0.0200957061815193
"SCIMP",0.0199003183977762
"MUC20",0.0197285410579387
"CCL3L3",0.0193807488393017
"WDR91",0.0193756066352954
"TRAPPC10",0.0189568516288627
"EIF4E2",0.0186185585599271
"CCDC66",0.0185135017845494
"B3GALT4",0.0184531130334197
"RCOR1",0.0184144692028169
"RN7SL1",0.0183885981113961
"PGA3",0.0182033433429096
"KAT6A",0.0181649497428427
"TMEM119",0.0180942375183327
"SLC25A34",0.0180122666288485
"ATF7IP2",0.0179756885494659
"MIR3654",0.0178122901826473
"GGA1",0.0175239972362363
"NFAM1",0.0174556220137615
"PGA4",0.0174328296191401
"NEK3",0.017227434740202
"CD24",0.0169935177413452
"TMEM241",0.0166144224256622
"HS3ST1",0.0165743850944536
"CHMP3",0.0164637163099982
"GOLM1",0.01645360207604
"GTF3A",0.0163115363372879
"LRRC23",0.0162816463308482
"EXOC4",0.0162215206457878
"ETFA",0.0160910102932908
"KCNC3",0.0158684866502633
"CEP63",0.0157989480353751
"SETD3",0.015731174293325
"CCR6",0.0153808265076267
"ZNF428",0.0153580043070911
"METTL5",0.0150634303959941
"LCK",0.0150036927937742
"HMGB2",0.0149836714555235
"PYROXD2",0.0148404105661549
"RAPGEF3",0.0145939699062072
"RAD21-AS1",0.0142123933146461
"MRPL57",0.0139162636202522
"ENTPD8",0.0136933451606388
"CLDN9",0.0136568174984456
"NUDT4",0.0135728400823411
"TBC1D15",0.0130223629791302
"EIF3D",0.0125138717537998
"RBBP5",0.0124958629055469
"DNAJA2",0.0124498714850254
"SIRPG",0.0124384571388412
"NUP210",0.0123932053425586
"LYSMD3",0.0122554143614474
"DCTN6",0.0122309198696208
"COX7A2",0.0121342064908321
"PDGFD",0.012109183608518
"ANKRD13C-DT",0.0120713101221145
"SNX5",0.0119731834042267
"ETFDH",0.0118427494328851
"ANKS6",0.0117361621621286
"PABIR3",0.011261137343988
"RPAP2",0.010930733768448
"SLF1",0.0109097660394444
"MLLT11",0.0108650536862208
"CCDC92",0.0108229276764925
"TMEM260",0.0107206988739736
"C19orf25",0.010576343643989
"SS18L1",0.0105138224182615
"PLB1",0.0104664802958351
"FAM110B",0.0104589258125495
"MRPS34",0.0103746842209567
"DYNLT1",0.0103520846180856
"RGCC",0.0102424528644816
"SPAG8",0.0101039812212959
"CCDC134",0.00980286526041017
"PPIB",0.00967430727813228
"LRRC39",0.0096194863944922
"PIGX",0.00938960219586009
"ACTMAP",0.00931923857634436
"PSMC1",0.00929400376127034
"LINC02035",0.00920335902836866
"SLC25A20",0.0089574543527234
"TMEM176A",0.0089089074435974
"MRPS7",0.00864410151091642
"B4GAT1-DT",0.00862081098372621
"KIR2DL1",0.00861185429063961
"RDH10",0.00839534533894895
"COQ5",0.00828520628827418
"UBXN2A",0.00823903275681261
"CCDC112",0.00819448256397817
"IFNG-AS1",0.00806208674034565
"NGDN",0.00776591511720307
"GPR199P",0.00774305807848957
"SLC2A1-DT",0.00771458341445181
"RPL13AP6",0.0076589645216959
"NBN",0.00763424716888207
"SDR42E2",0.00760469499070326
"HCLS1",0.00734236736772391
"TOP2A",0.00720425961277412
"SLC20A2",0.00714172113397375
"BCLAF1",0.00696138631855946
"MAP3K13",0.00682879443779849
"LARS2",0.00675666983911579
"CRYZL1",0.0067455135871572
"P2RY6",0.00673921121151168
"BRIX1",0.00667669071031349
"RFX5",0.00664772075340543
"PHF2",0.00661918825890087
"LETMD1",0.00649707365732414
"NEIL2",0.00647811019057014
"POM121C",0.00625332447776619
"EPB41L4A",0.00624698052202686
"KRTCAP2",0.00615461173450395
"MMP8",0.00609373400885283
"ANKRD54",0.00585653955674823
"SNX16",0.00580347710966604
"ZNF33A",0.00573477830587653
"KCNH2",0.00532288323716596
"HERPUD1",0.00527421122505768
"MFAP3",0.00474189145219342
"C3orf62",0.00460060854991476
"ACD",0.0045231843157772
"CDKN2D",0.00443364531265976
"RBMX",0.00436936598206808
"SYNC",0.00430310753656587
"DNAH10",0.00427070195384577
"TK2",0.00412330882360899
"MT-CO1",0.00412120796165327
"IL15",0.00402645827842662
"MVP",0.00400594140618059
"TAF1B",0.00365014364698077
"STMP1",0.00362151537722457
"FNDC3A",0.00337279965345612
"MFSD5",0.00330685635948298
"ARL6IP4",0.00318997122570517
"HDDC2",0.00283641031500275
"ANP32B",0.0027969473041631
"TFB2M",0.00257505420630452
"MTCH1",0.00241687057432056
"MIR5193",0.00241498533833888
"AFMID",0.00231454981847849
"POLR2B",0.00214255005614213
"BACH1",0.00207084551759474
"UBE3A",0.0020637297304507
"MTHFS",0.0019833718470974
"ADGRD1",0.00188224054195454
"KCTD21",0.00172793026222563
"USP4",0.00148629113124369
"PTGER4",0.00137974064450246
"CHST8",0.00110906740927053
"TBC1D22A",0.00106255932587433
"FAM220A",0.001015654194968
"C15orf62",0.000771239716645989
"MXD1",0.000721481670136132
"GTDC1",0.000655476368605635
"CCT3",0.000523992055903237
"RPS20",0.000510195455148849
"GSDMD",0.000500466698197561
"GTF3C2-AS1",0.000483925361130758
"SMARCA2",0.000214273239152185
"DRG1",0.000210992247780656
"ATG4B",-2.15939091811406e-06
"TOMM70",-0.00011736015824257
"YPEL2",-0.000301794676797934
"KPNA3",-0.000308474899937993
"PSMC3IP",-0.000743226925171917
"ARPC4-TTLL3",-0.000831199124027935
"MAP4K1",-0.00102714670052692
"PTPA",-0.0012115250482945
"ESYT2",-0.0014295707304637
"HHEX",-0.00153945819671484
"RASA1",-0.00167459348672161
"ABHD14B",-0.00189213319969791
"CREBBP",-0.00200331230839288
"SWI5",-0.00202441519353863
"NBEAL1",-0.00226685629341002
"NT5C2",-0.00246374098763161
"SMCR8",-0.00250253129485123
"FIBP",-0.00262359282716307
"FAM32A",-0.00272750996033395
"MSI2",-0.00295105765388184
"SLC2A4",-0.00340714863607128
"BRPF3",-0.0034111160983955
"PEDS1-UBE2V1",-0.00341537206001318
"ASPM",-0.00342316943504307
"ARFIP1",-0.00367682285480487
"IER5L",-0.00373368600060544
"JAGN1",-0.00374617373942555
"GABARAPL2",-0.00378426358574564
"CD74",-0.00400381916717133
"SKI",-0.00425021609911665
"ABCA13",-0.00429890472206396
"BIVM",-0.00432010652588987
"PDLIM2",-0.00445749543508737
"DCAF13",-0.00454591401874356
"XYLT1",-0.00459392104326775
"FUCA1",-0.00466149904338023
"NT5C1B-RDH14",-0.00483851201486706
"NAB1",-0.00487224412825789
"NIF3L1",-0.00494869732567282
"C15orf61",-0.00496869739282559
"ARL15",-0.00514350034696209
"UBR4",-0.00521579146563973
"HAUS2",-0.00523472797236265
"CDC42EP3-AS1",-0.00554786577980024
"ZNF708",-0.00574302938628557
"BCKDHA",-0.0057669073919389
"OGT",-0.00617840942836619
"ZNF532",-0.00627066611939199
"WNT10A",-0.00629697273854624
"RECQL5",-0.00637401904317199
"NMD3",-0.00638840778468411
"TTLL12",-0.00693041237923966
"SH3GLB2",-0.00718677735275122
"ABHD2",-0.00726107892678746
"COMMD7",-0.00757616067242489
"NCOA2",-0.00769372178197615
"CCNT1",-0.00796333498710978
"MRPS11",-0.0082199736735215
"SLC9B2",-0.00828083390526885
"BRWD3",-0.00881139757262291
"PLCH2",-0.00883487029958659
"G6PD",-0.00883556371333321
"POU2F1",-0.00912684263410391
"MX2",-0.00923463830457566
"DGKQ",-0.00955804286392127
"GNAO1",-0.0101866819959322
"ITGB3BP",-0.0102065439919421
"PVALB",-0.0105546762164665
"CTSF",-0.0108615264460574
"COMMD8",-0.0108709066189995
"SLC5A5",-0.0109352343102799
"APOL6",-0.0111694941846046
"RPL31",-0.0114636297923785
"LSR",-0.0115527340251726
"TRIM3",-0.0119446510435523
"NEDD8-MDP1",-0.0120671149677411
"TMEM265",-0.0121403205814528
"ACAA1",-0.0122277349463029
"CEP120",-0.0124328722281457
"SLC35D1",-0.0126441420932479
"SECISBP2",-0.0126695963802905
"NUP98",-0.0127006422614199
"FRA10AC1",-0.012732456769824
"MED9",-0.0129607118493417
"MAPKAPK3",-0.0131609717653486
"ABRAXAS1",-0.0131827930875949
"PSMD10",-0.0132162837490266
"ZNF619",-0.0134809629491065
"RBM12B",-0.0136346081329445
"MEF2D",-0.0139267042421275
"MMP25",-0.0141823762749333
"TRIB3",-0.0144717362807857
"IQSEC1",-0.0148041896453472
"N4BP2L2",-0.0148594690045234
"GNL3L",-0.0148923004932019
"TMEM200B",-0.0150012035894742
"SPOP",-0.0150654044561989
"BAX",-0.0153349744227852
"GNL2",-0.0154825317684865
"SEC11C",-0.0156759296882542
"TUBE1",-0.0158223529250806
"CDIN1",-0.015841025286516
"ADD1",-0.0161286556635866
"STARD7",-0.0162421505664253
"RCHY1",-0.0163153624676126
"RNF19A",-0.016320410672846
"GPR183",-0.0164381190739796
"ZNF888",-0.0164980810186383
"VRK3",-0.0166295070361408
"MNDA",-0.0167442071696697
"DYNC1H1",-0.0167899267093399
"FBXL12",-0.0168161853980745
"RPS15A",-0.0171499208904096
"ZNF790",-0.0175076911643672
"GFOD3P",-0.0175920187015345
"SFT2D3",-0.0177315502104861
"TULP4",-0.0177457879861306
"ATXN3",-0.0177482096897862
"ZDHHC20",-0.0179592195240671
"MARVELD1",-0.0180258541146027
"C6orf120",-0.0181445253891695
"CERCAM",-0.0182652540145655
"ZNF658",-0.0184464365175069
"INAFM1",-0.0186070622978409
"C2orf69",-0.0186947253173169
"MIR636",-0.0188096746555778
"TPT1",-0.0189196946971802
"CD8A",-0.0189969095492385
"SMCO4",-0.0194598523670876
"HELQ",-0.0196496409659935
"MAFK",-0.019797382582079
"LTF",-0.0199168386862901
"HFE",-0.0199212935887543
"CHKB",-0.0199805580474613
"SPMIP6",-0.0200060123464497
"IGBP1",-0.0200392048581227
"ZCCHC7",-0.0202574072771753
"CALD1",-0.0203163970620113
"SHE",-0.0205790822036139
"XIAP",-0.0207731711228564
"NRGN",-0.0208001182415277
"HDGFL2",-0.0209639952011484
"OXNAD1",-0.021152114491106
"MIR762",-0.0215589886673601
"LONRF1",-0.0215768350875605
"AFG1L",-0.0216232464398195
"MIR3142HG",-0.0217119548274822
"NCR3LG1",-0.0217891593825421
"CELF1",-0.0218120017678463
"UQCC3",-0.0219676225332159
"UBR7",-0.0219843084680179
"PIEZO1",-0.0224115670833779
"PAXBP1-AS1",-0.0224671515724552
"EFCAB10",-0.0224900045392624
"PES1",-0.0227016981988859
"GRPEL1",-0.0227708705092904
"FDPS",-0.0229408926212119
"TDRP",-0.0232017796261179
"RSU1",-0.0236178553326741
"CDH24",-0.0236942326841471
"POLR2D",-0.023708615679257
"TANC2",-0.0237561810016015
"HAUS1",-0.0237849787189993
"VAC14",-0.0239861591354216
"TMEM161B-DT",-0.0240019990367108
"ATP1A1-AS1",-0.0240835873636054
"FBXO38",-0.0242663177031658
"URB1",-0.0245665678408962
"PLXDC2",-0.0247477554586963
"DHDDS",-0.0248030671080917
"FAM210A",-0.0249183650502354
"UBE2H",-0.0251747910988338
"LIMD2",-0.02531716690707
"ATP5ME",-0.0255213719731296
"CBLB",-0.0256582210929687
"RGPD5",-0.0256592264552505
"TOP1",-0.025727960136423
"ZNF117",-0.0257898175640689
"MIR4477A",-0.02594545818243
"YTHDF1",-0.025949638426396
"TMEM201",-0.0260000240913384
"G2E3",-0.026016830624237
"TTC27",-0.0262724365938005
"MAF",-0.026677527323354
"POT1",-0.026860307214647
"PTPN1",-0.0275558294492051
"ITPRIP",-0.0276589530001205
"ZNRD2",-0.0279249402005646
"SLC25A5-AS1",-0.0281959551184218
"ARSG",-0.0283424292557774
"BTBD19",-0.0283428593144849
"FAM20C",-0.0284340176170788
"ITGB2-AS1",-0.0287305548422614
"UBE2W",-0.0288643588563914
"TMPRSS9",-0.0298095786435267
"BLZF1",-0.0298879754851618
"LEF1-AS1",-0.0304245839733241
"RPS25",-0.0306999011807615
"ADGRB1",-0.031176906530227
"BTAF1",-0.0316306673124636
"LXN",-0.0316753568146904
"TMEM230",-0.0319206913238724
"ASXL1",-0.0319853769575474
"NLRC4",-0.0322026152236794
"TMCO4",-0.032392754916357
"CAMK2D",-0.0324836006445825
"PARP14",-0.0325337493718654
"DNAJC8",-0.0327269542488934
"C2orf76",-0.0329821188068489
"NOLC1",-0.0330883846448597
"SIRT2",-0.0334467361748248
"KCTD2",-0.0334939491174668
"IPO13",-0.0336396785314503
"TMUB2",-0.0339036926744173
"NPAT",-0.0341358420200418
"TOE1",-0.0342849842001572
"ZNF230-DT",-0.0345946671589816
"YAF2",-0.0347651176048783
"MIA2",-0.0350226137279121
"ATXN7",-0.0352201465495806
"RRM2B",-0.0353925450710382
"UBE2V1",-0.0354393086006435
"TSC1",-0.0356213270521173
"LYPLA2",-0.0357565002016671
"HINT3",-0.0358025802941683
"PURB",-0.0359372410969144
"SAP30",-0.0359727194925329
"PNP",-0.0360579716099841
"TPI1",-0.0361647326650936
"CCDC194",-0.0362651798230705
"DIPK2A",-0.0368832764461629
"WNT10B",-0.036939924083159
"REG4",-0.0371749656663612
"MTSS2",-0.0372375944465921
"HERC2P3",-0.0372955517445916
"LINC02649",-0.037365932984489
"GLRX",-0.0374493328875383
"SH3BP5",-0.0375042302229426
"VPS4B",-0.0375057517054929
"TNFRSF10D",-0.0378038416623597
"EIF4G1",-0.0378578211559804
"CABP4",-0.0379737378264146
"PRPF18",-0.0380252506898986
"TMEM183A",-0.0380787788490606
"MT-ND1",-0.0381791544704094
"MED27",-0.0382610479308368
"LINC01347",-0.0383411359708958
"MAP1A",-0.0384443417013329
"TBPL1",-0.0385216171836779
"BCL7B",-0.0386274228381266
"MIR5194",-0.0387396919989731
"DDX47",-0.0387634754199296
"ABHD16A",-0.03881380033969
"MAT2A",-0.0388596538484864
"NUDC",-0.0391838842240686
"MIR5010",-0.0391929925241585
"TLR5",-0.0392321923135502
"TPRN",-0.0392348501217457
"ELP2",-0.0394666814651614
"RPL38",-0.0395230157128305
"R3HCC1",-0.039830737903675
"SLC7A6",-0.0400992052882813
"SDR42E1",-0.0401371019339814
"SEC24D",-0.0401924819417286
"DNAJA1",-0.0402044861345142
"ZBTB6",-0.0402242503175151
"WDR43",-0.0406384336088582
"DLGAP4-AS1",-0.0407406360060813
"ESS2",-0.0407582690168355
"PAN3",-0.0408902012203
"PIK3C2B",-0.0409947999686122
"SYTL3",-0.0412778867796086
"NUCB2",-0.0413771283937305
"COPG1",-0.0416278437320041
"RNF111",-0.0416483935383614
"TMEM254",-0.0416545487990866
"GBE1",-0.0416558070094932
"MRPL28",-0.0417455086954471
"FPR3",-0.0418932360221898
"SACM1L",-0.0420663478817755
"TXNDC9",-0.0421624003971649
"IFT20",-0.0421656704002
"ACKR3",-0.0422395073107392
"HNRNPH1",-0.0423351481075264
"WDSUB1",-0.0424933970901362
"DHX36",-0.0426497105893191
"TARBP1",-0.0426787794251156
"MIR1292",-0.042731328719283
"STX3",-0.0427610122435268
"VCPKMT",-0.0430290592117361
"HES6",-0.0430709327053314
"IWS1",-0.0431756814681698
"HERC4",-0.043657551039936
"MSH2",-0.0437090372156492
"SDHAF3",-0.04382763502021
"LTB4R2",-0.0440024322815434
"USP16",-0.0440280343503688
"DCLRE1C",-0.0440373952049943
"PRPS2",-0.0440387212773797
"CMTM4",-0.0443092535519723
"MCUR1",-0.0443327448252266
"NAP1L1",-0.0447402826207751
"WDR54",-0.0447788463009948
"LIN37",-0.0448018618945427
"TM9SF2",-0.0449323594829043
"GALM",-0.0449774884893307
"RABL6",-0.0451159122622078
"SHC1",-0.0454063377801177
"FBXL22",-0.0454230105487027
"PTX3",-0.0455798492308896
"TTC31",-0.0456854968351748
"DUSP4",-0.0456998233838518
"AP1B1",-0.0459332310446876
"TMEM223",-0.0461457051194224
"IDI1",-0.0462527866224216
"ZBTB34",-0.0463386115952851
"SMDT1",-0.0464399691638951
"CRIPT",-0.0464469702467447
"STAU1",-0.0465784721417347
"KANSL2",-0.0466054604320314
"CACNB1",-0.04674647554937
"HNRNPF",-0.0467877323653988
"UMAD1",-0.0468635359525619
"OXTR",-0.0468699194466774
"ODF2L",-0.0468751338649772
"SND1",-0.0469027444252073
"FAM118A",-0.047099092487831
"CABP5",-0.0471795496560699
"ZNF592",-0.0473028586515419
"CTDSPL2",-0.0474368609667515
"MRPS27",-0.0476611818719688
"TAF1",-0.0477074990049187
"PMF1-BGLAP",-0.0478314269347041
"POU2AF1",-0.047877639854737
"CNIH2",-0.0479692777521824
"TRAF1",-0.0481001927317957
"USP40",-0.0481922730593886
"CD101",-0.0482126496882343
"ZNF814",-0.0486392995522395
"CCDC154",-0.0486429884726389
"SCPEP1",-0.048693086096022
"IST1",-0.0489817222690089
"DHX29",-0.0491178986799359
"CEP57L1",-0.0491180482385992
"FKBP7",-0.0491237856200979
"AOC1",-0.0492777366629347
"TBC1D9",-0.0492935163546223
"CAMKMT",-0.0494608557840695
"COPS8",-0.0494946619289144
"CLPB",-0.0496052906149417
"HSPA1B",-0.0498210932016296
"RAB4B",-0.0498252580752793
"SPDYE15",-0.0499208041576312
"PDAP1",-0.0500827972803986
"CTNNB1",-0.0501513179116423
"ZCCHC9",-0.0502353023539715
"GAA",-0.050289802955887
"HEXIM2",-0.0506118817697703
"ADPGK-AS1",-0.0506593848069439
"SPIN2B",-0.0510427528220262
"TSEN15",-0.0512241252985913
"COL4A4",-0.0512803757819318
"ADCY3",-0.0513068510611179
"FAM86FP",-0.051585149428457
"ZDHHC18",-0.0519077524326693
"NCKIPSD",-0.0523771535628635
"ZDHHC1",-0.0525215713880491
"DONSON",-0.0525254028080881
"RNF7",-0.0525311042500606
"APOBEC3A",-0.0525751533568987
"B3GNT4",-0.0528636850474575
"ABHD1",-0.0528916099412535
"MRPS10",-0.0529502196232374
"LIME1",-0.0533824130296579
"SLX4",-0.0536068584302043
"ZBTB38",-0.0536266530467414
"FBLN5",-0.0536360892873223
"SPINDOC",-0.0539734365590586
"ATP5MC2",-0.0540082443951476
"SERINC3",-0.0540140508556477
"LRATD2",-0.0541713319807618
"MLLT10",-0.0541813349223668
"SECTM1",-0.0543391459267069
"CASP8",-0.0545269672991712
"COL11A2",-0.0545604427830332
"TERF2",-0.0545768827305807
"PDCD5",-0.0548157045279105
"ASB14",-0.054823228828824
"ARID1A",-0.0549052259470309
"TXNL1",-0.0549450644260421
"PIKFYVE",-0.0551470925473196
"PTTG1IP",-0.0552466732207368
"RPL10",-0.0553212060257129
"CACYBP",-0.0554369419574233
"ARHGAP35",-0.0554534223957326
"HNRNPUL2",-0.0556153848720766
"ZCCHC17",-0.0556358454789332
"MT-CYB",-0.0557400916033656
"AMN",-0.0560916263596274
"PYROXD1",-0.0563660057116567
"NKIRAS2",-0.056734876947492
"CDC37",-0.0568221555102856
"PIP5K1A",-0.0569125903473256
"MIR600HG",-0.0572874942896882
"KLKB1",-0.0573037034665872
"EEF1A1",-0.0574511534945793
"MX1",-0.0575237520346774
"NFATC2IP",-0.0580067040464896
"C9orf85",-0.058061616860333
"AQP3",-0.0580635476785335
"SPDYE3",-0.0580720389337127
"LRRN3",-0.0583402394397952
"RHOBTB3",-0.0589637138157463
"CATSPER1",-0.0590920290533945
"DCAF16",-0.0591253308656563
"HCG27",-0.0591603390557589
"NOCT",-0.0593996519411656
"IFI27L1",-0.0594401705218451
"ZNF407",-0.0595556885962446
"CASTOR3P",-0.0598448785495064
"NSMCE3",-0.060155378067467
"RPL15",-0.0607382497820523
"RAB3IP",-0.0609662023886344
"ABITRAM",-0.0609787113231475
"SEPTIN9",-0.0609920079912937
"SMG9",-0.0610468682918181
"AXIN1",-0.0610640191569648
"PDK1",-0.0611737238379638
"PDCD6IP-DT",-0.0616233854195005
"RAB5C",-0.0616415988162235
"NOP10",-0.0617734084229278
"TRMT44",-0.0619254725262745
"FBXL4",-0.0620662470544098
"TLR9",-0.0620686916732459
"NME8",-0.0621335696541698
"RRP8",-0.0622190206127706
"NHLH1",-0.0623316800342787
"TMEM181",-0.0624717388232192
"MED16",-0.0628993479723321
"PEX11B",-0.062960364516667
"CFDP1",-0.0631820268641663
"PSMB6",-0.0632769025223983
"LAMB2",-0.0632921744621208
"SLC41A3",-0.0634670445828648
"NLGN2",-0.0635996507944201
"MCEMP1",-0.0636347749558731
"TSC22D2",-0.0637958515399568
"DNAJB14",-0.0641578844568635
"HCK",-0.0644519028809779
"UXS1",-0.0644998805699202
"TDP1",-0.0645271337859771
"COX18",-0.0646639193995644
"PSD3",-0.0646692568969134
"GRID2IP",-0.0647620813527264
"SLC25A17",-0.0648006410223259
"ANKRD17",-0.064838636223249
"ZNF395",-0.0649453806016261
"GNB1L",-0.0650698066950601
"MAP2K3",-0.0650714383089045
"EEF2K",-0.0655731038279431
"CCDC159",-0.0655933746685267
"GDE1",-0.0658190035723383
"OR6N1",-0.0658288848585262
"FAM168A",-0.0660677758831724
"ANKRD22",-0.0661117197393743
"ST8SIA1",-0.0661361281034859
"RPS28",-0.0661388571709563
"CCT5",-0.0664242449053039
"HDGF",-0.0668089915854651
"HGSNAT",-0.0668274129408885
"SCYL2",-0.0669010328667035
"RBM5-AS1",-0.0669692697449489
"VPS13C",-0.0670959394579446
"ITGA2B",-0.0671853711390125
"S1PR4",-0.0672090649108237
"CTSG",-0.0672591327759581
"MIR6861",-0.0674329244314582
"TATDN2",-0.0677020637589646
"GSPT1",-0.0678599291032019
"PWWP3A",-0.0682197616015441
"RPS18",-0.0686569670574626
"NPM1",-0.0686802732887515
"NUP160",-0.0688080359031228
"ATP2A2",-0.0688515688047637
"ENOX2",-0.0690417688750804
"GOLGA3",-0.0693489826670362
"ZKSCAN7",-0.0697169260099902
"LINC02218",-0.0697278264702952
"RBM33",-0.0697295025937476
"TMTC2",-0.0697436550817866
"AGAP12P",-0.0699554232558436
"PRPF3",-0.070363965669073
"HSBP1L1",-0.0705978514195611
"MACROH2A1",-0.0705996417645483
"KANSL1",-0.0709555294686843
"IRAG1-AS1",-0.0709575930394495
"CLEC1A",-0.0710106714827686
"ZDHHC16",-0.0711659310169786
"NXF1",-0.0713763703264904
"MIR7703",-0.0714887741129278
"METTL22",-0.0715817475733828
"WTAP",-0.0716405362087864
"EME1",-0.0718140504455752
"C1orf220",-0.0718658871439985
"DHCR7",-0.0718953824675848
"MESD",-0.0719423989957157
"FMO5",-0.0721246476365499
"MAP3K1",-0.0721594837126105
"PLEKHA3",-0.0723128072976749
"FLOT1",-0.0723674026859615
"LINC02603",-0.0723700436782938
"CRTC1",-0.0724372897840792
"DSTYK",-0.0726075869595581
"TRIM74",-0.0726563617945457
"TMEM182",-0.0727370201266795
"APPL1",-0.0727566225975634
"YEATS2",-0.0727893826469244
"N4BP3",-0.0728601120601416
"CCND3",-0.0729830462751552
"NUDT16L2P",-0.0734821402280838
"DOCK2",-0.0735823521473361
"SMARCD2",-0.0740136377226592
"KBTBD8",-0.0740415375582765
"TIPRL",-0.0741873044351268
"CA5B",-0.0742218979911418
"ARHGAP31",-0.0742796974570401
"MCEE",-0.0743946673497199
"HRH4",-0.0744617135185218
"MTCL2",-0.074654991132503
"TP53I3",-0.0748650338963842
"CTSC",-0.0750887114449325
"PHF20",-0.0751477007623561
"SH2D3C",-0.0751716546057954
"RAB1B",-0.0751927118010857
"HSPB1",-0.075402351132939
"ATE1",-0.0754575667828871
"TMEM191C",-0.0757701374916117
"PRKAR1B-AS1",-0.075817215003331
"RNF144A",-0.0760439541614793
"NIPBL",-0.0761320311460613
"C15orf39",-0.0763061324038062
"CFAP44",-0.0765447226981933
"MYH10",-0.0766570816027381
"ZNF71",-0.0770668301863145
"FAM131A",-0.0771187356501357
"LINC00869",-0.0772562320202892
"PITHD1",-0.0774833283094172
"GPAA1",-0.0779650487782863
"BMI1",-0.0780826394696242
"MEF2C-AS2",-0.0781201775969548
"EFHD2",-0.0781928911997413
"ZNF57",-0.0782064216226098
"CMSS1",-0.0782161346922568
"MITF",-0.0787408711048585
"POLA1",-0.0790477049153871
"DCK",-0.0793666147868985
"TMEM161A",-0.0794180149314324
"RSPH9",-0.0794334939330383
"HINT2",-0.0800142211114705
"DDA1",-0.0800341127334005
"DCP1A",-0.0802615729530139
"LMF1",-0.0802862550561405
"RDH14",-0.0804762374085745
"HAGHL",-0.0804833303543415
"TNFRSF12A",-0.0806125671056307
"MCCC1",-0.0808537809843493
"CSAD",-0.0809997244602609
"TMEM107",-0.0810395643699008
"PFKFB4",-0.0812773317669481
"GPR146",-0.081313542955702
"MTMR4",-0.0813159380354015
"TFE3",-0.081562644719603
"WDR83",-0.0817628676379359
"ORC5",-0.0818768861612116
"MED1",-0.082005984664586
"WDR81",-0.082076075690911
"GATAD1",-0.0821731977118093
"VNN1",-0.0824462190315794
"BCL7A",-0.0826783049657342
"TECPR2",-0.0826901401546441
"RBX1",-0.0827711230493191
"NCF4",-0.0828144295929156
"ZNF433-AS1",-0.0829023470332235
"SLFN11",-0.0829217823115797
"WAS",-0.0831610067479528
"ADNP",-0.0832190110202294
"FBXW9",-0.0834638895551222
"ERI1",-0.0835997340944181
"PINLYP",-0.0836176253760273
"UBL7-DT",-0.0837048709498853
"PTRH1",-0.084146113148734
"OSBPL1A",-0.084762179789003
"E2F1",-0.0849931530481642
"PLCB3",-0.0850561095775942
"GCA",-0.0851219671607539
"CIP2A",-0.0851653411253065
"GATC",-0.0852807340530814
"LINC00662",-0.0853171000681105
"AGPAT1",-0.085360636291526
"INPP5K",-0.0853715338170406
"MED21",-0.0854689747139064
"MAP3K11",-0.0856237328111193
"RNPS1",-0.0856378271816518
"MRPS12",-0.085665419764884
"ZNF143",-0.0857407845347308
"PAAF1",-0.0857755639965448
"MXRA8",-0.0859916858115149
"TMEM120A",-0.0865743601656368
"LINC02884",-0.0865916470244567
"RTF2",-0.0867004515721516
"ARIH1",-0.0867023271910178
"ADAM28",-0.0868296866168209
"RASA4",-0.0870155993646706
"TMEM185A",-0.0870668553282964
"TASOR2",-0.0880836959078079
"HTR7P1",-0.0881143952580257
"TRIP11",-0.0881590306349319
"NOTCH4",-0.0882291358359308
"NCF1",-0.088246750096164
"NBPF8",-0.0883218140613424
"IFT74",-0.0883693820871585
"STRIP2",-0.0884786411391549
"TBC1D2B",-0.0885166322201991
"PRKCE",-0.088576435373199
"DUS4L-BCAP29",-0.0888119936270664
"RACK1",-0.0889285986047494
"ALDOC",-0.0892075294789725
"CISD1",-0.0893058814876226
"LINC01089",-0.089449641447802
"CYP3A5",-0.0895598426691058
"STAT6",-0.0897894909868907
"JHY",-0.0898821158704789
"G6PC3",-0.0900281181399885
"SFMBT1",-0.0903340774417749
"COQ8A",-0.0904071205583383
"SNX21",-0.0904968923695961
"MFSD14CP",-0.090531593637336
"CBX7",-0.0905725776080253
"POLR2C",-0.0906923044076269
"LTBP1",-0.0907054506372866
"PPP1R35-AS1",-0.0907323253198583
"TAOK3",-0.0912649569938428
"CDC14B",-0.0915416117591049
"NOL7",-0.0915651682865035
"OXR1",-0.0922295082473607
"GTF2H2",-0.0924312602858528
"EIF3E",-0.0924624295010966
"NKRF",-0.0924923979672317
"ZNF540",-0.0927008176287283
"PACSIN2",-0.0928848994295246
"ATG9B",-0.0929877623591749
"DUSP1",-0.093151908004998
"RGS14",-0.0934218903634951
"NBPF11",-0.0934279760544917
"PLEKHB1",-0.0935899929319171
"PTPN6",-0.0936418362897282
"TOX-DT",-0.0938091684938143
"IDO1",-0.0940321445965032
"CD2",-0.0941001177685857
"PTGS1",-0.0943396103857905
"HMOX1",-0.0948446544569267
"MPIG6B",-0.0950807653068095
"TMEM117",-0.0951290146093855
"GSR",-0.0953407815682672
"MBNL1-AS1",-0.0954872560692689
"FASTKD3",-0.0959139673072149
"ITFG2-AS1",-0.0963072834451653
"PTOV1-AS1",-0.0964586705630945
"PPIAL4H",-0.0967730589517433
"CCDC141",-0.0968522251114056
"TNFAIP8",-0.0969569332140823
"SELENOS",-0.0969700773459804
"ATP5PO",-0.0971843910694651
"TBL1X",-0.097445500191907
"SUMF1",-0.0976376690565189
"THAP5",-0.0977704061746692
"NOTCH2NLC",-0.0977907210584645
"WHRN",-0.0980960381219382
"ZYX",-0.0981162685228911
"FBXL3",-0.0982255710404261
"EPB41",-0.0982501618757389
"GBP5",-0.0984691894401282
"LPIN2",-0.0986481236116332
"TET2",-0.0987357019264414
"FAM20B",-0.0987525205442409
"RPF2",-0.0988469487886709
"SSTR3",-0.0991749309314327
"SYTL4",-0.0993924528010205
"OAZ2",-0.0996527673093262
"TBC1D5",-0.0997111327824272
"OTX1",-0.099770143373259
"TMEM184A",-0.0997904303432034
"TTLL1",-0.10001556679441
"PRDM4-AS1",-0.100094690407447
"SERPINI1",-0.100274973811715
"UBE2Q1-AS1",-0.100382965664438
"EME2",-0.10046231558752
"MOSPD1",-0.100469251851499
"ATXN10",-0.100510693580661
"NUDT21",-0.100812622793157
"SLK",-0.100825973631241
"ACSL3",-0.100936854721743
"ALG13",-0.100955592027849
"SDF4",-0.100990075040311
"RNF41",-0.101093612960238
"GTF3C2-AS2",-0.101134850475732
"CDH26",-0.101181088967771
"TNFSF4",-0.101284747078988
"ARHGAP22",-0.101564347266189
"AFF3",-0.10192486531921
"SRCAP",-0.10197426604327
"IKBKB",-0.102326442141914
"EPC2",-0.102392968829964
"CFAP92",-0.102414409912737
"SMANTIS",-0.102443731589337
"CTDSP2",-0.10247969929814
"LSM10",-0.102670339339504
"SLC25A23",-0.102749606366766
"MTO1",-0.102749755317369
"LSG1",-0.102865405956002
"MED4-AS1",-0.102912268920834
"NPHP4",-0.102918076975791
"FAM174C",-0.102957659048021
"CERS5",-0.103199144350852
"CHCHD2",-0.103223202190727
"EIF1",-0.103237047404859
"TXNDC11",-0.103373414895539
"ITPRID2",-0.103636371196983
"DBH-AS1",-0.104108149203017
"CSNK2B",-0.104543448986523
"MAD1L1",-0.104563757810044
"DAGLB",-0.104608698026523
"NEK5",-0.104885363229879
"SSBP4",-0.105002315552855
"NPTN",-0.105019151322363
"RAD9A",-0.105055986403661
"FBXL18",-0.105327821955686
"COX7A2L",-0.105565033235804
"BEAN1",-0.105702462481369
"FAM89B",-0.105782880839414
"LAMP1",-0.105984070145414
"SLC30A9",-0.106197948640532
"PNPLA6",-0.106357473201205
"ZC3H15",-0.106361260071711
"ZNF568",-0.106553541453838
"RB1CC1",-0.10683613216593
"LARP4B",-0.106923642149595
"TGS1",-0.107018114899156
"DHRS4L2",-0.10705367712828
"DISP2",-0.10741524764898
"UPK3BL2",-0.107529864912642
"TIAL1",-0.107560836529028
"ARF1",-0.107654951425897
"FRS2",-0.107942186102852
"THRAP3",-0.108049848306603
"FLII",-0.108118561146316
"FAAH",-0.108177160502975
"CPSF2",-0.108312477676887
"SIAH2",-0.108333151960958
"KLF10",-0.108382998454529
"FAM234A",-0.10879901883411
"FUT11",-0.109120238437577
"EVPL",-0.109190289169103
"WDPCP",-0.109220978760954
"ADGRG5",-0.109560505616896
"CTPS2",-0.109912335513684
"LRCH1",-0.110331404197916
"BCL2A1",-0.110513191948664
"DPY19L3",-0.110580666930648
"STIP1",-0.110653276497367
"KDM2A",-0.110739964420733
"ANKRA2",-0.110828198216909
"CPNE3",-0.110893701457713
"TOP2B",-0.111069181588358
"LPAR6",-0.111113575271439
"TRAPPC14",-0.11115092667164
"SSBP1",-0.111235201411892
"RTL8A",-0.111659243176308
"ZNF24",-0.11198922982586
"FARP2",-0.112555998988881
"DYNC1I2",-0.112642834404573
"CDC25B",-0.113008459428588
"VEZT",-0.113105595504746
"CCR3",-0.113609449764741
"PASK",-0.11363400221737
"ADTRP",-0.113703854675122
"MIOS",-0.113832323305055
"NUDT14",-0.113899978362893
"CENPE",-0.113943783853049
"ERGIC3",-0.114017466830137
"ZNF674",-0.114029230769732
"NENF",-0.11405488903436
"TMEM120B",-0.114062906189665
"ZBTB5",-0.114095654524328
"IFNAR1",-0.114299730041236
"POLK",-0.114336207247052
"LRPPRC",-0.114520424736319
"EIF4A2",-0.114757330006282
"BAZ2A",-0.114843431358923
"SANBR",-0.114912146224139
"KTI12",-0.115032102883201
"ZNF768",-0.11555109428394
"CDK12",-0.115917576157906
"PITPNB",-0.115948946840296
"HAUS3",-0.115965975508806
"TPH1",-0.115996284255636
"ARMCX5-GPRASP2",-0.116078394566457
"SLC6A12",-0.116151262119968
"CCT2",-0.116198991825119
"PRKD3",-0.116819583064149
"CPLANE1",-0.116854413483579
"RITA1",-0.117057307521895
"RLF",-0.117144777274106
"CCNI",-0.11732659509455
"SNAI3",-0.117548733673839
"CLIC2",-0.117550104490137
"SLC36A1",-0.117596118218643
"TRD-AS1",-0.117628639492114
"EIF1B-AS1",-0.117696687315768
"MAP3K10",-0.117843645208333
"CEACAM8",-0.118022767765491
"APOL2",-0.118186371093027
"JAZF1",-0.118753459050257
"LINC02067",-0.118915560419344
"VEGFB",-0.119099983214703
"MRPL52",-0.119154155100056
"ELL2",-0.119187655675466
"CAPRIN1",-0.119469300135124
"MHENCR",-0.119503504112409
"KRT73-AS1",-0.12055337561416
"SLC51A",-0.120687937345005
"SEPTIN7",-0.120689667740427
"SEC14L1",-0.121084033068967
"KLRK1-AS1",-0.121244678368351
"WDFY1",-0.121332650216476
"NDUFB11",-0.121359688039691
"TOGARAM2",-0.121817031893347
"EMSY",-0.121857426996508
"BBS4",-0.121871804008275
"DDOST",-0.122070573998949
"MORC2-AS1",-0.122215608776513
"TRIM45",-0.122323152221425
"RWDD2A",-0.12259510303583
"ZSCAN31",-0.122650427580129
"EIF2AK3",-0.123068018757899
"SMOX",-0.123102839288723
"ABCD4",-0.123155476391198
"PDE3B",-0.123215169742829
"RFC4",-0.123316016693864
"TXLNA",-0.123404841802977
"BAK1",-0.123459717455503
"WDR74",-0.123685190588694
"METTL4",-0.123800238171804
"ARHGAP23",-0.12416544023998
"YIF1B",-0.124209403595784
"FAM199X",-0.124340095914566
"GOLGB1",-0.12456325659049
"GRK5",-0.124680938334177
"CCL4L2",-0.124883541091153
"MED22",-0.125078229823821
"NSD1",-0.125310274072689
"TIMM50",-0.125370096641147
"CLCF1",-0.125396962165459
"UQCC2",-0.125434514039667
"METTL18",-0.125437552579389
"BORCS8",-0.125554928651153
"SMC1A",-0.125769432518428
"PDZD9",-0.126398166700567
"OR4F16",-0.126453256490064
"UGGT1",-0.126465929774128
"ENTPD1-AS1",-0.126488675209261
"UBE2J1",-0.126669007218915
"LIN7B",-0.12702714300451
"TBP",-0.127260433194713
"EIF3CL",-0.127312945597756
"MYDGF",-0.127509560761388
"CA13",-0.127734094352181
"MALSU1",-0.127836175974654
"MGAT4A",-0.128311501066985
"LONP2",-0.12841728052856
"DNAJC24",-0.128490536827286
"RPL27",-0.128652256240954
"PSMD3",-0.128710385648428
"BLTP1",-0.128729785423416
"PSME4",-0.128735520893602
"RPP40",-0.128781895366135
"UPF3B",-0.128803535692417
"SMIM26",-0.128940695245883
"SIK2",-0.12937513497465
"KAZN",-0.129520237633342
"FAM162A",-0.129751366796509
"CFAP20",-0.129767055287842
"XKRX",-0.129849701442683
"ZNF155",-0.129964616271054
"RGS19",-0.129993915983597
"PIP4K2A",-0.130274864705203
"SLC5A10",-0.130311822678639
"SP3",-0.130325119768135
"NGLY1",-0.130417059598077
"GART",-0.130435651872941
"TENT4B",-0.130613475993755
"SYF2",-0.131257028149051
"SLC18A2",-0.131645931698403
"ZNF580",-0.131716228096099
"B4GAT1",-0.131740266153839
"BBS2",-0.132598722696184
"TM9SF4",-0.132623550615599
"PPP2R2B",-0.132970804559174
"ANKRD37",-0.13310440538564
"DEAF1",-0.133199452875251
"CHRNB1",-0.133276789457444
"PDLIM7",-0.133599146257243
"IFITM10",-0.133707879701336
"OLA1",-0.133822298257215
"G3BP2",-0.134002636306786
"AHSA1",-0.134043935899187
"MAN1A1",-0.134081438671862
"AAR2",-0.1344314335603
"SERINC4",-0.134473126564849
"DST",-0.134613307390419
"ZNF672",-0.134876407826919
"BRD2",-0.134890300105784
"GPR108",-0.134907571146166
"RANBP2",-0.134919788873887
"WDR18",-0.135385643281005
"RYK",-0.135400949062619
"C1QTNF3",-0.13554156137041
"ULK1",-0.135558320518468
"MICU3",-0.135901453938758
"SLC43A2",-0.136026949539889
"TALDO1",-0.136086504132191
"SKP2",-0.136114830710432
"ELF1",-0.1362059920246
"ZNF19",-0.136315817614781
"ZNF652",-0.1364078430582
"MEF2A",-0.136562234305802
"HOXB3",-0.136654245917694
"RNFT2",-0.136702831082505
"DCUN1D3",-0.136721411855097
"ATAD2",-0.136812347564784
"PITPNM3",-0.137089072405787
"BCAS3",-0.137170468356952
"ARFGEF1",-0.13725726194953
"ACSM1",-0.137726934254025
"BAG2",-0.137924299127853
"KCNC4",-0.137987603789537
"XKR6",-0.138078501999481
"SCAF4",-0.138115014223125
"VIRMA",-0.138138127500245
"TMEM91",-0.138158342528178
"MMS22L",-0.138166811279769
"MAPRE1",-0.138256146641483
"C1QTNF12",-0.138413163168858
"C1orf162",-0.138576389523962
"MON1A",-0.138870157662595
"CHRAC1",-0.139004395846417
"MYO7B",-0.139528253629128
"RP2",-0.140070806184161
"PALB2",-0.140271946589052
"POLR1H",-0.140386353516542
"RAPGEF6",-0.140423708481957
"MAML3",-0.140680127591978
"SLC10A7",-0.140703569219446
"AMN1",-0.140966586682002
"METTL8",-0.14118480505807
"ZXDB",-0.141264780992606
"SESN2",-0.141510103774896
"CAPNS1",-0.141575315252724
"GET1-SH3BGR",-0.141607336855741
"SLC49A3",-0.141610363633002
"SNN",-0.141806945723291
"DNAJB11",-0.141880597429055
"LINC02863",-0.141896115114307
"BMP8B",-0.141949835328416
"POLR2J4",-0.142085221495145
"FANCL",-0.142088256802006
"ZNF181",-0.142189864172655
"KBTBD4",-0.1422495872833
"RALB",-0.142641556172817
"VPS33A",-0.142758549938187
"MMP28",-0.142897081440955
"GPN1",-0.142913180255356
"USP30",-0.143189202049265
"MFSD10",-0.14322812329148
"MIR7705",-0.143241037445735
"ATP7B",-0.143456845157616
"C19orf33",-0.14349795609717
"ELMOD3",-0.143575849056334
"ABR",-0.143954045985329
"ZNF444",-0.144003438551125
"CEP350",-0.144026687921644
"TMEM156",-0.144057218406144
"UVSSA",-0.144240874264386
"SUZ12",-0.144515256933068
"TUBA1C",-0.144607413498915
"DMAC1",-0.144616983292549
"ZNF880",-0.144695352981038
"SIKE1",-0.144880650268703
"BBLN",-0.144902211122161
"LRRC37B",-0.144992767503617
"TAF15",-0.145132943884401
"DCAF8-DT",-0.145156028554098
"RORA",-0.145181072709475
"KCTD9",-0.14523435966394
"PLEKHM1",-0.145287888720422
"LINC02802",-0.145380501005276
"NUDT3",-0.145455051360651
"CYB561",-0.145621991995263
"MT-ND4L",-0.145803416951791
"UBXN8",-0.145860081009045
"DBT",-0.146012713930855
"BYSL",-0.146851029288061
"NEK7",-0.147086297314152
"POLR1HASP",-0.147195634960435
"CNEP1R1",-0.147423044122848
"TSPYL5",-0.147481019591313
"MUSTN1",-0.147600102613123
"ZNF649",-0.14763482525222
"FBXO48",-0.147824732881204
"FAM86C1P",-0.147921581343898
"TXNDC5",-0.147989842495263
"PHTF1",-0.148018690269526
"C3orf52",-0.148090862199236
"GOLGA6L9",-0.148167934992199
"EML2-AS1",-0.148700883748863
"PCGF6",-0.148752417475139
"PUS1",-0.14918449175324
"MMUT",-0.149216883043176
"SNUPN",-0.149901296457817
"MILR1",-0.150244550970306
"FADD",-0.150279203138335
"GLS",-0.150343559642587
"GANC",-0.150467545629262
"L3HYPDH",-0.15047447045454
"CUL4B",-0.150555166569772
"SRR",-0.150599454204448
"NHS",-0.150714705278596
"ANO6",-0.150765044466636
"B4GALT1-AS1",-0.150890026054715
"PDCD2L",-0.150963255394264
"NEDD9",-0.151007405394231
"RETREG3",-0.151341374932126
"HOXC4",-0.15191908871252
"CABP7",-0.152010707998211
"LINC02256",-0.152241101387109
"SLC12A2-DT",-0.152438736325135
"RGPD6",-0.152709940789997
"ZEB1-AS1",-0.1529154236188
"ZNF621",-0.153244309167346
"MCC",-0.153519540181314
"POFUT1",-0.153571308478109
"DGKG",-0.153608530297338
"HSCB",-0.153723218174481
"NFATC2",-0.153791033944601
"CCSAP",-0.153979975195065
"RELA-DT",-0.154059230102859
"BNC2",-0.154128231595454
"LINC00665",-0.154174681074061
"SRP68",-0.154241900351539
"MIR635",-0.154546974335035
"NUP205",-0.154667779645536
"ZMYM6",-0.154860377161652
"FHOD1",-0.15505453854079
"ZNF91",-0.155276448941965
"ATP5F1B",-0.155434366579879
"CLN3",-0.155782233869064
"HPSE",-0.155792974746
"PMVK",-0.155798492254911
"POLR2E",-0.155926633143369
"ACTN4",-0.15602036357219
"SACS",-0.156471033502631
"MTURN",-0.157314722352322
"TOLLIP",-0.157654177865083
"STYXL1",-0.157762565544508
"PRPS1",-0.158083817456444
"TTYH2",-0.158160642018031
"RPS7",-0.158238878049065
"PPIAL4C",-0.158255393634854
"NOP14",-0.158453839423595
"TAF13",-0.158461489662271
"SF1",-0.158719047636653
"SNX14",-0.158824999185056
"SNRPB",-0.158826171306763
"ZFP82",-0.159263194956278
"TXLNG",-0.159290771887543
"DPAGT1",-0.1593525863156
"TRAF3",-0.159504614374368
"ARPC5L",-0.160468573711198
"UBE2N",-0.160575901589088
"C6orf226",-0.160916479968545
"SCNM1",-0.161327159365807
"ZNF12",-0.161399953698765
"CCDC186",-0.161686666436478
"CNTROB",-0.161742332661644
"ADM5",-0.162179140152341
"AP4E1",-0.162355740641578
"FRAT2",-0.162458597227412
"NCF1C",-0.163064803422887
"GNB2",-0.163115536933091
"MIR3615",-0.163118279676616
"LRR1",-0.163230369969722
"MANEA",-0.163236655064603
"STAU2",-0.163327276530011
"ESRP2",-0.163412770494908
"GPR137",-0.1636028363874
"RAP1A",-0.163671904284478
"ATP6V0A1",-0.163694082030028
"LINS1",-0.16369624444601
"WDR33",-0.163773939461174
"TMPRSS13",-0.164081390191257
"OSBPL2",-0.164293484049779
"LAMTOR5",-0.164908440340006
"PRG4",-0.164935621874939
"DNAJC21",-0.16513333212926
"FAM83G",-0.165470821743548
"DOCK8",-0.165562415712793
"DDX1",-0.165722380981766
"ZNF616",-0.165833061487993
"ENTPD1",-0.165869660411934
"BCL11A",-0.166019188957141
"ZSCAN16",-0.166065616457845
"NBPF15",-0.166188371726094
"TRG-AS1",-0.166246666065934
"CHMP4A",-0.166304462361039
"GABARAP",-0.166579168233012
"MFSD12",-0.166656944400997
"CASS4",-0.166772074139441
"RPH3A",-0.166818351676928
"RBL2",-0.166882316033805
"CAMK4",-0.16710260419014
"MLLT1",-0.167296236270887
"LYRM1",-0.167406264495178
"FAM111A-DT",-0.167511240297313
"EIF4EBP3",-0.16799058145877
"ELP3",-0.168314372353249
"PEX16",-0.168529841745648
"XAB2",-0.16859456762387
"NSUN4",-0.168668787338446
"TNFRSF11A",-0.16885425760165
"PPBP",-0.169034823843968
"CFD",-0.169113247648839
"HDHD3",-0.169212911971899
"GHDC",-0.169809453207868
"ATP6V1D",-0.16990080993649
"THAP6",-0.170185115054388
"MDH2",-0.17023953228834
"NDUFB2",-0.170265452571226
"SF3B2",-0.170492666118388
"IL2RG",-0.170750828894313
"RPL7",-0.170775355173014
"MAP3K14",-0.170920855298651
"PSMD1",-0.171217362918555
"UBASH3B",-0.171325044132437
"LAMTOR1",-0.17137429876305
"LAMTOR4",-0.171468552056746
"SPAST",-0.171507568723197
"SLC39A8",-0.171628040157949
"MTMR2",-0.171662659489472
"FOXP4",-0.171681639368219
"GZMK",-0.171696563901648
"TNRC6B",-0.171837701537101
"BANP",-0.172045967630207
"SAP30L-AS1",-0.172236970218236
"BHLHA15",-0.172343802731129
"SNHG29",-0.172415132388046
"CASKIN1",-0.172433605136785
"CEP43",-0.172521927443082
"GLDC",-0.172683238213606
"BEND4",-0.172827832189623
"RPSA2",-0.172842936998153
"TTC39A",-0.172856471381173
"HCFC1R1",-0.17302637225829
"PARD6A",-0.173157778133007
"IFI27L2",-0.173238129060848
"CCDC136",-0.173779693034459
"CPSF3",-0.174082938605622
"DCTPP1",-0.174255358537701
"R3HDM2",-0.174481675881217
"GAL3ST4",-0.174505982117829
"TCF12-DT",-0.174561853266727
"DDIT3",-0.174681685185844
"SNX2",-0.174720721502564
"PUS7L",-0.174812751126616
"CAMTA2",-0.174861192673712
"PPTC7",-0.174866666881874
"RABGEF1P1",-0.174882352645893
"ZNF436-AS1",-0.175055734442564
"LYST",-0.1751899688778
"DDX50",-0.176121764986221
"SCN1B",-0.176272319703223
"KLHL32",-0.17661949218549
"RPLP2",-0.176625403899548
"JPT2",-0.176777207277801
"TBC1D7",-0.176862636877846
"SNORA10",-0.177056747837476
"CPT1A",-0.177178218279448
"F8A1",-0.17729536706182
"TRA2A",-0.177397923224333
"EPHA1",-0.177422564018088
"ISOC1",-0.177475692360061
"GTF2F2",-0.178048309049836
"PPM1G",-0.178048924177157
"MYNN",-0.17814247211222
"UPP1",-0.178306122137462
"MARS1",-0.178522289373293
"SRSF12",-0.178525357221928
"CDNF",-0.178559134954823
"RPN1",-0.17857193773581
"NLRP3",-0.178715282934362
"RAD18",-0.178817268083289
"GALNT12",-0.178818707211035
"POLR3B",-0.179002481147855
"FCGRT",-0.179088056809756
"SYCP2L",-0.179176995651879
"FBXL17",-0.179352272882521
"CLSTN1",-0.179754021389769
"TMEM242",-0.179766819004675
"PARP8",-0.180020226064262
"PWP1",-0.180021946938689
"PDXP-DT",-0.180121368795319
"FAM24B",-0.180728082695308
"CENPC",-0.180957318365748
"MDP1",-0.181236306562353
"CD3G",-0.181439523667304
"AATF",-0.181491596208159
"RPUSD3",-0.181537105094652
"MFSD8",-0.181860421513834
"HNRNPC",-0.182752721884054
"TLR2",-0.183611479069432
"TMED7",-0.183786741997208
"ZC3H6",-0.183818416556434
"ITM2C",-0.18384749127584
"EVI5",-0.183930461705594
"SENP7",-0.18399677928803
"UXT",-0.184135022023639
"SPP1",-0.184249178353255
"HCST",-0.184450639671644
"ARIH2",-0.184738826886685
"AMZ2P1",-0.184941627030522
"ANKRD46",-0.185415825500122
"SLC25A24",-0.186072006757208
"THAP4",-0.186084239678233
"RNF113A",-0.186350631332292
"ZNF620",-0.186801254121936
"DNAJC3",-0.186833783689763
"CD63",-0.186925650989014
"MIF4GD",-0.18713056710481
"TRAPPC8",-0.187199549787276
"MFGE8",-0.187375513386085
"TOR1B",-0.187551360162413
"GALNS",-0.187880510515059
"DSEL",-0.188227236374851
"GEMIN4",-0.188367652790059
"SNX24",-0.188451532498739
"SLC25A13",-0.188881373588222
"SRP72",-0.189046181350131
"EIF3J",-0.189226583707696
"EIF3M",-0.189388257727098
"SNORC",-0.189693082211038
"ZEB2-AS1",-0.189841098266204
"C1orf52",-0.189846367242183
"ZNF132",-0.189990344260215
"SLC11A1",-0.190067040174457
"ANP32E",-0.190076753769098
"GAS5",-0.190286897912692
"PLCL2",-0.19036933802567
"BCRP3",-0.190477093218512
"RN7SK",-0.190995128079893
"LDHA",-0.191121620826011
"TACC3",-0.191732408963924
"RAD9B",-0.191810025427757
"RAB11B-AS1",-0.191990233462537
"MAP3K9",-0.192065621240049
"CD58",-0.192104341492041
"TRAF3IP2-AS1",-0.192325140372382
"ZSWIM6",-0.192628514024353
"MRPS5",-0.192671347551373
"NME6",-0.192792310584061
"LAPTM4B",-0.192840523695106
"MIR6506",-0.192849766518373
"NAA80",-0.192990647618675
"SNAPC5",-0.193018984210915
"MBLAC2",-0.19314562643001
"FRG1",-0.19329487483856
"LY75-CD302",-0.193557912934381
"MSL3B",-0.193713607418088
"KDM6A",-0.193856122202728
"ATP11A",-0.194385568561748
"SLC9A3",-0.194438637594198
"WIZ",-0.194716307242175
"USP32",-0.194754297580195
"CCDC22",-0.194883553099615
"CHCHD1",-0.195100179992729
"SDK2",-0.195485878029762
"NUP42",-0.195636763040025
"SEPTIN2",-0.195771355167689
"PAPOLG",-0.195779641222154
"DENR",-0.195833702109025
"PPDPF",-0.196008482809019
"ZFAND2A",-0.196099069071762
"PJVK",-0.196184795900969
"PHPT1",-0.196190067618988
"MPZL3",-0.19620384778103
"DELE1",-0.196232879947815
"YDJC",-0.1962816832938
"MYO1F",-0.196564821406745
"TRAF3IP1",-0.196694610549822
"EXOC6B",-0.196967893683119
"YPEL3-DT",-0.19713456449153
"ATRN",-0.197237049097859
"ZNF644",-0.197254905272213
"ANGEL2",-0.197282181347495
"SLC45A4",-0.197425954113902
"CHMP6",-0.197536864954975
"ACSS1",-0.197611894728429
"ZSCAN2",-0.197625949625763
"DDX51",-0.197627309455438
"NIBAN3",-0.197969475818004
"NANP",-0.197982930023522
"AFG2A",-0.198069563148511
"ZFP62",-0.198217298790796
"MPHOSPH9",-0.198299986337455
"HDHD2",-0.198319539269272
"C4A",-0.198329701524369
"LARP7",-0.198351299652066
"ARMH3",-0.198420086293681
"PSMD8",-0.198470226158486
"MARCKS",-0.198544050615095
"CDCA7L",-0.198572359737584
"C1R",-0.198697607958779
"SLC8A1",-0.198746802045556
"KIAA0586",-0.19875852428416
"SEM1",-0.199325861439803
"LTC4S",-0.199332314818909
"PFN2",-0.199558644324596
"MGAM2",-0.199665117067692
"STT3A",-0.199961565546892
"LDHB",-0.200150785337048
"FBXO45",-0.200168774628301
"RBM17",-0.200522587640856
"TP53BP1",-0.200527972724956
"SMAD4",-0.20059683173069
"ACAD10",-0.200790780909531
"RASA4B",-0.201018301311209
"NSMCE2",-0.201095351100228
"ROCK1",-0.201103305682404
"NISCH",-0.201175550897167
"RNASE2",-0.201393865168774
"KCNA2",-0.201829121461356
"NPEPL1",-0.202462510406693
"PLOD1",-0.20263432052057
"IDH1",-0.203229206020944
"TIMP1",-0.20325952968315
"ACAD9",-0.203344020456652
"RIT1",-0.203492758228527
"CAMK2N1",-0.203579024687696
"ACADM",-0.203716335285896
"CSTF2T",-0.203745293879804
"F2R",-0.204091156830225
"HCG11",-0.20411624871363
"EDEM3",-0.20413662182722
"ARL8B",-0.20415892460726
"NUS1",-0.204226799267152
"SGSM1",-0.204269672665704
"RPL9",-0.204276261004399
"SF3B4",-0.204560349427072
"GFER",-0.204602656071417
"SPRTN",-0.204645358837702
"WDR55",-0.204665264723706
"NEB",-0.204702299883474
"PEX7",-0.204896619348034
"BEND5",-0.204933008904449
"ITPKB",-0.205097342606882
"ANKS1A",-0.205443963507313
"SRSF3",-0.205468749170124
"EAF1",-0.205563661222366
"MIS18A",-0.205616674290977
"HYOU1",-0.205754501990621
"SPTLC2",-0.205779521117195
"HSPA4",-0.206066252182181
"TUG1",-0.206261856642012
"MGST2",-0.20629007818763
"MIR3671",-0.206293689121537
"BAZ1A",-0.20635244909307
"LRRCC1",-0.206380621651886
"FGR",-0.206724301155839
"ZFR",-0.206823066534208
"FITM2",-0.206823929417551
"BDH2",-0.207154414293065
"NDUFB9",-0.207594176491923
"SPATA21",-0.207907096941307
"HTATSF1",-0.207907272313167
"LRRC8B",-0.208006460012831
"LRRC20",-0.208181445745026
"SALL2",-0.20874740971301
"IL17F",-0.208765083397918
"SNX1",-0.208770179863927
"U2AF1",-0.208817437169993
"ICMT",-0.208903631922477
"KIAA0040",-0.208955982616647
"TOMM6",-0.208964213769842
"LIG3",-0.209294459197869
"PRMT3",-0.209618682653039
"NECAP2",-0.209622619633258
"PGM1",-0.209704632256817
"CACNB3",-0.210056112993365
"NRDE2",-0.210101331514477
"PPP2R3A",-0.210278704182568
"SWSAP1",-0.210837020616615
"PIK3R1",-0.211206199681
"ASF1A",-0.21125138417187
"SPG11",-0.211256304455723
"NABP1",-0.211352117686532
"ZC2HC1A",-0.211599541390254
"FASTK",-0.21170161028869
"PDGFC",-0.211800180404785
"BID",-0.211808158507164
"DVL3",-0.211914727037794
"ZNF83",-0.211933216092063
"PRKAA1",-0.212411189953139
"PICK1",-0.212439145465192
"RAB39B",-0.2124783665641
"RTL8C",-0.21289443227374
"CCDC107",-0.213209834105366
"ERN1",-0.213234124751606
"FSD1L",-0.213292399447434
"GVINP1",-0.213584424616466
"ZC3HC1",-0.213672852182196
"NCF1B",-0.213905911788706
"CMC4",-0.213945376281802
"SMG1P7",-0.21398432057574
"HS6ST1",-0.214124450999125
"PXDC1",-0.214230454438183
"ZNF8",-0.214236440603494
"RNF216",-0.214328595959449
"RXRB",-0.214416539584548
"USP15",-0.214569051876418
"BUB3",-0.214870438240118
"VWCE",-0.215143208472635
"FAM209B",-0.215170183574548
"MCPH1",-0.215487159364293
"COPS4",-0.21552588102095
"ADPRH",-0.21561466075883
"SLC12A4",-0.215668482575037
"POLR3G",-0.215669908929705
"ITK",-0.21583243316471
"NVL",-0.21593383171052
"PRKCQ",-0.215943034690814
"PI4KA",-0.216065970755078
"BRK1",-0.216163075584257
"TAPBP",-0.216500166820816
"TOX4",-0.216501487320484
"MT-ATP8",-0.216509346909848
"OXSR1",-0.216911751751631
"TROAP",-0.217049003097857
"PHLPP2",-0.217066219455631
"PHAX",-0.217097636901415
"AFAP1",-0.217264121806803
"NCEH1",-0.217323001251346
"IL6R",-0.217409778738327
"RPL17-C18orf32",-0.217704968034465
"CIDEB",-0.217753009202854
"GCSAM",-0.218092768685804
"LINC00937",-0.21809676931814
"TLCD4-RWDD3",-0.21852213651765
"IPPK",-0.218549163533794
"UAP1L1",-0.218650875373664
"SEMA4A",-0.218652350573245
"KRIT1",-0.218708529660621
"SMC6",-0.218754478124973
"RASSF4",-0.218903899939321
"ARHGAP32",-0.218923721117275
"LINC02724",-0.219123858869293
"TNK1",-0.219176792256006
"RAP1B",-0.219225479046421
"SURF4",-0.219372802487774
"MAMDC2",-0.219423275225621
"TACO1",-0.219534316347783
"ITGB3",-0.220241060896303
"PIN4",-0.220526080327624
"EIF3I",-0.220647059122782
"GRIK5",-0.220921518317072
"LSMEM1",-0.221340687170831
"NODAL",-0.221701365410981
"FBLN7",-0.221749355082984
"PAF1",-0.222049664446087
"ZNF32-AS1",-0.222294365431612
"SEC16A",-0.222384211268069
"STRAP",-0.222520575446069
"TMEM169",-0.223039068414079
"FGD3",-0.223210967177176
"TTC39B",-0.223430729417203
"SLC38A1",-0.223613840939078
"KCTD6",-0.223742867871381
"ZEB1",-0.223789269806664
"FAM120AOS",-0.22389969790928
"STAM",-0.224098756325356
"SLC39A11",-0.224106143551499
"CLCN3",-0.224365999103127
"PUM1",-0.224441762771761
"SCMH1",-0.224524316629026
"ITPKB-IT1",-0.224594122412134
"ZNF326",-0.224612808556704
"LRRN2",-0.225138222506271
"LINC00243",-0.225243629661022
"TXNIP",-0.225295434565235
"SAPCD2",-0.225302905278994
"KLRG1",-0.22533378300788
"SLC25A15",-0.225420607125427
"ITGA10",-0.2255110623022
"TCHP",-0.225636264860767
"SLC35C2",-0.225644246751889
"LAMTOR3",-0.22576285948409
"AGAP5",-0.225786497444677
"HLA-DMA",-0.225826630520543
"DSE",-0.225956734824592
"SLC15A3",-0.226013219959045
"EHD2",-0.226269844301355
"HNRNPD",-0.22640269806701
"DNAH11",-0.226762043392126
"EXOSC1",-0.226779157069928
"XPA",-0.227025114765939
"USP49",-0.227053786320845
"MAP1LC3B",-0.227233983127674
"TMBIM6",-0.227393956623489
"ELAVL1",-0.227408646722448
"DNAJC4",-0.227512172831669
"ZNF707",-0.227633166304194
"APBB1IP",-0.227875247825412
"INE2",-0.228093027818458
"HMGXB3",-0.22815967929238
"SAT2",-0.228355041167721
"COQ10B",-0.228428195271277
"AKAP11",-0.228441016750159
"SMAD3",-0.228530359507466
"POMGNT2",-0.228562856105251
"CCDC126",-0.228569794353193
"ZBTB20",-0.228767799325361
"DNM2",-0.229064524530257
"ATP5F1E",-0.22911399237856
"NDST1",-0.229117210515497
"PDIA4",-0.229261663485161
"ZNF507",-0.229270173582033
"ZKSCAN3",-0.229338211484693
"MMADHC",-0.22938037364857
"SNHG7",-0.229417335512777
"CNOT7",-0.22945337282574
"TRDMT1",-0.229671278781025
"DAPK3",-0.229683564911623
"CCNL1",-0.229988630148187
"TTC14",-0.230286118948094
"IL24",-0.230405453410386
"ICA1L",-0.230550132650911
"TAS1R3",-0.230564685425194
"EFCAB14",-0.230878164277528
"SPDYE11",-0.23087879207458
"FKBP15",-0.231441058713123
"ZC3HAV1",-0.231798674651171
"NFKB1",-0.231863745564767
"SLIT1",-0.232564011450801
"ACAP1",-0.232572164520975
"GEMIN8",-0.2326922251677
"ZNF737",-0.233079136096511
"GPALPP1",-0.233247385654038
"TNFSF13",-0.233933375858694
"TMEM101",-0.234223635989394
"DEDD",-0.234398705689419
"EDDM13",-0.234750453285191
"PSMD5",-0.23507632315564
"EMID1",-0.235106817475555
"SCFD2",-0.235760215479926
"SH2D1A",-0.23598043993346
"THAP12",-0.236009455932528
"DESI1",-0.236020311961364
"NUP88",-0.23612939281841
"ADGRE5",-0.236457177127205
"PNKP",-0.236560996341274
"SEC61B",-0.236562405444347
"MBNL2",-0.236722594978381
"PMS2",-0.236723791983643
"PSMC2",-0.236793851756994
"OSTF1",-0.236813596114443
"PPM1D",-0.236854951147774
"BTD",-0.237040688350897
"OLIG2",-0.237606389580042
"WDR82",-0.237828373805923
"TGFBR1",-0.23784805611513
"ABHD4",-0.238226671721199
"TNS3",-0.238291824959274
"TERF2IP",-0.238481100762148
"LDLRAD2",-0.238592027266974
"ZNF524",-0.238811974336653
"IKZF4",-0.239053433939532
"MRPL17",-0.239401602512951
"KIF2C",-0.239425335533301
"CCDC91",-0.239434096757656
"SLC38A10",-0.239491733166412
"NPRL2",-0.239768614683635
"RALGAPA1",-0.239853806081121
"ZFPL1",-0.239872738099722
"RBKS",-0.24006967715554
"UTP18",-0.240128643361648
"PRR7",-0.240149514425913
"IQCB1",-0.240168348184774
"ZNF552",-0.240251215069716
"ARRDC2",-0.240330949995109
"CDC37L1",-0.240967460050024
"NOP9",-0.240974511001913
"CYTH1",-0.241024561958257
"PDE9A",-0.241288040818876
"TMED6",-0.241410256240259
"ARL6IP1",-0.241461156218782
"RESF1",-0.241605336119138
"HACD2",-0.241643278651251
"NUBP2",-0.241764303627772
"MBTD1",-0.242510995647136
"EIF4A3",-0.242749722594801
"GLUL",-0.242958597923113
"GPR141",-0.243141512288972
"FLAD1",-0.243222897457043
"GPC2",-0.243223103487701
"ATXN1",-0.243249083139399
"DDHD1",-0.243258176121419
"RCOR3",-0.243409772475244
"ARRB2",-0.243893523645164
"NARS1",-0.243932298755276
"ADPRM",-0.244447037725804
"ATP5MG",-0.244681563746652
"TFIP11",-0.245085284462255
"RHBDD1",-0.245122583939277
"RTP5",-0.245126463759538
"SLC4A2",-0.245189236075776
"NR2F6",-0.245258354154516
"ANAPC5",-0.245274505971781
"NEMF",-0.245325368045975
"DLG3",-0.245424699436828
"SAMSN1",-0.245585489524379
"PLCXD1",-0.246146040927922
"CUL2",-0.246206377239796
"ZNF687",-0.246253593271133
"MOB3A",-0.246270580481383
"CDRT4",-0.24640052623909
"ZNF430",-0.246437220432085
"HID1",-0.246569865694885
"THUMPD3-AS1",-0.246995591121336
"CIAO2B",-0.247059719914765
"C1orf56",-0.247083171850451
"RGS18",-0.247359318808866
"IP6K1",-0.247390508231263
"F11R",-0.247409645040039
"SBDS",-0.247417767543972
"TIGIT",-0.247425904574169
"RNASEH1-DT",-0.247450068797819
"HLA-DOA",-0.247511328831323
"POLB",-0.247905405138211
"AKTIP",-0.2480194761206
"POLR2J3",-0.248084980259524
"URAHP",-0.248207313446646
"HBEGF",-0.248502275187135
"ATP6V1G1",-0.248889565582127
"GNG11",-0.248940274420979
"CTNND1",-0.249006934057989
"PGLYRP1",-0.249028095970954
"RNPEPL1",-0.249382394829707
"DIRAS1",-0.249412185842388
"IFITM2",-0.24962934804762
"SLC39A10",-0.249977335636929
"ANXA7",-0.250570193055179
"PAQR3",-0.250685856144659
"SFXN4",-0.250862636478271
"ACTR10",-0.250999529736905
"PRANCR",-0.251025465686006
"TTC13",-0.251165996082105
"ABCB4",-0.251239467958061
"TOP3A",-0.251359952423731
"ARHGEF19",-0.251866060335954
"IL17RC",-0.252189672341643
"MTERF3",-0.252193752422913
"PAFAH1B3",-0.252299552751263
"SLED1",-0.252358015792468
"DGCR2",-0.252552026575319
"KIAA2013",-0.252579594816828
"CCDC28A",-0.25265936785711
"INO80D",-0.252963917146574
"TMEM248",-0.253096277191455
"PGBD4",-0.253648126850565
"CSDE1",-0.253831394920322
"TTC3",-0.253904772989832
"FAM98A",-0.253994737805539
"DRAM2",-0.254030330506727
"GRK2",-0.254072713849095
"MIR3655",-0.254108263871982
"BTBD7",-0.254288647708576
"C11orf42",-0.254502217344133
"CDC123",-0.254523759792795
"ZNF780B",-0.254971126732068
"DLG4",-0.255016666003693
"TMEM231",-0.255053265121986
"PIK3C2A",-0.255125450908696
"GDF11",-0.255308506253044
"TSTD3",-0.255370086823984
"PRAM1",-0.255464873131125
"ZNF599",-0.256216656734655
"LRRC75A",-0.256556978107895
"CCDC106",-0.256608485782413
"CYP51A1",-0.257063409063388
"COPS2",-0.257078662265257
"NSDHL",-0.25712774610242
"DNAJC25-GNG10",-0.257276606036922
"JPT1",-0.257659985127961
"TECR",-0.257725993865626
"CLIC4",-0.257830138171117
"PSMC6",-0.257857279206976
"VAT1",-0.25800929494631
"ZNF84",-0.258301801695115
"TSNAX",-0.258339192466237
"GLCCI1",-0.258451207393553
"ZNF197",-0.258538877330438
"DECR1",-0.258569889136556
"PLEKHH1",-0.258732182731353
"TGFBR2",-0.258737943654881
"SULT1A1",-0.258760210957094
"RTTN",-0.258933612058402
"LCP2",-0.25914685322754
"ZNRF2",-0.259297818109243
"SLC35B3",-0.260024239362494
"ZNG1E",-0.260053423630217
"AASDH",-0.260472854838174
"TSFM",-0.2605095398929
"UFM1",-0.260538229421376
"MAP3K21",-0.260680813231135
"YME1L1",-0.260966538605775
"PABPC1",-0.261361461381209
"PTAFR",-0.261524942612811
"RPL39",-0.262060729132802
"SEPSECS",-0.26220064995517
"GSTO1",-0.262210230356075
"CLEC7A",-0.262403048545846
"CCR4",-0.262426925119773
"PIGS",-0.26247639052298
"CEBPZOS",-0.262749917231387
"PRR13",-0.262963377499452
"TVP23C-CDRT4",-0.263123652724435
"CCL5",-0.263666744649837
"DPY30",-0.264256398904275
"ZNF567",-0.264269636930433
"PTPN13",-0.264281643847365
"INTS5",-0.264285681344019
"NPIPA1",-0.264330109615052
"OTUD6B",-0.264567680865051
"COMMD4",-0.264584962507262
"ZNF778",-0.264857224652958
"DCDC2B",-0.265306594391167
"CNPY4",-0.265422456567754
"CLN5",-0.265691325426015
"MDC1-AS1",-0.265905584825895
"ASB8",-0.265969726191431
"DDX10",-0.266262923157397
"NIBAN1",-0.266465336953596
"CTLA4",-0.266510841206427
"ASAH1",-0.266594771226875
"UQCRB",-0.266797711069053
"DRC3",-0.266913988542442
"MEF2B",-0.267076994857906
"CLEC4C",-0.267178400570502
"UNC119",-0.267180583501402
"PSMD7",-0.267260628566839
"SLC3A1",-0.267319866888712
"DYNLT2",-0.267535311467428
"DCTD",-0.267573745843815
"ZNF292",-0.268104425418003
"MDM4",-0.268226424622397
"CFAP157",-0.268318290675711
"GNG5",-0.268331081619062
"NLN",-0.268473853514702
"CDC42SE1",-0.268487487682412
"DNAJC27",-0.268498253624423
"SPDYE2B",-0.268637195846114
"RMI1",-0.268694548005108
"PTGES2",-0.268769210322064
"BCDIN3D",-0.269276655978179
"SLC35E1",-0.269446778940435
"EFNA3",-0.269462436641725
"NUDCD1",-0.269588420577328
"COL18A1",-0.269608173182625
"IFI30",-0.270018435565324
"ZNF286B",-0.270061948513409
"POLE2",-0.270379381779967
"FERMT3",-0.270502436716204
"ZNF529",-0.270584523850549
"IRF2BP1",-0.270995787283214
"SMPD1",-0.271128406600579
"IL12RB1",-0.271201563038395
"USP53",-0.271251269425163
"LRRC46",-0.271266735320644
"PRP4K",-0.271395427451248
"TRIM44",-0.27143074823745
"ZDBF2",-0.271440066151895
"C2orf68",-0.271479745065443
"NAF1",-0.271516316621979
"RPL26L1",-0.27156385297823
"CEP68",-0.27179150974049
"CSKMT",-0.271850299497374
"MRPL22",-0.272080531520689
"P4HB",-0.272089627572652
"MFSD4B",-0.272305724912506
"NF1",-0.272409857957869
"TBC1D14",-0.272596131089414
"SLC22A23",-0.27267468033679
"MTBP",-0.272801330150546
"DEDD2",-0.2728046631968
"VWA8",-0.272901213707211
"PICALM",-0.272983036018043
"TOMM5",-0.273373109544332
"CTNS",-0.273451492047955
"SLC49A4",-0.273453501669238
"DANCR",-0.273599990614517
"TMEM131L",-0.274268621688338
"GUF1",-0.274468717118274
"INSL3",-0.274514929476993
"AKR7A2",-0.274826925553798
"KRCC1",-0.274949007343232
"BCL2L15",-0.274990724859578
"RNF103",-0.275447866026386
"ANAPC15",-0.275518665111969
"FBXO30",-0.275524758780268
"VSTM4",-0.275803282997556
"EPM2AIP1",-0.275858854443338
"AKIP1",-0.276060823421424
"PLAAT2",-0.276509960364763
"NEMP1",-0.276588660730933
"ORM2",-0.276620822690024
"GTF2H5",-0.276796359721012
"HSP90AA1",-0.27680665841286
"PFKL",-0.276880609602869
"CD200R1",-0.276940032336066
"DECR2",-0.277005700557878
"FKTN",-0.277061946361053
"RPA1",-0.277069708690463
"EYA3",-0.277272727683991
"FAM186B",-0.277823328096904
"MIR373",-0.27789444038563
"HSF4",-0.278073898584419
"GMFG",-0.278434304581505
"SRSF10",-0.278690804670757
"GLOD4",-0.278759999965883
"UBL5",-0.278799703937278
"TTC16",-0.278829552635222
"BRCA1",-0.2788896531429
"AQP9",-0.278994353726603
"GALNT3",-0.279179291516419
"ZBTB14",-0.27930750211459
"HORMAD2-AS1",-0.279338680140966
"RPL17",-0.279708233819884
"LYSMD2",-0.279773386393599
"STK38L",-0.279854269697649
"PRCC",-0.279952959187558
"ARRDC1-AS1",-0.280066427421424
"ATP13A2",-0.280169786330325
"ARF3",-0.280248428736424
"CHAD",-0.280257225594772
"ARHGAP21",-0.280262523910472
"GGNBP2",-0.280431511338103
"C3orf38",-0.280646884184846
"RSRC2",-0.280839600607334
"EOLA1",-0.280990361288706
"MARCHF1",-0.281026254411907
"VSIR",-0.28131218233616
"GHITM",-0.281469075735273
"AEBP1",-0.281482107091113
"TMED4",-0.281773791367172
"AHCTF1",-0.281816616755133
"RIOK1",-0.281925917615409
"SPATS2",-0.282140159614608
"ZNHIT1",-0.282161947125502
"SPEF2",-0.282245817299878
"ANKRD50",-0.282540238684178
"SCARNA2",-0.282835644434739
"DNAJC10",-0.28325763748738
"MTRF1",-0.28329732040162
"RAB8A",-0.283329793020427
"MIR497HG",-0.283407317813646
"F12",-0.283623257777199
"STK11",-0.283715163728384
"KDM4C",-0.283857533790794
"ZRANB1",-0.2843800198192
"LZTS3",-0.284396050131066
"MEFV",-0.284542602124899
"FAM241A",-0.284577083548676
"TM2D3",-0.284872614790172
"PPT2",-0.284891283351376
"SORL1-AS1",-0.285183306707505
"DIXDC1",-0.285204154547278
"LRRC41",-0.28549753431188
"PGAM4",-0.285522555397122
"REEP5",-0.285820518877282
"ATF7",-0.285863211601722
"PTENP1",-0.285901771204399
"ZNF786",-0.286061068748897
"MFSD3",-0.286153066298673
"CD99P1",-0.286264746128856
"NUDT5",-0.286493342558528
"CFLAR",-0.286608108913837
"ILRUN",-0.286810351139123
"PDE5A",-0.28719694673284
"PARP1",-0.287204763386786
"SERAC1",-0.287407195924464
"MRPL58",-0.28744285014835
"PEX26",-0.287653298436853
"RILPL1",-0.287921546506213
"DFFA",-0.287989923525377
"UQCRC1",-0.288019525595039
"LITATS1",-0.288460754429865
"ZCCHC14",-0.288560237623512
"XPO5",-0.288631350218407
"PRR4",-0.288679461733099
"ECD",-0.288830162675128
"DAP3",-0.288832524380036
"ZNFX1",-0.28893295438599
"MAGT1",-0.289163271749168
"SLC35A4",-0.289262813529254
"CERT1",-0.289277647381554
"TMEM168",-0.289540779219487
"ADAM10",-0.289553058849158
"AGPAT5",-0.289563607637712
"FOLR3",-0.289589997752501
"CCNJL",-0.289906551709763
"ZKSCAN4",-0.29021720485041
"ST8SIA6",-0.290268818941689
"LINC02325",-0.290452245882867
"IL6ST",-0.29053759303072
"WDR26",-0.290577100500281
"HACD3",-0.290628922648465
"PLXNB2",-0.291130860933962
"MIR6848",-0.291230532464576
"BUB1",-0.29132827050654
"PITPNA",-0.291348860176101
"MTRES1",-0.291965789680979
"CCHCR1",-0.292447234806388
"PPP1R12A",-0.292489155051109
"GMIP",-0.292721212090925
"EHD4",-0.292728752328046
"RIC1",-0.292736656051891
"ZNF30",-0.292982148957861
"FBXL20",-0.293107169616229
"AP3S1",-0.293353517804577
"ATP6V1E1",-0.293718428193136
"MORN4",-0.293811302700013
"MCRIP2",-0.293871334478801
"C2orf42",-0.294013656207839
"CPSF6",-0.294028712249874
"PLOD3",-0.294053076494482
"SPDYE17",-0.29415765843902
"SMAD7",-0.294510411918604
"ITPR1",-0.294875160601819
"GPBP1",-0.295005412031008
"RLIG1",-0.295249032158042
"NFIC",-0.295305608152145
"SRRM1",-0.295396894006919
"HBS1L",-0.295970424431622
"AGAP1",-0.296042793172424
"DZANK1",-0.296199845580552
"HNRNPM",-0.296347015386812
"SCFD1",-0.296393820911359
"NFS1",-0.296746752070699
"C5",-0.296790601886097
"MED12L",-0.296862640489698
"UCK1",-0.296880408422291
"STON2",-0.296952561972663
"TOR2A",-0.297096348753686
"ATP9B",-0.297113451901032
"GPRC5B",-0.297144370369372
"AFG3L2",-0.297583987772137
"BLM",-0.297811916179896
"ABHD17A",-0.298222814357595
"ZNF22",-0.298386570607934
"NEMP2",-0.298440929016701
"ZNF362",-0.298531498196408
"CLU",-0.299010709262648
"ITGB7",-0.299021061314494
"IL5RA",-0.299218514621659
"RARS1",-0.299381607525039
"HK3",-0.299384705831466
"KSR1",-0.300203624670821
"MPZL2",-0.30025558106062
"DTX2",-0.300369385189012
"SETD1A",-0.300462430608354
"UST",-0.300541340708095
"MZF1",-0.300919978696772
"RRBP1",-0.300947220816838
"SCML1",-0.301117472366951
"CEP170B",-0.301332792871754
"BCL2L1-AS1",-0.301473445541577
"YWHAE",-0.301480076828569
"ZNF391",-0.302017693283408
"GP6",-0.302050534588953
"ATL3",-0.302066745708999
"NAPG",-0.30206802123873
"ARGLU1",-0.302100551339133
"IFNGR1",-0.302108812388908
"RIC8B",-0.302387030994596
"PPARA",-0.302401042395134
"GLB1",-0.302406018495162
"PCED1B-AS1",-0.302576931722827
"ABCF2-H2BK1",-0.30263773412426
"DYM",-0.302726805582712
"CCDC14",-0.302796975439213
"C4B",-0.302929752523597
"SIGLEC12",-0.303086843250726
"HIPK3",-0.303135447588729
"PIK3R5-DT",-0.303226829530739
"LILRP2",-0.303338918104997
"CENPS-CORT",-0.303566475038339
"TMA7",-0.303751497799645
"MGME1",-0.303795894907996
"HMGB3",-0.303927012441299
"SKIC2",-0.304075958267694
"SLC35G2",-0.304606029369904
"TTC33",-0.304664185645883
"LRRK1",-0.305107820093654
"CTSK",-0.305324945554872
"ARHGEF5",-0.3058799200441
"PIP4P2",-0.306252514097516
"MIR378I",-0.306408235011285
"GNG10",-0.30649005228179
"MRFAP1",-0.306746702233862
"CA5BP1",-0.30706022004893
"CNN2",-0.307093519293644
"ZBTB1",-0.307178744336737
"VPS35",-0.30723180605463
"CDH23",-0.307298118360458
"MARCHF6",-0.307550357375857
"RPS3A",-0.307696976092473
"HERC2",-0.308574761221881
"RABAC1",-0.308667584672172
"SEL1L3",-0.308861467162484
"TCEAL3",-0.308928122692618
"WDR88",-0.309155039646069
"PDK3",-0.309388609522834
"SNRNP27",-0.309445167067576
"RPL22L1",-0.309498813725726
"HTATIP2",-0.309575765042093
"FOCAD",-0.309580658239652
"S100A8",-0.30984681661668
"ABCA5",-0.309888841176946
"GLMN",-0.30989099353683
"SPCS3",-0.310070348338813
"WDR19",-0.310076046169267
"PTP4A3",-0.310112258711345
"PRKCSH",-0.310366195736571
"SLC46A2",-0.310605531547253
"ZC3H12D",-0.310891161344727
"ATP2B4",-0.310895139101981
"BOD1",-0.310970608438122
"OCEL1",-0.311097638272811
"MRFAP1L1",-0.31125515465495
"ORMDL1",-0.311815204451705
"SPTAN1",-0.311869089231538
"LGMN",-0.311874367346673
"PP2D1",-0.311877202982467
"LRRC4",-0.311880077618848
"WIPI2",-0.312001748510638
"TPST2",-0.312083180239572
"MSMP",-0.31215662921352
"OGFR",-0.312161031102275
"STARD4",-0.312257228522741
"CGGBP1",-0.312306613003666
"NAGK",-0.312454660081456
"H3-3B",-0.31246800005631
"ZNF302",-0.312511817204412
"MTMR3",-0.312971406313601
"ABLIM3",-0.313239177062706
"RAC2",-0.31382296270186
"PPIF",-0.314008542101902
"NKTR",-0.314317558161831
"LINC01816",-0.31446981301326
"KIF3C",-0.314855098067312
"SNTB1",-0.314874264457083
"SDCBP2-AS1",-0.314908796950466
"TCAP",-0.314958002509642
"SNX25",-0.31521852754097
"ACER2",-0.315268565574068
"SEC24B",-0.315461344635323
"ECE1",-0.315634507966102
"ATP11A-AS1",-0.315805766275677
"CALCOCO2",-0.315826568127451
"ADH5",-0.31589248173923
"TUBB6",-0.315894238752437
"HIGD1A",-0.31592878835016
"STEAP3",-0.316047652189204
"GTPBP3",-0.316055684901565
"PHF21A",-0.316115600007246
"PPP1R16B",-0.316163378396906
"MYL12B",-0.316340089420814
"EIF5",-0.316435860652663
"RBM33-DT",-0.316523354493204
"ZNF335",-0.31666031135098
"DENND1B",-0.316797428116338
"PRKX",-0.316850764914345
"SIRPB2",-0.316871824549644
"TRPC1",-0.316972880412383
"S100PBP",-0.316989641159378
"ARMCX3",-0.317007781062831
"E2F3",-0.317534913617975
"SNAPIN",-0.317773509599135
"GTF2IRD2",-0.317882977645084
"STX2",-0.318111331684468
"ARK2N",-0.318509233115882
"ADAMTSL4",-0.318715473213525
"MAFF",-0.318731863988288
"EVC2",-0.318735006603872
"ABHD12B",-0.318949548689784
"SPARC",-0.319233879275584
"MAT2B",-0.319412716144209
"INTS4",-0.319482038887563
"ABCC1",-0.319536733976718
"POLR1D",-0.319882283931684
"KCNH3",-0.319942253683685
"RAB40B",-0.320366159974973
"DCAF10",-0.320529897026048
"SMIM11",-0.320570441770781
"RNPC3",-0.320795323097066
"ZNF37A",-0.321078557008342
"CHCHD6",-0.321225997921966
"GPR135",-0.321462240520867
"SAMD10",-0.321794068933555
"FXYD5",-0.321947881204504
"RNF112",-0.321991439799885
"UQCRC2",-0.322110363127803
"ATP8A1",-0.322192433709373
"COMMD9",-0.322206384151777
"IDI2-AS1",-0.322226215542126
"P2RY10",-0.32223695169559
"UBE2D3",-0.322473374398352
"PTOV1",-0.322561906298535
"ZNF684",-0.322807467986719
"UNC13B",-0.322863826722116
"ATP6V1B2",-0.322869716610317
"ICAM1",-0.32287735401142
"TSSK4",-0.323265576602336
"ACYP1",-0.323704956291401
"PHTF2",-0.324020451185625
"MRFAP1L2",-0.324025638055349
"PDS5B",-0.324163273502723
"CBX5",-0.324257316496496
"TRIM11",-0.324506820843383
"ACACA",-0.32463330760386
"RPL7A",-0.324651704841112
"PRKAG1",-0.324725605482179
"RHEBL1",-0.324768139420275
"RPL23A",-0.325218667203856
"WASHC4",-0.325283013775285
"MED23",-0.325413146304407
"GMPR2",-0.325416363765716
"SNHG3",-0.325659576891487
"FAM135A",-0.325988095852658
"RERE",-0.326029471848303
"RPS27A",-0.326030156738318
"TOMM22",-0.326368062583153
"ICAM3",-0.326943617474538
"PPP1R12B",-0.327127301409172
"EXOSC5",-0.327154412251592
"ZKSCAN1",-0.327185572779898
"SEC13",-0.327245692070008
"KANTR",-0.327275021485337
"ARMCX4",-0.327309477196626
"FUNDC1",-0.327391741451844
"ACSL4",-0.327558399324022
"TIPARP-AS1",-0.327583074476513
"NOG",-0.327936587125972
"NIPAL3",-0.328002830294424
"TRNT1",-0.328227752517819
"ZNF627",-0.328397555990062
"RELCH",-0.328452861716274
"BTBD2",-0.328575287383853
"ARL4C",-0.328815466339487
"FBXO8",-0.328964716990811
"IQCC",-0.329083742744179
"GOLGA4",-0.32938456902023
"ANKRD13B",-0.329540433979946
"CBLN3",-0.329547442904801
"ZNF669",-0.329572780908996
"TRAPPC12",-0.329739620998041
"RCC1L",-0.32987212942803
"TMEM161B",-0.330087490011919
"SERPINB2",-0.330360743796057
"TMEM144",-0.330603471263243
"MVB12A",-0.331138458575019
"PPP4R3A",-0.331330235316721
"LRRC8A",-0.331528804223788
"SPATA20",-0.331569093448024
"SARDH",-0.331731813274143
"MAN2B1",-0.331934074731622
"JTB",-0.332040776866208
"LRP6",-0.332072867868506
"SMS",-0.332080017695577
"CDCA4",-0.332150022276803
"JCHAIN",-0.332225172890097
"INPP5A",-0.332437294906174
"CTSA",-0.332462519067473
"MRPL36",-0.332505585200242
"CDC42EP1",-0.332533727392235
"KDM3A",-0.332608690330775
"XRCC6",-0.332738378440142
"FAM120A",-0.332848300251774
"PFKFB2",-0.333159334502113
"ARHGAP5",-0.33325925808826
"SLC30A1",-0.33343836620342
"SPATA1",-0.333449363619358
"PPAT",-0.333452746364488
"CDK7",-0.333593491932598
"ZBTB11",-0.334407439086902
"BCL7C",-0.334411211241272
"SERPINA1",-0.334414458973627
"RPF1",-0.334565528348943
"INTS6L",-0.334704110644854
"PCID2",-0.335320907359925
"HYPK",-0.335331940125286
"C1QBP",-0.335706335214328
"EIPR1",-0.335792056700637
"PAICS",-0.335797773870009
"GSN-AS1",-0.336047029277155
"NUTM2G",-0.336252628545646
"TUBGCP2",-0.336626865434626
"SPTLC1",-0.336670623145975
"AQP10",-0.337122496847485
"TMCO1",-0.337214240754294
"TCP11L2",-0.3372925145566
"ASIC1",-0.337350577871527
"ZNF225",-0.338032784716182
"PSD4",-0.338311289908774
"PCTP",-0.338326139831678
"FLVCR1",-0.338456283323199
"CEP192",-0.338735194278379
"MIR3605",-0.3387788573597
"ZNF32",-0.33897878216175
"RAF1",-0.339068135927362
"C1orf131",-0.339104904916918
"ANKRD10",-0.339219490841422
"ZNF841",-0.339349857330411
"PTPN12",-0.339461484579394
"ZNF596",-0.33950977078152
"WDR5",-0.33953880825406
"FBXW11",-0.339627943895775
"FAM177A1",-0.339724342424191
"ANKEF1",-0.339847343963342
"PDXDC2P-NPIPB14P",-0.340108110008227
"SNORD17",-0.340172862970967
"WWP2",-0.340229107275813
"NUP50",-0.340398346792628
"ERGIC1",-0.340514736461976
"PIK3C3",-0.340980203085362
"CCDC69",-0.341100237270491
"CD69",-0.34141802874823
"TEC",-0.341761667216292
"JOSD1",-0.342012833318405
"USP9Y",-0.342236686326715
"RABEPK",-0.342237618272822
"USP8",-0.342298538400759
"FBXW7",-0.342343336874778
"RBM47",-0.342510897985077
"KLF12",-0.342600382843889
"HMGN1",-0.342638176251837
"LCN2",-0.342682825213506
"PRPF6",-0.343098063998033
"KDSR",-0.343198635197381
"FBXL19-AS1",-0.343419519151234
"PRRC1",-0.343548263499193
"SAMD4B",-0.343577930746181
"PSMA3-AS1",-0.343607965447633
"ACAD8",-0.343855218720869
"INKA1",-0.344089679065444
"TUBGCP4",-0.344136218510569
"HIF1AN",-0.344196935444965
"TMEM184B",-0.344364364424048
"IFT80",-0.344399865451103
"TICAM2",-0.344755942193744
"SHISA8",-0.3451288762217
"DMTF1",-0.345351859403185
"MYO1G",-0.345519867204043
"ZNF717",-0.345639275524528
"LY6G6F",-0.345822457270941
"NSA2",-0.345976613330651
"OGDH",-0.346030346305094
"CDS2",-0.346057213179211
"KIF2A",-0.346353118034459
"ZNF222",-0.346510794190936
"ZNF839",-0.346701305346374
"CLTA",-0.347123668293136
"PLEKHA8P1",-0.347260953565035
"DHRS7B",-0.347745921871691
"STIM2",-0.348152972497962
"SIGLEC8",-0.348269857229466
"PSMA6",-0.348286076477795
"RNF185",-0.348410005826311
"GDF15",-0.348437003568365
"HSPA8",-0.348555390563753
"ARPC4",-0.34857920348775
"RICTOR",-0.348714657534738
"LANCL3",-0.34938860930517
"PUM3",-0.349734397246535
"YTHDF2",-0.349736063500758
"ADNP2",-0.349811590577545
"TFB1M",-0.349860751862378
"SPRY1",-0.349989599734741
"C2CD3",-0.350184718523686
"METTL23",-0.35089795784627
"RIPOR3",-0.351128602328865
"AMY2A",-0.351183863100622
"ATXN2",-0.351187467586299
"TDRD3",-0.351418403328577
"EBF1",-0.351625090241881
"SCART1",-0.35173887582675
"PRSS33",-0.351924147581233
"PLAUR",-0.351941247584446
"PREP",-0.351998041896028
"HAVCR1",-0.352248257157477
"DPEP2",-0.352472846331435
"COMMD1",-0.352840653617482
"LINC01215",-0.352914207087531
"IL15RA",-0.353034719218097
"NMT1",-0.353243348235908
"FUOM",-0.353269178636734
"RDM1P5",-0.35335136642952
"KIAA0930",-0.35339675448832
"BICD1",-0.353405936982098
"PTCD3",-0.353516029515831
"ZSCAN29",-0.353564856343651
"UBE2J2",-0.353692830272876
"AZIN1",-0.353699952576947
"PIANP",-0.353986623865168
"STARD3",-0.354049890886063
"NDUFA4",-0.354270287408008
"MLH1",-0.354458693902164
"SEMA6C",-0.354547887709331
"KCNJ2-AS1",-0.35460746800642
"FAM114A1",-0.354767531879007
"UMPS",-0.355079366866722
"FBXO25",-0.355231241958576
"SPDYE2",-0.355421498608097
"GLRX2",-0.355674208223339
"JMJD1C",-0.355779801484448
"HSPA1A",-0.355786657438522
"AGPAT2",-0.355827536085232
"CLEC9A",-0.35585749375922
"ANKRD34A",-0.355901183655054
"AFTPH",-0.356396085300079
"ZBED2",-0.356627107660219
"TGOLN2",-0.356701687423073
"B2M",-0.356726695558838
"LLPH",-0.356737367574795
"CHST11",-0.356848524228882
"MRPL51",-0.357213172252639
"EFCAB13-DT",-0.357217840379513
"ENOPH1",-0.357238435513552
"ASRGL1",-0.357264691873478
"URI1",-0.357270567625247
"PTPRC",-0.357361580103696
"C10orf88",-0.35742138170517
"STX18-AS1",-0.357482284876058
"PGAP1",-0.357765832463493
"DHX8",-0.357770892047778
"DYNLL2",-0.357778660774515
"GPATCH2",-0.357802473717699
"WDR37",-0.357976670939051
"CIAO1",-0.358080927663046
"ARID3B",-0.358220874640965
"CD53",-0.358230482366436
"ZSWIM8-AS1",-0.35835597251454
"NCLN",-0.358438609561146
"IFNGR2",-0.358731866373138
"ZMAT5",-0.358930802859034
"DOT1L",-0.359132244566193
"DMXL1",-0.359148006254408
"UQCRH",-0.3594029423858
"LCORL",-0.359501127568843
"ISG20L2",-0.359508917184273
"LEMD3",-0.359545387870409
"MTMR6",-0.359590527596941
"ETAA1",-0.359787569418601
"TTYH3",-0.359975671435846
"JUN",-0.359989959931814
"ZC3H3",-0.360317709940492
"NKD1",-0.360859662529861
"TP53INP1",-0.360860750178346
"ZFAND5",-0.360962306823641
"BEST1",-0.361636895509551
"SBDSP1",-0.361858443188129
"C15orf40",-0.36191584291365
"HADHA",-0.362030118713188
"CIITA",-0.362535564839922
"LSM8",-0.362551947392759
"IPO11",-0.362555964349663
"CRAT",-0.362586670468029
"PRRC2B",-0.362711284003284
"NCALD",-0.362809291380879
"TMEM14B",-0.363297603512912
"RPA2",-0.363356174382941
"SLC38A9",-0.363382991580877
"LINC00667",-0.363458279379913
"YRDC",-0.363603127590559
"PHYHD1",-0.363732807232101
"NHLRC2",-0.36394931867997
"SDHD",-0.364261878804069
"LIAS",-0.364432656307447
"SLC25A16",-0.365002316184898
"RRP9",-0.365019002021814
"LIF",-0.365126698035374
"LINC00921",-0.365128015613322
"RPLP0",-0.365569596970394
"ISY1",-0.36577057529685
"COASY",-0.365943882064272
"TRAM2",-0.366103678624942
"TGFA",-0.366175124067966
"SSRP1",-0.366214445944277
"PRKDC",-0.366554977780883
"NOM1",-0.36662576766121
"PPP1R13L",-0.367091406364835
"ATRAID",-0.36710748847809
"MFNG",-0.367604830709014
"TM9SF3",-0.367606962818837
"LINC00205",-0.367668944024663
"MRNIP",-0.367785582787549
"EHD1",-0.367800764099163
"SNRPD2",-0.367984095138889
"GBP4",-0.368115191367576
"SSU72",-0.368195993057141
"MAPK14",-0.368293687987277
"PRDM10",-0.368340107456624
"WWP1",-0.368363348182858
"LILRA6",-0.368758109934112
"TRAPPC1",-0.368786810107306
"CNBP",-0.368822782330491
"COPS5",-0.369215874034798
"C2orf74-AS1",-0.369407531096371
"TMX4",-0.37005164218962
"SULT1A2",-0.370206655109162
"PAK1IP1",-0.370308139760638
"PTTG1",-0.370334396795711
"OASL",-0.37040482056729
"MBOAT7",-0.370735636505788
"WDR38",-0.371280626565965
"PDSS1",-0.371372909980936
"ATP11C",-0.371596023315265
"SPINT1",-0.371714467643215
"SLCO3A1",-0.371729901739254
"CHD1L",-0.372103121843941
"ARL5A",-0.372328084442145
"DBP",-0.372852199920403
"CLIP4",-0.37288324714826
"SLC9A3-OT1",-0.372964969231803
"ARHGDIA",-0.373175070735633
"TREML2",-0.373226508276057
"JMJD4",-0.374175649099597
"PYCARD-AS1",-0.374367600557647
"MYH3",-0.374555395680984
"MRGBP",-0.374807277672529
"MIR4537",-0.374849655649927
"WDR24",-0.374896542417459
"TEAD2",-0.375048447857554
"HEBP2",-0.375376781408077
"TC2N",-0.375554421459369
"HDAC1",-0.375682595053466
"FPGS",-0.375763422014251
"FBXO3",-0.375839038351737
"HERPUD2",-0.376013439826497
"CASP6",-0.376399781690301
"ERCC4",-0.376583488159588
"NDUFA3",-0.37703560340539
"PGP",-0.377156730601124
"RHOH",-0.377193543169765
"DIMT1",-0.377471067562434
"SGCE",-0.377492624443143
"ERCC6L",-0.377598950902996
"TTC32",-0.377768470570601
"ZFX",-0.377865204813514
"CFAP45",-0.377989938134039
"MTX1",-0.378057485222769
"DYNC2LI1",-0.378241278289571
"SYPL1",-0.37827625794413
"VPS4A",-0.378517503219713
"ZNF232",-0.378698481615672
"EPDR1",-0.378822008772366
"SAXO4",-0.378840814048391
"PREPL",-0.379100614167695
"CTBS",-0.37938797799252
"EIF4H",-0.379410591905159
"SPDYE6",-0.379562452404612
"SHB",-0.379737857848152
"CHORDC1",-0.379758780876399
"SP1",-0.379911516485359
"TBC1D3C",-0.380013683819151
"DPP7",-0.380171445507355
"CAMK1D",-0.380214307098874
"CACNB4",-0.380217939591508
"CDKL5",-0.380237942083599
"ANKIB1",-0.38072969268582
"YWHAG",-0.38076926305585
"MCOLN2",-0.380784050315923
"NDFIP1",-0.380834045910027
"BLTP2",-0.381017254451699
"G3BP1",-0.381056851228469
"FAM76B",-0.381240507834822
"ARHGAP6",-0.381300067086522
"RASSF5",-0.381473413673071
"COX7C",-0.381508633469125
"MYCBPAP",-0.381518558245417
"AKAP1",-0.381566236141182
"ATP5MK",-0.381658162325746
"ARL6",-0.381811865622104
"GRSF1",-0.382351565782613
"DDX42",-0.382434082416954
"IL32",-0.382465221109776
"TRPV4",-0.382630701262076
"GRTP1",-0.383026363854895
"TAF7",-0.383152447796323
"GCH1",-0.383279757991404
"ASGR1",-0.383395363838885
"NFE2L3",-0.383544233692895
"SLC33A1",-0.383662226822613
"MRE11",-0.383674454819377
"HNRNPLL",-0.383748575747868
"POP1",-0.383961878612292
"PPP1CC",-0.38416873679803
"SEMA3F-AS1",-0.384240686067585
"MYO1D",-0.384328081803344
"PJA2",-0.384330479963031
"RABGGTB",-0.384357594646954
"SCARB1",-0.384733129831837
"LY6G6F-LY6G6D",-0.38474415865603
"IDUA",-0.384769217354897
"HLA-L",-0.384839353040215
"PPA2",-0.384905390599073
"MAMDC4",-0.384997777123733
"VAMP7",-0.385307441914023
"ZNF594",-0.385743101265624
"HNRNPH2",-0.385925221047885
"TRMT13",-0.386386710379801
"SLC12A9",-0.386488754570369
"HNF1A",-0.386686907496209
"LNPK",-0.386861297947123
"SPIN3",-0.386996784732058
"VGLL4",-0.387375070979527
"PSMD9",-0.387375373604428
"CARD8-AS1",-0.387626741397178
"MT-ND3",-0.387798271438558
"DNAJC16",-0.388002629047114
"TCIRG1",-0.388011030797061
"MGAT1",-0.388229127849011
"TRERF1",-0.388325921067769
"HLA-G",-0.38855150297323
"AVEN",-0.389275153340856
"RBM3",-0.389280621021129
"ZNF398",-0.389505192932202
"MON1B",-0.389605791894144
"IRAG2",-0.389996703824568
"PDZD11",-0.390156421523403
"KDELR2",-0.390188781049635
"CLUAP1",-0.390643711843802
"EGLN1",-0.390651698670519
"GZF1",-0.390787032088965
"AIDA",-0.390862929892121
"CYP2R1",-0.390869906291607
"PLIN2",-0.391025140591074
"RYBP",-0.391030725909591
"OCM",-0.391149155108281
"ZC3H11C",-0.391186314794768
"CWC25",-0.391429504485116
"ATXN7L3",-0.391733511140379
"CDC25C",-0.391734628412706
"ADAT2",-0.391741286066182
"PRKCZ",-0.391747293958521
"MSC-AS1",-0.392066029024999
"MAP3K3",-0.392187349074752
"LACTB2-AS1",-0.392560710074585
"NACC2",-0.392711616947167
"NICN1",-0.392789538569241
"GAB1",-0.392865251689847
"VPS37A",-0.392931146826286
"LUC7L2",-0.393145574534378
"CNST",-0.39329844445409
"RASGRP4",-0.393606145339881
"THRIL",-0.393679454346861
"ORAI1",-0.393703612722445
"RPL26",-0.393867549070396
"RALGPS2",-0.393936924079187
"KLHDC3",-0.394202090637077
"ACTG1",-0.394365602844866
"SETBP1",-0.394405714550499
"ZFYVE28",-0.394423834742184
"ADORA2A",-0.394621780324535
"TNFAIP2",-0.394712824069461
"PIGL",-0.394991343366396
"STK17A",-0.395067466752923
"RASA2",-0.395138674605728
"SNU13",-0.395322798090304
"NAA38",-0.395513853245496
"NCOR1",-0.395533453692192
"HMGCS1",-0.396014068511649
"CFP",-0.396038772033897
"SPIN2A",-0.39609056126456
"MINDY3",-0.396182238920556
"GP9",-0.396279645950552
"TRAF7",-0.396392068262778
"ATPSCKMT",-0.39641089844327
"SNHG4",-0.396508292777054
"OCRL",-0.397382001715194
"MIR7846",-0.39743292673116
"IPMK",-0.397517299812208
"SNRPC",-0.397713611884851
"SRF",-0.397817650133527
"TMEM187",-0.397897901293383
"EBNA1BP2",-0.397908123137422
"TDG",-0.398259197284408
"SLC7A7",-0.398406101493186
"COPS7A",-0.398600621759519
"SYNGR1",-0.398778681951782
"SEPHS2",-0.398832914907485
"MYL6B",-0.399482886317379
"WRNIP1",-0.39954098801144
"ADAM9",-0.39955780833461
"GTF2IRD1P1",-0.399570177009084
"LDAF1",-0.400129674016765
"XRCC4",-0.400458290192699
"GPSM3",-0.400566279149547
"GLI1",-0.400710395237141
"LARP4",-0.400799032429163
"VKORC1",-0.401057230147951
"GUCY2C",-0.401176315142098
"C19orf12",-0.401614553940053
"ZNF865",-0.401624111536254
"C12orf57",-0.401627819357661
"TMX3",-0.401733986865185
"BPI",-0.401955693476646
"NLGN3",-0.402020366651198
"CCDC51",-0.402209531068891
"FAIM",-0.402269391519421
"PPP1R9B",-0.402305897988646
"MLXIP",-0.402457166350615
"SLC26A2",-0.402549290444736
"AUTS2",-0.402571462072294
"ABCC4",-0.402717215971486
"ACAA2",-0.403606721419515
"GGACT",-0.403770136489985
"DDX56",-0.40384170150753
"RNF114",-0.403899169840963
"AIFM3",-0.403905589578236
"SAC3D1",-0.404049669340961
"EID2B",-0.404131009234098
"DNAL1",-0.404567604071706
"H3C10",-0.404919366177511
"MANSC1",-0.404925941511703
"SKA2",-0.405049920638565
"HEY1",-0.405105331498461
"KLHDC2",-0.405388179086953
"PLBD1",-0.405603729857233
"RNF8",-0.405663657260215
"HSPBAP1",-0.405691186534531
"SMPDL3B",-0.406109425143411
"NFXL1",-0.406235323406183
"TMEM128",-0.406296348766756
"SARAF",-0.406540491417551
"ESD",-0.406807627660903
"RAP2C-AS1",-0.406960638813523
"HYAL2",-0.40734213412111
"SH3BP1",-0.407572679352943
"BICDL1",-0.407632025645789
"PRKCI",-0.407986912052901
"ZC3H11B",-0.40800130746873
"NCKAP5L",-0.408071850106771
"GOLGA8Q",-0.408423070047413
"CRYL1",-0.408487092953125
"EVI2A",-0.408591784609429
"CLCN2",-0.408595275978869
"MRPS22",-0.408907571812782
"ASB7",-0.409224577082892
"MTMR9",-0.40929448961019
"TMEM167B",-0.409401913957901
"ZNF236-DT",-0.409431641677677
"GNPDA1",-0.409490693082397
"SERINC1",-0.409882815736423
"MFSD14A",-0.409884188215516
"THAP2",-0.40989311126049
"ZNF136",-0.409986850915922
"EFCAB2",-0.410326421675035
"GOLGA7",-0.410400945945685
"OSBPL3",-0.410607970305234
"BAG3",-0.410940255558748
"NIFK-AS1",-0.411235103678373
"CTSD",-0.411372163834576
"MTIF3",-0.411490110373262
"PRKAR1B",-0.411764351229148
"CREB1",-0.412394996983881
"CENPH",-0.412442579738555
"ARHGAP10",-0.412635256209122
"NDUFB2-AS1",-0.412735422214035
"FCRLB",-0.412939845958065
"EGR2",-0.41298343078463
"CCDC191",-0.413069806411719
"PHF14",-0.413323333709991
"ABHD18",-0.413362757698033
"EFHC1",-0.413468178870022
"VAMP5",-0.413837744705438
"TNRC18",-0.41386690303541
"CDK13",-0.414027692796416
"ZNF493",-0.414151661005186
"GRAMD4",-0.414164401585349
"RNF214",-0.414598356805389
"DDIAS",-0.414759002370814
"ZNF85",-0.414990377199509
"FAM20A",-0.415006123670625
"COQ3",-0.415027691780485
"STX16",-0.415119218102587
"TMEM65",-0.415266617933522
"RIPOR2",-0.415662631284323
"GPHN",-0.415719024229955
"TIGD5",-0.415758247105915
"USP10",-0.415803223916641
"TUBA1B",-0.416048909869577
"PAOX",-0.416312385611971
"SSBP3-AS1",-0.41641278756531
"NCBP1",-0.416431564460971
"MRPS30",-0.416537089431637
"HINT1",-0.416589552470583
"HSD17B11",-0.416839866473414
"RAB5A",-0.416998615940196
"CNPY3",-0.417263311651037
"C17orf100",-0.417540828001636
"OTUD3",-0.417816424768142
"ZNF550",-0.418670167094483
"GSE1",-0.418852568184547
"YY2",-0.418881082205514
"ZNF606",-0.418953390535321
"CD68",-0.41895817262921
"ZFY",-0.419294368159492
"PC",-0.419414525464541
"BRI3BP",-0.419476126813873
"ZNF697",-0.419718262754801
"CRYBB3",-0.419897589662141
"ZNF487",-0.420007882645105
"UBE2Q2",-0.420021448624647
"STARD9",-0.420147296849109
"CKLF-CMTM1",-0.420307928828331
"PIK3CG",-0.420513788235682
"RAB32",-0.420610443359889
"PPFIBP1",-0.420835459814598
"SERPINB9",-0.421047396460747
"SH3RF3",-0.421408635168598
"GEMIN7",-0.421556086201558
"DHX15",-0.421856408698029
"CCT6A",-0.422143643024929
"GMNN",-0.422268426052924
"SEC31A",-0.42233224957871
"ZNF638",-0.422525641170725
"STXBP5",-0.422742664802408
"NAA35",-0.422914605175932
"IFFO2",-0.422962610707641
"CFAP70",-0.42298984785958
"CD5",-0.42332772253043
"MIR3661",-0.42340909543666
"HYCC1",-0.423443153907706
"EARS2",-0.423659142225646
"FCRL2",-0.423673293427307
"RSL1D1",-0.423822841788035
"PLEKHA1",-0.424063445746483
"ATMIN",-0.4244527292881
"PLGRKT",-0.424864248735284
"RPN2",-0.425191008397826
"CRIM1",-0.425572180113247
"SPI1",-0.425937908564097
"TLN1",-0.425967087500545
"IFT46",-0.426157604714008
"CPSF7",-0.426323879548438
"TMEM243",-0.426508872228567
"FXYD1",-0.426776262710671
"FBXL16",-0.426785424643497
"OR2A20P",-0.426828895243322
"PRIM2",-0.427120738671074
"EIF4EBP2",-0.427435913583824
"DAPK2",-0.427449935746429
"RIN3",-0.427465999796932
"IPO8",-0.427589019865401
"RNGTT",-0.427740154742694
"ZNF69",-0.427769521591929
"SLF2",-0.427945917744263
"PSMA1",-0.428178847500155
"CCNB1",-0.428333624858369
"POLR1E",-0.428490889704282
"MARCHF5",-0.428552731906853
"SLC50A1",-0.428564225006817
"ATP8A2",-0.428854729602152
"PPP2R5A",-0.429094696395688
"MRPS16",-0.429095268481529
"TIGAR",-0.429250755380708
"PCBP4",-0.429442851964512
"ING1",-0.429703898797563
"CRIP3",-0.429743885495569
"FHL2",-0.429935769168847
"TMEM204",-0.430057772884523
"FAM131B",-0.430497406294177
"AP5B1",-0.431043175954961
"CCDC9",-0.431107538543944
"NIPA1",-0.431349157788808
"CUX1",-0.431630233800838
"AAMDC",-0.431712223595789
"PLIN3",-0.432058000458359
"FAM98B",-0.432113054219057
"PAM16",-0.432197525424657
"HNRNPK",-0.432376270819256
"HDAC2",-0.432393293397888
"PXN",-0.432433476913315
"ANP32A",-0.43250996127515
"ATP10A",-0.432807535113172
"PTGR2",-0.432814725660888
"MKKS",-0.432898946159373
"FAM8A1",-0.432982523956064
"ORAI2",-0.433027419730222
"ACRBP",-0.433085556639971
"PDP1",-0.433108077236109
"SAE1",-0.433340733614815
"EIF3L",-0.433920817281707
"UBE2E1",-0.434020127693435
"FNBP1",-0.434078797017347
"LTB",-0.434192889838402
"PDCD7",-0.434557114296643
"SPIB",-0.434747807207544
"NFKBIE",-0.434917822066663
"C8orf44",-0.435307901491442
"THOC3",-0.435376392865881
"MARCHF7",-0.435439865593051
"UBE4B",-0.435591344843271
"ZMYM2",-0.435898153497178
"MPZ",-0.43628074238488
"MBNL1",-0.436299523507763
"STK11IP",-0.436351979863474
"MIR5196",-0.436692889897409
"LSM1",-0.436710362898977
"PAG1",-0.436761744695304
"TM2D2",-0.437110094147329
"ACAT2",-0.437130698492254
"FRMD8",-0.437251002642298
"HSPA5",-0.437334221424229
"APOO",-0.437464268868316
"TRAM1",-0.437576269230913
"TOGARAM1",-0.43774921363128
"AANAT",-0.437780160826947
"ERCC6L2",-0.43783057532876
"MSC",-0.437845571797875
"TMED7-TICAM2",-0.438082429451674
"ARPIN",-0.438500274768979
"PHF7",-0.43852131726586
"EXOC3",-0.438940080394829
"DPY19L4",-0.439997712731749
"NECTIN1",-0.440507517080735
"SF3B6",-0.440877182588938
"DDX24",-0.441096433949321
"TIFAB",-0.441210428740777
"MAVS",-0.441343550098911
"ZBTB25",-0.441508289635644
"C19orf47",-0.441536189027213
"TP53BP2",-0.441660681355094
"MAN2A1",-0.441728853011225
"SLC24A4",-0.442047085626867
"RNASE3",-0.442237063976896
"MIR4680",-0.442933580100925
"DIAPH2",-0.442995024677491
"LRRC40",-0.443163608275839
"PITX1-AS1",-0.443228902816182
"SFPQ",-0.443298228860616
"BOD1L1",-0.443326176079123
"KLHL5",-0.443543026847141
"PLEKHM2",-0.443721397850035
"RAVER1",-0.443730631135537
"TOB2",-0.443779515124352
"MIR7844",-0.443836024245544
"KGD4",-0.443846910518092
"DIAPH1",-0.444312711604777
"ZNF267",-0.444469502228335
"STAG3L4",-0.444499052034556
"RFT1",-0.444543848422723
"GPD1L",-0.445271679840996
"CROT",-0.445858702901025
"HOXB4",-0.445867648258055
"PPIL6",-0.445906151368548
"CAPN1-AS1",-0.446090419748311
"MGMT",-0.446297103791876
"SLC7A8",-0.446366559580817
"ZZZ3",-0.446572872121395
"AGFG1",-0.44683712312645
"GGPS1",-0.447006903289805
"EIF4E",-0.447104395373078
"RCAN3",-0.44711623585043
"SNORD32A",-0.447147511550392
"ZBTB33",-0.447159016252057
"TH2LCRR",-0.447186851660252
"TAFA2",-0.447244178249214
"CTDSP1",-0.447256559501736
"OVGP1",-0.448103223722826
"GARRE1",-0.448643589139914
"CDC42BPB",-0.448813437537689
"ATP2B1",-0.448965070731478
"ZNF285",-0.449299021921354
"HOMER2",-0.449406141993207
"SELENON",-0.449466549295471
"GNPTAB",-0.450001260026147
"COX14",-0.4503300390795
"ISCA2",-0.450337717027371
"TTLL3",-0.450352774969943
"PSAP",-0.45047534195015
"MEF2C",-0.451185724872047
"ZSCAN26",-0.451390134569757
"PATL2",-0.451428071872182
"MTR",-0.45148080463212
"ST6GALNAC1",-0.451546678148194
"GDAP2",-0.451631176556492
"PRR14",-0.45179504169419
"TTLL5",-0.451838508366003
"NAPEPLD",-0.451960958772005
"PGAP2",-0.452114427084202
"MIR5047",-0.452130757846062
"BCAP29",-0.452225382415279
"S100A11",-0.452730925348621
"MED14",-0.452928648690315
"AKT3",-0.453157205171565
"TPM3P9",-0.453378983196669
"JUNB",-0.453496953317318
"CYFIP2",-0.453587398998298
"TLE4",-0.453716715939309
"ZSCAN21",-0.453755537125493
"SPTSSA",-0.453877257463794
"CLINT1",-0.454525315950864
"DDX19A",-0.454652714234238
"ACTR6",-0.454760735786098
"PALM2AKAP2",-0.454798584610831
"CHIT1",-0.454837208917079
"ATF1",-0.454899908126945
"LRRC24",-0.455039372770771
"ATP2A1",-0.455105193407108
"RAB18",-0.455291630080904
"PPP4R2",-0.455929008174221
"RAP1GDS1",-0.456018626733234
"ABL2",-0.45631803956875
"SLC13A3",-0.456344257696925
"CKAP2",-0.45737588067197
"PDCD4",-0.457492736178171
"ESCO1",-0.457725416667732
"GPATCH2L",-0.457730886562634
"SIRPD",-0.457751971518018
"NREP",-0.457838687238231
"GNAI2",-0.457984637187061
"DEF8",-0.458668879402808
"ITGA5",-0.458792757362459
"DHRS7",-0.458917841047306
"SNRPN",-0.459012277297033
"ZNF32-AS3",-0.459167561436408
"TMEM38B",-0.459258967436857
"AP3B1",-0.45926681953348
"MEX3D",-0.459555278810724
"ADPGK",-0.459568027181194
"ACO1",-0.459624839426474
"ZNF10",-0.46029222562321
"FGL2",-0.460417942016877
"SDHAF1",-0.461016296109158
"KLHDC10",-0.461630031441844
"PPP6R3",-0.461879662884889
"CDKN2AIPNL",-0.461991690143697
"NR3C2",-0.462016601256695
"TIMM17B",-0.462105424038646
"DENND1A",-0.463139508936173
"ZNF883",-0.463156293154808
"LSM11",-0.463390279788172
"VILL",-0.46355753110999
"TSPAN18",-0.463711910563089
"HEXA",-0.463740789615032
"DNMBP",-0.463749978903118
"AP3M2",-0.463758511965273
"TUBD1",-0.463820960260152
"ME2",-0.463833321831646
"WNT5B",-0.46386983066384
"DNAJB5",-0.464032952420761
"ATRX",-0.46435162125918
"VEZF1",-0.464536957185542
"CRABP2",-0.465116091113888
"PPP2R3C",-0.465123456109886
"TARBP2",-0.465263111391604
"UBA1",-0.465304117286322
"NUDT18",-0.465577320168679
"ARPP19",-0.465643536705628
"HACE1",-0.465933137559924
"ESR2",-0.466653309159803
"TECPR1",-0.466783554659545
"DNAJB6",-0.466931973692327
"NDRG3",-0.467332129456773
"CMTM6",-0.467406634436363
"FAM174A",-0.46746565049032
"LBR",-0.467543645815566
"CDK2AP1",-0.467647898484949
"ATG14",-0.467682489243331
"TOM1L2",-0.467782960350721
"LMBRD1",-0.468399457184398
"SCAMP2",-0.46890086478391
"ABCC5",-0.468972984789156
"MCMBP",-0.469050143420892
"S100A12",-0.469126543089403
"CEP135",-0.469609977292618
"LINC01637",-0.469619712666073
"SOWAHC",-0.469700639170334
"SWT1",-0.469765754678783
"MIGA2",-0.470222020954751
"ZNF45",-0.470289475457334
"RPS6KA3",-0.470439646825999
"ALG5",-0.470634327029819
"PGAP6",-0.470694204194863
"KDM3B",-0.470710971697008
"KHDRBS1",-0.470804342884283
"CLVS1",-0.470919625688153
"SERINC5",-0.471620968577635
"VDAC2",-0.471669157934249
"RNF213-AS1",-0.471743485994502
"P2RY8",-0.471900625655698
"EEF1AKMT1",-0.472076727042175
"ZNF70",-0.472232117063133
"CRELD2",-0.472418675792006
"CCDC7",-0.472501415844169
"DOCK4",-0.472620332534363
"ANKRD36",-0.472764907984499
"BDP1",-0.472902517232473
"PPP6C",-0.47293227108035
"EML5",-0.472951368491375
"IDH3B",-0.473104166358836
"RIMS3",-0.473210321588052
"CNTNAP3B",-0.473712944093773
"DIP2B",-0.473722692568674
"MED13",-0.473881823935244
"ZNF397",-0.47408384015183
"MFN2",-0.47418837443471
"CAPN12",-0.47420972935011
"ELF2",-0.474579466659162
"PPP3CB",-0.47480386500803
"CES4A",-0.47495897420763
"PRR14L",-0.474980217822608
"SS18L2",-0.474999771042032
"CD37",-0.475377718539517
"RBFOX2",-0.475391068698676
"ZNF518B",-0.475554343831619
"PZP",-0.475980535334175
"MBD5",-0.475987112715533
"FOXD2-AS1",-0.476190850213222
"RBM15B",-0.476426506585097
"LATS2",-0.47656306771514
"ARMC12",-0.476577912712506
"STAT5B",-0.477543540927358
"LEPROTL1",-0.477646507698331
"SMAD2",-0.477783111087859
"NDUFA13",-0.477797222882971
"RBBP9",-0.477812139375069
"PTS",-0.477992742764188
"KICS2",-0.478083255483659
"SPATA6",-0.478250279098803
"MLEC",-0.478392331301048
"TESMIN",-0.47849703096384
"CCDC125",-0.478949207324002
"NDUFAB1",-0.47895731555611
"ELOC",-0.479183455723432
"SSR2",-0.479217757701685
"MYO1C",-0.479267529252891
"ZNF300",-0.479319787289061
"MTHFD2L",-0.479479855914945
"CLASP2",-0.480133408540915
"HBP1",-0.480291944424504
"POLR2M",-0.480498270855611
"MAGOH",-0.480538469785246
"RAD21",-0.481075324986082
"TEX2",-0.481144734074414
"GINS2",-0.481737145316714
"ZNF271P",-0.481797214813386
"DGAT2",-0.481797917633256
"DMXL2",-0.481871438718944
"PARN",-0.481919440429834
"PLGLB2",-0.482331284451064
"SLC25A43",-0.482334787504215
"TSR3",-0.482699501295774
"ZNF775",-0.482790887738576
"YTHDC1",-0.482832449206926
"PTGS2",-0.482915697947723
"IGLL5",-0.48314979594368
"HELZ",-0.483499122671046
"GCOM1",-0.483683182382367
"IGSF9B",-0.484141079933063
"ITGB1",-0.484172328516293
"LMBRD2",-0.484426151280763
"PCMT1",-0.484538712660866
"NR2C1",-0.484595482525057
"OMA1",-0.485258352792486
"RENBP",-0.485847798597638
"FBXL19",-0.486029519643062
"CDCA3",-0.486224369080001
"IFNLR1",-0.486262026205794
"L3MBTL3",-0.4863770708754
"BATF",-0.486532877944953
"ITPK1",-0.486553870846594
"FDXR",-0.487287874361957
"CAPZA1",-0.487371238678974
"AGO1",-0.48745892185616
"MYLIP",-0.487506971879965
"TRIR",-0.487521072438276
"OXSM",-0.487521459447021
"ALMS1",-0.488243555144888
"ENSA",-0.488252406617561
"QKI",-0.488441038555489
"ADGRE3",-0.488453461761798
"LINC02983",-0.488494403852387
"ROCK1P1",-0.488504495987029
"ICE2",-0.48853592751216
"SPOPL",-0.488648194547634
"SBSPON",-0.488653806492435
"HPS3",-0.488869794945325
"ZNF605",-0.48888140831194
"SUMO2",-0.489414274205608
"WASHC3",-0.489493548098329
"HARS1",-0.489516395578319
"IL1RN",-0.489892301385795
"PM20D2",-0.489905026196017
"OSBPL11",-0.489909988808394
"GNB4",-0.490175928456599
"CEACAM19",-0.490683167968626
"MAN1C1",-0.490737712910525
"MTRR",-0.490765743105904
"TMEM135",-0.49089124004903
"MAFG",-0.490988409946023
"UBE2B",-0.491116614469049
"DNAAF4-CCPG1",-0.49113584869742
"RPRD1A",-0.491154760338029
"MAPK1",-0.491646898138715
"SCN3A",-0.491676615851911
"EIF4A1",-0.491779397566014
"EBI3",-0.491915260048203
"MGAT4B",-0.491971390899438
"FAM219A",-0.492074692431445
"SCOC",-0.492271751696162
"ARF5",-0.492331280056737
"GPR171",-0.492743821343714
"BRAF",-0.49331262468725
"SCUBE3",-0.493452831161187
"SLC35F2",-0.493511916195964
"TPK1",-0.493546997964698
"KHDC1",-0.493751460901399
"SECISBP2L",-0.494169528511953
"TET3",-0.494240347515671
"LCDR",-0.494367964919677
"PFN4",-0.494482189479032
"JAML",-0.494544106488643
"SPAG7",-0.494654778703197
"FLNA",-0.494796794564094
"GXYLT1",-0.495490922119587
"A2M",-0.495559146508546
"KCNJ15",-0.495761110988393
"MBIP",-0.495770227770126
"SUOX",-0.495926649192825
"PRLR",-0.496187272041977
"INIP",-0.496261727023703
"MAPK3",-0.496347453401213
"ADAP2",-0.496675586808473
"ZNF8-DT",-0.496869470577332
"ETHE1",-0.497092177008025
"B3GNT9",-0.497298021194181
"PCSK5",-0.497436448396805
"ASXL2",-0.497460905835116
"ZDHHC19",-0.497472856470564
"RAB4A-AS1",-0.498028743761904
"SUGT1P4-STRA6LP",-0.498058976560564
"RAPGEF2",-0.498352037740392
"DCUN1D2",-0.498549281653171
"PGAP3",-0.498961145577353
"DNM1L",-0.498979999505164
"TTC28-AS1",-0.499129653811944
"NCOR2",-0.499201470764848
"N4BP2L2-IT2",-0.499419783575573
"ZNF827",-0.499525280368578
"RBBP4",-0.499542037461733
"LYN",-0.499567386298799
"ATP5PF",-0.499930328820836
"CEP76",-0.500185619691345
"LINC00649",-0.500272980877887
"PTPRJ",-0.500484296010296
"PPIE",-0.500532792640137
"TRIM46",-0.500543658393012
"PPP3CB-AS1",-0.500682382941796
"SGPL1",-0.50087027311164
"PFKM",-0.501011049702939
"TYW1B",-0.501114979403053
"PDIA5",-0.501257033542874
"ADNP-AS1",-0.501315566661955
"KANK1",-0.501881741193021
"PDGFA-DT",-0.501968314702621
"SIDT2",-0.502105088325728
"ZNF782",-0.502245732213968
"CYB5D2",-0.502278098509504
"TWF2",-0.502286927050576
"SEC61G",-0.5025296955526
"TIMM8B",-0.502591566867918
"GLYR1",-0.502782533827468
"NABP2",-0.503011073774182
"TRIM33",-0.503021992889276
"TMEM245",-0.50317390347646
"RPL23",-0.503177462396969
"AQR",-0.503452235253371
"HNRNPDL",-0.50347046543282
"SDCCAG8",-0.503495598656248
"PITRM1-AS1",-0.503571172285114
"SLC25A44",-0.503784506852673
"PTPN11",-0.503940000840243
"ZNF415",-0.503944247820309
"C16orf54",-0.504101331148827
"ZNF131",-0.504192415740255
"SYP",-0.504261525642258
"CLDND1",-0.504744029169149
"MID1IP1",-0.50477880087872
"SCD5",-0.504998143329029
"EPHX1",-0.505366848453889
"VPS9D1",-0.505466849195734
"ZNF280D",-0.505513416237977
"PODXL2",-0.505551236439003
"PHLDA1",-0.505902218366739
"DERA",-0.506051212942024
"HSD17B7P2",-0.506483960207694
"GATA3",-0.506555234565993
"LRRC25",-0.506575694406146
"SETD9",-0.506905359418722
"NPIPB9",-0.507076248297029
"FAM167A",-0.507133567917977
"PAIP2B",-0.507147817049596
"ADAMTSL5",-0.507163794549771
"RNF144B",-0.507231242306264
"PRC1",-0.507320453202813
"MEI1",-0.507519836493868
"DCUN1D5",-0.507622036713209
"PTPN7",-0.507923931038266
"GGTLC2",-0.508095774527114
"FHIT",-0.508257891822409
"PAWR",-0.509100070806666
"CIAO2A",-0.509113548631242
"GAPT",-0.509440796193441
"PNPLA4",-0.509564155892904
"USP5",-0.510012294852212
"PIK3R5",-0.510404816716306
"DAP",-0.51045335628964
"PLEKHA8",-0.510580056922527
"SLC35B4",-0.510741586079826
"IL17RB",-0.51094515944067
"RGPD4",-0.511188530764697
"BOLA3-DT",-0.511191536922621
"FYB1",-0.511681344323473
"ITGAV",-0.511888637103273
"MICOS13",-0.512133407673454
"LY6G5C",-0.512194234756478
"GGCX",-0.512404818077151
"ITCH",-0.512496697176345
"RGL3",-0.512655988286197
"NCOA1",-0.512682347112655
"DTYMK",-0.512745489487888
"SLC40A1",-0.512753755588017
"TLK2",-0.512755037776417
"ANKRD49",-0.512790756233713
"ZNF74",-0.512866396322416
"C1D",-0.513061147662414
"GTF3C6",-0.51317405660487
"SLC38A2",-0.513222136260998
"KRT5",-0.513417352518453
"LDLR",-0.513529662847323
"NHERF1",-0.513833612742086
"TMEM104",-0.51386094364496
"HHIPL2",-0.514073660757301
"TCTN2",-0.514131890175569
"CHCHD4",-0.514186373266946
"ELOVL5",-0.514228393667893
"CNOT11",-0.514286156399924
"ZNF234",-0.514392152549046
"SERPINE3",-0.514946620873262
"KDELR1",-0.515017786607418
"TBCE",-0.515135326366955
"TADA2B",-0.515191717480382
"RBM4",-0.51533649310002
"TMEM86A",-0.515529744698242
"CBR3-AS1",-0.515551960291225
"PPM1B",-0.515785962021468
"DDX11L2",-0.516126175517561
"ETV6",-0.516428573623532
"RNASEK",-0.516782173203827
"ELL3",-0.51691481722392
"MTMR11",-0.516996791567084
"ZNF81",-0.51704415708129
"SH3GLB1",-0.517216937938913
"PDPR",-0.517285908396171
"RASAL1",-0.517553689018099
"ADI1",-0.517630776121471
"VXN",-0.517839474559598
"PHF5A",-0.517859312751675
"WRAP53",-0.518340985636763
"HLA-DMB",-0.518580536220455
"SLC44A1",-0.51864178134178
"HLA-A",-0.518727923912886
"PRIM1",-0.519000681627099
"KBTBD11",-0.519374039837431
"SCAF8",-0.5194176732806
"AP3M1",-0.520076731544416
"PHC1",-0.520384131019898
"RAB5B",-0.520391799577734
"TMX1",-0.52055107911083
"MAP1LC3A",-0.520644790361112
"CLCN4",-0.52076238284313
"EIF4E3",-0.521082703577864
"SLC27A1",-0.521200410514694
"PILRA",-0.521478766293071
"TCF7L1",-0.521556674893218
"SDHAP1",-0.521595640471009
"SMIM10L1",-0.521830568661532
"RAB11FIP1",-0.522022754889567
"HMBOX1",-0.522255941053825
"PSMA4",-0.52278852099085
"WDR1",-0.523062134636188
"SLC35C1",-0.523070779601068
"CERS2",-0.52309422475589
"SCARF1",-0.523142515050961
"MZB1",-0.523172179456469
"SLC35E4",-0.5233251921279
"TMEM9B",-0.523550492637732
"CYP1B1",-0.524066091506316
"GSTM3",-0.524742669741101
"LINC01163",-0.524752211178918
"NSFL1C",-0.524894180801566
"LIX1L",-0.524910354398969
"PSMG4",-0.525002889513271
"RBM27",-0.525370435658907
"ACVR1",-0.525580483083286
"FBRSL1",-0.525594863469949
"ARHGEF10L",-0.526068017768446
"TSC22D3",-0.526158509399064
"PHF24",-0.526279128519982
"CCNJ",-0.526763941617241
"CDC73",-0.526886431705564
"TVP23B",-0.527068298723389
"FES",-0.527068385645409
"RUFY2",-0.527085228353051
"ALOX15",-0.527465260623533
"LHX4",-0.527769525430614
"LINC02210",-0.528186484175585
"EIF5A2",-0.529208137454244
"NHERF2",-0.529370552561124
"NDUFAF4",-0.529431668508519
"ZDHHC17",-0.529435472321796
"CTNNA1",-0.529736443156271
"PPP2R2A",-0.530437094046922
"MARK2",-0.531083374521387
"PRKAR1A",-0.531126045930626
"ESF1",-0.5312580491954
"MRPL46",-0.531460502740276
"FBRS",-0.531588533164558
"C17orf67",-0.531741127687456
"CENPO",-0.532278256000354
"NAPSA",-0.532739231675356
"RINT1",-0.532846637554313
"GNB1",-0.533687984037239
"SNX20",-0.533711562394621
"CRK",-0.533736123458265
"ZAR1",-0.533756815120347
"PATL1",-0.533876560188105
"ZNF483",-0.534117303445108
"WASHC2C",-0.534221946944622
"ARID1B",-0.534235503497896
"FGD5-AS1",-0.534306334022393
"FAM111A",-0.534989790085141
"ERLIN2",-0.535250345572194
"ZNF668",-0.535713534042746
"DNAI7",-0.535716488131778
"FAAP20",-0.537200930808721
"KLF7",-0.537429727536243
"ALDOA",-0.537452424350011
"LASP1NB",-0.537751871323389
"YTHDC2",-0.537859826486878
"LRRC59",-0.537890521016916
"NDUFS4",-0.538280204357444
"LIN9",-0.538597585622849
"LRFN3",-0.538608899874808
"EID2",-0.538821714939627
"MIX23",-0.539138695648177
"FAM228B",-0.539197056748076
"CMC2",-0.539853113029907
"PI4K2A",-0.53997138689406
"FLNB-AS1",-0.54031040602992
"CCP110",-0.541264787524007
"GRPEL2",-0.541876728010203
"TSPAN5-DT",-0.541886312049969
"SLC30A7",-0.54194279258086
"NDUFS7",-0.541991093153299
"KBTBD3",-0.542004168161396
"ATAD2B",-0.54204927145052
"GNRH1",-0.542106818988057
"RALGAPA2",-0.542444296645521
"PBXIP1",-0.542463206758299
"COX7B",-0.543270818419821
"ADCY9",-0.543510292203715
"DNPH1",-0.543631031187231
"ABCB7",-0.543711934116736
"GP1BB",-0.543770448245728
"STAT4-AS1",-0.543846738044616
"FAS",-0.544163619661435
"GTF2A1",-0.54417726367063
"TTC34",-0.544387264272088
"HMGN2",-0.544985165764588
"VPS26A",-0.544990115890662
"GABPB1",-0.5450640438925
"EI24",-0.545111443239351
"MAP3K7",-0.545144993783905
"RBBP6",-0.545160550586951
"IRAK3",-0.545254428425906
"GPCPD1",-0.545334093240085
"ACADSB",-0.545339785942093
"EEF1E1",-0.545453812767403
"CSNK2A1",-0.545495582876716
"SPATA24",-0.545501184243085
"RACGAP1",-0.545527178982596
"EVC",-0.545718140879226
"PSRC1",-0.545779451616306
"CCNC",-0.545809780537924
"KLF13",-0.546048406378382
"APCDD1",-0.546280651113078
"CDC27",-0.546816809233094
"KLHL14",-0.546817848412463
"TLCD1",-0.546823663834407
"RSBN1L",-0.546991057680511
"MKLN1",-0.547075909331416
"CNTD1",-0.547198947220362
"MCUB",-0.547459526269563
"EPN2",-0.547461092760616
"GPI",-0.547481697602626
"LINC02648",-0.547607398870637
"FLT3",-0.547682411607063
"TSSK2",-0.547708714127867
"KLRC3",-0.547886698683572
"SEMA6A",-0.54871400103149
"GSAP",-0.549153044214624
"CDADC1",-0.549376177859321
"SBF2",-0.549817191593813
"ZC3H7A",-0.549828809523362
"MAGI3",-0.550092202306981
"TBXAS1",-0.550328069562873
"GTF3C4",-0.550528811262226
"CNOT6",-0.550623821332398
"CEP20",-0.550677131779844
"PSTK",-0.550878351411607
"RIF1",-0.550885583029381
"IKZF2",-0.550978643197943
"TMEM126A",-0.551203506864
"ZNF124",-0.551210915878385
"ABRAXAS2",-0.551222775202524
"ZNF546",-0.551737341399233
"ARF4",-0.551876923904869
"MTX2",-0.551882938408593
"PRPF40A",-0.551979988775211
"CILP",-0.552080592415063
"RAB14",-0.552134524917151
"CAPN1",-0.552237027412202
"RDH5",-0.552389588220358
"ZNF22-AS1",-0.552438556580884
"PLAG1",-0.552523897383107
"PSENEN",-0.552534499838403
"PGLS",-0.552676249418975
"ADAM22",-0.552841066809159
"PPP1R14A",-0.553073879517468
"NAGA",-0.553138067543937
"DSN1",-0.553154378946648
"DHX40",-0.553493780953812
"SLC9A5",-0.553533646239973
"RHOG",-0.553808487362261
"UBFD1",-0.554054575209849
"CNOT9",-0.554074173971586
"TRA2B",-0.554371549877042
"CBS",-0.554400281920533
"SPDYE10",-0.55441546794326
"FDX1",-0.554612482628362
"TJP3",-0.554735788017823
"DNM3",-0.554769227356604
"NOTCH2",-0.554886566382608
"PHC3",-0.555051617870901
"MINAR1",-0.555346345078688
"KCNK7",-0.555460653650652
"CYB5B",-0.555555653491318
"STXBP3",-0.555755714614644
"CLTC",-0.555844176461362
"NAMPT",-0.555915971409738
"VEGFA",-0.556165941363808
"LINC02361",-0.556599944120113
"CARS1",-0.556616204926488
"UBOX5-AS1",-0.556740517591582
"KLHL3",-0.556976856284202
"ZNF273",-0.556976924588124
"ATP6AP1",-0.557238409201629
"ZNF518A",-0.557249623752535
"SPRN",-0.557376392748868
"WAPL",-0.557598945049773
"TMPO",-0.557632959997529
"ATP6V1H",-0.557724968701698
"TADA1",-0.557822288156197
"BDH1",-0.558114555466993
"FNIP1",-0.558155538065839
"FRMD3",-0.558303024100571
"DPP8",-0.558551637276409
"RASGRF2",-0.558560016778262
"TMED9",-0.55862382464788
"RAD1",-0.558885627531068
"C12orf75",-0.558898165696704
"ARHGDIB",-0.559023332463424
"TRIM73",-0.559218155575606
"CYRIA",-0.559240411464233
"GAPDH",-0.559243033103139
"LINC02289",-0.559297913550404
"MSRB1",-0.559342362770189
"HIF1A",-0.55941738014964
"IL12RB2",-0.559425891295326
"SLC66A3",-0.559507248915184
"ZNF169",-0.559580383490558
"IKBKE",-0.559883862334083
"DROSHA",-0.56047319681136
"OSGIN2",-0.561104183612662
"MPLKIP",-0.561228454175177
"USP6NL",-0.56130108519024
"EDEM1",-0.561731508567609
"OCLN",-0.561821565174016
"KCNQ1OT1",-0.562281317192536
"HERC2P9",-0.562329889203828
"BIRC6",-0.562459621297805
"ENO1",-0.562545709929625
"ELK1",-0.562792187697206
"H2AC11",-0.562858887365733
"IGF2BP3",-0.56287556673964
"LCLAT1",-0.562955313050766
"MAN1B1-DT",-0.56299503063064
"NOXRED1",-0.563307204872385
"TBC1D10B",-0.563533348297501
"ARFGAP3",-0.563751418504601
"SPAG9",-0.563876508929823
"PRKCD",-0.563984246656321
"LETM2",-0.564340758669216
"WAC",-0.564470947642315
"SLC35A3",-0.564501798806218
"TM4SF19-AS1",-0.564734700439193
"TTN",-0.564751279546817
"JOSD2",-0.564778819522045
"MAPK9",-0.564930518773104
"METTL1",-0.565181291919885
"ZNF248",-0.565315621390173
"PFN1",-0.565349245315946
"CENPX",-0.565357424815096
"OSTC",-0.565630022284312
"APMAP",-0.56573547533404
"ANKRD33B",-0.566069970757587
"MAPRE2",-0.566101560350373
"LZIC",-0.566113581390893
"MRPL1",-0.566366413159567
"ZNF770",-0.566554559904214
"CSF2RA",-0.567015581194356
"GOLM2",-0.567162933244558
"MCF2L2",-0.56720462451726
"MORC3",-0.567246468319594
"ADAM17",-0.567313868460144
"PROK2",-0.567496281369621
"TRAT1",-0.567634562090484
"CREM",-0.568013218891021
"CCDC13",-0.568357698307047
"TMEM50B",-0.568492938042281
"MRTFB",-0.568574772259155
"PVT1",-0.568605644648024
"TES",-0.568862811374613
"EVI2B",-0.569210026129385
"PTCRA",-0.569297284539465
"SON",-0.569413159923049
"NOPCHAP1",-0.569440899015352
"CCDC183",-0.569623343308917
"BORCS6",-0.569785570669078
"JAG1",-0.569802835248609
"MARCKSL1",-0.569898048980059
"DHX33",-0.569971965281722
"CLK4",-0.569977870650031
"GABARAPL1",-0.570057108173453
"ZCCHC10",-0.570168471667657
"MAP3K12",-0.570268070435046
"SRSF5",-0.570403316706835
"MAP4K3",-0.570483010625341
"PITPNC1",-0.570931043453641
"RBM8A",-0.570997219816989
"EXOC2",-0.571352867886353
"ZNF787",-0.571465694802653
"LRRC18",-0.571544335979376
"CLIC1",-0.571600766645127
"ABT1",-0.571618102090036
"DNAJB9",-0.571626831719271
"KTN1",-0.57167762860256
"GDPD5",-0.571807399830794
"CAPZB",-0.572060558217622
"MIR4709",-0.572079911120795
"CSTF1",-0.572241524613438
"CENPJ",-0.573083562033911
"CNPY2",-0.573174845522485
"MYO15A",-0.573223641944406
"SLC12A5-AS1",-0.573252109784082
"AMPD3",-0.573391233584088
"ANXA2",-0.573762455948991
"IMMT",-0.573881423534262
"TPM4",-0.573900180141565
"PLGLB1",-0.57391896273043
"SOX12",-0.574055346227263
"INSIG1",-0.574078347120781
"TXN2",-0.57433746830093
"DEGS1",-0.574389108013615
"MYBPC3",-0.574844317106795
"MTFR1",-0.575155938432958
"SMG7",-0.575377942365538
"AMY2B",-0.575863338384929
"RPL34",-0.575938738603055
"SETX",-0.575958126883724
"DLG1",-0.576104888323404
"MCTS1",-0.576292493097672
"TOMM7",-0.576328412527504
"CD33",-0.576657660459816
"MAP1S",-0.576973081271059
"HLCS",-0.577293437808923
"S100A9",-0.57735076527778
"AMPH",-0.577629599834116
"MPP2",-0.577756436129079
"ABRACL",-0.577773724678641
"RWDD3",-0.577846915059716
"PUM2",-0.577897250517031
"GPR180",-0.578136007255062
"ZNF850",-0.578166850233701
"TMEM143",-0.57832405519158
"ZC3HAV1L",-0.578418051392099
"PAFAH1B2",-0.578475036801286
"ASAH2B",-0.578475476906743
"ZNF502",-0.578804732787486
"KIAA1191",-0.579183705160802
"FRRS1",-0.579216978207008
"PHYH",-0.579466511638178
"FKBP3",-0.579466907145252
"CXCL8",-0.579642244867037
"ZNF688",-0.579723107955071
"MRPS31P5",-0.579819837947637
"PRORSD1P",-0.579867088669357
"ZFAND3",-0.579994173613884
"CHD9",-0.580054220125154
"TMEM19",-0.580062610660153
"HLA-DRB6",-0.580253911346502
"AGO3",-0.580373279231737
"ZNF772",-0.580431298029524
"SRPK3",-0.580504657566639
"CD200",-0.580573068552901
"ATP5F1A",-0.580616052898591
"RPS6KB1",-0.581132237662473
"NBPF25P",-0.58118597149975
"TNFRSF10A-DT",-0.581239355905433
"NDUFB6",-0.581364437948666
"AHCYL1",-0.581380924938469
"KLHL24",-0.581419653486329
"SLC11A2",-0.581619570959619
"STAM2",-0.581668293044159
"PRKAR2B",-0.582030299972887
"GTF2B",-0.582212722574053
"DIPK1A",-0.582548217922326
"GLMP",-0.582667257734762
"SDHC",-0.582762886081885
"TUBA4A",-0.582778962141723
"TIMMDC1",-0.582794486398912
"CHRNE",-0.582972269278877
"MMP17",-0.583054531195083
"STN1",-0.583337076255215
"ZBTB48",-0.58345070898454
"HCN3",-0.58365757448916
"DPY19L1",-0.584008652584539
"TBL1XR1",-0.584076930738411
"BCKDK",-0.584286670957192
"MARK4",-0.584431455442509
"C2orf15",-0.584443989670746
"ZNF558",-0.584507556511464
"PDZD4",-0.584536757034044
"WDR7",-0.584602152325585
"NAA16",-0.584701565149566
"WDR45B",-0.584804522913268
"TMEM71",-0.584876919121472
"DCTN2",-0.585132531539613
"ZNF440",-0.585640563625373
"OTUB2",-0.586110422619233
"TCEAL8",-0.586311396300817
"RPS6KA1",-0.586474358830887
"BFAR",-0.586736138754191
"LRRK2",-0.587262023503222
"RORA-AS1",-0.587344127893395
"ASPRV1",-0.587587802409996
"DGUOK",-0.587605558363382
"CR1",-0.587852979259187
"SEMA6B",-0.587994367026469
"GPRIN3",-0.588034343551617
"CREB5",-0.58807996696403
"RNF13",-0.588208955835989
"SLBP",-0.588752307715621
"ALG10B",-0.588829439972154
"KLHL18",-0.589106732223109
"PON2",-0.589166135247158
"MCCC2",-0.589330414108747
"CGRRF1",-0.589343198805574
"EID1",-0.589388539231172
"DISP1",-0.589611603127775
"MRPL39",-0.589858091029792
"ZBTB22",-0.590626099308057
"FRAT1",-0.591280568364837
"APAF1",-0.591451758669584
"TMEM218",-0.591735800680451
"LRRC37A2",-0.591932474501624
"TYMP",-0.591960047584793
"NBPF9",-0.592013046634102
"PLXND1",-0.592106290004168
"SLAIN2",-0.592318637750083
"GNG2",-0.592393930388811
"IER2",-0.592543092411245
"ELOVL1",-0.59310310546835
"LYRM7",-0.593136141186452
"MTHFD2",-0.593237580830992
"PGRMC2",-0.593339729689577
"CCDC15",-0.593917110539245
"UTP4",-0.593995728818271
"CKLF",-0.594011158079583
"STX11",-0.594724250248709
"FOXK2",-0.595338479239225
"TMEM167A",-0.595591278884438
"HARBI1",-0.595594729868326
"TMEM147",-0.595833994274642
"UBA3",-0.595925139586763
"ZNF503",-0.596155702454884
"QARS1",-0.596353828983984
"SH3BGRL3",-0.59652958824827
"KIAA0232",-0.596711679840139
"PANK3",-0.596864859025118
"MDM2",-0.597041965975801
"TMEM170A",-0.597089026252473
"AATK",-0.597283925439212
"KLLN",-0.597326437367107
"MRPS18C",-0.597718277325311
"BOP1",-0.598096649223401
"LOXL1-AS1",-0.598154661475376
"ZNF414",-0.59847016614537
"RCN1",-0.598487270431816
"CSNK1A1",-0.598490087009276
"ASTE1",-0.598634992602292
"GNL3",-0.598762988474857
"SYT15B",-0.598863401794994
"DPH7",-0.599183257490945
"SRSF4",-0.599689060449694
"PBDC1",-0.600103286952507
"SMC2",-0.600335542866481
"FNDC5",-0.600546710655997
"CMTM1",-0.600644494566545
"BEX3",-0.60067410157625
"METTL9",-0.600725668023031
"UBN2",-0.60076458664061
"MCM6",-0.600960815298282
"TG",-0.601064169477471
"TIMP2",-0.601242993288255
"FHOD3",-0.601258757864767
"RNASEH2B",-0.60134025024068
"MUC1",-0.601425023013178
"FTO",-0.601428553359881
"KYAT1",-0.601544363556114
"PNMA3",-0.602260658804438
"ERH",-0.602287060612045
"ZNF706",-0.602525247524662
"PLAAT3",-0.602771692132329
"TVP23A",-0.602882244755689
"ABHD17B",-0.603053570899259
"BCL11B",-0.603061032210369
"PEF1",-0.603064758786056
"HPCAL4",-0.603341264453319
"UTP25",-0.603500758256061
"DDX39A",-0.603665541234242
"IARS1",-0.603773446927559
"BRCC3",-0.603936946480999
"PHC2",-0.604014869669544
"NORAD",-0.604026892439725
"FOXO1",-0.604603604000453
"LINC01259",-0.604669515638126
"DYRK1A",-0.604870093954422
"ARL3",-0.604934644143471
"MYH11",-0.604951223027217
"MIR3667HG",-0.6049996291198
"USB1",-0.605042651273583
"WDR35",-0.605092942814244
"TPP1",-0.606275013764204
"RUFY1-AS1",-0.606295062162316
"ST3GAL2",-0.606503301459236
"SLC9A6",-0.606597724816526
"ZNF92",-0.606678058552383
"QPCT",-0.606906417476408
"ARPC1B",-0.607461275198435
"DENND4A",-0.607521358812396
"FHIP1B",-0.607580619928687
"ARHGAP15",-0.607632452462452
"JKAMP",-0.607690056697665
"ZNF800",-0.607795785589735
"GRN",-0.608140861958344
"EXTL3",-0.608197339281243
"SMCHD1",-0.608458357283911
"PTAR1",-0.608617049637726
"ZNF506",-0.608907501350337
"F13A1",-0.60908525798175
"POMZP3",-0.609323126759616
"CD46",-0.609649451700982
"LGALS9C",-0.609751981798647
"CKMT2",-0.609838033449171
"TSHZ2",-0.610472084769243
"HSPD1",-0.610523010766197
"KISS1R",-0.610631332561089
"WBP2NL",-0.610697983712449
"CUX2",-0.610802896342489
"DOP1A",-0.611109401784909
"ZNF879",-0.611160111254627
"ATPAF2",-0.611201854852057
"LRRC37A3",-0.611269508152164
"ZNF525",-0.611349207678821
"ECT2",-0.611496619310145
"CRCP",-0.611548616209725
"URM1",-0.611657380881688
"HNRNPA1",-0.611832078285179
"MTM1",-0.612150739571286
"STIM1",-0.612383775535417
"UBQLN4",-0.612415104090452
"FYCO1",-0.612857370643762
"LDAH",-0.613144334081974
"KLF16",-0.613324340394982
"COX5B",-0.613421204546494
"VCP",-0.613421953721302
"PSMD2",-0.613761101042218
"MRPS23",-0.613879090620985
"PCBP1",-0.614061430619862
"PDZD8",-0.614097594930144
"XPR1",-0.614152589688806
"ARHGAP30",-0.614173205317819
"NTN5",-0.614226856269955
"MYCBP",-0.614307969993859
"AMD1",-0.614452218133614
"PLD3",-0.614507548273716
"C22orf15",-0.614676689397211
"SULF2",-0.614685811523373
"VAMP2",-0.614875506390823
"SLX4IP",-0.615244181515651
"GNAL",-0.615471571562756
"RAB22A",-0.615824509922403
"CNOT8",-0.61720079790994
"UQCRFS1",-0.617256502848579
"SYNPO",-0.617348602238991
"REV3L",-0.617821774988553
"ATOX1",-0.617988210308816
"RMDN2",-0.618150131864306
"PPP1CB",-0.618277250397835
"NAALAD2",-0.618457469080588
"CORO7",-0.618469489318064
"OTUD7A",-0.618624074926211
"TCL1A",-0.618675808599877
"PLRG1",-0.618691879801575
"CS",-0.618815655520032
"SPDYE1",-0.619116002123212
"SHMT2",-0.61937071322133
"CEP152",-0.619583885846644
"EIF1AX",-0.619686783414893
"ALG2",-0.619729589946139
"LYPLAL1",-0.619880048359155
"TRIM16",-0.620496327351757
"CEBPZ",-0.621238538057104
"BLCAP",-0.621252831154172
"NCF2",-0.621362460287933
"SPDYE14",-0.621411054521891
"MTCH2",-0.621538193346578
"TTC17",-0.621617761968265
"ZNF467",-0.621619941877914
"NNAT",-0.622175118490894
"MSANTD2",-0.622381828559167
"TRIM35",-0.622586336937012
"C17orf49",-0.622639712079368
"RAP2B",-0.622876862722411
"MYEOV",-0.623143443360807
"FBXL13",-0.623235169162419
"VPS41",-0.623587674003539
"CADM4",-0.624241244230466
"RAB1A",-0.624290277705697
"TSSK3",-0.624310386013594
"TUB",-0.624634955085533
"SUCLG1",-0.624808530634759
"C12orf43",-0.624879321955922
"RELA",-0.624968760906888
"MAST2",-0.625040153912552
"SMPD3",-0.625120518056528
"NCBP2AS2",-0.625175186472883
"METTL2A",-0.625586439029362
"SELENOF",-0.62559480320863
"FYTTD1",-0.625611291295167
"SIPA1",-0.625700778903028
"RANGAP1",-0.625755994925529
"NAE1",-0.625781792239415
"DUS4L",-0.625829303098927
"AGAP3",-0.625954742188578
"ENTPD6",-0.626152013568016
"LDLRAP1",-0.626546138141471
"ADD3-AS1",-0.627090482834201
"MAP3K5",-0.627100150948639
"ANTXR2",-0.627409560046148
"MIEF1",-0.627423753450294
"RAB6A",-0.627703244640477
"LRRC8C",-0.628039737711666
"MPDU1",-0.628704328327963
"PEAK3",-0.628783932983903
"CNOT6L",-0.629108735373383
"TAOK1",-0.629524628608246
"GOLGA8M",-0.629588423706127
"SFN",-0.629771458466045
"INPP1",-0.630132702378383
"RAPGEFL1",-0.630174634062137
"RPL36A",-0.630313331747945
"OTULIN",-0.631049944951863
"FRY",-0.631053770875632
"ATP6V0D1",-0.631622782603341
"DEXI",-0.631655162260576
"ANAPC13",-0.631851528075516
"TREM1",-0.632011103042265
"CTNNBIP1",-0.632052334900468
"SLC2A14",-0.6321568755337
"ZMAT1",-0.632454739429905
"AASDHPPT",-0.632632654919393
"LRRC75B",-0.632690721426627
"TMEM205",-0.632749672513963
"SLC29A1",-0.632888484743487
"PTRHD1",-0.633153617999792
"SLC16A7",-0.633250412656342
"FBH1",-0.633360088054821
"CYSLTR1",-0.633527021108433
"MPZL1",-0.633602812637068
"LACTB",-0.633607375090222
"TYW1",-0.633725031838671
"ACY1",-0.634006899365516
"MPDU1-AS1",-0.634281145420756
"TMEM272",-0.634782280412462
"PPFIA1",-0.635010704293212
"PLAU",-0.635278735405411
"RGS2",-0.635448743699073
"LINC03009",-0.635568231717528
"SUCLA2",-0.635676338704894
"COG5",-0.635800663178659
"FAAH2",-0.635816199224094
"TMCC3",-0.636316757589297
"VPS50",-0.636488097119071
"MEGF6",-0.637077930833993
"EIF2S1",-0.637126754801177
"NLRX1",-0.637152625970413
"ADK",-0.637169556138591
"S100A6",-0.637396573972292
"XPC",-0.637439485541751
"BMS1P4-AGAP5",-0.637528937621924
"NBPF26",-0.637721251605065
"NDUFA1",-0.637787649957683
"CARNMT1",-0.638074977926039
"B4GALT5",-0.638169882551672
"ATIC",-0.638352649166358
"BRWD1",-0.638671127685543
"NNT",-0.638819437124193
"VPS54",-0.638979543714748
"TMPO-AS1",-0.639607246348895
"SPPL3",-0.639845431860467
"PCMTD2",-0.639945897488485
"ANKMY2",-0.640151106751998
"NCK1",-0.640571983745957
"P2RX5",-0.640674295649311
"UNKL",-0.641431339060663
"NFYC",-0.641694154194504
"ST14",-0.641796279452145
"ZNF431",-0.641886644103972
"MRPS33",-0.642256760607984
"CPSF4",-0.642287612420098
"SIMC1",-0.642294813926074
"CACNB2",-0.642446182061098
"METAP1",-0.642472640829619
"UGT2B11",-0.644261865055059
"LRRC61",-0.644494561073292
"MTHFD1",-0.644568761410258
"LHFPL2",-0.64511873604975
"STAG2",-0.645311520965931
"KDM2B",-0.645337872082255
"PPP1R21",-0.645339066527694
"IER3IP1",-0.645856933334829
"SLC30A6",-0.646290587559091
"GNRHR2",-0.646929633067155
"BTBD1",-0.64709169601899
"BIN3",-0.647092418773046
"NBR1",-0.647339983647371
"GTPBP4",-0.647674285829692
"USP39",-0.647993226394373
"ZNF543",-0.648065287174211
"B3GLCT",-0.648281680379009
"CAMLG",-0.648291822463214
"NDUFA12",-0.648506560669709
"SULT1B1",-0.649490362705332
"RPE",-0.649886549247007
"SRA1",-0.650007567712783
"CD300C",-0.650031538699661
"C1orf198",-0.650413862398755
"FCHSD2",-0.650466522758923
"NUDT16L1",-0.650604903007558
"NUTF2",-0.651228705781488
"RAB11A",-0.651817813617566
"HSD3B7",-0.651926335992712
"CYTH3",-0.652376804023892
"TUFT1",-0.652566961503228
"ADAM15",-0.65267810158102
"CWF19L2",-0.652709693207128
"TESPA1",-0.652959526902051
"CBR4",-0.6531769884714
"DBI",-0.653191447459845
"KLHL28",-0.653646564860931
"ZNF749",-0.653692466158072
"ZNF746",-0.653791446121987
"TCEAL1",-0.65386832957005
"CD226",-0.653893995758988
"KLRC4",-0.6539663488559
"TANGO6",-0.654095456010411
"SPPL2A",-0.654355899606584
"GOLT1B",-0.654412606969956
"RPL36A-HNRNPH2",-0.654601490543496
"SLC25A3",-0.654613879431949
"TSC22D4",-0.654790086783365
"NCBP2-AS1",-0.654860734444249
"C2CD5",-0.655450613609566
"CCNG1",-0.655922494607075
"JUP",-0.656043441494166
"TTLL4",-0.656093276956719
"SDC4",-0.656257488545768
"MYLK",-0.656279525705698
"COL7A1",-0.656421725263734
"GYG1",-0.656572352518295
"ST6GALNAC6",-0.656910772834466
"NDUFAF7",-0.657363642027338
"CRTC3",-0.657389301257736
"LIPT2",-0.657647517954398
"GLG1",-0.657672289386323
"WARS2",-0.657971329639834
"BTRC",-0.658403711215666
"AGBL3",-0.658960005833188
"TP53I11",-0.659653802473092
"OCIAD2",-0.660465028862026
"PERP",-0.660674789127177
"ZPR1",-0.661025742087314
"AKAP8L",-0.661223627490822
"CTSZ",-0.66151088709486
"ESAM",-0.661576045535674
"ARL8A",-0.662030884672268
"EPHB3",-0.662382881021775
"ELMO1",-0.662510022783871
"NTSR1",-0.662738224893668
"LSP1",-0.662790054703258
"PMAIP1",-0.662851413495578
"CENPQ",-0.663293300345977
"EFR3B",-0.663517321920608
"ITGA3",-0.663570539472722
"FAM238A",-0.664308778100675
"KDM4B",-0.664473322649958
"MREG",-0.664599330474823
"PLSCR3",-0.664606865865712
"MPPE1",-0.664622576604813
"HS2ST1",-0.664624848432561
"FXYD6",-0.664686919404525
"PPP3CA",-0.664696928344352
"MYO9B",-0.664995723343493
"MAP4",-0.665186421351762
"WDR47",-0.665324103664977
"TBCA",-0.665616119798698
"GSS",-0.66619921475104
"PCBD1",-0.666439263478946
"CAVIN2",-0.666720536672672
"SLC16A6",-0.66736852385442
"EML6",-0.66739319628715
"PLCL1",-0.667789222211641
"FAM76A",-0.667828589312796
"UVRAG",-0.668269229668976
"EPHX2",-0.668509582524316
"TTLL11",-0.668774968102466
"BAZ1A-AS1",-0.668831517593647
"LIMS2",-0.668946824568022
"CYP27A1",-0.669444676953975
"RBMS2",-0.669614594514073
"GPLD1",-0.669645611528363
"SYNJ2",-0.669966236200795
"ZNF579",-0.670082756127345
"ADORA2B",-0.670132521776298
"SEMA3B",-0.670232168869707
"CCDC73",-0.670664571779041
"DGLUCY",-0.671038256587146
"TCF4",-0.671192192198802
"WASF1",-0.671262028282565
"ARMC2",-0.671287814696806
"DCAF17",-0.671300936556612
"LINC03006",-0.671633248346973
"SFXN3",-0.671697115267975
"PNMA1",-0.671712978708964
"ECHS1",-0.671773670553365
"LYSET",-0.672330306418631
"MAP3K5-AS1",-0.672432336794416
"PCSK1N",-0.672504888567954
"TRAK1",-0.672731613425321
"CA4",-0.672798588565439
"MTPN",-0.672802096820428
"EPPK1",-0.672940016944999
"GK",-0.673076988296537
"CCSER2",-0.673099040792375
"ZNF511",-0.673130155574242
"DDX5",-0.67323120976649
"SF3A1",-0.673634549763354
"STX10",-0.673659537545598
"TSN",-0.673690663531702
"RBM39",-0.673740420391139
"SLC38A6",-0.674783397532469
"UBE2Q2P13",-0.674894050784884
"SELENOO",-0.674948882147959
"USP38",-0.675034111001123
"TMEM127",-0.675777483292617
"NPDC1",-0.676015665346854
"R3HDM1",-0.676250759368222
"CANX",-0.6763297106259
"ZNF670",-0.676400781686186
"TNFRSF13C",-0.676786198241386
"BZW2",-0.676937753459938
"REEP3",-0.677670874819665
"MIR7847",-0.677757352936659
"OXCT1",-0.678328881046243
"GSN",-0.678543918121106
"HDGFL3",-0.678545016194833
"RTL10",-0.678589876100097
"RRAGB",-0.679071407086437
"STAG3",-0.679331948154398
"RNF208",-0.679427986490264
"USF2",-0.679865757377216
"DTNB",-0.680884651128483
"EPS15L1",-0.681198907279177
"SERTAD2",-0.681663420976967
"ZRANB2",-0.681790462086425
"COMMD6",-0.681808961073479
"PADI2",-0.681893581718248
"CBX4",-0.681911908278582
"RAB21",-0.68233852101316
"DCTN4",-0.682443476838983
"COBLL1",-0.682499571009567
"EAF2",-0.682616647321655
"PGGT1B",-0.68273438156233
"EHD3",-0.682813542120338
"ECI2",-0.683446254845777
"MRTFA",-0.683770167718985
"BLOC1S2",-0.683833778944126
"LAMP2",-0.683852368723739
"SNURF",-0.684096223738776
"NRF1",-0.684165811508985
"ERF",-0.684180938893466
"HECW2",-0.684434399552109
"CSNK2A2",-0.684612035039028
"SAT1",-0.684628622133386
"LAPTM5",-0.684641657907416
"CD300A",-0.684749257291703
"BASP1",-0.684815638742866
"RAB36",-0.684891511308529
"CHUK",-0.685764924880849
"SPDYE16",-0.685783421388133
"PCBP3",-0.686257232389528
"FTH1",-0.68678750625698
"ZNF783",-0.687014663961151
"PRXL2C",-0.687965876236608
"PYCARD",-0.688109098272683
"ERP44",-0.68848042436999
"DCTN5",-0.688693116896054
"EIF4B",-0.689086516209532
"GLTP",-0.68954497283201
"IKZF1",-0.689575972251528
"ABCA1",-0.68970644951597
"PCYOX1",-0.690134516517514
"RASSF2",-0.690483263302149
"MS4A14",-0.690551997401008
"CCDC85B",-0.690828773565484
"HLTF",-0.690871721618771
"EAPP",-0.691210246755865
"BTNL9",-0.691227491976745
"SCO2",-0.691378433121928
"ACTR8",-0.691651770252865
"ZNF609",-0.691845656566448
"LSM4",-0.691873505446759
"NDUFB4",-0.692100959941418
"APPL2",-0.692178042033722
"ACAP2",-0.692347212564034
"TMEM87B",-0.692939774046549
"PHACTR2",-0.69294529275961
"INTS7",-0.692959489653758
"CRKL",-0.692961015560601
"TMEM14C",-0.692999445383942
"DYSF",-0.693038801535897
"LINC01504",-0.69319406203428
"IMPDH1",-0.693426460314328
"BTG2",-0.693474175194566
"PSMD6",-0.693667456719536
"AGO4",-0.693786561923564
"NCOA3",-0.693855347682649
"ACVR2A",-0.694415983557501
"LMO7",-0.694438870796495
"SLC66A2",-0.695016917493234
"OSCAR",-0.695148349084439
"CCNG2",-0.695314979699244
"TSTD1",-0.695549492285027
"MRPL50",-0.695894549612248
"AGTRAP",-0.695916672695551
"MBD2",-0.695927574869096
"ZNF44",-0.696292400645545
"FAHD2A",-0.696531078063771
"SIPA1L1-AS1",-0.696602948663413
"CDA",-0.69686094966659
"CD40",-0.697012762095589
"PRKCQ-AS1",-0.697038699710105
"LILRA2",-0.697134306176599
"PCF11",-0.697163634770236
"USO1",-0.697206818886524
"CD40LG",-0.697216587160053
"LTBP4",-0.697231195547164
"EGR3",-0.697303442269702
"MAP7D3",-0.697343470820893
"ASCC3",-0.697413656048323
"SNX12",-0.698238839465098
"MIGA1",-0.698371474753548
"TRGC1",-0.698418364215145
"SEC63",-0.698820275436568
"TUSC2",-0.699378221483847
"PPP1R18",-0.699970743508774
"TOB1-AS1",-0.699979126805003
"GGH",-0.700325942515083
"BLNK",-0.700392318976808
"ZBTB44",-0.700576051083926
"CIBAR1",-0.700689064439047
"FUT8",-0.700990446821806
"B3GNT8",-0.701359644293841
"MAPKAPK5",-0.701958020518905
"CCDC157",-0.702320583007342
"MIR22HG",-0.702680209447464
"SBF2-AS1",-0.703136957648227
"XBP1",-0.703285930949173
"TRO",-0.703288013074708
"NFKBIA",-0.704176462219164
"TFCP2",-0.704320688776968
"SMIM15",-0.704524191162076
"UBE2S",-0.704842180646698
"LRIG2-DT",-0.704888665885601
"SPDYE8",-0.704900792159265
"NUP58",-0.705455965476649
"VPS13B",-0.705587071141645
"ROCK2",-0.705704955736093
"PRRT3",-0.705892628213826
"MCL1",-0.705904956085937
"ADGRG3",-0.706035170859217
"SYNJ2BP-COX16",-0.706628505363583
"SH3BGRL",-0.707229987626892
"AIFM1",-0.707398677371432
"ATP5PB",-0.707628424237998
"YTHDF3",-0.707663858427568
"FMR1",-0.707726714144117
"THUMPD2",-0.707871638986451
"SQSTM1",-0.707944995853376
"CYB561A3",-0.708240792274446
"WDR83OS",-0.708315116074101
"TCTN3",-0.708471093339494
"TMEM126B",-0.708549173731375
"PYGM",-0.708640441810415
"TMEM68",-0.709071916599524
"UBE2A",-0.709208160259789
"PNO1",-0.7093386465491
"ATF7IP",-0.709551406998909
"ZSCAN5A",-0.709982641752147
"SLC19A1",-0.710370066701474
"KNTC1",-0.710565158394229
"ZBTB10",-0.710583364973286
"NEDD4",-0.710927260630296
"TMEM216",-0.711002665155832
"EXD2",-0.711069494227834
"SCAPER",-0.711573346963614
"COPRS",-0.711702191758521
"SNX32",-0.711900976076534
"SLC16A1",-0.71210423802779
"SHISAL2A",-0.712468488548143
"FLYWCH2",-0.712493934770322
"NUP107",-0.712496453832041
"KCNK15-AS1",-0.712519583565593
"SHISA4",-0.712795519693808
"IQSEC2",-0.712946908727541
"ITGB2",-0.712961148799659
"WASHC2A",-0.713395422285013
"RAVER2",-0.713417234007122
"RASSF3",-0.713478318671826
"TENT2",-0.714141060915483
"HNRNPUL1",-0.714230423041719
"MINDY1",-0.714274850643354
"MCU",-0.714374899638305
"ACAD11",-0.714619580321029
"ESR1",-0.714976600295013
"H4C3",-0.715054402308719
"ASAP2",-0.715069612135797
"SLFNL1-AS1",-0.715072304682782
"SMAD5",-0.715343439172058
"LINC00339",-0.715634757755593
"ARL2BP",-0.715899346458306
"ERO1B",-0.716196201739832
"RARS2",-0.716382543446598
"PNOC",-0.716562546314656
"OAZ3",-0.717133684340514
"ARRB1",-0.717266732943217
"PCYT1A",-0.717710671049944
"ZFP36L2",-0.718039669039287
"H3-3A",-0.718366052460778
"MIR4271",-0.718613633627933
"ACVR2B",-0.718688529562442
"SOCS3",-0.718754284811216
"AP1M1",-0.718909966603407
"ARSB",-0.71898737649867
"JDP2",-0.719250931689333
"CHRM3-AS2",-0.719499589835537
"RASL11A",-0.719702174745643
"RLN1",-0.720190890252845
"USP37",-0.72086848357929
"ARHGEF7",-0.720975499583544
"NOMO2",-0.721152364900253
"TSHR",-0.721420347898886
"SMIM13",-0.721654494480286
"FAM161B",-0.722024145281653
"CRLS1",-0.722847840634942
"FAR2",-0.723377203816724
"PIK3CA",-0.723423778488282
"TNKS2",-0.723498704310204
"ARMC10",-0.723499467218121
"UPK3A",-0.723765334837735
"PTCH2",-0.723911435750225
"DND1",-0.724105779918121
"CHM",-0.72416146061761
"RSPH14",-0.724468503701895
"NBR2",-0.72457539123464
"COLGALT1",-0.724615912054004
"AKIRIN2",-0.724762341863561
"KPNA5",-0.72537048146181
"PER3",-0.725432624405472
"TOB1",-0.725590865959455
"PRPF39",-0.726319825172646
"CPEB2",-0.726974136264992
"LINC00877",-0.727136383206245
"SRPRB",-0.727340294390722
"CAND1",-0.727356555686593
"RRP12",-0.727378327119503
"VPREB3",-0.727391763495033
"MEOX1",-0.727420535330033
"ETV3",-0.727591959119211
"STARD8",-0.727666092353863
"SHPRH",-0.727959509271504
"SEC22A",-0.727975900222389
"RB1",-0.728053353596285
"TMEM220",-0.728271379036032
"ENOSF1",-0.728531323048793
"MAPK8",-0.728898890358982
"CD63-AS1",-0.728964550096499
"MAZ",-0.728987135100547
"CCNT2",-0.729011472452851
"SCAP",-0.729329792709079
"TUBB1",-0.72966950237381
"VASP",-0.729799113015703
"ZNF426",-0.729859568929072
"DUSP28",-0.73001559156622
"TMEM116",-0.730086927630601
"GPSM2",-0.730440053767887
"POLR3A",-0.730570571135449
"UPRT",-0.730843912323985
"SPIRE2",-0.731128176133903
"TMEM252",-0.731147343085066
"RARA",-0.731712332039538
"PATJ",-0.731862050741531
"SLC25A5",-0.731961520617367
"GABPB1-IT1",-0.732259758715752
"ATP6V0B",-0.73241419058919
"CEP295NL",-0.732550567789039
"STYX",-0.732628141962598
"FBXO34",-0.733095254776182
"TTC28",-0.733518259287377
"POMT2",-0.733857778170193
"B9D2",-0.734094436817612
"USP22",-0.734432299843018
"ZNF563",-0.734752122647424
"HPS5",-0.734762851693174
"PPP1R3F",-0.735108408880524
"CUEDC1",-0.735110856901707
"ARHGEF4",-0.735145263450252
"BTBD9-AS1",-0.735213537014525
"LSM14A",-0.735326462543281
"FBXO32",-0.735471272422337
"PTRH2",-0.736050613518984
"MTF1",-0.736732794360261
"HYKK",-0.737223113517159
"TRADD",-0.73728466546458
"SNHG22",-0.737533880592275
"ZNF485",-0.737564686105987
"SPATA25",-0.737601868909739
"SARNP",-0.737735963353493
"PCBP1-AS1",-0.738236439925965
"GFPT1",-0.738424056040007
"LRTOMT",-0.738426523914089
"ZMYND15",-0.738989269330325
"TBK1",-0.739180535629683
"SLC23A1",-0.740337135050491
"MSN",-0.740363015786291
"ZNF805",-0.740568426233653
"ERMP1",-0.740640536014499
"GNL1",-0.74083640968319
"AMPD2",-0.740848297720165
"HAUS6",-0.740935585285205
"MINK1",-0.741959186230557
"SMARCAD1",-0.742192180117102
"SMYD3",-0.742229372371101
"ZNF282",-0.742337259071035
"BIK",-0.742484171621011
"PPP4R1",-0.743052203975122
"PDK2",-0.743160666782324
"PEX1",-0.743459399234165
"C20orf96",-0.744014759011381
"MALT1",-0.744634228216847
"KMT5B",-0.744681510828977
"NDUFA5",-0.745467990151964
"ZNF804A",-0.745538818808165
"H2BC11",-0.745654365910549
"WDR4",-0.74580163228495
"RSPH3",-0.745839146637578
"TFEC",-0.746037814745375
"CSNK1G3",-0.746057222875559
"FRMD4B",-0.746408920229462
"PPP3R1",-0.746452263017539
"TNFRSF10C",-0.746923534352836
"BCL2L11",-0.747021001031213
"COA7",-0.74715340964899
"VWA7",-0.747385569572338
"IQCH-AS1",-0.747554825421825
"CALHM6",-0.747580370069425
"AMZ2",-0.74792070971336
"PDCD2",-0.74804384162648
"GATAD2B",-0.748165168070137
"CD302",-0.748434659490533
"GRK3",-0.74875986282752
"RBM42",-0.749153146010833
"H2BC5",-0.749539104749588
"NFE4",-0.749829713772229
"RAPGEF1",-0.749896632585816
"MIER1",-0.750782398743579
"ARMH2",-0.751018036470172
"CLMN",-0.752257945656317
"NSD3",-0.752561515915674
"MLYCD",-0.75266341952631
"MTCP1",-0.753186996636585
"AOC2",-0.753215592165741
"UBL4A",-0.753230681733863
"ATP23",-0.753391897749066
"S1PR3",-0.753497343853989
"SAMHD1",-0.75359568954458
"DEK",-0.753755342477612
"ZNF821",-0.753789555279039
"MMP9",-0.753819525586054
"ADGRL1-AS1",-0.754182869952016
"GBP2",-0.754239415402207
"ATP5F1C",-0.754330420824856
"C18orf32",-0.754383834066605
"AXIN2",-0.754551982651214
"KIF13A",-0.75471718016807
"PECAM1",-0.754834156264543
"NPL",-0.754983759180228
"GLCE",-0.755143423003542
"DCUN1D4",-0.755157520054517
"THEM4",-0.755365439359953
"ZNF544",-0.75548275783564
"NDE1",-0.755494205837154
"FUCA2",-0.755961162115655
"EBLN2",-0.756015182362169
"TFPT",-0.756366709418862
"SCARNA9",-0.757122099720237
"ING3",-0.757144520428171
"RMI2",-0.757288939615285
"MPHOSPH6",-0.757848706336058
"SGF29",-0.758171298718653
"TEX56P",-0.758248382968597
"SCAF11",-0.758328299277352
"PLD2",-0.758536612526897
"ARHGEF6",-0.758625832877098
"RWDD4",-0.758829290449204
"SYNJ2BP",-0.758915613864482
"KLF9",-0.758923055520236
"LACTB2",-0.759255394778043
"TMEM263",-0.759335246876337
"DAZAP2",-0.759374777447289
"FBXO11",-0.759404059522683
"FAM13A",-0.759438363712475
"LTN1",-0.759640834307342
"CAPN7",-0.759766248248927
"CA14",-0.759826102883333
"AGPS",-0.759869408015223
"RABIF",-0.7601164867374
"NAA20",-0.760344939819694
"ZNF252P",-0.76038515769422
"TAF6L",-0.760530746003588
"MORN1",-0.760629802458586
"SCARB2",-0.761075550191574
"INTS2",-0.761174027532527
"EDAR",-0.761286651837117
"CAP1",-0.761516427027485
"HECA",-0.76179477681974
"HNRNPU",-0.761871853280014
"FAM117B",-0.762063707958695
"FAM3C",-0.762418605269879
"RBM14-RBM4",-0.763830787835432
"UBXN7",-0.7640130526219
"TNFSF12-TNFSF13",-0.764288182788317
"STARD10",-0.764443083871505
"SPICE1",-0.764498172305937
"ZNF747-DT",-0.764539654640128
"BLOC1S6",-0.76465162561229
"FBXL8",-0.764890618274216
"ARHGEF18",-0.764948934658532
"AHR",-0.765153122617782
"NUFIP2",-0.765718379886576
"CACHD1",-0.765846311772334
"HLF",-0.7659035292358
"PITPNM1",-0.765912867483199
"SGPP2",-0.766864485316949
"DGCR6L",-0.767062259211151
"SLC4A1AP",-0.76726691863635
"SLFN13",-0.767568337728664
"MOB4",-0.767753541601276
"TEX22",-0.767970090509193
"MIR6852",-0.768047966373723
"FKBP5",-0.768188571154638
"OLIG1",-0.768472455302585
"MED30",-0.768652112931832
"DDRGK1",-0.768928875882829
"RBM12",-0.769094080484666
"SNORA70",-0.769185399671112
"WEE1",-0.769406162949536
"B3GNT5",-0.770022031071981
"CHD4",-0.770074611940093
"CACUL1",-0.770108191155548
"ABHD14A-ACY1",-0.770234983563717
"ETNK1",-0.770281963054975
"NUTM2B-AS1",-0.770290971745797
"OXA1L",-0.770586487072401
"NF2",-0.770713386032154
"C5AR1",-0.771536637803762
"PELI2",-0.771617000847759
"SRD5A1",-0.771714686389769
"TGFB1",-0.77175228269909
"TFEB",-0.772512474342949
"MID2",-0.772621485555982
"ASB13",-0.773293741577762
"TEX30",-0.773332309083096
"BRD9",-0.773958136918036
"UCHL5",-0.773965162535955
"BBC3",-0.774007847386382
"UBE3D",-0.774192481401166
"PPP1R26",-0.774776716623602
"ATP13A3",-0.774831983164959
"MIR6805",-0.774899414631045
"TMED3",-0.774910365056232
"CAT",-0.775325470406655
"CD52",-0.77591656145505
"PGRMC1",-0.776067194634106
"TOPBP1",-0.776368570910561
"CDPF1",-0.77661372013412
"UHMK1",-0.77672932598607
"HOOK3",-0.776998860663588
"LIN7C",-0.777130856076897
"RAC1",-0.777418387172281
"YBEY",-0.778388351650547
"ZFAND1",-0.778411549227506
"STAG1",-0.77841835255519
"APC2",-0.778507946387843
"RABGAP1L",-0.778615352546566
"FBXO33",-0.779146941029309
"PSPC1",-0.779419180112178
"TASOR",-0.780659042879845
"CNTNAP1",-0.780754511244214
"NCKAP1L",-0.781260781838092
"ZFR2",-0.781322672321981
"WDR36",-0.781564590533017
"FAM106A",-0.782143963245944
"VKORC1L1",-0.782315640377337
"HSD17B13",-0.782404089052937
"LINC00892",-0.782408358117304
"NCK2",-0.782465381291805
"WBP4",-0.782714916244291
"ARHGAP26",-0.782750324784702
"NCOA6",-0.783084813858331
"RPL7L1",-0.783356722199277
"HSPBP1",-0.78342202255124
"IRGQ",-0.784018907362325
"VPS26B",-0.784213308733351
"PCNP",-0.784859195778269
"AP3S2",-0.785153794534463
"CKS2",-0.785365324804221
"LRRC58",-0.785441425752397
"CD84",-0.785838917541613
"MIDN",-0.785961113123691
"MTERF2",-0.786145766927072
"RFC5",-0.786162769704588
"BRI3",-0.786363726929445
"ZCWPW1",-0.786382890735801
"PRKACA",-0.786582762046213
"PLEK",-0.786935237051129
"MYPOP",-0.78701314058591
"FAM151B",-0.787181742155011
"HSBP1",-0.787789915719519
"MYH9",-0.788035652903877
"HIBCH",-0.788060567077902
"NIN",-0.788776249580959
"CCDC43",-0.788919760339304
"APRT",-0.789048474737549
"HOOK1",-0.789539189098973
"PACS1",-0.79067090357614
"NDUFB1",-0.791345001949251
"CERS6-AS1",-0.792615181650643
"GMPS",-0.792842574116021
"PRDM15",-0.793080263468009
"NEGR1",-0.793111947210833
"MYOM2",-0.793164734872248
"MIR762HG",-0.793271532820645
"CARS2",-0.793329567191644
"ZFP69B",-0.793331230421937
"TRAPPC11",-0.793439362375384
"NRIP2",-0.79369150854234
"DNAL4",-0.794349486751778
"NIPA2",-0.794544807781894
"TRIM4",-0.794607054056291
"THAP9",-0.794832081475687
"GABPA",-0.795260451402221
"HAT1",-0.795642783273601
"GNB5",-0.795733955551471
"MRPL42",-0.795759241125217
"ARHGAP45",-0.796302227399167
"LCOR",-0.796562500959823
"RPTOR",-0.796865615337696
"MIR1244-2",-0.797158309545613
"KMO",-0.797362777832928
"CYRIB",-0.797386844907646
"RGS9",-0.797547945339406
"RAB5IF",-0.797704313336668
"SNHG16",-0.798189161204536
"GSK3B",-0.79824873598004
"EXOSC6",-0.798360533890774
"CDC42EP3",-0.798432352725006
"ANXA6",-0.79843760961723
"SOX4",-0.798471792456033
"WDR89",-0.799362321331731
"DAPK1",-0.79939625715621
"THBS3",-0.799608899909292
"SORD",-0.800074303386908
"ASGR2",-0.800351492146109
"FCHO1",-0.800469893159784
"ZNF177",-0.800475327310944
"HLA-DQB2",-0.800582355070042
"CSNK1G2",-0.800944187066952
"FIGNL1",-0.80110348642473
"RTN4",-0.801963474030726
"TIMM9",-0.802399256562465
"ZBTB41",-0.80248637371023
"LINC03105",-0.802590025461076
"TET1",-0.803330187340545
"C9orf72",-0.803384583131427
"PGM2L1",-0.803497210175941
"THBS3-AS1",-0.804206397641219
"FOXN2",-0.804564824687761
"CLIP2",-0.804851006609756
"TENM1",-0.804862345175823
"SLC6A4",-0.805128712018017
"APOOL",-0.805535941671092
"HAPSTR1",-0.805838732140752
"ARPIN-AP3S2",-0.806329434522619
"B3GAT1",-0.806629474451936
"PIGA",-0.806640525808558
"ZNF473",-0.806673994405533
"MEGF11",-0.806872861853575
"ALKBH7",-0.807066369429191
"NDUFB10",-0.807084718087775
"CNTNAP2",-0.807323168746661
"API5",-0.807499503024852
"GATAD2A",-0.808074171383676
"OTUD4",-0.808105120500503
"BCORL1",-0.809017988061782
"ACSS2",-0.8091446834553
"SPIRE1",-0.809154355310605
"TRPM4",-0.809280123795384
"PNKD",-0.809712574418239
"ADAMTS6",-0.810034338804987
"TAB2",-0.810100977264268
"C3orf33",-0.81023897993938
"MPG",-0.810364976425458
"DNAJC9-AS1",-0.810515218778079
"CBX6",-0.81068629750095
"TRIM24",-0.810728412192231
"KCTD21-AS1",-0.810947313379743
"XCR1",-0.81120812624329
"GALNT1",-0.811244009853449
"DHX9",-0.811622201345696
"FRMD7",-0.81175505098737
"PCGF3-AS1",-0.811937366478208
"PKHD1L1",-0.812031577473104
"CD1A",-0.812531297329413
"CP",-0.812858226756919
"KCNH8",-0.812935817551797
"RPL22",-0.813436192758407
"NME1-NME2",-0.813912491019905
"BICRAL",-0.813922060997805
"KLHL7",-0.814071779421169
"DDX11L16",-0.814366211838627
"ACTN1",-0.814457280531472
"GPAT2",-0.814636640731218
"ARID2",-0.815058342272883
"TUBGCP3",-0.815333507552408
"CDK8",-0.815510698666342
"THEM5",-0.81584287091995
"MMGT1",-0.815857315669317
"GSTZ1",-0.815976930774471
"IRF2BPL",-0.81641854360717
"PKN2",-0.816725246969008
"ERMN",-0.816773644316856
"IL1R2",-0.816833532440337
"ADAMTS13",-0.817167199847104
"ACTB",-0.817289718833021
"PUS7",-0.817826499552884
"MAP10",-0.817943721475598
"SLC22A15",-0.818202242112251
"MRPL32",-0.818682726698417
"NMRK1",-0.818874724955064
"HP",-0.818914950693008
"SLC22A1",-0.818992072891904
"CLEC17A",-0.819072026937678
"DNAJC18",-0.820120758058825
"COX16",-0.820242904631281
"CISH",-0.82024596897749
"SMAP1",-0.821080884575472
"GDI2",-0.821129084684429
"ERMARD",-0.821491253166695
"G0S2",-0.821972211909287
"WSB2",-0.822030503032956
"CLIP1",-0.822088615124859
"SAR1B",-0.822705955799823
"ZNF622",-0.822706715788652
"NPC2",-0.822737173959838
"PSMG2",-0.823023234559544
"ENG",-0.82343528662735
"ORC3",-0.823553085630666
"CCN3",-0.823613072446768
"RHOU",-0.823670573798605
"COX8A",-0.823762917558966
"GPAT4",-0.824259445248951
"UBE2K",-0.824389715551114
"TWF1",-0.824980950087943
"SLC35B1",-0.826286543382211
"TTTY14",-0.826536569909805
"GDF9",-0.826643122551206
"TCEA1",-0.826649816705609
"ITGA6-AS1",-0.827698639043283
"PAPOLA",-0.828191152509717
"HNRNPA0",-0.828221963317929
"ETS1",-0.828289436292578
"ANKRD23",-0.828516891249476
"RPSA",-0.828596514978133
"WASL",-0.831146788551399
"PET100",-0.8312615350167
"CLEC4E",-0.832336681358729
"KLF3",-0.832756316852046
"CCDC65",-0.832935698337316
"SLC25A4",-0.833344785561778
"DACH1",-0.833378399107116
"EBPL",-0.833623527093038
"PTER",-0.833806970710677
"IFT70B",-0.833810454041719
"TAF9",-0.833847747984385
"PARD3",-0.834092760336487
"CTDNEP1",-0.83514161381841
"SNHG20",-0.835244744516869
"SFXN5",-0.835455263951849
"RASGEF1A",-0.835685689991982
"NXPH4",-0.837050933392604
"PET117",-0.837352399511427
"SNX30",-0.837444791875215
"STIL",-0.838014602846911
"NLRP12",-0.838144976875483
"SYNE3-AS1",-0.838734421855017
"EIF2B3",-0.838892286612156
"LOXL1",-0.838945955062306
"MLANA",-0.839397136967385
"GNS",-0.839436957765689
"CR2",-0.839592444370103
"SGK3",-0.839662864642222
"CCDC39",-0.839678110046834
"FXYD6-FXYD2",-0.840130143784787
"ADSS2",-0.84054138662576
"CREBRF",-0.840780358651362
"OSGEPL1",-0.841492095499371
"DENND5A",-0.841654386724879
"CC2D2B",-0.842425261483564
"EIF4G3",-0.842487291403758
"SLC9A1",-0.842552312682085
"ECM1",-0.843067592516448
"METRNL",-0.843398888895488
"CALM1",-0.843896983720539
"ZNF701",-0.844179533499588
"TMLHE",-0.844550360639118
"EIF2D",-0.844687199664849
"ARHGAP19",-0.84489985854846
"UBE2D1",-0.845011913940326
"NFIL3",-0.84519982343146
"FOSL2",-0.845591514995072
"CCZ1",-0.845821257648309
"ERVH48-1",-0.846058965248091
"LITAF",-0.846286024082573
"DENND5B",-0.846451652891595
"SPDYC",-0.846533120606614
"MED7",-0.846837295951396
"ARL5B",-0.846882180283439
"FXYD2",-0.847055987324882
"SLC4A7",-0.847422085200849
"NBPF20",-0.8481936674788
"CKAP4",-0.849366482375424
"NQO2",-0.849903168153704
"MOSMO",-0.850049034752699
"LRPAP1",-0.850317648014341
"TIA1",-0.850331347566787
"DYRK2",-0.850658850869071
"TRIM52-AS1",-0.850709736969764
"NLRP2",-0.851587313538665
"LY96",-0.851596366784696
"ZBTB7B",-0.851852279844217
"WWC3",-0.851983177530758
"TRIAP1",-0.852404211518564
"UTF1",-0.85268536116388
"ABCD3",-0.853097854313372
"THNSL2",-0.853189140462823
"SUPT4H1",-0.853287235759797
"RNF19B",-0.854013953686693
"GNLY",-0.854184438249392
"ZMAT3",-0.855012991484743
"FKBP6",-0.85518475683789
"CHI3L2",-0.855220198935409
"RNF130",-0.855227365303901
"KCNK13",-0.855242928072887
"LRRC47",-0.855443898018
"NHSL2",-0.855843380566723
"RNF217",-0.855951752280939
"KPNA1",-0.856294036044465
"CCDC6",-0.856996707452786
"SLC2A5",-0.857023460327239
"ALKBH3",-0.857061356434048
"TMED10",-0.857168416099812
"FARS2",-0.857252433393683
"RPS6KA4",-0.857929363105886
"VARS1",-0.858130876951244
"KLHL6",-0.858278409631365
"MYO5C",-0.858317493151051
"GTF2E2",-0.859068120486546
"TAX1BP3",-0.85950995748157
"DPM1",-0.859553775284207
"SLC16A1-AS1",-0.859583572475842
"GNG7",-0.859626551604536
"ARPC3",-0.860154039201305
"ARHGEF35",-0.860730732974874
"RBM22",-0.860852629192919
"RCBTB2",-0.860903739504125
"DLEU7",-0.860955665486623
"SAR1A",-0.861936654969872
"PBX3",-0.862474401435622
"MRPL40",-0.862837599315611
"IGFBP3",-0.863111443081154
"RPS2",-0.863219684304976
"PPIL4",-0.864327259828122
"CATIP-AS1",-0.864520250058829
"NBPF14",-0.864952919315406
"DCBLD1",-0.865360842776705
"PCMTD1",-0.865600650328767
"NAA25",-0.865782217303835
"ATP5MC3",-0.866041170477835
"TAF5",-0.866218904760821
"AK6",-0.866315365378591
"RAB34",-0.866327769116814
"PTPRN2",-0.866347182488511
"LMTK3",-0.866454635766301
"RNF38",-0.866726461064385
"USP35",-0.867081758019055
"PARP4",-0.86751163159374
"HS1BP3",-0.867824972951857
"TGDS",-0.868124232784417
"BCAS4",-0.868751141500695
"B3GAT2",-0.868936069735659
"KCTD1",-0.86897681361614
"AKT1",-0.868983230431946
"ANKRD26",-0.869264628408492
"ARL14EP",-0.869294280836457
"GTPBP8",-0.869600437640442
"FMC1-LUC7L2",-0.870029667212832
"TESK2",-0.870082406514186
"RNF212",-0.870537263852364
"GVQW3",-0.870831229881942
"TLR8",-0.872061908778644
"TIMM22",-0.872266511138156
"ADD3",-0.872380908814932
"STX7",-0.872632991016564
"GLRX3",-0.872648816769691
"CTR9",-0.872759863527709
"PTP4A2",-0.873805721907501
"CST3",-0.873948343919891
"STIMATE-MUSTN1",-0.874040011582924
"ULK4",-0.874166645430835
"SLC25A32",-0.874513300860244
"THBS2",-0.874659157161278
"OSM",-0.874713830597242
"DNAJB13",-0.874800660913114
"CFAP418",-0.874838142901343
"TRAPPC6B",-0.875112389668414
"GNPDA2",-0.875387475853788
"MEGF9",-0.875403577718624
"NIPAL2",-0.875417548530313
"GUCY2D",-0.875561953768939
"TNFSF12",-0.875697470128692
"B4GALT1",-0.876891747095346
"BEND3",-0.876972440007842
"DIS3L",-0.877365939156219
"ALDH3A2",-0.877866682258673
"C11orf54",-0.877952752725264
"MYO6",-0.878154640983736
"TBC1D4",-0.878378772068974
"CTDP1",-0.878500060412188
"LASP1",-0.878557400798922
"MOCS1",-0.878570941433622
"PIGY",-0.878924865315712
"PYURF",-0.878924865315712
"CIMAP2",-0.879427329271833
"NSF",-0.879600785118783
"IQGAP1",-0.880916332143093
"NKX6-2",-0.881154673991917
"TGIF2-RAB5IF",-0.881781545429836
"NBPF10",-0.881796630900838
"PFN1P2",-0.882107485573891
"SKIC8",-0.882421980471963
"PABPC4",-0.882530528383183
"CUL3",-0.883078849791381
"APLP2",-0.883172299072616
"GEMIN6",-0.883215396359142
"KRR1",-0.883638750305185
"LNPEP",-0.883673401534694
"APBA1",-0.883708746288036
"SRSF6",-0.884275423325652
"TMEM106B",-0.884289248386903
"ZNF277",-0.884510831260163
"CEP85L",-0.884704011758851
"MKRN2OS",-0.885154110308569
"RBMS1",-0.885468346324241
"ADGRF3",-0.885509543851085
"LINC00402",-0.885594421725772
"ETS2",-0.885726081510359
"EZR-AS1",-0.885845283316201
"TBC1D3I",-0.885865705014797
"CUTC",-0.885955299830695
"CDV3",-0.886294241332724
"INVS",-0.886344227546795
"CEP128",-0.886493748675405
"EDRF1",-0.886547395740902
"ARSD-AS1",-0.886640641092056
"MANEA-DT",-0.886788431103256
"FBXO31",-0.886825060967965
"P4HA1",-0.886982180583363
"FANK1",-0.887252807887119
"COPS9",-0.887440055541219
"PADI4",-0.887778988057467
"PDE12",-0.888266277086191
"CHML",-0.888607558547607
"UBR3",-0.888728458779528
"ATP5MJ",-0.889203759878936
"ZNF286A",-0.889243131891335
"PLEKHG3",-0.8894812045824
"SNAI3-AS1",-0.889785917861171
"ICA1",-0.889797403527375
"TRIM8",-0.890428549466433
"KLC1",-0.89045194668066
"CEP41",-0.890635826221131
"FER",-0.890676949235843
"FOSL1",-0.890695659607714
"NDRG1",-0.890768236338565
"ADAM19",-0.891452123248588
"LINGO3",-0.891945009754109
"STX6",-0.892269488005264
"MED10",-0.893467614741967
"PPP4C",-0.893555837725952
"FCHO2",-0.893629340114178
"KIF5C",-0.893757971552977
"NEK1",-0.893904712188487
"SPDYA",-0.894025690662027
"UBE2I",-0.894157541833324
"ETFRF1",-0.894652652691248
"UAP1",-0.894805217811542
"ZNF490",-0.895549389500374
"TXNL4A",-0.895671366238856
"DUSP11",-0.896020646602053
"NME2",-0.896224307008894
"CFAP58",-0.896832618377199
"LRRC57",-0.897405108248641
"F8A2",-0.897495429722621
"LINC00641",-0.897522794323178
"ZSCAN30",-0.897798864587796
"CELF3",-0.897834907029704
"MRPL34",-0.898084742843863
"TAF11",-0.898334838219581
"FCN1",-0.898951167584255
"F5",-0.899117752956334
"ZNF611",-0.899139704098742
"ACVR1C",-0.899296731341793
"SLMAP",-0.899444473556884
"GRAP",-0.900091981874668
"EDN1",-0.90015482455306
"C1orf115",-0.900378951508853
"FHIP2A",-0.900527319152975
"ZDHHC4",-0.901718524696083
"PMF1",-0.902184359465587
"STK40",-0.902405713179329
"PGAM5",-0.902710152420581
"SLC2A3",-0.902741856937174
"GNRH2",-0.902806218638468
"REXO4",-0.902975970543966
"ARAP3",-0.903796372299415
"CMIP",-0.90382319120466
"KIF1C",-0.905385773465614
"YY1",-0.905567626554963
"PRPH2",-0.905720535300762
"TOR4A",-0.906052863880717
"NFE2L2",-0.90611883982202
"FAUP4",-0.90628897833162
"MIR6721",-0.906529996107683
"PSMB5",-0.906788907563606
"RNF149",-0.907459640478233
"SAYSD1",-0.907625792108879
"PKD2L2",-0.907918502143777
"HSPE1",-0.907942101026138
"PAXBP1",-0.907985134549039
"TST",-0.908660429569794
"SIGLEC15",-0.909664132051709
"EXOSC2",-0.909965415299595
"ZFHX3",-0.910323592529455
"INPP4B",-0.91078349354166
"H1-10",-0.910997683056979
"NETO2",-0.911163065510823
"MTDH",-0.911208028485834
"TTF2",-0.911610854270786
"CNDP2",-0.911908624785756
"PYGL",-0.911935744217452
"GPANK1",-0.911966240419627
"ENTREP3",-0.912027520482138
"KIN",-0.912393266926918
"ZNF761",-0.913646619654397
"SAXO1",-0.91419614438418
"JAK1",-0.915567507452885
"MIR4451",-0.915668858680802
"GSTP1",-0.916177030732637
"ACAT1",-0.916224786275288
"HK2",-0.916378563688502
"MS4A4E",-0.916442996438841
"RAB3GAP2",-0.917264971285535
"KYAT3",-0.917410647109246
"LPP-AS2",-0.917555102506205
"USP44",-0.917985516302295
"BLMH",-0.918020681437494
"ANKRD13C",-0.918220425406216
"PDIA3",-0.9182626943258
"SPATA7",-0.918356353543925
"HADH",-0.918688484252731
"TOMM20",-0.91921001274521
"ARL11",-0.9192430498547
"DPP3",-0.919320820819261
"PPA1",-0.91960620015569
"GORAB",-0.919651668291291
"CALM2",-0.921271982367834
"TOM1",-0.921624074166904
"SUSD3",-0.922192887983625
"TGIF2",-0.92265088736896
"TUBGCP5",-0.922833516795522
"TRPC4AP",-0.923178869773328
"LNX2",-0.923240928430538
"STK4",-0.923280575391516
"HEATR5A",-0.924155175129792
"STARD4-AS1",-0.924273790062051
"BTG3",-0.924613748343915
"RUFY3",-0.925422280040254
"STK26",-0.925522355771368
"PNRC1",-0.925709505016178
"OCIAD1",-0.926583757389874
"ARHGEF11",-0.926649468302041
"RAB30",-0.926817902777277
"SLC36A4",-0.927059018667619
"RBPJ",-0.92707490324957
"CCDC82",-0.927642090776067
"PRPF38A",-0.927768492356332
"RAB4A",-0.928012902680523
"PTBP2",-0.92814364256822
"PGAM1",-0.92826010224381
"GPR15",-0.928303674132288
"PNPLA1",-0.928422837519317
"NOTCH2NLB",-0.928514060174357
"ZFC3H1",-0.928546925487574
"TUBA1A",-0.928928504873653
"GNAQ",-0.929423188079415
"COTL1",-0.929948181857979
"PTGES3",-0.929959801949024
"ZDHHC21",-0.929992665252123
"TFAM",-0.930074343799717
"DLK2",-0.9304454507729
"LRRC69",-0.93093834833469
"CBX3",-0.931378553853988
"USP7",-0.931452835361149
"STXBP4",-0.931584862759038
"WIPF1",-0.931664085338705
"HYCC2",-0.93206507602854
"TNNI2",-0.932451409239082
"PEPD",-0.932680064310934
"NFYA",-0.93304820507713
"SLC15A2",-0.933259274701419
"KDM7A",-0.933458506453581
"TMEM60",-0.933627050668804
"ACOT8",-0.934371816938384
"TOPORS",-0.934904455413346
"TNIK",-0.93540566939201
"KIF5B",-0.93556992009344
"SPOCD1",-0.935635309387966
"UBC",-0.936026222992188
"CAPN2",-0.936031020168428
"THEMIS",-0.936634145279099
"AUH",-0.937087299325214
"PKM",-0.937296258614329
"CTTN",-0.937543380984252
"CYBA",-0.93827274942408
"TM7SF3",-0.938359088704562
"LYRM4-AS1",-0.938555254898019
"SLC25A46",-0.938684240568106
"ZNF284",-0.938834030936747
"RAB8B",-0.939662880010384
"IDS",-0.939900688565263
"FAR1",-0.939989707386382
"IMMP2L",-0.940317757926706
"TP53TG5",-0.940737025976842
"ZNF585A",-0.941355808306946
"SMIM14",-0.941410966250169
"FEM1C",-0.941510288176591
"PRSS57",-0.941676984553689
"TAF1D",-0.942377363235301
"ZNF624",-0.942642329421577
"USP9X",-0.942705332316741
"CAMSAP2",-0.943132061042009
"PPIL3",-0.943168938297919
"TRMT1L",-0.94339507289118
"ZNRF3",-0.943572970287355
"GOLPH3",-0.943669571843054
"PPP2R5E",-0.943771888819228
"GNAT2",-0.943844003376187
"PHF10",-0.943991367770242
"PLEKHB2",-0.944105912116682
"VAPB",-0.944251655683971
"RAD23B",-0.94441968591411
"EIF4G2",-0.94481777771374
"ZNF559",-0.944832647096433
"UTS2",-0.946148387134342
"DGCR6",-0.946342873361745
"NUDT2",-0.947130142611889
"SYNE3",-0.947421964169885
"HILPDA",-0.947848620919022
"CHIC1",-0.948222469185994
"IFT25",-0.948296613805563
"ZNF680",-0.948790882209107
"KIAA1143",-0.949456769543512
"DESI2",-0.949715941724275
"ELP5",-0.950378122299073
"NUMBL",-0.950655299296818
"CMTM2",-0.950984679538581
"ARL6IP5",-0.951409521079174
"ZBTB47",-0.951684046433592
"PLD1",-0.952022235442828
"KLF6",-0.952594391676399
"MORF4L2",-0.952828630892696
"SMTN",-0.952979003488714
"DCLRE1A",-0.9529979494707
"EPC1",-0.953640222346145
"IQSEC3",-0.954041068079269
"N4BP2L1",-0.954407273778615
"RILPL2",-0.954791680583212
"MIR4315-2",-0.954793757275296
"AIM2",-0.955257087242643
"SERPINB8",-0.955366683727803
"C4orf33",-0.955397527467764
"SOS2",-0.955515653291876
"ATG4A",-0.955535007974045
"NKIRAS1",-0.956327476052191
"TMA16",-0.956393064759183
"DNAJB4",-0.956623913143643
"GRIN3B",-0.956914653675868
"HMCES",-0.957019446513205
"STX8",-0.958048816968559
"USP13",-0.958513853670033
"TMEM256",-0.958895620277353
"MRPL14",-0.958931929037796
"B3GNT7",-0.95934746822212
"SHF",-0.959640399725267
"GAS2L1",-0.959980639572717
"VMP1",-0.960378941581909
"ZMYM5",-0.960585976912132
"SSH2",-0.960789692905238
"DPH5",-0.960799368683929
"LGALS12",-0.960968542771366
"USP1",-0.961008871810715
"SNTB2",-0.961077555840472
"CDC42",-0.961456407476776
"INTS8",-0.961537147846893
"MYO7A",-0.961624505768084
"XRRA1",-0.961743889529231
"SPR",-0.961980465951619
"HSPG2",-0.962209806295755
"MLLT3",-0.962499664620139
"YIPF5",-0.962774972602167
"WBP1L",-0.962821901214495
"PLPPR3",-0.962826286741799
"XPNPEP3",-0.96296151951351
"IL27",-0.963103734931257
"ACTA2",-0.963480030114148
"TSPAN2",-0.963712176012616
"TMEM70",-0.963730680596597
"CXorf38",-0.964420695197118
"COG6",-0.964803934268648
"MAMLD1",-0.96498325569944
"EEF1AKMT3",-0.965120747953219
"ARHGEF40",-0.965237600523471
"ASPDH",-0.965264760357141
"ZNF56P",-0.966100239728259
"FZD3",-0.966897480690086
"DLD",-0.967045825966848
"PTBP1",-0.967333357503969
"IKZF5",-0.967454084384285
"EEIG2",-0.967538319039188
"PLEKHA2",-0.96758879623984
"ZCCHC3",-0.969340671752395
"GJD3",-0.969735545063416
"NRP1",-0.969967895533832
"F2RL3",-0.970233045375144
"ZNF280B",-0.970311206244218
"MAP3K2",-0.970730077106688
"RNF145",-0.971121784426004
"ZNF799",-0.971779475193325
"UBTD1",-0.97232789010771
"KRT10",-0.972706701486061
"COMMD10",-0.9727731322902
"UBE2L3",-0.973099642743968
"TBC1D2",-0.973129571617362
"NOP53-AS1",-0.973307291447071
"DUOX1",-0.973835366398325
"YPEL5",-0.973963662925405
"A2MP1",-0.974068195109501
"NUDCD2",-0.974683608306962
"AIRE",-0.974971010433855
"JMJD6",-0.975064178141417
"RAB2A",-0.976259091041492
"CYBRD1",-0.977356498667397
"LINC02273",-0.977415869130456
"CLPX",-0.977768369336863
"ZNF394",-0.978166449796049
"N4BP2",-0.978353930328126
"B3GNTL1",-0.97840739348052
"DUSP22",-0.97857483622346
"ST7L",-0.978726828958818
"DAG1",-0.978734666443247
"ATP11B",-0.979049729240284
"JPX",-0.980030547288771
"UBXN2B",-0.98027655362857
"CYP2S1",-0.981225965317308
"ANAPC7",-0.981277758204681
"AHCYL2",-0.981685325999375
"H2AZ2",-0.982230654709196
"FAT2",-0.982353131373
"ASB3",-0.982474213688179
"TTC7A",-0.982625899483451
"PTGER2",-0.983790453272932
"SYT9-AS1",-0.983926319508649
"PDLIM1",-0.984227471593045
"UGDH-AS1",-0.984713478622957
"DTX4",-0.985104490639486
"DTD2",-0.98551182941004
"ZBED1",-0.985634322489852
"ZNF460",-0.98587114925499
"LCP1",-0.986090211339737
"MKNK2",-0.987042067774288
"LILRA1",-0.987070846502154
"SLC35D2",-0.988325131040777
"PDE4D",-0.989141124165383
"MADCAM1",-0.989143668197428
"IL10RA",-0.989584124772992
"TMEM69",-0.989812416214084
"NSL1",-0.99032110630788
"NAAA",-0.99078217919346
"RTN3",-0.991291874380941
"LDLRAD4",-0.991296307658738
"TBC1D1",-0.99250590339322
"ATG4C",-0.992571076461229
"ACTG1P25",-0.992815880239503
"LACC1",-0.993896756777706
"SLC6A16",-0.994584004525254
"NEU1",-0.994619274778617
"ERICH1",-0.99484683151156
"RAB10",-0.994983984803303
"BMP6",-0.995191181191739
"SERPINB1",-0.995209732237527
"STX12",-0.995836721988959
"SOD2",-0.996053579328121
"LINC01410",-0.996306797733075
"OSBPL8",-0.996453065575521
"SNX10",-0.99671645168094
"ZNF354A",-0.996864127536276
"BCO2",-0.996889471711545
"SEPTIN11",-0.997068079675572
"RIMOC1",-0.997505821603366
"SAV1",-0.997510617113759
"AP5M1",-0.998148316513387
"ZNF608",-0.998174810083511
"NDUFB5",-0.998190402969556
"DAB2",-0.998257555943285
"CPM",-0.998539881309333
"RPGRIP1",-0.998692744347345
"SEMA3C",-0.998712918952968
"EMC7",-0.999051365015239
"COA1",-0.999063437666115
"PDS5A",-0.99912377180586
"MFSD1",-1.0001234342757
"SLC16A10",-1.00025172600104
"TAF8",-1.00030235635065
"SDHAF2",-1.00102319420431
"PDK4",-1.00187321023963
"MRPS28",-1.00202152672775
"EIF3F",-1.00227481991975
"ACP6",-1.00237069159028
"LPP",-1.00358666420836
"PRSS21",-1.00402067986024
"MAP3K20",-1.00440685034244
"NIT2",-1.00446322594625
"PTP4A1",-1.00483533906191
"MAP3K8",-1.00487815705167
"TPPP3",-1.00533276285727
"ZNF554",-1.00573582807586
"SPRED2",-1.00584505541622
"ZNF260",-1.00599464642854
"BZW1",-1.00649619889743
"RAB7A",-1.00678388013168
"SNTA1",-1.00697512213353
"BLTP3B",-1.0073340531467
"SCAND1",-1.00797345196546
"KIF27",-1.00803441267561
"FZD6",-1.00841892095798
"ANGPT1",-1.00843986233006
"ANXA11",-1.0084894848807
"TSPAN13",-1.00964497041144
"SLC22A5",-1.00990950048889
"MAGED1",-1.01003305439237
"SMIM27",-1.01039761643706
"SENP6",-1.01053078097961
"ZNF14",-1.01058456470603
"ARAP1",-1.01091648693372
"DDX6",-1.01132308253281
"NBPF19",-1.01141999489186
"SPCS1",-1.01242384548217
"HLX",-1.0124911209296
"SFT2D2",-1.01274901794697
"BPNT1",-1.01353876097854
"ARMCX1",-1.01429252618554
"CCNQ",-1.01445715880005
"PPT1",-1.01447582024269
"HDAC8",-1.01537042290886
"GOLGA4-AS1",-1.01580265933174
"ARB2A",-1.01609599070362
"WDFY4",-1.01669563179044
"ZNF239",-1.01676147923478
"SNX13",-1.0171560851754
"POLE4",-1.01735102061137
"RBM28",-1.01785310509019
"ZC3H14",-1.01835459262975
"NIPSNAP3B",-1.01872659193315
"ZNF207",-1.01884140199513
"DICER1",-1.01890647257117
"METTL21C",-1.01897142126256
"STON1",-1.01968486675489
"ATF7-NPFF",-1.02072965920653
"MRPS6",-1.02166933408957
"CUBN",-1.02210085995948
"ALDH1A1",-1.02231354544111
"WDR3",-1.02235452773709
"CTTNBP2NL",-1.02272257647616
"SEC14L5",-1.02278883051952
"KIAA1586",-1.02325727236245
"NQO1",-1.0235183032922
"TMEM147-AS1",-1.02390840836811
"MYBL1",-1.02405654842453
"NSMCE4A",-1.02444674136587
"PRKY",-1.02447004247798
"TMEM50A",-1.02500468345325
"LINC02596",-1.02540760992349
"RMRP",-1.02547077955735
"SRPK1",-1.02612552859157
"DOCK6",-1.02644380396437
"LRP1",-1.02667291301794
"AGTPBP1",-1.02688127104791
"ASPH",-1.0277148097592
"BCL10",-1.02776835256599
"CASD1",-1.02921366484608
"KLF8",-1.02921553947765
"TRABD",-1.02955974890988
"MIS18BP1",-1.03000170361144
"BTF3L4",-1.03130710877938
"VCL",-1.03165325034189
"MANF",-1.03195522118773
"NADK2",-1.03213882974325
"CEP295",-1.03221403091911
"HMGB1",-1.03221659794654
"CHN2",-1.03242450594346
"C2orf74",-1.03266698723721
"ARSD",-1.0329520792033
"HIVEP3",-1.03313280881233
"MRPL47",-1.03320059641418
"GPR89A",-1.03327837580359
"LIX1",-1.03420967795453
"MMP14",-1.03426676778137
"CERS4",-1.03498940791969
"MIR4444-1",-1.03586570977948
"GIPR",-1.03622493578074
"SMARCC1",-1.03689009677294
"ALG6",-1.03694149056833
"HSPH1",-1.0371412594702
"DDX3X",-1.03737600884263
"IGFBP4",-1.03777991577912
"HSPE1-MOB4",-1.03784297567323
"ZCCHC18",-1.0381888133872
"MIB1",-1.03824003780679
"ZP3",-1.03848663840076
"RNF141",-1.03871148242634
"KIAA0513",-1.03885637016458
"CFL1",-1.0396599193226
"CPNE2",-1.04074408071739
"DNAAF9",-1.04188258748776
"BNIP3",-1.04209467697356
"HSDL2",-1.04241116612384
"CPQ",-1.0427946210966
"MIR646HG",-1.04294158812773
"MANBA",-1.04335132840959
"IDE",-1.04391033122811
"MSH6",-1.0448918965665
"USF3",-1.04527592503498
"ZNF135",-1.0453482513133
"MRPL18",-1.04547389432923
"PRNCR1",-1.04692857163535
"GRIK1",-1.04756511501033
"CEP170",-1.04782461504121
"ZNF26",-1.04815595839856
"UBAC2",-1.04821976998957
"CBLL1",-1.04834629378559
"IKBIP",-1.04841391389522
"CD320",-1.04858487875098
"LRBA",-1.04915063865582
"PACSIN1",-1.0492018879757
"SUB1",-1.04921256572986
"SNX6",-1.04955765302883
"HNRNPA3",-1.04993163928731
"ADCK2",-1.05062317878295
"XRCC5",-1.0508175589186
"ELK3",-1.05132888469158
"ATL2",-1.05134444495579
"UQCRQ",-1.05208795183856
"SGTB",-1.05243496638814
"C4orf19",-1.05258611894139
"TSPAN14",-1.05289934684824
"POLR2G",-1.05311082717678
"SGMS1",-1.05350332666838
"CD1D",-1.05378877108269
"ZNF330",-1.05416960277138
"IRAK1",-1.05429497990476
"MORC4",-1.05431283186816
"IMPA1",-1.05510674593612
"COX6C",-1.05527976304529
"ZDHHC7",-1.05551740728845
"YEATS4",-1.05578427325538
"SNORD4A",-1.05579897121727
"SMU1",-1.05623355352029
"VAMP8",-1.05628745718206
"ARMC9",-1.0563261253233
"FCGR3B",-1.057488223248
"BTG1",-1.05766467103281
"ZNF281",-1.05773644663925
"JAM2",-1.05786901517472
"MLF2",-1.05826310139177
"BACE1",-1.0586880368191
"PPP3CC",-1.05980920313083
"NEU3",-1.06029359635988
"GPA33",-1.06139004447321
"C5orf63",-1.06145538460612
"KCNG2",-1.06255947531847
"MFHAS1",-1.06274652198924
"BABAM2",-1.06301094147254
"TMTC3",-1.0639311570365
"TMBIM4",-1.06435619579176
"RAB23",-1.06436139954165
"ZFAT",-1.06533686929958
"PLEKHG6",-1.06560533400316
"NIPSNAP2",-1.06593807910634
"RFX1",-1.06711481248247
"RCBTB1",-1.06754355048702
"MZT2A",-1.06875883741336
"PARVB",-1.06917026242293
"COMMD2",-1.06922348470627
"ZNF555",-1.06937805294483
"TAS2R14",-1.07035854863482
"ATG2A",-1.0709301984428
"EMP1",-1.07093856484516
"PBRM1",-1.07195359171981
"RCC1",-1.07234795027378
"NHSL3",-1.07238899346155
"GMFB",-1.07273605719544
"FPGT",-1.07310557513875
"TSPO",-1.07367765983545
"LINC02316",-1.07376722624575
"ZNF639",-1.07432151444499
"SLC19A2",-1.07432956663546
"MRPL48",-1.07460748599409
"PCCA",-1.07490797097594
"MAGOHB",-1.075342078581
"EIF2S3B",-1.07548525380505
"RPS6KA2",-1.07550461616768
"PGM2",-1.07595614161075
"TGM1",-1.07598605322933
"RRP36",-1.07624223987277
"AHI1",-1.07689753838649
"BEAN1-AS1",-1.07813052007
"SAMD8",-1.07837726318695
"ZNF316",-1.0800980342897
"TMEM33",-1.08011831002135
"MPST",-1.08098592672709
"PHF6",-1.08124588943578
"C17orf107",-1.08160926421485
"ZNF185",-1.08164232995433
"VASN",-1.08187189279102
"HDAC9",-1.08229725948908
"SUSD4",-1.08243387386883
"DPH3",-1.08378294040726
"SYT2",-1.08395039776105
"SOS1",-1.08458416763596
"HNRNPA1L2",-1.08466532256578
"SLC37A2",-1.08496518666172
"ZNF385A",-1.0857288345463
"RABL3",-1.08612036365576
"BTBD18",-1.08651201718394
"MAPKAPK2",-1.08680983078116
"FKBP1A",-1.08760447277189
"GFM2",-1.0879606813288
"SLIRP",-1.08849503795572
"C22orf39",-1.08849681914598
"LTA4H",-1.08890292559762
"EIF2S3",-1.0893771767413
"RBM15",-1.09025755176562
"PLXNA4",-1.09108844602917
"AGA",-1.0913712870121
"SEC22B",-1.09238399738808
"SOAT1",-1.09242167999498
"TBC1D3H",-1.09256525850852
"CENPB",-1.09261472694824
"HADHB",-1.09296455823272
"COMMD3-BMI1",-1.09305424505247
"OTULINL",-1.09305833726553
"DDT",-1.09312607773455
"EDARADD",-1.09315829642321
"SLC12A2",-1.093699521857
"CHRNA2",-1.09371204781027
"RBP7",-1.09371896342945
"THUMPD1",-1.09376955559349
"GMCL1",-1.09379822279572
"COPB1",-1.09398331845773
"LRFN2",-1.09481756235245
"COCH",-1.09519349061919
"SIRT1",-1.09527018381965
"SLC25A40",-1.09531300960663
"CORO7-PAM16",-1.09604181686693
"TBC1D3D",-1.09650762976123
"BBIP1",-1.09695752460006
"VDAC1",-1.0983097621596
"ZNF501",-1.09874371043485
"CAPZA2",-1.09876130936036
"RAB11FIP5",-1.09897895850004
"ZCCHC24",-1.09910035658116
"NINJ1",-1.09931390439422
"CDR2",-1.09976902206641
"CDK6",-1.10033282242682
"PSMA3",-1.10046162043377
"MDGA1",-1.10059459783848
"GUCA1B",-1.10070341109975
"KLF11",-1.10117057924502
"REV1",-1.10125494455748
"TIPARP",-1.10156947607686
"NR3C1",-1.10178830837152
"PXK",-1.10261085660839
"PRKAG2",-1.1032244580493
"GPSM1",-1.10431860862373
"PTPRN",-1.1044783500934
"C22orf23",-1.10457982294995
"BAD",-1.10479821728968
"FAM53B",-1.10509306476491
"H2AC7",-1.10533837024374
"C1orf122",-1.10655654564897
"SMARCAL1",-1.1066403873761
"GNA13",-1.10758601789241
"MECR",-1.10783788084648
"PI16",-1.10865586731389
"RIPK2",-1.10877014624931
"NDUFS5",-1.10974186498413
"ACTR3",-1.11023309335257
"TLR4",-1.11042641251561
"BMS1P4",-1.11148138540018
"HMGCR",-1.11158836727206
"C12orf42",-1.11227961645776
"RPAIN",-1.11229655802271
"GLUD1",-1.1123778072835
"KY",-1.11249392463596
"THEMIS2",-1.11325606620744
"CD9",-1.11339642813175
"SNORD58B",-1.11476284270283
"BMX",-1.11539567472082
"CMPK1",-1.1154466345389
"INTS4P1",-1.11589803526647
"GOT2",-1.1159379659561
"RUFY1",-1.11617192356848
"RAB3D",-1.11650055540403
"TOP6BL",-1.11668645233666
"LIG4",-1.11669373843593
"CCNI2",-1.11698509805861
"APP",-1.11775885360896
"PLEKHG5",-1.11801310733683
"TNNT3",-1.11850061665195
"SNRPB2",-1.11895484973851
"TNFAIP3",-1.11905682267199
"ZNF623",-1.11948462228154
"STAMBPL1",-1.12006793277955
"FOSB",-1.12067686411107
"SLFN12L",-1.12074258579493
"OLFM4",-1.12134851104162
"FAM168B",-1.12168952478231
"LINC-PINT",-1.12298513136271
"IMPACT",-1.12399722297823
"NOMO3",-1.12404688480436
"ARAP1-AS2",-1.125844426369
"OSGIN1",-1.12626380786145
"UBR2",-1.1265804702493
"ELK4",-1.12669557355119
"CCDC152",-1.1267380957265
"P2RY14",-1.12759169179403
"SELL",-1.12784603841125
"TMED5",-1.12789002610918
"ARL1",-1.12807864168187
"IFT57",-1.128717403257
"MRPL11",-1.12938668199769
"MAPKAPK5-AS1",-1.12969106563156
"USP47",-1.12981470876529
"IFNAR2",-1.13035906280392
"LETM1",-1.13062100244812
"CNKSR2",-1.13065009580495
"ZSWIM5",-1.13085896159828
"SELENOI",-1.13088242115308
"YWHAB",-1.13256838854616
"RUNX2",-1.13260321589804
"ACSL5",-1.1326610871628
"ZNF382",-1.13365886119592
"QSOX2",-1.13411351089378
"PXMP4",-1.1367423634822
"LNCATV",-1.13674239525304
"TPCN2",-1.13682230829819
"CDK14",-1.13768349828062
"YARS2",-1.13824955145272
"BAZ2B",-1.13858321450194
"CCT8",-1.13860494427263
"RSL24D1",-1.13886392358012
"NFYB",-1.13931572236309
"MIR1244-1",-1.14083968605947
"ASAP1",-1.14092949578774
"TGM3",-1.1422831864129
"PPP2R1B",-1.14315420487859
"KLHL11",-1.14337370590599
"JUND",-1.14427168619776
"ARMT1",-1.14581586864135
"TRMT11",-1.14582291044775
"CHMP1B",-1.14588335673148
"TOR1AIP2",-1.14676037729781
"DBNDD1",-1.14793124996135
"COX10",-1.14812622195628
"SRGN",-1.14865847788529
"UBXN11",-1.14900763073394
"RRAGD",-1.15005881263209
"HEXB",-1.15006440770399
"ZC3H12C",-1.15130847254897
"CCDC25",-1.15138698772952
"MAFIP",-1.15153063426508
"DPF3",-1.15176672554255
"IQGAP2",-1.1517915230412
"MDFIC",-1.15184618093878
"TRIM52",-1.15261911785035
"SMAP2",-1.15283176162885
"PNPLA8",-1.15351776974427
"ELMOD2",-1.15395787349538
"RANBP9",-1.15399794893026
"CCDC149",-1.15437234079275
"SBNO1-AS1",-1.1550789462784
"APBA3",-1.15518583479202
"NRL",-1.15555430607052
"LYG1",-1.15582943065597
"LPXN",-1.15597011030642
"HSF2",-1.15602544188698
"RPS19BP1",-1.15644449508701
"PLD4",-1.15644679758281
"BCL2",-1.15654447057945
"ZNF615",-1.15732675610273
"SLC39A4",-1.15755789744274
"UBA2",-1.15814010281746
"CLCN5",-1.15856039893054
"SPEN-AS1",-1.16007770839807
"PRKAR2A",-1.16031885473267
"ARHGAP18",-1.1605775748573
"FBXO4",-1.16123256601206
"PPP1R14B",-1.16129394878505
"KBTBD6",-1.16161493735716
"LCN10",-1.16179146827441
"PGK1",-1.16255440262934
"DAAM1",-1.16267496419826
"DOK4",-1.16317084599138
"RIOX1",-1.16435830769556
"RBM23",-1.16543650272944
"CDK19",-1.16637425028332
"TNPO1",-1.16695946276038
"GLIPR1",-1.16707324764881
"RSBN1",-1.16826741571745
"LINC01270",-1.16877807170348
"CRYBG2",-1.16931225967946
"TRIOBP",-1.16932846008369
"FIG4",-1.16962240217661
"DNTTIP1",-1.16962766204641
"ACE",-1.1698487797141
"SNX33",-1.17027260692023
"GNAI3",-1.17149430278279
"BAG5",-1.17197120965783
"CLEC1B",-1.17209618898542
"CFAP97",-1.17257038349474
"DTX2P1-UPK3BP1-PMS2P11",-1.17264844924128
"LARS1",-1.17277510157637
"GINM1",-1.17287972990111
"NOS3",-1.17343583402988
"HLX-AS1",-1.17388812115187
"ZNF852",-1.17414655082033
"ABHD8",-1.17634943221768
"ZYG11B",-1.17669528383963
"LRP3",-1.17692633691041
"F8",-1.17781814172356
"SLC39A3",-1.17792531488532
"GNA15",-1.17817309054205
"OTUD1",-1.17856338853736
"HOMER3",-1.17863349879239
"SLC35A1",-1.17891981655084
"CD14",-1.17973397956098
"SLC2A13",-1.1808470337268
"PER1",-1.18145356055308
"LINC01619",-1.18180941510716
"CXADR",-1.18201722012082
"ATOSA",-1.18281140705313
"CHIC2",-1.18296753013112
"CLEC4D",-1.18375453496222
"DTX1",-1.18376234070535
"ZNF219",-1.18376396478051
"TRMO",-1.18402171527042
"SLC24A1",-1.18457737998826
"ASF1B",-1.18467345200149
"CDKN1A",-1.18500648240105
"CYLD",-1.18540903282405
"TMEM154",-1.18564643189924
"CRBN",-1.18592183728126
"ZNF765",-1.18629258901856
"CAB39",-1.18682143456335
"ALDH3B1",-1.18744647769507
"SNHG15",-1.18748474111363
"ARID5B",-1.18764189161014
"NME9",-1.18838908558401
"ACTR3B",-1.18857466080024
"SLC4A5",-1.18867338035474
"ADARB2",-1.18869093238587
"PDZD2",-1.18884999694225
"SH3TC1",-1.18929655725106
"MGRN1",-1.18938620663683
"ENDOV",-1.18939955042204
"ELMO1-AS1",-1.19056978250753
"OLFML2A",-1.19164425660439
"MON2",-1.19187321292435
"CD93",-1.19345103358974
"ARG1",-1.19373199637913
"PELI3",-1.19444749506176
"SRPK2",-1.19527324447684
"POLR2K",-1.19590891095771
"E2F6",-1.19594325565984
"CXCR4",-1.19646096667553
"HELB",-1.19660510414914
"PLEKHO1",-1.19695393521944
"TBC1D3B",-1.1990772309267
"GSTA4",-1.19908399553026
"F8A3",-1.19931599151339
"FASTKD5",-1.19963455687124
"GTF2IRD2B",-1.20015454464419
"ASIC3",-1.20025137798001
"MCTP1",-1.20028710770256
"LGALS9",-1.20046166853139
"RMND1",-1.20060136570655
"PARP16",-1.20071013554911
"NT5DC1",-1.20074207969049
"FAM229A",-1.20093601235207
"FAM204A",-1.20133273357416
"INTS6",-1.201634581329
"AK2",-1.20241034234345
"PHF20L1",-1.20303754452313
"USP14",-1.20309811115449
"TKFC",-1.20324478730708
"ARHGAP42",-1.20350736943819
"GNG12-AS1",-1.20438740988565
"RECQL",-1.20538322782582
"SYK",-1.20593529173646
"TAMALIN",-1.20702530940077
"SHOC2",-1.2071549238922
"GPC1",-1.207364497101
"CEBPB",-1.20756552901515
"DDTL",-1.20761511409727
"SYAP1",-1.20778407773801
"RAB31",-1.20807635537984
"CCDC138",-1.20813773670965
"BCL3",-1.20816477000384
"ABHD13",-1.20881216255429
"FNTA",-1.20896059706747
"NUDT17",-1.20905959253716
"SPNS3",-1.21126706093373
"TBC1D30",-1.21137756581618
"CPNE8",-1.21151941223699
"MIPEP",-1.21239920337786
"TLDC2",-1.21267246647261
"ZNF860",-1.21277146467736
"NICOL1",-1.21282558707684
"PARD6B",-1.21297671640857
"MPP7",-1.21300123198376
"MYO5A",-1.21391659466415
"ZNF420",-1.21394649769445
"PHKB",-1.21400055910854
"TXNDC16",-1.21433392676725
"CEP290",-1.21442892578337
"TM6SF1",-1.21454000338191
"CYBB",-1.21504396524405
"ARHGAP12",-1.2150865295138
"SUDS3",-1.21517304423917
"MEX3B",-1.21598661097903
"C3orf18",-1.21605683565383
"PRORP",-1.21851891273269
"MROH6",-1.21915601180394
"PEDS1",-1.21944382795813
"TLK1",-1.21969169853369
"ATP8B1",-1.21991305684118
"SHROOM1",-1.22016752151877
"MAPK1IP1L",-1.22054155679563
"MEIS1",-1.22132260024803
"PTPN22",-1.22132757169471
"FCGR3A",-1.22329551947214
"NPEPPSP1",-1.22363714085454
"MRPL54",-1.22365237350865
"RC3H1",-1.22365735364922
"CARF",-1.22423792791086
"SOX8",-1.22426987014406
"COPA",-1.22485775808652
"ACOT11",-1.22520983209688
"SPOCK1",-1.22523699378214
"DPM3",-1.22546637504935
"SPAG1",-1.22556131185258
"SHD",-1.2258443959993
"PTDSS1",-1.22623893704504
"ZNF121",-1.22636227701506
"RYR3",-1.22680848802351
"SHKBP1",-1.22698713837738
"DUSP2",-1.22722570573358
"CFLAR-AS1",-1.22777248828337
"MCAT",-1.22783227989196
"CTDSPL",-1.22808440887484
"EFNA5",-1.22832048486304
"INPP5F",-1.22934632112602
"UBE2R2",-1.23022087157169
"CYP4F2",-1.23033109213933
"TSPAN4",-1.2308816807938
"USP45",-1.23185959802217
"ARFGEF2",-1.23186769926265
"COL8A2",-1.23207392941125
"XPOT",-1.23232135932522
"OAT",-1.23356861955872
"CERS6",-1.23371332657351
"VAMP4",-1.23422640972648
"MIR17HG",-1.23423419691298
"EIF4EBP1",-1.23455265840988
"IL4R",-1.23514309499976
"PALS2",-1.2355880563872
"TBC1D12",-1.23624612347204
"CCNE1",-1.23636638462597
"MAP2K4",-1.23671553511108
"SMIM35",-1.23741859550685
"MRPL45",-1.23810360289143
"CPEB3",-1.23816597067421
"SELENOT",-1.23830573867551
"ALKBH2",-1.23856330064006
"ITGA1",-1.23866825764308
"U2AF1L4",-1.2389400983851
"POR",-1.24024748129875
"COG3",-1.24046869902891
"C8orf44-SGK3",-1.2406752823953
"EXOSC3",-1.24073845952845
"EXOG",-1.24181409373311
"ZNF829",-1.24183661293057
"RELB",-1.24198993491984
"SMC5",-1.24226438963501
"AREG",-1.24235305631102
"LMTK2",-1.24255793624902
"NRCAM",-1.24288722016115
"VTI1A",-1.24425855831178
"ZNF445",-1.24484594972573
"SFR1",-1.24680608181015
"SCAI",-1.24832127845587
"UBL3",-1.24858535028651
"NDUFB3",-1.24908774929511
"KLHL8",-1.24910936565953
"DCANP1",-1.24947360462284
"SDCBP",-1.25020437213838
"ZNF140",-1.2503315629587
"RBMX2",-1.25088066434741
"C19orf38",-1.25135110805182
"FASTKD2",-1.25187351587617
"SCARA3",-1.25189631985027
"RBM44",-1.25201797864786
"CTSS",-1.25241330986623
"ANKAR",-1.2530126324667
"AP1AR",-1.25400661164549
"KIR2DL4",-1.25465874427147
"PLXNC1",-1.2547257760917
"REL",-1.25508713402554
"ANXA5",-1.2551745100825
"FBXO28",-1.25601004301557
"PRKAR2A-AS1",-1.25656763370965
"PAK1",-1.25763401665929
"PAK2",-1.25868537311234
"ARL10",-1.25985900453219
"ZNF283",-1.26057747570524
"ALKBH5",-1.26297494123728
"SERTAD3",-1.26316587356488
"TMEM273",-1.26325266615458
"DENND4C",-1.26441983240002
"REPIN1",-1.26506241649071
"KLF2",-1.26553852839916
"MICALL1",-1.26621164690543
"NMB",-1.26663912456314
"LRRFIP1",-1.26698557067919
"FBXL14",-1.26716420609588
"HECTD1",-1.26982314366402
"RELT",-1.26997868057252
"UBTD2",-1.27054763920831
"TMEM64",-1.27111346777228
"ZBTB11-AS1",-1.27218689748299
"AKIRIN1",-1.27229893742301
"AKR1A1",-1.27300968674947
"KANSL1-AS1",-1.27323882959792
"XPO1",-1.27427516066567
"MAP7D1",-1.27502454709079
"DOCK11",-1.27516771322323
"DPYSL2",-1.27550694504524
"TXNDC17",-1.27604979584024
"NECAB2",-1.27732828366882
"RNF182",-1.27819460068336
"TPRG1",-1.27838235100595
"TPM3",-1.27886135714687
"PPFIA4",-1.2794961345842
"ZMPSTE24",-1.27953262148604
"SETDB2",-1.28148789194798
"KNSTRN",-1.2816109458676
"FBXL5",-1.28186938896524
"CNNM2",-1.28191519518332
"PELI1",-1.28342311513763
"BST1",-1.28385287140787
"GCM1",-1.28556002763439
"ITGAM",-1.28608405220102
"MSL1",-1.2867001247738
"ZC3H12B",-1.28801134994626
"CIPC",-1.28838229739227
"USP3",-1.28868385052338
"PTEN",-1.28868907543635
"GPR157",-1.28928453296279
"NOP16",-1.29034386328248
"CRACR2A",-1.29197992952151
"AHNAK",-1.29210700192389
"TXN",-1.29333334607606
"GRAMD1C",-1.29375705838006
"IRF2BP2",-1.29574256476217
"TFCP2L1",-1.29583258486289
"SMIM19",-1.29832009241215
"PLD6",-1.29886264999402
"LPGAT1",-1.29912567532056
"INE1",-1.299552191767
"PEG10",-1.30095409364066
"KAT7",-1.30163948506961
"ACTL6A",-1.30192466687405
"ANXA1",-1.3022886178606
"RPA3",-1.30361752020537
"ZNF823",-1.30387693264447
"SYNM",-1.30463872024487
"FAHD2B",-1.30526178111112
"ITM2B",-1.30540067181836
"SPCS2",-1.30550954164236
"EXT2",-1.30605397352054
"CYFIP1",-1.30611690070001
"ZNF713",-1.30725598524297
"RAB11FIP2",-1.30741518712648
"RNF139",-1.30787050524595
"CAAP1",-1.30945703256598
"PIGN",-1.30955554076866
"DPEP3",-1.3105405760607
"PSMA5",-1.31070654346339
"KMT5C",-1.31092689784446
"ADRA2A",-1.31215504828577
"FA2H",-1.31251225343181
"PHLDB3",-1.31251827663187
"FSCN1",-1.31258362522026
"SPATC1",-1.31305904460111
"CSNK2A3",-1.31430659194628
"GCNT4",-1.31478773501438
"ODAD3",-1.31510290743234
"ZNF581",-1.31515630241427
"SHLD2",-1.3152506401948
"TRIM69",-1.31580196826463
"CYP4F3",-1.31625799582961
"HNRNPL",-1.31641876820039
"KLHDC1",-1.31812094165404
"LILRA5",-1.31858756711272
"PRICKLE3",-1.31925476320269
"COG8",-1.31964950854829
"IFNG",-1.31972186569871
"FAM53C",-1.31980028340037
"RELL1",-1.32050589273758
"SAP30L",-1.32085332650995
"CFAP184",-1.32087911945346
"SNAPC1",-1.32101502073872
"ARMC8",-1.3213628687946
"DPYD-AS1",-1.32140069782171
"UGCG",-1.32163569271143
"MTARC1",-1.3224347769988
"TDP2",-1.3242514641939
"OAF",-1.32462509172078
"ABCG1",-1.32551821776005
"TRIB1",-1.32603806323638
"LGALS2",-1.32745713512366
"HLA-H",-1.32747169150033
"NFKBID",-1.32807386252225
"PSME3",-1.328292412782
"MOSPD2",-1.32860906754336
"BMT2",-1.32932393987149
"SIPA1L1",-1.33090515044728
"ANKRD36BP1",-1.33105823990349
"ACCS",-1.33153086451454
"DUSP8",-1.33156254711858
"DIP2C",-1.33229319909351
"NR6A1",-1.33393191581195
"DPP4",-1.33414078440915
"USPL1",-1.33422160945931
"DPYD",-1.33426445909414
"DRAM1",-1.33481544243667
"VPS13A",-1.33503103829843
"TMEM170B",-1.33514699595654
"TM2D1",-1.33553056628487
"ACOX1",-1.33580324026882
"SPRING1",-1.33653732535719
"TRPM7",-1.33717613685383
"PRRG4",-1.33719736583496
"SSBP2",-1.33730755942361
"EPB41L5",-1.33739236091965
"COP1",-1.33752579483754
"RAB40C",-1.33789005782276
"CLEC18B",-1.33826785199398
"SEPTIN8",-1.33843712783664
"VAV3",-1.33846152555949
"SLC16A5",-1.33930566845617
"COMMD3",-1.34090824635046
"PACC1",-1.34100263812553
"ZBED6",-1.34100783210061
"HACD4",-1.34106193476548
"NHLRC3",-1.34131693518846
"NIPSNAP3A",-1.34168867791385
"PLA2G12A",-1.34357226772464
"RRN3P2",-1.34380086534731
"NUGGC",-1.34422316857089
"SOCS2",-1.34487443425796
"PTPRK",-1.34497740460693
"PHIP",-1.34538060709985
"PPP2R5C",-1.34557214945694
"INTS13",-1.34614209274961
"CAMKK2",-1.34629262757696
"CHEK2",-1.34670839536713
"RGS1",-1.34704041002313
"SERPINF1",-1.34730081267001
"PPL",-1.3477074855467
"KCNE1",-1.34773531675472
"MOB1A",-1.34797047219959
"GGT1",-1.34958577932333
"MTMR14",-1.34968276487021
"MAST4",-1.3500115305821
"SLC2A9",-1.35014454074612
"SPDYE5",-1.35106204380727
"CXCL5",-1.35115251926531
"ZBED4",-1.35173045031341
"TMED2",-1.35238639900223
"VNN3P",-1.35329408768279
"CSRP1",-1.35412140215876
"SEC11A",-1.35428476996079
"ABLIM2",-1.35439912760446
"COX5A",-1.3545947239302
"DGKE",-1.35712220272234
"GCNA",-1.35823586935315
"WFIKKN1",-1.35859298445365
"ERCC8",-1.36035159040769
"BAIAP2L1",-1.36102752247906
"MUC20-OT1",-1.36105995112408
"NLRP1",-1.361838418012
"NIPBL-DT",-1.36202377283138
"METTL21A",-1.36260486798242
"DRC12",-1.36310037382183
"APIP",-1.3631887879175
"GCNT7",-1.36327210645381
"RCN2",-1.36377764184332
"TMC4",-1.36447116565193
"PSMD6-AS2",-1.36488407848557
"EPS15",-1.3651733444334
"TMEM53",-1.36519712721247
"CMTM7",-1.36521746988128
"S100A4",-1.36575254832305
"LAGE3",-1.36647748432228
"CASP8AP2",-1.367136217521
"CD34",-1.36814584661986
"RAD51-AS1",-1.36861462229402
"FXYD7",-1.36895827342727
"PPFIBP2",-1.37050432122635
"CPPED1",-1.37123988332775
"ECHDC1",-1.37216596188537
"KLHL15",-1.37222796378296
"BICRA",-1.37291832648857
"RHOQ",-1.37326345590847
"NACC1",-1.37721729573669
"TPCN1",-1.37789778239288
"SMN2",-1.37816457401393
"SH3D21",-1.38041526494164
"PCDH9",-1.38065076157707
"PAFAH1B1",-1.3810338722674
"ZNF836",-1.38115026488678
"TMEM165",-1.38235170200841
"ZFP91",-1.38376073902575
"CACNA2D3",-1.38448977670467
"PGD",-1.38464741335331
"IQCN",-1.3850117104225
"SLC9A7",-1.38503656747763
"SOCS5",-1.3853082933586
"BHLHE40-AS1",-1.38566551168484
"NOA1",-1.38588178416876
"ATAD1",-1.38605307316873
"NAIP",-1.38624916972171
"RPS27L",-1.38696046543442
"LILRB4",-1.38716485803876
"PUS10",-1.38759109837348
"MGST3",-1.38944611853854
"NPEPPS",-1.38983831935453
"SIX5",-1.39043564292742
"USP46",-1.39134482712795
"BAHCC1",-1.39220057119955
"ABCC6",-1.39243251717382
"CDC42SE2",-1.39293262856176
"ZNF559-ZNF177",-1.39303354374117
"DNAAF2",-1.39440311210709
"C1QTNF4",-1.39446767976743
"PLCD3",-1.39460384175476
"EFCAB8",-1.39501389052478
"BNIP2",-1.39719600727807
"PTBP3",-1.39747250495657
"LINC01094",-1.39749963282209
"BCR",-1.39821435452246
"ATG5",-1.4014727019889
"KLHL29",-1.40227160531283
"OBSCN-AS1",-1.40227509538223
"TBC1D3K",-1.40286300033488
"KCTD20",-1.40413240682692
"LDHAL6A",-1.40472141306817
"DNAJC25",-1.4049716634147
"DDX3Y",-1.40508460717699
"CD177",-1.40520385775533
"VAPA",-1.40612548060015
"GSTO2",-1.40640679462916
"RAD52",-1.40741231469523
"POLD3",-1.40780596155207
"ARF6",-1.40793701429445
"DLGAP4",-1.40896526938689
"SKAP2",-1.40908014951203
"SRGAP3",-1.40958064675489
"FKBP9",-1.41005301237127
"TGFBRAP1",-1.41065830398628
"AGPAT4",-1.41129261314006
"TAGLN2",-1.41153289618376
"ARPC5",-1.41185580158393
"DNAJB1",-1.41200734847839
"GARIN1A",-1.41362809966091
"DYNC2H1",-1.41471249726136
"WDFY2",-1.41487766052612
"ACER3",-1.41508926022607
"AFAP1L2",-1.41624244286786
"SLC5A3",-1.41636488329673
"CCDC50",-1.41857152087015
"PLPPR2",-1.42042800377652
"DSP",-1.42054344210393
"TSC22D1-AS1",-1.42222675791623
"DNAJC9",-1.42243650046142
"WASHC5",-1.42296963629182
"GPR162",-1.42476682116714
"CHP1",-1.42494133861825
"PDE4DIPP6",-1.42538390654541
"KIAA0825",-1.42672804588132
"PPP1R15A",-1.42697124698742
"PHKA2",-1.42699771170462
"TCTN1",-1.42830465869708
"TDRD6",-1.42842858102531
"ITPR2",-1.42890294681023
"ZFAS1",-1.42911025469514
"PIH1D2",-1.43012026149847
"TRIM27",-1.43053927556997
"HIGD2A",-1.43181990820394
"PDE4DIP",-1.43199318348416
"MSH3",-1.43215223642046
"LINC00996",-1.43225552947705
"SYNCRIP",-1.43334115971672
"RASGEF1B",-1.43382944526525
"KRBOX4",-1.43493636764519
"NAPRT",-1.43501768970875
"GUSBP1",-1.4362150991912
"DDX21",-1.43672508789128
"KCNQ1",-1.43699207939963
"PALD1",-1.43700426204402
"CEP83",-1.43740381301394
"RHOA",-1.43743591995373
"MRPL23",-1.4378717342569
"NOMO1",-1.44016404758492
"ACVRL1",-1.44307965148826
"METTL15",-1.44311983984526
"BTLA",-1.44315389338673
"INKA2",-1.44398033480041
"KANSL1L",-1.44442569937915
"ZNF587B",-1.44472415977229
"PRPF4",-1.44507924483209
"SMARCD3",-1.44643799844812
"CCDC9B",-1.44655426293761
"TMEM41B",-1.44717187238685
"AFDN",-1.44975042348423
"CHURC1",-1.45137490835583
"FKBP4",-1.45207122266587
"THBS4-AS1",-1.45208780774297
"BLOC1S5",-1.45223956166241
"NXT2",-1.45282164431701
"MORF4L1",-1.45337050907462
"IRF8",-1.45407839469933
"CSRNP1",-1.45465369637889
"ZDHHC2",-1.45505998923663
"FBXW4P1",-1.4553039127604
"DLGAP3",-1.45716757987803
"SINHCAF",-1.45719759014665
"LGALS1",-1.45769833234672
"BLTP3A",-1.45831701544964
"SENP5",-1.45871813702377
"SLC24A5",-1.45889214934408
"CPD",-1.45902338919915
"PLEKHM3",-1.46119128851119
"RRAS2",-1.46206870535136
"FAM83H",-1.4621553544222
"TKT",-1.46238075326244
"UQCC4",-1.46291950442794
"VPS35L",-1.46506390724451
"GRHPR",-1.46568693242416
"ROPN1L",-1.46589240125219
"VNN2",-1.46685067323937
"ATG7",-1.4671155113242
"PLEKHA4",-1.46763246881807
"ZNF527",-1.46811746612247
"ADCY5",-1.468170962272
"FOXP3",-1.46861184478229
"ZBED3",-1.4690545026609
"GRB2",-1.46909179900516
"MISP3",-1.46924537775017
"FAM107B",-1.47192998735874
"CMTR2",-1.47405588291852
"POLG2",-1.47508298680525
"MSRB2",-1.47568976372039
"HVCN1",-1.47573131089553
"MAP3K2-DT",-1.4768712171361
"DGKH",-1.47728397472
"PHF13",-1.47819062489779
"GADD45G",-1.47835989891269
"TMIGD3",-1.47860677601993
"EMBP1",-1.47895462582844
"GRIP1",-1.47986933266571
"PUS3",-1.48065020077978
"IMPA2",-1.48106025743939
"NDUFAF5",-1.48154254389501
"ALCAM",-1.48213446126037
"AOAH",-1.48271287758775
"OPLAH",-1.48329643549624
"ERGIC2",-1.48433524826749
"RFX2",-1.48477989454006
"MYCBP2",-1.48503315224261
"MICOS10",-1.48518275012041
"MPC1",-1.48558433686939
"VBP1",-1.48647086054545
"SH3KBP1",-1.48757477958103
"COMMD5",-1.48892721124462
"EFL1",-1.48923820082325
"CEBPD",-1.48967922994941
"ANKRD28",-1.49056685176743
"FAM91A1",-1.49194566755782
"CYB5D1",-1.49446833146791
"GAS6",-1.49622165914892
"ICOSLG",-1.49637670925226
"PCYT1B",-1.49836235473727
"PPM1M",-1.49854452863539
"MIR6789",-1.50065470062462
"CAST",-1.50069844562407
"CD36",-1.50070008812045
"TTC21B",-1.50102342534109
"CIB3",-1.50192710478979
"GSTCD",-1.50324694399831
"AMMECR1",-1.50327199068375
"OGFRL1",-1.5039236522303
"DUS2",-1.50435559599989
"NR4A2",-1.50470132420793
"EREG",-1.50592782827409
"MRPL3",-1.50617468386222
"GREB1L",-1.50730442045685
"ATP5F1D",-1.50780832388608
"PANX1",-1.50954807139599
"TPD52",-1.51009678017931
"PAPLN",-1.51012067102502
"TEX52",-1.51062664921352
"UPB1",-1.51143477731089
"ATP6AP2",-1.51200241109482
"PGLS-DT",-1.51284675471445
"ABHD5",-1.5132572746736
"SYNGR3",-1.5139351488292
"TPD52L2",-1.51450428727157
"MIATNB",-1.51451454085592
"HIKESHI",-1.51520459155887
"MZF1-AS1",-1.51553955363312
"ENO4",-1.51750632214476
"GLIPR2",-1.51813583810193
"TMOD2",-1.5190371870603
"KIAA1671",-1.5192893566937
"PCMTD1-DT",-1.51937541987247
"C2orf49",-1.51990686162721
"SPATA2L",-1.5201454439771
"LINC00865",-1.52243281373769
"FOXK1",-1.52329396070382
"CORO2B",-1.52406941145084
"PTCSC1",-1.52477583477446
"SRSF9",-1.52523167348755
"EDEM2",-1.52826815079234
"PDE4B",-1.52861607641961
"BTNL3",-1.52863205329636
"XXYLT1",-1.52912886131324
"DUSP23",-1.52962308567843
"QRICH2",-1.52987700085112
"CSGALNACT1",-1.53042527982732
"GAS7",-1.53060772552078
"APRG1",-1.53088068405155
"PLP2",-1.53102439496988
"SUSD1",-1.53198562552183
"PLK3",-1.53202541013672
"AP1S2",-1.53272697765998
"PRKAG3",-1.53644899223629
"ZRSR2",-1.5367830776276
"EEA1",-1.53711261032988
"ATP1B3",-1.53763949094595
"DOP1B",-1.53856681769984
"MTREX",-1.54267362151697
"TAC4",-1.54360581346352
"EIF6",-1.54640581787147
"CAMKK1",-1.54691528921587
"LMAN2L",-1.54741053979675
"ANXA9",-1.55016469742086
"KIAA1614",-1.55098429994321
"IARS2",-1.55389047469428
"LINC01451",-1.55787880711499
"BAIAP2",-1.55789511199287
"JRKL",-1.55986783947797
"TRIM47",-1.56055800623312
"ZNF542P",-1.56092025504329
"TXNRD1",-1.56960766815626
"CDC7",-1.57495938564919
"MDH1",-1.57640024937321
"NBL1",-1.57817125490942
"ADAM23",-1.57877292284911
"CD300LB",-1.57881389453562
"MIER3",-1.57934900098239
"UGP2",-1.58085630070187
"CFL2",-1.58317032113525
"PLA2G7",-1.58336617817823
"STK17B",-1.58362399608242
"NOTCH2NLA",-1.58369465485368
"ZBTB26",-1.58530300471772
"SBNO1",-1.58643898037598
"CAPG",-1.58747606546317
"CCNE2",-1.58829550914797
"SLC12A1",-1.5901884954526
"GALK2",-1.59119734940723
"CDC5L",-1.59134746378051
"GLB1L2",-1.59233525433849
"CD1E",-1.59261481309513
"CSTA",-1.59551497995154
"MMD",-1.59750634219823
"MAD2L1",-1.5980922704184
"ZFP90",-1.59981019606357
"SEMA4F",-1.60030231650168
"KCTD3",-1.60053719344698
"KATNA1",-1.60054343782289
"KRT23",-1.60116127972214
"CASK",-1.60242382161975
"TIRAP-AS1",-1.60333771248976
"TRIQK",-1.6036079406885
"POLR3K",-1.60403508706613
"IQCE",-1.60409006981197
"CRIP1",-1.60799141425587
"CCDC183-AS1",-1.60823357819665
"LINC02723",-1.60863085764372
"TEFM",-1.61131982710284
"TPRKB",-1.61322805309105
"TSC22D1",-1.61376083268416
"TMEM87A",-1.61441329826427
"STRN",-1.61567251229967
"IHO1",-1.61661988369021
"SQOR",-1.6184183228835
"ZFP57",-1.62216365736023
"CITED4",-1.62267627917488
"UBE2G1",-1.62275364876303
"VPS8",-1.6228026158898
"YWHAQ",-1.6251935865193
"FHIP1A",-1.62760301061458
"PSMB2",-1.62761945681357
"TNFRSF10B-AS1",-1.62888379287006
"ST6GALNAC3",-1.62926253488813
"LRMDA",-1.63160129411115
"PARL",-1.63260685824884
"DYRK4",-1.63353004516078
"KRBA2",-1.63489639736824
"ZBTB8OS",-1.63561228438827
"USP48",-1.63666477899829
"FAM157C",-1.63685626404183
"TCFL5",-1.63692165702529
"KREMEN1",-1.63730579539136
"CALCRL",-1.63797928765506
"HIP1",-1.64127515258785
"RNF169",-1.64218199629752
"FOXN3",-1.64289239163416
"SNX27",-1.64300000977534
"DCBLD2",-1.64316973701864
"TTPAL",-1.64411271628753
"STT3B",-1.64435518466826
"DLAT",-1.64704417177282
"PABPN1L",-1.64848298087052
"BMS1P1",-1.64913626088965
"CLEC12A",-1.65003608986175
"TMCC1",-1.65178565436476
"EEF1AKMT2",-1.65383150916069
"PALS1",-1.65639882532955
"LYPLA1",-1.65726867456296
"IRS2",-1.65743188491073
"ZFP30",-1.65752564164896
"ANPEP",-1.65882132709692
"MED31",-1.65989566524374
"PLEKHA5",-1.6610445595896
"CLDN5",-1.66126128837818
"OSTM1",-1.6623303608215
"ODR4",-1.6643706715328
"UACA",-1.66453250396027
"SGK1",-1.66662807002445
"GDF7",-1.66846127747479
"LY86",-1.67162716659669
"ERI3",-1.67189285828071
"MICU1",-1.67357453286344
"IVNS1ABP",-1.6738371056369
"ZNF516",-1.67392364630421
"USP31",-1.67495301874213
"NAA50",-1.67671299369593
"MTHFD1L",-1.68158114703527
"LYZ",-1.68186718000622
"RAB27A",-1.68312389958175
"TAF9B",-1.68360418180289
"ANKRD13A",-1.68606163869827
"HAAO",-1.68730352068414
"YWHAZ",-1.68734483732416
"TSEN34",-1.68962779325678
"PDPR2P",-1.69000415854946
"ZNF404",-1.69062331158747
"PWWP2A",-1.69083901509404
"HELLS",-1.69260357797305
"NIBAN2",-1.69265050597363
"TMEM250",-1.69549863570723
"ZDHHC23",-1.69679655750703
"RETREG1",-1.69719836838121
"DGCR11",-1.69788984405667
"TNFSF8",-1.69871775693575
"ZNF354B",-1.69893770269799
"PKD1L1",-1.70004075456373
"MFSD6L",-1.70076993063248
"MACROD1",-1.70086364952021
"VCAN",-1.70121743764082
"ABCD2",-1.70204110545807
"ARV1",-1.7022560548791
"CSE1L",-1.70255638188035
"CORO1C",-1.70346484503625
"ANKRD19P",-1.70715698679076
"STK24",-1.70838869375904
"C16orf96",-1.70947983397601
"LINC00853",-1.71015597325278
"COL4A3",-1.71050419601589
"SRFBP1",-1.71090424447167
"TOX2",-1.71235524480078
"DYNLT4",-1.71282629691473
"NTAQ1",-1.71327613789939
"RNPEP",-1.71401080598901
"COL9A3",-1.71490809165568
"PLEKHG1",-1.71557302886054
"CD4",-1.71604812831467
"ANO10",-1.71781695033375
"MAPK6",-1.71835587424856
"SPAG16",-1.71893010838709
"ZNF808",-1.71977914006751
"CUL5",-1.72064172432538
"SPON1",-1.72166407855152
"PPP2CA",-1.72303462886321
"CLTCL1",-1.72312917869275
"INAFM2",-1.72487501875479
"LRRC26",-1.72727891638841
"KCTD12",-1.73084949864414
"PRCP",-1.73183465187234
"ATP6V1A",-1.73274127861989
"ANKRD55",-1.73341909460083
"COA6",-1.73496851572687
"CTSH",-1.737935269385
"CCR9",-1.7380692813559
"ASH1L-AS1",-1.73847971380753
"DHTKD1",-1.74052114059995
"CRYBG3",-1.74220379885042
"WDR41",-1.74335702368764
"LMNA",-1.74627028936718
"TBC1D3F",-1.74976241114146
"ZNF257",-1.75039183808608
"NBDY",-1.7508143732742
"DEPP1",-1.75307949281352
"FBP1",-1.75390181878683
"DHRSX",-1.75425097089292
"CELF2-AS1",-1.75721278768687
"CRYGS",-1.7577746819233
"TRMT61B",-1.75953353397116
"TMPRSS3",-1.76025872294671
"RHOBTB1",-1.76155405042341
"CLEC4A",-1.76328842321242
"THBS4",-1.7634191528334
"HEXA-AS1",-1.76352653865565
"PIGF",-1.77199333067883
"ICOS",-1.77569890482398
"PRKCB",-1.77639538253878
"SNRPG",-1.77728498780988
"LCN8",-1.7781470693489
"EPHA4",-1.77837626640422
"EMC1-AS1",-1.77978923354204
"DUT",-1.78200028609767
"TMED8",-1.78248304096882
"CASTOR2",-1.78356439042427
"OPN3",-1.78567966300665
"HPRT1",-1.78587967400364
"CARD19",-1.78589047168338
"MGST1",-1.7920959257968
"PLEC",-1.7954003924115
"SLC25A30",-1.79659637740346
"SCRN3",-1.7978981931549
"ECE1-AS1",-1.80365867249833
"RFK",-1.80382825897682
"ALG8",-1.80666070553809
"SLC30A4",-1.81064838381312
"SMG1P5",-1.81218813412415
"ZNF586",-1.81306449499623
"POU5F1P3",-1.81662664227312
"MXRA7",-1.81914265191152
"EMILIN2",-1.82118083554316
"TPGS1",-1.8259029636307
"GPX4",-1.82653793797859
"CEP97",-1.82679723491384
"SLC25A51",-1.83161787101489
"IRAK1BP1",-1.83502418698908
"SLC31A1",-1.83764261550127
"DENND10",-1.83774819728871
"FAM216A",-1.84177546394357
"PRUNE1",-1.84565787844952
"DSTN",-1.85064243870005
"MEMO1",-1.85609979271543
"SCN9A",-1.85625338028253
"RNASET2",-1.85701239753887
"TMEM45B",-1.86470231812617
"TCAIM",-1.86495436941926
"RNLS",-1.86625018913985
"TMEM160",-1.86792672521521
"VIM",-1.87491752859229
"TNFRSF21",-1.87632915117125
"LINC00426",-1.87760763349134
"EHBP1",-1.87794816606289
"ELAPOR1",-1.87975096352675
"NET1",-1.88394397318994
"LAMC1",-1.88406439757177
"MPEG1",-1.89385987500978
"HPD",-1.89971214906746
"CRTAP",-1.90016729107915
"FOXP1",-1.90072076592985
"TMOD3",-1.90335842695427
"EHHADH",-1.90497510277921
"COL19A1",-1.9064592803189
"HLA-V",-1.90773796008025
"NRM",-1.90945117727544
"FMN1",-1.91031863563501
"TAF4",-1.91331474150178
"MAST3",-1.91381437258458
"POLR3F",-1.9141719743397
"XKR8",-1.91775297470043
"PEX11G",-1.91791581813397
"ADISSP",-1.91810391030417
"SERF1B",-1.92052937836572
"CD99",-1.92520070173215
"ADORA2A-AS1",-1.92620561989002
"ZNF106",-1.92924470118263
"SPG21",-1.93637507200066
"DACT1",-1.93794522913385
"ZNHIT3",-1.94050565724779
"NXPE3",-1.94137108208162
"GPR75",-1.94922347816118
"NUBPL",-1.95069209497326
"LAMP5",-1.95536693933971
"PHACTR1",-1.95822942901174
"RTKN2",-1.95838849352193
"SIRPB1",-1.95845731148874
"CD44",-1.96286845394309
"ACTR2",-1.96298581224765
"GPATCH11",-1.97395464290278
"OMG",-1.98063775976343
"ADORA3",-1.98204966215984
"RNASE1",-1.9830996181238
"ZNF789",-1.98471608297618
"FTX",-1.98604668293399
"EGLN3",-1.98658624557459
"C3orf86P",-1.99089214203764
"GLB1L3",-1.99269420330164
"BCAT1",-1.99384097070754
"TCEA3",-1.99850825469591
"CYB5R4",-2.00124295911896
"S100A10",-2.01164033875822
"SHTN1",-2.01566533357402
"EXO5",-2.01587723774304
"PANX2",-2.01905940626718
"LINC00494",-2.02560752705475
"NOTCH2NLR",-2.03245174219309
"SETD7",-2.03774741107895
"GGCT",-2.04029061029257
"CNIH1",-2.0421432783122
"GTF2IP4",-2.04824796249926
"SNAP23",-2.05000758744608
"IFRD1",-2.05423525123941
"PDF",-2.05600536379937
"CPVL",-2.05677060018262
"NAPSB",-2.062465016595
"FARP1",-2.07078888522406
"SGMS2",-2.07117257014002
"KATNAL1",-2.07455652701942
"CLEC12B",-2.07711550567415
"TSHZ3",-2.07762530937078
"ZGRF1",-2.07821431831134
"VIL1",-2.08193104522224
"VIM-AS1",-2.08884879341403
"MKRN2",-2.08969913457259
"ZNF250",-2.09057768837888
"CLOCK",-2.09265418264016
"C18orf54",-2.09531280249201
"EVA1B",-2.09553542067903
"PCBD2",-2.10145364117672
"GRHL1",-2.10991000660311
"ITGB4",-2.11057523309399
"RAB20",-2.11589047666377
"GGT5",-2.11851173071701
"H3C4",-2.12049095441691
"ENC1",-2.12106451520425
"MB21D2",-2.12159536816486
"BAIAP2-DT",-2.12499823492505
"TBC1D32",-2.12923965518566
"ZNF484",-2.13620668294653
"RCSD1",-2.14435352075481
"PLLP",-2.15931621739363
"RCAN1",-2.16450179240766
"KRTCAP3",-2.16945685161911
"C16orf74",-2.16995392463309
"RFLNB",-2.17570863240328
"LILRA4",-2.17679679624823
"ZNF667-AS1",-2.18178210344074
"ATG10",-2.18187827040834
"PIGH",-2.18498852371289
"HNMT",-2.19136513864385
"MYEF2",-2.19798337608738
"TNNT1",-2.19806390162507
"EPHB4",-2.19925821119262
"VAMP3",-2.20036271887546
"GALNT14",-2.20070168764926
"WLS",-2.21103754618371
"EYS",-2.21115173511573
"SLC35G1",-2.21393248408543
"HDAC11",-2.21882389551638
"PMP22",-2.22473793009398
"IAH1",-2.22763259084736
"CCNY",-2.23485544178461
"ATL1",-2.25225210545106
"ZNF569",-2.25854790206549
"PLCD1",-2.26217576204876
"AMZ1",-2.26693406515438
"COQ2",-2.27701124342935
"DDX11",-2.28289836699399
"MYB",-2.28650380774269
"CRISPLD2",-2.29236451930348
"REST",-2.29806643419098
"CEP89",-2.30018139359072
"RBM41",-2.32914054752503
"EMB",-2.33252332557129
"PSPH",-2.33275409473527
"BTBD9",-2.36642505042814
"ABAT",-2.36798567535697
"S100P",-2.36839513064671
"MME",-2.37514303030722
"TMEM238",-2.40207804944201
"TRIP4",-2.40302020628612
"GTF2IP1",-2.40776358928347
"WNT7A",-2.41193493148734
"MYADM",-2.41679743410301
"CCDC200",-2.41757937053515
"DAAM2",-2.42605247011454
"MIR4315-1",-2.43104172726239
"PRUNE2",-2.43242927270145
"EEPD1",-2.45446828001613
"FASTKD1",-2.46734834289266
"FCAR",-2.47045423856114
"PECR",-2.49729463678697
"CYTOR",-2.51458290540637
"NEK6",-2.51569698361557
"SYCP2",-2.51607826774517
"CXCL16",-2.52013980018055
"RAB15",-2.52258921250407
"BAIAP3",-2.5359378610202
"CSTB",-2.58738988911211
"TGFBI",-2.59378508686435
"CPAMD8",-2.59409450081919
"MYOM1",-2.59854828207795
"VSIG10",-2.5986269473487
"PTPRS",-2.60936893979606
"TMTC1",-2.61149055376998
"OLMALINC",-2.66385085095648
"TP53INP2",-2.67059333694567
"H3-7",-2.67315953812496
"KCNA6",-2.67364324313606
"PRRT1B",-2.68946802745954
"FABP6",-2.73210464216959
"IL23A",-2.83268152292875
"MS4A6A",-2.86079196006422
"RIOX2",-2.87647370463975
"TTC19",-2.87863937803295
"ALDH2",-3.01303365262586
"NSUN7",-3.03760865903319
"GM2A",-3.11521328637848
"SLC41A2",-3.12337555294936
"PCP2",-3.14553377946083
"GTF2I",-3.2203606154447
"C4BPA",-3.30110600673117
"CRIP2",-3.32584884982404
"RNF32-DT",-3.32655890379558
"NPHP3",-3.41102135214034
"TDRD9",-3.77861585212325
